recipe,solver,branch,feasible,outer_iterations,oracle_calls,newton_updates,newton_queries,newton_candidates,lookahead_queries,lookahead_accepted,lookahead_rejected,lookahead_terminal,newton_terminal,initialization_returns,early_returns,atomic_families_enumerated,atomic_families_examined,atomic_families_feasible,parity_cut_calls,ordinary_min_cut_calls,max_flow_calls,augmentations,bfs_scans,flow_peak_generated_value,flow_peak_bits,peak_numerator_bits,peak_denominator_bits,peak_integer_bits
irregular-n06-t064-b00001-falternating-s01,Standard,0,true,2,3,1,0,1,0,0,0,0,0,0,0,1,3,3,3,129,129,685,15875,232,8,7,4,10
irregular-n06-t064-b00001-falternating-s01,Standard,1,true,2,3,1,0,1,0,0,0,0,0,0,0,54,162,129,129,1941,1941,6024,69637,272,9,7,4,10
irregular-n06-t064-b00001-falternating-s01,Standard,2,true,3,4,2,0,2,0,0,0,0,0,0,0,4,16,16,16,424,424,1549,32563,254,8,8,4,10
irregular-n06-t064-b00001-falternating-s01,Standard,3,true,3,4,2,0,2,0,0,0,0,0,0,0,18,72,72,72,1512,1512,5229,78543,252,8,7,4,10
irregular-n06-t064-b00001-falternating-s01,Accelerated,0,true,1,3,0,1,1,0,0,0,0,1,0,1,1,3,3,3,129,129,681,15329,232,8,5,4,10
irregular-n06-t064-b00001-falternating-s01,Accelerated,1,true,1,3,0,1,1,0,0,0,0,1,0,1,54,162,129,129,1941,1941,6010,68492,220,8,7,4,10
irregular-n06-t064-b00001-falternating-s01,Accelerated,2,true,1,3,0,1,1,0,0,0,0,1,0,1,4,12,12,12,318,318,1177,24535,254,8,5,4,10
irregular-n06-t064-b00001-falternating-s01,Accelerated,3,true,1,3,0,1,1,0,0,0,0,1,0,1,18,54,54,54,1134,1134,3934,58415,252,8,7,4,10
irregular-n06-t064-b00001-falternating-s02,Standard,0,true,2,3,1,0,1,0,0,0,0,0,0,0,1,3,3,3,129,129,563,11212,224,8,6,4,10
irregular-n06-t064-b00001-falternating-s02,Standard,1,true,2,3,1,0,1,0,0,0,0,0,0,0,42,126,102,102,1518,1518,4360,47652,320,9,7,4,10
irregular-n06-t064-b00001-falternating-s02,Standard,2,true,2,3,1,0,1,0,0,0,0,0,0,0,4,12,12,12,318,318,775,15887,308,9,8,4,10
irregular-n06-t064-b00001-falternating-s02,Standard,3,true,4,5,3,0,3,0,0,0,0,0,0,0,14,70,70,70,1470,1470,4570,67320,300,9,8,4,10
irregular-n06-t064-b00001-falternating-s02,Accelerated,0,true,0,2,0,0,0,0,0,0,0,0,1,0,1,2,2,2,86,86,334,5835,64,7,4,3,10
irregular-n06-t064-b00001-falternating-s02,Accelerated,1,true,0,2,0,0,0,0,0,0,0,0,1,0,42,84,68,68,1012,1012,2822,29182,224,8,7,4,10
irregular-n06-t064-b00001-falternating-s02,Accelerated,2,true,0,2,0,0,0,0,0,0,0,0,1,0,4,8,8,8,212,212,589,11611,308,9,5,4,10
irregular-n06-t064-b00001-falternating-s02,Accelerated,3,true,2,5,0,2,2,1,0,1,0,1,0,1,14,70,70,70,1470,1470,4678,65392,2568,12,10,7,12
irregular-n06-t064-b00001-falternating-s03,Standard,0,false,0,1,0,0,0,0,0,0,0,0,0,0,1,1,0,0,0,0,0,0,0,0,1,1,2
irregular-n06-t064-b00001-falternating-s03,Standard,1,true,3,4,2,0,2,0,0,0,0,0,0,0,60,240,200,200,2920,2920,9262,111692,364,9,7,4,10
irregular-n06-t064-b00001-falternating-s03,Standard,2,true,4,5,3,0,3,0,0,0,0,0,0,0,4,20,20,20,530,530,1829,42022,226,8,9,5,10
irregular-n06-t064-b00001-falternating-s03,Standard,3,true,3,4,2,0,2,0,0,0,0,0,0,0,20,80,80,80,1680,1680,6049,100639,410,9,9,5,10
irregular-n06-t064-b00001-falternating-s03,Accelerated,0,false,0,1,0,0,0,0,0,0,0,0,0,0,1,1,0,0,0,0,0,0,0,0,1,1,2
irregular-n06-t064-b00001-falternating-s03,Accelerated,1,true,0,2,0,0,0,0,0,0,0,0,1,0,60,120,100,100,1460,1460,4407,48096,116,7,6,4,10
irregular-n06-t064-b00001-falternating-s03,Accelerated,2,true,2,5,0,2,2,1,0,1,0,1,0,1,4,20,20,20,530,530,2092,46923,4632,13,11,8,13
irregular-n06-t064-b00001-falternating-s03,Accelerated,3,true,1,3,0,1,1,0,0,0,0,1,0,1,20,60,60,60,1260,1260,4705,76276,410,9,7,5,10
irregular-n06-t064-b00001-falternating-s04,Standard,0,true,2,3,1,0,1,0,0,0,0,0,0,0,1,3,3,3,129,129,415,6200,20,5,3,3,10
irregular-n06-t064-b00001-falternating-s04,Standard,1,true,2,3,1,0,1,0,0,0,0,0,0,0,42,126,96,96,1392,1392,3523,32845,32,6,4,3,10
irregular-n06-t064-b00001-falternating-s04,Standard,2,true,3,4,2,0,2,0,0,0,0,0,0,0,4,16,16,16,424,424,1093,22121,66,7,7,4,10
irregular-n06-t064-b00001-falternating-s04,Standard,3,true,3,4,2,0,2,0,0,0,0,0,0,0,14,56,56,56,1176,1176,3350,50382,88,7,7,4,10
irregular-n06-t064-b00001-falternating-s04,Accelerated,0,true,0,2,0,0,0,0,0,0,0,0,1,0,1,2,2,2,86,86,228,2787,14,4,3,3,10
irregular-n06-t064-b00001-falternating-s04,Accelerated,1,true,0,2,0,0,0,0,0,0,0,0,1,0,42,84,64,64,928,928,2224,18941,26,5,4,3,10
irregular-n06-t064-b00001-falternating-s04,Accelerated,2,true,1,3,0,1,1,0,0,0,0,1,0,1,4,12,12,12,318,318,901,17691,66,7,4,4,10
irregular-n06-t064-b00001-falternating-s04,Accelerated,3,true,1,3,0,1,1,0,0,0,0,1,0,1,14,42,42,42,882,882,2598,37830,78,7,4,4,10
irregular-n06-t064-b00001-falternating-s05,Standard,0,true,2,3,1,0,1,0,0,0,0,0,0,0,1,3,3,3,129,129,594,12194,136,8,5,4,10
irregular-n06-t064-b00001-falternating-s05,Standard,1,true,3,4,2,0,2,0,0,0,0,0,0,0,54,216,160,160,2368,2368,6869,75948,198,8,7,4,10
irregular-n06-t064-b00001-falternating-s05,Standard,2,true,3,4,2,0,2,0,0,0,0,0,0,0,4,16,16,16,424,424,1292,29405,198,8,8,4,10
irregular-n06-t064-b00001-falternating-s05,Standard,3,true,3,4,2,0,2,0,0,0,0,0,0,0,18,72,72,72,1512,1512,4924,77046,268,9,8,4,10
irregular-n06-t064-b00001-falternating-s05,Accelerated,0,true,0,2,0,0,0,0,0,0,0,0,1,0,1,2,2,2,86,86,344,6034,34,6,4,3,10
irregular-n06-t064-b00001-falternating-s05,Accelerated,1,true,0,2,0,0,0,0,0,0,0,0,1,0,54,108,80,80,1184,1184,3260,32523,92,7,6,4,10
irregular-n06-t064-b00001-falternating-s05,Accelerated,2,true,1,3,0,1,1,0,0,0,0,1,0,1,4,12,12,12,318,318,1060,23667,198,8,5,4,10
irregular-n06-t064-b00001-falternating-s05,Accelerated,3,true,1,3,0,1,1,0,0,0,0,1,0,1,18,54,54,54,1134,1134,3762,56681,268,9,7,4,10
irregular-n06-t064-b00001-falternating-s06,Standard,0,true,3,4,2,0,2,0,0,0,0,0,0,0,1,4,4,4,172,172,820,15714,128,8,5,4,10
irregular-n06-t064-b00001-falternating-s06,Standard,1,true,3,4,2,0,2,0,0,0,0,0,0,0,42,168,124,124,1836,1836,5372,59423,278,9,7,4,10
irregular-n06-t064-b00001-falternating-s06,Standard,2,true,2,3,1,0,1,0,0,0,0,0,0,0,4,12,12,12,318,318,807,17060,192,8,8,4,10
irregular-n06-t064-b00001-falternating-s06,Standard,3,true,2,3,1,0,1,0,0,0,0,0,0,0,14,42,42,42,882,882,2536,39362,268,9,8,4,10
irregular-n06-t064-b00001-falternating-s06,Accelerated,0,true,0,2,0,0,0,0,0,0,0,0,1,0,1,2,2,2,86,86,321,4970,60,6,4,4,10
irregular-n06-t064-b00001-falternating-s06,Accelerated,1,true,0,2,0,0,0,0,0,0,0,0,1,0,42,84,62,62,918,918,2454,23581,100,7,6,4,10
irregular-n06-t064-b00001-falternating-s06,Accelerated,2,true,0,2,0,0,0,0,0,0,0,0,1,0,4,8,8,8,212,212,593,12095,192,8,5,4,10
irregular-n06-t064-b00001-falternating-s06,Accelerated,3,true,0,2,0,0,0,0,0,0,0,0,1,0,14,28,28,28,588,588,1734,26293,268,9,6,4,10
irregular-n06-t064-b00001-falternating-s07,Standard,0,true,3,4,2,0,2,0,0,0,0,0,0,0,1,4,4,4,172,172,611,9476,40,6,3,3,10
irregular-n06-t064-b00001-falternating-s07,Standard,1,true,2,3,1,0,1,0,0,0,0,0,0,0,36,108,48,48,720,720,1831,17208,30,5,4,3,10
irregular-n06-t064-b00001-falternating-s07,Standard,2,true,2,3,1,0,1,0,0,0,0,0,0,0,4,12,12,12,318,318,745,15073,92,7,7,4,10
irregular-n06-t064-b00001-falternating-s07,Standard,3,true,3,4,2,0,2,0,0,0,0,0,0,0,12,48,48,48,1008,1008,2745,40385,116,7,7,4,10
irregular-n06-t064-b00001-falternating-s07,Accelerated,0,true,0,2,0,0,0,0,0,0,0,0,1,0,1,2,2,2,86,86,236,2855,16,5,3,2,10
irregular-n06-t064-b00001-falternating-s07,Accelerated,1,true,0,2,0,0,0,0,0,0,0,0,1,0,36,72,32,32,480,480,1153,9950,24,5,4,3,10
irregular-n06-t064-b00001-falternating-s07,Accelerated,2,true,0,2,0,0,0,0,0,0,0,0,1,0,4,8,8,8,212,212,541,10425,92,7,5,4,10
irregular-n06-t064-b00001-falternating-s07,Accelerated,3,true,1,3,0,1,1,0,0,0,0,1,0,1,12,36,36,36,756,756,2127,30161,116,7,5,4,10
irregular-n06-t064-b00001-falternating-s08,Standard,0,true,2,3,1,0,1,0,0,0,0,0,0,0,1,3,3,3,129,129,579,12051,66,7,5,3,10
irregular-n06-t064-b00001-falternating-s08,Standard,1,true,2,3,1,0,1,0,0,0,0,0,0,0,48,144,87,87,1323,1323,4007,45234,120,7,6,4,10
irregular-n06-t064-b00001-falternating-s08,Standard,2,true,2,3,1,0,1,0,0,0,0,0,0,0,4,12,12,12,318,318,884,19114,78,7,7,4,10
irregular-n06-t064-b00001-falternating-s08,Standard,3,true,2,3,1,0,1,0,0,0,0,0,0,0,16,48,48,48,1008,1008,2983,43399,120,7,7,4,10
irregular-n06-t064-b00001-falternating-s08,Accelerated,0,true,0,2,0,0,0,0,0,0,0,0,1,0,1,2,2,2,86,86,340,6062,44,6,4,3,10
irregular-n06-t064-b00001-falternating-s08,Accelerated,1,true,0,2,0,0,0,0,0,0,0,0,1,0,48,96,58,58,882,882,2610,27699,30,5,4,4,10
irregular-n06-t064-b00001-falternating-s08,Accelerated,2,true,1,3,0,1,1,0,0,0,0,1,0,1,4,12,12,12,318,318,1006,20614,80,7,5,4,10
irregular-n06-t064-b00001-falternating-s08,Accelerated,3,true,0,2,0,0,0,0,0,0,0,0,1,0,16,32,32,32,672,672,2105,30725,120,7,6,4,10
irregular-n06-t064-b00001-falternating-s09,Standard,0,true,2,3,1,0,1,0,0,0,0,0,0,0,1,3,3,3,129,129,645,13855,136,8,6,4,10
irregular-n06-t064-b00001-falternating-s09,Standard,1,true,3,4,2,0,2,0,0,0,0,0,0,0,54,216,160,160,2368,2368,7190,82820,284,9,7,4,10
irregular-n06-t064-b00001-falternating-s09,Standard,2,true,3,4,2,0,2,0,0,0,0,0,0,0,4,16,16,16,424,424,1376,29910,238,8,8,5,10
irregular-n06-t064-b00001-falternating-s09,Standard,3,true,4,5,3,0,3,0,0,0,0,0,0,0,18,90,90,90,1890,1890,6459,101029,298,9,8,5,10
irregular-n06-t064-b00001-falternating-s09,Accelerated,0,true,0,2,0,0,0,0,0,0,0,0,1,0,1,2,2,2,86,86,374,6926,68,7,4,4,10
irregular-n06-t064-b00001-falternating-s09,Accelerated,1,true,0,2,0,0,0,0,0,0,0,0,1,0,54,108,80,80,1184,1184,3417,35592,108,7,6,4,10
irregular-n06-t064-b00001-falternating-s09,Accelerated,2,true,1,3,0,1,1,0,0,0,0,1,0,1,4,12,12,12,318,318,1138,24078,238,8,5,5,10
irregular-n06-t064-b00001-falternating-s09,Accelerated,3,true,2,5,0,2,2,1,1,0,0,1,0,1,18,90,90,90,1890,1890,6797,103443,2188,12,10,7,12
irregular-n06-t064-b00001-falternating-s10,Standard,0,true,2,3,1,0,1,0,0,0,0,0,0,0,1,3,3,3,129,129,723,17601,342,9,7,5,10
irregular-n06-t064-b00001-falternating-s10,Standard,1,true,2,3,1,0,1,0,0,0,0,0,0,0,60,180,147,147,2175,2175,6722,78744,400,9,7,4,10
irregular-n06-t064-b00001-falternating-s10,Standard,2,true,4,5,3,0,3,0,0,0,0,0,0,0,4,20,20,20,530,530,2046,47498,438,9,9,5,10
irregular-n06-t064-b00001-falternating-s10,Standard,3,true,3,4,2,0,2,0,0,0,0,0,0,0,20,80,80,80,1680,1680,5728,96413,480,9,9,5,10
irregular-n06-t064-b00001-falternating-s10,Accelerated,0,true,1,3,0,1,1,0,0,0,0,1,0,1,1,3,3,3,129,129,718,17057,342,9,5,5,10
irregular-n06-t064-b00001-falternating-s10,Accelerated,1,true,0,2,0,0,0,0,0,0,0,0,1,0,60,120,98,98,1450,1450,4392,49010,300,9,7,4,10
irregular-n06-t064-b00001-falternating-s10,Accelerated,2,true,2,5,0,2,2,1,1,0,0,1,0,1,4,20,20,20,530,530,2268,51240,3732,12,10,7,13
irregular-n06-t064-b00001-falternating-s10,Accelerated,3,true,1,3,0,1,1,0,0,0,0,1,0,1,20,60,60,60,1260,1260,4460,73218,480,9,6,5,10
irregular-n06-t064-b00001-falternating-s11,Standard,0,true,3,4,2,0,2,0,0,0,0,0,0,0,1,4,4,4,172,172,807,16691,136,8,5,4,10
irregular-n06-t064-b00001-falternating-s11,Standard,1,true,2,3,1,0,1,0,0,0,0,0,0,0,48,144,117,117,1737,1737,5044,54080,160,8,6,4,10
irregular-n06-t064-b00001-falternating-s11,Standard,2,true,2,3,1,0,1,0,0,0,0,0,0,0,4,12,12,12,318,318,910,20228,204,8,8,4,10
irregular-n06-t064-b00001-falternating-s11,Standard,3,true,3,4,2,0,2,0,0,0,0,0,0,0,16,64,64,64,1344,1344,4157,61507,220,8,8,4,10
irregular-n06-t064-b00001-falternating-s11,Accelerated,0,true,0,2,0,0,0,0,0,0,0,0,1,0,1,2,2,2,86,86,326,5473,24,5,4,3,10
irregular-n06-t064-b00001-falternating-s11,Accelerated,1,true,1,3,0,1,1,0,0,0,0,1,0,1,48,144,117,117,1737,1737,4974,52528,160,8,6,4,10
irregular-n06-t064-b00001-falternating-s11,Accelerated,2,true,0,2,0,0,0,0,0,0,0,0,1,0,4,8,8,8,212,212,654,14114,204,8,5,4,10
irregular-n06-t064-b00001-falternating-s11,Accelerated,3,true,1,3,0,1,1,0,0,0,0,1,0,1,16,48,48,48,1008,1008,3163,45251,220,8,6,4,10
irregular-n06-t064-b00001-falternating-s12,Standard,0,true,3,4,2,0,2,0,0,0,0,0,0,0,1,4,4,4,172,172,857,17005,164,8,5,4,10
irregular-n06-t064-b00001-falternating-s12,Standard,1,true,2,3,1,0,1,0,0,0,0,0,0,0,48,144,123,123,1767,1767,5157,57747,192,8,6,4,10
irregular-n06-t064-b00001-falternating-s12,Standard,2,true,2,3,1,0,1,0,0,0,0,0,0,0,4,12,12,12,318,318,875,19150,242,8,9,5,10
irregular-n06-t064-b00001-falternating-s12,Standard,3,true,3,4,2,0,2,0,0,0,0,0,0,0,16,64,64,64,1344,1344,4213,68449,280,9,9,5,10
irregular-n06-t064-b00001-falternating-s12,Accelerated,0,true,0,2,0,0,0,0,0,0,0,0,1,0,1,2,2,2,86,86,335,5385,56,6,4,3,10
irregular-n06-t064-b00001-falternating-s12,Accelerated,1,true,0,2,0,0,0,0,0,0,0,0,1,0,48,96,82,82,1178,1178,3316,34498,156,8,6,4,10
irregular-n06-t064-b00001-falternating-s12,Accelerated,2,true,0,2,0,0,0,0,0,0,0,0,1,0,4,8,8,8,212,212,653,13858,242,8,5,5,10
irregular-n06-t064-b00001-falternating-s12,Accelerated,3,true,1,3,0,1,1,0,0,0,0,1,0,1,16,48,48,48,1008,1008,3295,52481,272,9,6,5,10
irregular-n06-t064-b00001-falternating-s13,Standard,0,true,2,3,1,0,1,0,0,0,0,0,0,0,1,3,3,3,129,129,656,13586,142,8,6,4,10
irregular-n06-t064-b00001-falternating-s13,Standard,1,true,3,4,2,0,2,0,0,0,0,0,0,0,54,216,100,100,1492,1492,4604,54553,194,8,6,4,10
irregular-n06-t064-b00001-falternating-s13,Standard,2,true,3,4,2,0,2,0,0,0,0,0,0,0,4,16,16,16,424,424,1418,30202,296,9,8,4,10
irregular-n06-t064-b00001-falternating-s13,Standard,3,true,3,4,2,0,2,0,0,0,0,0,0,0,18,72,72,72,1512,1512,4878,76071,276,9,8,4,10
irregular-n06-t064-b00001-falternating-s13,Accelerated,0,true,1,3,0,1,1,0,0,0,0,1,0,1,1,3,3,3,129,129,627,12340,142,8,5,4,10
irregular-n06-t064-b00001-falternating-s13,Accelerated,1,true,0,2,0,0,0,0,0,0,0,0,1,0,54,108,50,50,746,746,2208,24112,44,6,5,4,10
irregular-n06-t064-b00001-falternating-s13,Accelerated,2,true,1,3,0,1,1,0,0,0,0,1,0,1,4,12,12,12,318,318,1151,23627,296,9,5,4,10
irregular-n06-t064-b00001-falternating-s13,Accelerated,3,true,2,5,0,2,2,1,1,0,0,1,0,1,18,90,90,90,1890,1890,6527,96436,4112,13,11,8,13
irregular-n06-t064-b00001-falternating-s14,Standard,0,true,2,3,1,0,1,0,0,0,0,0,0,0,1,3,3,3,129,129,502,8363,36,6,4,3,10
irregular-n06-t064-b00001-falternating-s14,Standard,1,true,3,4,2,0,2,0,0,0,0,0,0,0,42,168,120,120,1784,1784,5038,52257,70,7,5,3,10
irregular-n06-t064-b00001-falternating-s14,Standard,2,true,3,4,2,0,2,0,0,0,0,0,0,0,4,16,16,16,424,424,1194,24756,100,7,7,4,10
irregular-n06-t064-b00001-falternating-s14,Standard,3,true,2,3,1,0,1,0,0,0,0,0,0,0,14,42,42,42,882,882,2497,38815,104,7,7,4,10
irregular-n06-t064-b00001-falternating-s14,Accelerated,0,true,0,2,0,0,0,0,0,0,0,0,1,0,1,2,2,2,86,86,272,3631,18,5,3,3,10
irregular-n06-t064-b00001-falternating-s14,Accelerated,1,true,0,2,0,0,0,0,0,0,0,0,1,0,42,84,60,60,892,892,2300,20968,30,5,4,3,10
irregular-n06-t064-b00001-falternating-s14,Accelerated,2,true,1,3,0,1,1,0,0,0,0,1,0,1,4,12,12,12,318,318,986,19829,100,7,4,4,10
irregular-n06-t064-b00001-falternating-s14,Accelerated,3,true,0,2,0,0,0,0,0,0,0,0,1,0,14,28,28,28,588,588,1710,25550,104,7,5,4,10
irregular-n06-t064-b00001-falternating-s15,Standard,0,false,0,1,0,0,0,0,0,0,0,0,0,0,1,1,0,0,0,0,0,0,0,0,1,1,2
irregular-n06-t064-b00001-falternating-s15,Standard,1,true,3,4,2,0,2,0,0,0,0,0,0,0,54,216,176,176,2608,2608,8242,98657,378,9,7,4,10
irregular-n06-t064-b00001-falternating-s15,Standard,2,true,2,3,1,0,1,0,0,0,0,0,0,0,4,12,12,12,318,318,951,21262,276,9,8,4,10
irregular-n06-t064-b00001-falternating-s15,Standard,3,true,3,4,2,0,2,0,0,0,0,0,0,0,18,72,72,72,1512,1512,5060,77782,324,9,8,4,10
irregular-n06-t064-b00001-falternating-s15,Accelerated,0,false,0,1,0,0,0,0,0,0,0,0,0,0,1,1,0,0,0,0,0,0,0,0,1,1,2
irregular-n06-t064-b00001-falternating-s15,Accelerated,1,true,1,3,0,1,1,0,0,0,0,1,0,1,54,162,132,132,1956,1956,6056,69860,254,8,7,4,10
irregular-n06-t064-b00001-falternating-s15,Accelerated,2,true,0,2,0,0,0,0,0,0,0,0,1,0,4,8,8,8,212,212,720,15598,276,9,5,4,10
irregular-n06-t064-b00001-falternating-s15,Accelerated,3,true,1,3,0,1,1,0,0,0,0,1,0,1,18,54,54,54,1134,1134,3971,60444,324,9,7,4,10
irregular-n06-t064-b00001-falternating-s16,Standard,0,false,0,1,0,0,0,0,0,0,0,0,0,0,1,1,0,0,0,0,0,0,0,0,1,1,2
irregular-n06-t064-b00001-falternating-s16,Standard,1,true,3,4,2,0,2,0,0,0,0,0,0,0,48,192,156,156,2316,2316,6914,76879,300,9,7,4,10
irregular-n06-t064-b00001-falternating-s16,Standard,2,true,3,4,2,0,2,0,0,0,0,0,0,0,4,16,16,16,424,424,1327,26910,210,8,8,4,10
irregular-n06-t064-b00001-falternating-s16,Standard,3,true,3,4,2,0,2,0,0,0,0,0,0,0,16,64,64,64,1344,1344,4087,58322,250,8,7,4,10
irregular-n06-t064-b00001-falternating-s16,Accelerated,0,false,0,1,0,0,0,0,0,0,0,0,0,0,1,1,0,0,0,0,0,0,0,0,1,1,2
irregular-n06-t064-b00001-falternating-s16,Accelerated,1,true,1,3,0,1,1,0,0,0,0,1,0,1,48,144,117,117,1737,1737,5077,54433,234,8,7,4,10
irregular-n06-t064-b00001-falternating-s16,Accelerated,2,true,2,5,0,2,2,1,1,0,0,1,0,1,4,20,20,20,530,530,1944,37469,2760,12,9,7,12
irregular-n06-t064-b00001-falternating-s16,Accelerated,3,true,1,3,0,1,1,0,0,0,0,1,0,1,16,48,48,48,1008,1008,3177,45021,250,8,6,4,10
irregular-n06-t064-b00001-falternating-s17,Standard,0,false,0,1,0,0,0,0,0,0,0,0,0,0,1,1,0,0,0,0,0,0,0,0,1,1,2
irregular-n06-t064-b00001-falternating-s17,Standard,1,true,2,3,1,0,1,0,0,0,0,0,0,0,48,144,123,123,1767,1767,4991,52424,100,7,6,4,10
irregular-n06-t064-b00001-falternating-s17,Standard,2,true,3,4,2,0,2,0,0,0,0,0,0,0,4,16,16,16,424,424,1162,25115,200,8,9,5,10
irregular-n06-t064-b00001-falternating-s17,Standard,3,true,3,4,2,0,2,0,0,0,0,0,0,0,16,64,64,64,1344,1344,4241,67154,274,9,8,5,10
irregular-n06-t064-b00001-falternating-s17,Accelerated,0,false,0,1,0,0,0,0,0,0,0,0,0,0,1,1,0,0,0,0,0,0,0,0,1,1,2
irregular-n06-t064-b00001-falternating-s17,Accelerated,1,true,0,2,0,0,0,0,0,0,0,0,1,0,48,96,82,82,1178,1178,3150,30188,50,6,5,4,10
irregular-n06-t064-b00001-falternating-s17,Accelerated,2,true,1,3,0,1,1,0,0,0,0,1,0,1,4,12,12,12,318,318,954,20192,200,8,5,5,10
irregular-n06-t064-b00001-falternating-s17,Accelerated,3,true,1,3,0,1,1,0,0,0,0,1,0,1,16,48,48,48,1008,1008,3295,50893,274,9,7,5,10
irregular-n06-t064-b00001-falternating-s18,Standard,0,true,3,4,2,0,2,0,0,0,0,0,0,0,1,4,4,4,172,172,850,17124,192,8,5,4,10
irregular-n06-t064-b00001-falternating-s18,Standard,1,true,2,3,1,0,1,0,0,0,0,0,0,0,48,144,123,123,1767,1767,5108,56426,204,8,6,4,10
irregular-n06-t064-b00001-falternating-s18,Standard,2,true,2,3,1,0,1,0,0,0,0,0,0,0,4,12,12,12,318,318,852,18698,276,9,9,5,10
irregular-n06-t064-b00001-falternating-s18,Standard,3,true,4,5,3,0,3,0,0,0,0,0,0,0,16,80,80,80,1680,1680,5351,84132,352,9,9,5,10
irregular-n06-t064-b00001-falternating-s18,Accelerated,0,true,0,2,0,0,0,0,0,0,0,0,1,0,1,2,2,2,86,86,328,5294,72,7,4,3,10
irregular-n06-t064-b00001-falternating-s18,Accelerated,1,true,0,2,0,0,0,0,0,0,0,0,1,0,48,96,82,82,1178,1178,3284,33685,168,8,6,4,10
irregular-n06-t064-b00001-falternating-s18,Accelerated,2,true,0,2,0,0,0,0,0,0,0,0,1,0,4,8,8,8,212,212,632,13498,276,9,5,5,10
irregular-n06-t064-b00001-falternating-s18,Accelerated,3,true,2,5,0,2,2,1,1,0,0,1,0,1,16,80,80,80,1680,1680,5665,86100,5724,13,11,8,13
irregular-n06-t064-b00001-falternating-s19,Standard,0,false,0,1,0,0,0,0,0,0,0,0,0,0,1,1,0,0,0,0,0,0,0,0,1,1,2
irregular-n06-t064-b00001-falternating-s19,Standard,1,true,3,4,2,0,2,0,0,0,0,0,0,0,60,240,204,204,2940,2940,8929,103260,306,9,7,4,10
irregular-n06-t064-b00001-falternating-s19,Standard,2,true,2,3,1,0,1,0,0,0,0,0,0,0,4,12,12,12,318,318,928,21992,258,9,9,5,10
irregular-n06-t064-b00001-falternating-s19,Standard,3,true,3,4,2,0,2,0,0,0,0,0,0,0,20,80,80,80,1680,1680,5896,96926,376,9,9,5,10
irregular-n06-t064-b00001-falternating-s19,Accelerated,0,false,0,1,0,0,0,0,0,0,0,0,0,0,1,1,0,0,0,0,0,0,0,0,1,1,2
irregular-n06-t064-b00001-falternating-s19,Accelerated,1,true,0,2,0,0,0,0,0,0,0,0,1,0,60,120,102,102,1470,1470,4276,44576,58,6,5,4,10
irregular-n06-t064-b00001-falternating-s19,Accelerated,2,true,0,2,0,0,0,0,0,0,0,0,1,0,4,8,8,8,212,212,684,15987,258,9,5,5,10
irregular-n06-t064-b00001-falternating-s19,Accelerated,3,true,1,3,0,1,1,0,0,0,0,1,0,1,20,60,60,60,1260,1260,4600,73399,376,9,7,5,10
irregular-n06-t064-b00001-falternating-s20,Standard,0,true,2,3,1,0,1,0,0,0,0,0,0,0,1,3,3,3,129,129,710,17129,248,8,6,4,10
irregular-n06-t064-b00001-falternating-s20,Standard,1,true,2,3,1,0,1,0,0,0,0,0,0,0,60,180,120,120,1776,1776,5531,65923,388,9,8,4,10
irregular-n06-t064-b00001-falternating-s20,Standard,2,true,4,5,3,0,3,0,0,0,0,0,0,0,4,20,20,20,530,530,1937,43943,320,9,9,5,10
irregular-n06-t064-b00001-falternating-s20,Standard,3,true,3,4,2,0,2,0,0,0,0,0,0,0,20,80,80,80,1680,1680,6006,98928,392,9,8,5,10
irregular-n06-t064-b00001-falternating-s20,Accelerated,0,true,1,3,0,1,1,0,0,0,0,1,0,1,1,3,3,3,129,129,708,16715,248,8,5,4,10
irregular-n06-t064-b00001-falternating-s20,Accelerated,1,true,1,3,0,1,1,0,0,0,0,1,0,1,60,180,120,120,1776,1776,5523,65018,388,9,8,4,10
irregular-n06-t064-b00001-falternating-s20,Accelerated,2,true,2,5,0,2,2,1,0,1,0,1,0,1,4,20,20,20,530,530,2193,48411,3408,12,11,7,12
irregular-n06-t064-b00001-falternating-s20,Accelerated,3,true,1,3,0,1,1,0,0,0,0,1,0,1,20,60,60,60,1260,1260,4567,73119,392,9,7,5,10
irregular-n06-t064-b00001-frandom-s01,Standard,0,true,2,3,1,0,1,0,0,0,0,0,0,0,1,3,3,3,129,129,447,10207,112,7,6,4,10
irregular-n06-t064-b00001-frandom-s01,Standard,1,true,2,3,1,0,1,0,0,0,0,0,0,0,108,324,270,270,3942,3942,10181,120021,128,8,7,4,10
irregular-n06-t064-b00001-frandom-s01,Standard,2,true,2,3,1,0,1,0,0,0,0,0,0,0,6,18,18,18,342,342,827,16008,90,7,7,4,10
irregular-n06-t064-b00001-frandom-s01,Standard,3,true,2,3,1,0,1,0,0,0,0,0,0,0,18,54,54,54,1134,1134,3584,57356,92,7,7,4,10
irregular-n06-t064-b00001-frandom-s01,Accelerated,0,true,1,3,0,1,1,0,0,0,0,1,0,1,1,3,3,3,129,129,452,9686,112,7,5,4,10
irregular-n06-t064-b00001-frandom-s01,Accelerated,1,true,1,3,0,1,1,0,0,0,0,1,0,1,108,324,270,270,3942,3942,10193,114617,128,8,7,4,10
irregular-n06-t064-b00001-frandom-s01,Accelerated,2,true,0,2,0,0,0,0,0,0,0,0,1,0,6,12,12,12,228,228,578,11171,90,7,5,4,10
irregular-n06-t064-b00001-frandom-s01,Accelerated,3,true,0,2,0,0,0,0,0,0,0,0,1,0,18,36,36,36,756,756,2365,36844,92,7,6,4,10
irregular-n06-t064-b00001-frandom-s02,Standard,0,true,2,3,1,0,1,0,0,0,0,0,0,0,1,3,3,3,129,129,508,10512,120,7,6,4,10
irregular-n06-t064-b00001-frandom-s02,Standard,1,true,2,3,1,0,1,0,0,0,0,0,0,0,56,168,129,129,1893,1893,5088,56638,198,8,7,4,10
irregular-n06-t064-b00001-frandom-s02,Standard,2,true,2,3,1,0,1,0,0,0,0,0,0,0,4,12,12,12,318,318,720,14650,170,8,8,4,10
irregular-n06-t064-b00001-frandom-s02,Standard,3,true,3,4,2,0,2,0,0,0,0,0,0,0,14,56,56,56,1176,1176,3446,52210,198,8,7,4,10
irregular-n06-t064-b00001-frandom-s02,Accelerated,0,true,0,2,0,0,0,0,0,0,0,0,1,0,1,2,2,2,86,86,300,5161,60,6,5,4,10
irregular-n06-t064-b00001-frandom-s02,Accelerated,1,true,1,3,0,1,1,0,0,0,0,1,0,1,56,168,129,129,1893,1893,4970,53077,198,8,7,4,10
irregular-n06-t064-b00001-frandom-s02,Accelerated,2,true,1,3,0,1,1,0,0,0,0,1,0,1,4,12,12,12,318,318,843,16546,176,8,6,4,10
irregular-n06-t064-b00001-frandom-s02,Accelerated,3,true,1,3,0,1,1,0,0,0,0,1,0,1,14,42,42,42,882,882,2635,38910,198,8,6,4,10
irregular-n06-t064-b00001-frandom-s03,Standard,0,true,3,4,2,0,2,0,0,0,0,0,0,0,1,4,4,4,172,172,857,20806,178,8,6,4,10
irregular-n06-t064-b00001-frandom-s03,Standard,1,true,2,3,1,0,1,0,0,0,0,0,0,0,80,240,201,201,2925,2925,8507,100137,300,9,8,4,10
irregular-n06-t064-b00001-frandom-s03,Standard,2,true,3,4,2,0,2,0,0,0,0,0,0,0,5,20,20,20,620,620,2016,47482,216,8,9,5,10
irregular-n06-t064-b00001-frandom-s03,Standard,3,true,3,4,2,0,2,0,0,0,0,0,0,0,20,80,80,80,1680,1680,5693,95541,348,9,9,5,10
irregular-n06-t064-b00001-frandom-s03,Accelerated,0,true,0,2,0,0,0,0,0,0,0,0,1,0,1,2,2,2,86,86,353,6613,64,7,4,4,10
irregular-n06-t064-b00001-frandom-s03,Accelerated,1,true,1,3,0,1,1,0,0,0,0,1,0,1,80,240,201,201,2925,2925,8459,97739,300,9,8,4,10
irregular-n06-t064-b00001-frandom-s03,Accelerated,2,true,1,3,0,1,1,0,0,0,0,1,0,1,5,15,15,15,465,465,1627,37445,216,8,6,5,10
irregular-n06-t064-b00001-frandom-s03,Accelerated,3,true,1,3,0,1,1,0,0,0,0,1,0,1,20,60,60,60,1260,1260,4415,72361,336,9,7,5,10
irregular-n06-t064-b00001-frandom-s04,Standard,0,true,3,4,2,0,2,0,0,0,0,0,0,0,1,4,4,4,172,172,623,11236,50,6,4,3,10
irregular-n06-t064-b00001-frandom-s04,Standard,1,true,3,4,2,0,2,0,0,0,0,0,0,0,56,224,184,184,2712,2712,7224,78985,96,7,6,3,10
irregular-n06-t064-b00001-frandom-s04,Standard,2,true,2,3,1,0,1,0,0,0,0,0,0,0,5,15,15,15,465,465,1228,26575,120,7,8,4,10
irregular-n06-t064-b00001-frandom-s04,Standard,3,true,3,4,2,0,2,0,0,0,0,0,0,0,14,56,56,56,1176,1176,3299,49219,162,8,8,4,10
irregular-n06-t064-b00001-frandom-s04,Accelerated,0,true,0,2,0,0,0,0,0,0,0,0,1,0,1,2,2,2,86,86,250,3109,14,4,3,3,10
irregular-n06-t064-b00001-frandom-s04,Accelerated,1,true,1,3,0,1,1,0,0,0,0,1,0,1,56,168,138,138,2034,2034,5276,55815,62,6,5,3,10
irregular-n06-t064-b00001-frandom-s04,Accelerated,2,true,0,2,0,0,0,0,0,0,0,0,1,0,5,10,10,10,310,310,886,18574,120,7,5,4,10
irregular-n06-t064-b00001-frandom-s04,Accelerated,3,true,1,3,0,1,1,0,0,0,0,1,0,1,14,42,42,42,882,882,2534,36620,126,7,6,4,10
irregular-n06-t064-b00001-frandom-s05,Standard,0,true,3,4,2,0,2,0,0,0,0,0,0,0,1,4,4,4,172,172,709,15720,80,7,4,3,10
irregular-n06-t064-b00001-frandom-s05,Standard,1,true,3,4,2,0,2,0,0,0,0,0,0,0,90,360,300,300,4380,4380,11698,132754,118,7,6,4,10
irregular-n06-t064-b00001-frandom-s05,Standard,2,true,2,3,1,0,1,0,0,0,0,0,0,0,4,12,12,12,372,372,1017,24601,146,8,8,4,10
irregular-n06-t064-b00001-frandom-s05,Standard,3,true,3,4,2,0,2,0,0,0,0,0,0,0,18,72,72,72,1512,1512,4661,72992,238,8,8,4,10
irregular-n06-t064-b00001-frandom-s05,Accelerated,0,true,0,2,0,0,0,0,0,0,0,0,1,0,1,2,2,2,86,86,267,4185,22,5,3,3,10
irregular-n06-t064-b00001-frandom-s05,Accelerated,1,true,0,2,0,0,0,0,0,0,0,0,1,0,90,180,150,150,2190,2190,5667,56153,34,6,5,4,10
irregular-n06-t064-b00001-frandom-s05,Accelerated,2,true,0,2,0,0,0,0,0,0,0,0,1,0,4,8,8,8,248,248,741,17711,146,8,5,4,10
irregular-n06-t064-b00001-frandom-s05,Accelerated,3,true,1,3,0,1,1,0,0,0,0,1,0,1,18,54,54,54,1134,1134,3563,53880,190,8,6,4,10
irregular-n06-t064-b00001-frandom-s06,Standard,0,true,2,3,1,0,1,0,0,0,0,0,0,0,1,3,3,3,129,129,407,5790,40,6,4,3,10
irregular-n06-t064-b00001-frandom-s06,Standard,1,true,2,3,1,0,1,0,0,0,0,0,0,0,42,126,78,78,1158,1158,2922,26314,40,6,5,3,10
irregular-n06-t064-b00001-frandom-s06,Standard,2,true,3,4,2,0,2,0,0,0,0,0,0,0,5,20,20,20,620,620,1469,33096,112,7,8,4,10
irregular-n06-t064-b00001-frandom-s06,Standard,3,true,3,4,2,0,2,0,0,0,0,0,0,0,14,56,56,56,1176,1176,3296,48396,188,8,8,4,10
irregular-n06-t064-b00001-frandom-s06,Accelerated,0,true,1,3,0,1,1,0,0,0,0,1,0,1,1,3,3,3,129,129,389,4954,40,6,4,3,10
irregular-n06-t064-b00001-frandom-s06,Accelerated,1,true,0,2,0,0,0,0,0,0,0,0,1,0,42,84,52,52,772,772,1957,16873,38,6,5,3,10
irregular-n06-t064-b00001-frandom-s06,Accelerated,2,true,1,3,0,1,1,0,0,0,0,1,0,1,5,15,15,15,465,465,1160,25680,78,7,5,4,10
irregular-n06-t064-b00001-frandom-s06,Accelerated,3,true,1,3,0,1,1,0,0,0,0,1,0,1,14,42,42,42,882,882,2562,36116,148,8,6,4,10
irregular-n06-t064-b00001-frandom-s07,Standard,0,true,2,3,1,0,1,0,0,0,0,0,0,0,1,3,3,3,129,129,416,7849,54,6,4,3,10
irregular-n06-t064-b00001-frandom-s07,Standard,1,true,2,3,1,0,1,0,0,0,0,0,0,0,60,180,138,138,2034,2034,4797,50960,104,7,6,4,10
irregular-n06-t064-b00001-frandom-s07,Standard,2,true,3,4,2,0,2,0,0,0,0,0,0,0,6,24,24,24,456,456,936,16533,62,6,7,4,10
irregular-n06-t064-b00001-frandom-s07,Standard,3,true,2,3,1,0,1,0,0,0,0,0,0,0,12,36,36,36,756,756,1871,26713,78,7,6,4,10
irregular-n06-t064-b00001-frandom-s07,Accelerated,0,true,0,2,0,0,0,0,0,0,0,0,1,0,1,2,2,2,86,86,261,3834,18,5,4,3,10
irregular-n06-t064-b00001-frandom-s07,Accelerated,1,true,0,2,0,0,0,0,0,0,0,0,1,0,60,120,92,92,1356,1356,3188,31028,26,5,4,4,10
irregular-n06-t064-b00001-frandom-s07,Accelerated,2,true,1,3,0,1,1,0,0,0,0,1,0,1,6,18,18,18,342,342,758,12927,62,6,4,4,10
irregular-n06-t064-b00001-frandom-s07,Accelerated,3,true,0,2,0,0,0,0,0,0,0,0,1,0,12,24,24,24,504,504,1263,17506,78,7,5,4,10
irregular-n06-t064-b00001-frandom-s08,Standard,0,true,2,3,1,0,1,0,0,0,0,0,0,0,1,3,3,3,129,129,467,10974,144,8,7,5,10
irregular-n06-t064-b00001-frandom-s08,Standard,1,true,3,4,2,0,2,0,0,0,0,0,0,0,96,384,320,320,4672,4672,12058,142572,204,8,7,4,10
irregular-n06-t064-b00001-frandom-s08,Standard,2,true,2,3,1,0,1,0,0,0,0,0,0,0,4,12,12,12,372,372,1048,24052,144,8,8,4,10
irregular-n06-t064-b00001-frandom-s08,Standard,3,true,2,3,1,0,1,0,0,0,0,0,0,0,16,48,48,48,1008,1008,2833,44223,204,8,8,4,10
irregular-n06-t064-b00001-frandom-s08,Accelerated,0,true,1,3,0,1,1,0,0,0,0,1,0,1,1,3,3,3,129,129,469,10140,144,8,5,5,10
irregular-n06-t064-b00001-frandom-s08,Accelerated,1,true,1,3,0,1,1,0,0,0,0,1,0,1,96,288,240,240,3504,3504,8923,99254,174,8,7,4,10
irregular-n06-t064-b00001-frandom-s08,Accelerated,2,true,0,2,0,0,0,0,0,0,0,0,1,0,4,8,8,8,248,248,715,16125,144,8,5,4,10
irregular-n06-t064-b00001-frandom-s08,Accelerated,3,true,0,2,0,0,0,0,0,0,0,0,1,0,16,32,32,32,672,672,1896,28793,180,8,6,4,10
irregular-n06-t064-b00001-frandom-s09,Standard,0,true,2,3,1,0,1,0,0,0,0,0,0,0,1,3,3,3,129,129,551,11500,162,8,6,5,10
irregular-n06-t064-b00001-frandom-s09,Standard,1,true,2,3,1,0,1,0,0,0,0,0,0,0,72,216,105,105,1581,1581,4175,41884,50,6,6,5,10
irregular-n06-t064-b00001-frandom-s09,Standard,2,true,2,3,1,0,1,0,0,0,0,0,0,0,5,15,15,15,465,465,1353,30722,250,8,9,5,10
irregular-n06-t064-b00001-frandom-s09,Standard,3,true,3,4,2,0,2,0,0,0,0,0,0,0,18,72,72,72,1512,1512,4745,73886,432,9,9,5,10
irregular-n06-t064-b00001-frandom-s09,Accelerated,0,true,1,3,0,1,1,0,0,0,0,1,0,1,1,3,3,3,129,129,561,11053,162,8,5,5,10
irregular-n06-t064-b00001-frandom-s09,Accelerated,1,true,0,2,0,0,0,0,0,0,0,0,1,0,72,144,70,70,1054,1054,2782,26315,42,6,6,5,10
irregular-n06-t064-b00001-frandom-s09,Accelerated,2,true,0,2,0,0,0,0,0,0,0,0,1,0,5,10,10,10,310,310,990,21763,250,8,5,5,10
irregular-n06-t064-b00001-frandom-s09,Accelerated,3,true,2,5,0,2,2,1,0,1,0,1,0,1,18,90,90,90,1890,1890,6213,91857,6164,13,12,9,14
irregular-n06-t064-b00001-frandom-s10,Standard,0,true,2,3,1,0,1,0,0,0,0,0,0,0,1,3,3,3,129,129,687,16526,148,8,6,4,10
irregular-n06-t064-b00001-frandom-s10,Standard,1,true,2,3,1,0,1,0,0,0,0,0,0,0,80,240,198,198,2910,2910,8791,101279,230,8,7,5,10
irregular-n06-t064-b00001-frandom-s10,Standard,2,true,3,4,2,0,2,0,0,0,0,0,0,0,6,24,24,24,744,744,2543,58948,144,8,8,4,10
irregular-n06-t064-b00001-frandom-s10,Standard,3,true,3,4,2,0,2,0,0,0,0,0,0,0,20,80,72,72,1512,1512,5098,82762,280,9,9,5,10
irregular-n06-t064-b00001-frandom-s10,Accelerated,0,true,1,3,0,1,1,0,0,0,0,1,0,1,1,3,3,3,129,129,661,15407,148,8,5,4,10
irregular-n06-t064-b00001-frandom-s10,Accelerated,1,true,1,3,0,1,1,0,0,0,0,1,0,1,80,240,198,198,2910,2910,8669,98904,230,8,7,5,10
irregular-n06-t064-b00001-frandom-s10,Accelerated,2,true,1,3,0,1,1,0,0,0,0,1,0,1,6,18,18,18,558,558,2073,46741,144,8,6,4,10
irregular-n06-t064-b00001-frandom-s10,Accelerated,3,true,1,3,0,1,1,0,0,0,0,1,0,1,20,60,54,54,1134,1134,3929,61871,272,9,7,5,10
irregular-n06-t064-b00001-frandom-s11,Standard,0,true,3,4,2,0,2,0,0,0,0,0,0,0,1,4,4,4,172,172,590,12238,126,7,7,4,10
irregular-n06-t064-b00001-frandom-s11,Standard,1,true,2,3,1,0,1,0,0,0,0,0,0,0,96,288,240,240,3504,3504,8590,94145,134,8,7,4,10
irregular-n06-t064-b00001-frandom-s11,Standard,2,true,3,4,2,0,2,0,0,0,0,0,0,0,4,16,16,16,496,496,1574,31887,134,8,7,4,10
irregular-n06-t064-b00001-frandom-s11,Standard,3,true,3,4,2,0,2,0,0,0,0,0,0,0,16,64,64,64,1344,1344,3956,59350,148,8,7,4,10
irregular-n06-t064-b00001-frandom-s11,Accelerated,0,true,1,3,0,1,1,0,0,0,0,1,0,1,1,3,3,3,129,129,452,8636,108,7,5,4,10
irregular-n06-t064-b00001-frandom-s11,Accelerated,1,true,1,3,0,1,1,0,0,0,0,1,0,1,96,288,240,240,3504,3504,9050,96008,134,8,7,4,10
irregular-n06-t064-b00001-frandom-s11,Accelerated,2,true,1,3,0,1,1,0,0,0,0,1,0,1,4,12,12,12,372,372,1286,24996,134,8,5,4,10
irregular-n06-t064-b00001-frandom-s11,Accelerated,3,true,1,3,0,1,1,0,0,0,0,1,0,1,16,48,48,48,1008,1008,2992,42900,124,7,5,4,10
irregular-n06-t064-b00001-frandom-s12,Standard,0,false,0,1,0,0,0,0,0,0,0,0,0,0,1,1,0,0,0,0,0,0,0,0,1,1,2
irregular-n06-t064-b00001-frandom-s12,Standard,1,true,2,3,1,0,1,0,0,0,0,0,0,0,48,144,117,117,1737,1737,4805,49336,132,8,6,3,10
irregular-n06-t064-b00001-frandom-s12,Standard,2,true,2,3,1,0,1,0,0,0,0,0,0,0,6,18,18,18,558,558,1533,35535,124,7,8,4,10
irregular-n06-t064-b00001-frandom-s12,Standard,3,true,2,3,1,0,1,0,0,0,0,0,0,0,16,48,48,48,1008,1008,2971,48604,274,9,9,5,10
irregular-n06-t064-b00001-frandom-s12,Accelerated,0,false,0,1,0,0,0,0,0,0,0,0,0,0,1,1,0,0,0,0,0,0,0,0,1,1,2
irregular-n06-t064-b00001-frandom-s12,Accelerated,1,true,0,2,0,0,0,0,0,0,0,0,1,0,48,96,78,78,1158,1158,3154,30614,44,6,5,3,10
irregular-n06-t064-b00001-frandom-s12,Accelerated,2,true,0,2,0,0,0,0,0,0,0,0,1,0,6,12,12,12,372,372,1127,25454,124,7,5,4,10
irregular-n06-t064-b00001-frandom-s12,Accelerated,3,true,1,3,0,1,1,0,0,0,0,1,0,1,16,48,48,48,1008,1008,3203,50107,208,8,6,5,10
irregular-n06-t064-b00001-frandom-s13,Standard,0,true,2,3,1,0,1,0,0,0,0,0,0,0,1,3,3,3,129,129,529,12693,210,8,6,5,10
irregular-n06-t064-b00001-frandom-s13,Standard,1,true,2,3,1,0,1,0,0,0,0,0,0,0,90,270,204,204,3036,3036,8327,92455,256,9,8,5,10
irregular-n06-t064-b00001-frandom-s13,Standard,2,true,3,4,2,0,2,0,0,0,0,0,0,0,6,24,24,24,744,744,2388,55839,256,9,9,5,10
irregular-n06-t064-b00001-frandom-s13,Standard,3,true,2,3,1,0,1,0,0,0,0,0,0,0,18,54,54,54,1134,1134,3547,58504,372,9,9,5,10
irregular-n06-t064-b00001-frandom-s13,Accelerated,0,true,1,3,0,1,1,0,0,0,0,1,0,1,1,3,3,3,129,129,521,12049,210,8,6,5,10
irregular-n06-t064-b00001-frandom-s13,Accelerated,1,true,1,3,0,1,1,0,0,0,0,1,0,1,90,270,204,204,3036,3036,8287,90681,256,9,8,5,10
irregular-n06-t064-b00001-frandom-s13,Accelerated,2,true,1,3,0,1,1,0,0,0,0,1,0,1,6,18,18,18,558,558,1950,44761,252,8,6,5,10
irregular-n06-t064-b00001-frandom-s13,Accelerated,3,true,0,2,0,0,0,0,0,0,0,0,1,0,18,36,36,36,756,756,2399,38091,314,9,8,5,10
irregular-n06-t064-b00001-frandom-s14,Standard,0,true,2,3,1,0,1,0,0,0,0,0,0,0,1,3,3,3,129,129,442,9043,88,7,6,4,10
irregular-n06-t064-b00001-frandom-s14,Standard,1,true,2,3,1,0,1,0,0,0,0,0,0,0,70,210,174,174,2550,2550,6208,66678,196,8,7,4,10
irregular-n06-t064-b00001-frandom-s14,Standard,2,true,2,3,1,0,1,0,0,0,0,0,0,0,4,12,12,12,372,372,954,19989,112,7,7,4,10
irregular-n06-t064-b00001-frandom-s14,Standard,3,true,3,4,2,0,2,0,0,0,0,0,0,0,14,56,56,56,1176,1176,3246,44496,112,7,7,4,10
irregular-n06-t064-b00001-frandom-s14,Accelerated,0,true,1,3,0,1,1,0,0,0,0,1,0,1,1,3,3,3,129,129,427,8544,88,7,6,4,10
irregular-n06-t064-b00001-frandom-s14,Accelerated,1,true,1,3,0,1,1,0,0,0,0,1,0,1,70,210,174,174,2550,2550,6492,67352,196,8,7,4,10
irregular-n06-t064-b00001-frandom-s14,Accelerated,2,true,0,2,0,0,0,0,0,0,0,0,1,0,4,8,8,8,248,248,690,13922,112,7,5,4,10
irregular-n06-t064-b00001-frandom-s14,Accelerated,3,true,1,3,0,1,1,0,0,0,0,1,0,1,14,42,42,42,882,882,2485,33377,112,7,5,4,10
irregular-n06-t064-b00001-frandom-s15,Standard,0,true,2,3,1,0,1,0,0,0,0,0,0,0,1,3,3,3,129,129,479,11341,108,7,6,4,10
irregular-n06-t064-b00001-frandom-s15,Standard,1,true,2,3,1,0,1,0,0,0,0,0,0,0,108,324,255,255,3747,3747,9932,121816,138,8,6,4,10
irregular-n06-t064-b00001-frandom-s15,Standard,2,false,0,1,0,0,0,0,0,0,0,0,0,0,6,6,0,0,0,0,0,0,0,0,1,1,6
irregular-n06-t064-b00001-frandom-s15,Standard,3,true,2,3,1,0,1,0,0,0,0,0,0,0,18,54,54,54,1134,1134,3612,60824,180,8,8,4,10
irregular-n06-t064-b00001-frandom-s15,Accelerated,0,true,1,3,0,1,1,0,0,0,0,1,0,1,1,3,3,3,129,129,477,11157,108,7,5,4,10
irregular-n06-t064-b00001-frandom-s15,Accelerated,1,true,1,3,0,1,1,0,0,0,0,1,0,1,108,324,255,255,3747,3747,9926,119891,138,8,6,4,10
irregular-n06-t064-b00001-frandom-s15,Accelerated,2,false,0,1,0,0,0,0,0,0,0,0,0,0,6,6,0,0,0,0,0,0,0,0,1,1,6
irregular-n06-t064-b00001-frandom-s15,Accelerated,3,true,0,2,0,0,0,0,0,0,0,0,1,0,18,36,36,36,756,756,2441,40075,132,8,6,4,10
irregular-n06-t064-b00001-frandom-s16,Standard,0,true,3,4,2,0,2,0,0,0,0,0,0,0,1,4,4,4,172,172,699,14432,144,8,5,4,10
irregular-n06-t064-b00001-frandom-s16,Standard,1,true,3,4,2,0,2,0,0,0,0,0,0,0,96,384,320,320,4672,4672,12251,139616,174,8,7,4,10
irregular-n06-t064-b00001-frandom-s16,Standard,2,true,3,4,2,0,2,0,0,0,0,0,0,0,6,24,24,24,456,456,1072,18930,140,8,7,4,10
irregular-n06-t064-b00001-frandom-s16,Standard,3,true,4,5,3,0,3,0,0,0,0,0,0,0,16,80,80,80,1680,1680,5138,76665,158,8,7,4,10
irregular-n06-t064-b00001-frandom-s16,Accelerated,0,true,1,3,0,1,1,0,0,0,0,1,0,1,1,3,3,3,129,129,527,9795,96,7,4,4,10
irregular-n06-t064-b00001-frandom-s16,Accelerated,1,true,2,5,0,2,2,1,0,1,0,1,0,1,96,480,400,400,5840,5840,15317,169818,336,9,8,5,10
irregular-n06-t064-b00001-frandom-s16,Accelerated,2,true,1,3,0,1,1,0,0,0,0,1,0,1,6,18,18,18,342,342,874,14811,140,8,5,4,10
irregular-n06-t064-b00001-frandom-s16,Accelerated,3,true,2,5,0,2,2,1,0,1,0,1,0,1,16,80,80,80,1680,1680,5269,73875,936,10,9,6,11
irregular-n06-t064-b00001-frandom-s17,Standard,0,true,2,3,1,0,1,0,0,0,0,0,0,0,1,3,3,3,129,129,501,8901,84,7,5,4,10
irregular-n06-t064-b00001-frandom-s17,Standard,1,true,2,3,1,0,1,0,0,0,0,0,0,0,64,192,147,147,2151,2151,5596,53611,44,6,5,4,10
irregular-n06-t064-b00001-frandom-s17,Standard,2,true,3,4,2,0,2,0,0,0,0,0,0,0,5,20,20,20,620,620,1738,40112,154,8,9,5,10
irregular-n06-t064-b00001-frandom-s17,Standard,3,true,3,4,2,0,2,0,0,0,0,0,0,0,16,64,64,64,1344,1344,4081,63842,256,9,9,5,10
irregular-n06-t064-b00001-frandom-s17,Accelerated,0,true,0,2,0,0,0,0,0,0,0,0,1,0,1,2,2,2,86,86,294,4368,28,5,5,4,10
irregular-n06-t064-b00001-frandom-s17,Accelerated,1,true,0,2,0,0,0,0,0,0,0,0,1,0,64,128,98,98,1434,1434,3671,32815,42,6,5,4,10
irregular-n06-t064-b00001-frandom-s17,Accelerated,2,true,1,3,0,1,1,0,0,0,0,1,0,1,5,15,15,15,465,465,1405,31936,124,7,5,5,10
irregular-n06-t064-b00001-frandom-s17,Accelerated,3,true,1,3,0,1,1,0,0,0,0,1,0,1,16,48,48,48,1008,1008,3165,48109,212,8,6,5,10
irregular-n06-t064-b00001-frandom-s18,Standard,0,true,3,4,2,0,2,0,0,0,0,0,0,0,1,4,4,4,172,172,604,11852,104,7,4,4,10
irregular-n06-t064-b00001-frandom-s18,Standard,1,true,3,4,2,0,2,0,0,0,0,0,0,0,64,256,140,140,2076,2076,5264,57425,112,7,6,3,10
irregular-n06-t064-b00001-frandom-s18,Standard,2,true,2,3,1,0,1,0,0,0,0,0,0,0,5,15,15,15,465,465,1278,28889,132,8,8,4,10
irregular-n06-t064-b00001-frandom-s18,Standard,3,true,3,4,2,0,2,0,0,0,0,0,0,0,16,64,56,56,1176,1176,3462,53280,204,8,8,4,10
irregular-n06-t064-b00001-frandom-s18,Accelerated,0,true,0,2,0,0,0,0,0,0,0,0,1,0,1,2,2,2,86,86,218,2958,24,5,3,3,10
irregular-n06-t064-b00001-frandom-s18,Accelerated,1,true,2,5,0,2,2,1,0,1,0,1,0,1,64,320,175,175,2595,2595,6572,71344,208,8,7,4,10
irregular-n06-t064-b00001-frandom-s18,Accelerated,2,true,0,2,0,0,0,0,0,0,0,0,1,0,5,10,10,10,310,310,927,20313,132,8,5,4,10
irregular-n06-t064-b00001-frandom-s18,Accelerated,3,true,1,3,0,1,1,0,0,0,0,1,0,1,16,48,42,42,882,882,2661,39671,188,8,6,4,10
irregular-n06-t064-b00001-frandom-s19,Standard,0,true,2,3,1,0,1,0,0,0,0,0,0,0,1,3,3,3,129,129,673,15533,156,8,6,4,10
irregular-n06-t064-b00001-frandom-s19,Standard,1,true,2,3,1,0,1,0,0,0,0,0,0,0,80,240,198,198,2910,2910,8703,100657,184,8,7,4,10
irregular-n06-t064-b00001-frandom-s19,Standard,2,true,2,3,1,0,1,0,0,0,0,0,0,0,6,18,18,18,558,558,1801,43205,208,8,9,5,10
irregular-n06-t064-b00001-frandom-s19,Standard,3,true,4,5,3,0,3,0,0,0,0,0,0,0,20,100,100,100,2100,2100,7350,122133,376,9,9,5,10
irregular-n06-t064-b00001-frandom-s19,Accelerated,0,true,1,3,0,1,1,0,0,0,0,1,0,1,1,3,3,3,129,129,679,15085,156,8,5,4,10
irregular-n06-t064-b00001-frandom-s19,Accelerated,1,true,0,2,0,0,0,0,0,0,0,0,1,0,80,160,132,132,1940,1940,5699,62280,148,8,7,4,10
irregular-n06-t064-b00001-frandom-s19,Accelerated,2,true,0,2,0,0,0,0,0,0,0,0,1,0,6,12,12,12,372,372,1331,31088,208,8,5,5,10
irregular-n06-t064-b00001-frandom-s19,Accelerated,3,true,2,5,0,2,2,1,0,1,0,1,0,1,20,100,100,100,2100,2100,7691,123278,3164,12,11,8,13
irregular-n06-t064-b00001-frandom-s20,Standard,0,true,2,3,1,0,1,0,0,0,0,0,0,0,1,3,3,3,129,129,467,10847,160,8,7,5,10
irregular-n06-t064-b00001-frandom-s20,Standard,1,true,2,3,1,0,1,0,0,0,0,0,0,0,120,360,300,300,4380,4380,12026,148933,284,9,8,5,10
irregular-n06-t064-b00001-frandom-s20,Standard,2,true,2,3,1,0,1,0,0,0,0,0,0,0,5,15,15,15,465,465,1508,34959,140,8,7,4,10
irregular-n06-t064-b00001-frandom-s20,Standard,3,true,2,3,1,0,1,0,0,0,0,0,0,0,20,60,51,51,1071,1071,3515,58927,204,8,7,4,10
irregular-n06-t064-b00001-frandom-s20,Accelerated,0,true,1,3,0,1,1,0,0,0,0,1,0,1,1,3,3,3,129,129,459,10503,160,8,6,5,10
irregular-n06-t064-b00001-frandom-s20,Accelerated,1,true,1,3,0,1,1,0,0,0,0,1,0,1,120,360,300,300,4380,4380,11959,147039,284,9,8,5,10
irregular-n06-t064-b00001-frandom-s20,Accelerated,2,true,0,2,0,0,0,0,0,0,0,0,1,0,5,10,10,10,310,310,1051,23935,140,8,5,4,10
irregular-n06-t064-b00001-frandom-s20,Accelerated,3,true,1,3,0,1,1,0,0,0,0,1,0,1,20,60,51,51,1071,1071,3671,59677,164,8,5,4,10
irregular-n06-t064-b00008-falternating-s01,Standard,0,true,2,3,1,0,1,0,0,0,0,0,0,0,1,3,3,3,129,129,732,17775,2320372,22,19,11,22
irregular-n06-t064-b00008-falternating-s01,Standard,1,true,2,3,1,0,1,0,0,0,0,0,0,0,54,162,129,129,1941,1941,6166,74547,3021312,22,21,11,22
irregular-n06-t064-b00008-falternating-s01,Standard,2,true,3,4,2,0,2,0,0,0,0,0,0,0,4,16,16,16,424,424,1682,35200,1997398,21,20,10,21
irregular-n06-t064-b00008-falternating-s01,Standard,3,true,3,4,2,0,2,0,0,0,0,0,0,0,18,72,72,72,1512,1512,5303,81292,1935600,21,20,10,21
irregular-n06-t064-b00008-falternating-s01,Accelerated,0,true,1,3,0,1,1,0,0,0,0,1,0,1,1,3,3,3,129,129,732,17691,2320372,22,18,11,22
irregular-n06-t064-b00008-falternating-s01,Accelerated,1,true,1,3,0,1,1,0,0,0,0,1,0,1,54,162,129,129,1941,1941,6145,73854,2883168,22,20,11,22
irregular-n06-t064-b00008-falternating-s01,Accelerated,2,true,1,3,0,1,1,0,0,0,0,1,0,1,4,12,12,12,318,318,1214,24980,1997398,21,20,10,21
irregular-n06-t064-b00008-falternating-s01,Accelerated,3,true,2,5,0,2,2,1,1,0,0,1,0,1,18,90,90,90,1890,1890,6907,103502,1169799480,31,29,18,31
irregular-n06-t064-b00008-falternating-s02,Standard,0,true,2,3,1,0,1,0,0,0,0,0,0,0,1,3,3,3,129,129,627,13191,1318088,21,18,10,21
irregular-n06-t064-b00008-falternating-s02,Standard,1,true,2,3,1,0,1,0,0,0,0,0,0,0,42,126,102,102,1518,1518,4450,49998,1827212,21,19,10,21
irregular-n06-t064-b00008-falternating-s02,Standard,2,true,3,4,2,0,2,0,0,0,0,0,0,0,4,16,16,16,424,424,1363,26267,1474248,21,20,10,21
irregular-n06-t064-b00008-falternating-s02,Standard,3,true,4,5,3,0,3,0,0,0,0,0,0,0,14,70,70,70,1470,1470,4634,68295,1501112,21,20,10,21
irregular-n06-t064-b00008-falternating-s02,Accelerated,0,true,1,3,0,1,1,0,0,0,0,1,0,1,1,3,3,3,129,129,627,12969,1318088,21,16,10,21
irregular-n06-t064-b00008-falternating-s02,Accelerated,1,true,0,2,0,0,0,0,0,0,0,0,1,0,42,84,68,68,1012,1012,2912,31528,1260436,21,19,10,21
irregular-n06-t064-b00008-falternating-s02,Accelerated,2,true,1,3,0,1,1,0,0,0,0,1,0,1,4,12,12,12,318,318,993,18790,1474248,21,18,10,21
irregular-n06-t064-b00008-falternating-s02,Accelerated,3,true,2,5,0,2,2,1,1,0,0,1,0,1,14,70,70,70,1470,1470,4825,68698,475267824,29,28,17,29
irregular-n06-t064-b00008-falternating-s03,Standard,0,false,0,1,0,0,0,0,0,0,0,0,0,0,1,1,0,0,0,0,0,0,0,0,1,1,2
irregular-n06-t064-b00008-falternating-s03,Standard,1,true,3,4,2,0,2,0,0,0,0,0,0,0,60,240,200,200,2920,2920,9430,117686,2664588,22,20,11,22
irregular-n06-t064-b00008-falternating-s03,Standard,2,true,4,5,3,0,3,0,0,0,0,0,0,0,4,20,20,20,530,530,1988,44512,1630994,21,21,11,21
irregular-n06-t064-b00008-falternating-s03,Standard,3,true,3,4,2,0,2,0,0,0,0,0,0,0,20,80,80,80,1680,1680,6343,105397,2126326,22,20,11,22
irregular-n06-t064-b00008-falternating-s03,Accelerated,0,false,0,1,0,0,0,0,0,0,0,0,0,0,1,1,0,0,0,0,0,0,0,0,1,1,2
irregular-n06-t064-b00008-falternating-s03,Accelerated,1,true,1,3,0,1,1,0,0,0,0,1,0,1,60,180,150,150,2190,2190,7009,85693,1741722,21,20,11,21
irregular-n06-t064-b00008-falternating-s03,Accelerated,2,true,2,5,0,2,2,1,1,0,0,1,0,1,4,20,20,20,530,530,2246,48791,1350004632,31,29,19,31
irregular-n06-t064-b00008-falternating-s03,Accelerated,3,true,1,3,0,1,1,0,0,0,0,1,0,1,20,60,60,60,1260,1260,4764,77630,2126326,22,20,11,22
irregular-n06-t064-b00008-falternating-s04,Standard,0,true,3,4,2,0,2,0,0,0,0,0,0,0,1,4,4,4,172,172,817,15620,673804,20,17,10,20
irregular-n06-t064-b00008-falternating-s04,Standard,1,true,3,4,2,0,2,0,0,0,0,0,0,0,42,168,128,128,1856,1856,5346,59468,1273368,21,20,10,21
irregular-n06-t064-b00008-falternating-s04,Standard,2,true,4,5,3,0,3,0,0,0,0,0,0,0,4,20,20,20,530,530,1534,30670,916130,20,20,10,21
irregular-n06-t064-b00008-falternating-s04,Standard,3,true,3,4,2,0,2,0,0,0,0,0,0,0,14,56,56,56,1176,1176,3555,54639,1145074,21,20,10,21
irregular-n06-t064-b00008-falternating-s04,Accelerated,0,true,0,2,0,0,0,0,0,0,0,0,1,0,1,2,2,2,86,86,359,6090,219988,18,10,10,19
irregular-n06-t064-b00008-falternating-s04,Accelerated,1,true,0,2,0,0,0,0,0,0,0,0,1,0,42,84,64,64,928,928,2552,26450,460404,19,18,10,19
irregular-n06-t064-b00008-falternating-s04,Accelerated,2,true,2,5,0,2,2,1,1,0,0,1,0,1,4,20,20,20,530,530,1749,33883,1123270260,31,28,20,31
irregular-n06-t064-b00008-falternating-s04,Accelerated,3,true,1,3,0,1,1,0,0,0,0,1,0,1,14,42,42,42,882,882,2768,41662,1145074,21,18,10,21
irregular-n06-t064-b00008-falternating-s05,Standard,0,true,2,3,1,0,1,0,0,0,0,0,0,0,1,3,3,3,129,129,721,16661,1419516,21,19,10,21
irregular-n06-t064-b00008-falternating-s05,Standard,1,true,2,3,1,0,1,0,0,0,0,0,0,0,54,162,120,120,1776,1776,5437,64872,2786508,22,21,11,22
irregular-n06-t064-b00008-falternating-s05,Standard,2,true,4,5,3,0,3,0,0,0,0,0,0,0,4,20,20,20,530,530,1849,39898,1928502,21,21,11,21
irregular-n06-t064-b00008-falternating-s05,Standard,3,true,3,4,2,0,2,0,0,0,0,0,0,0,18,72,72,72,1512,1512,5238,81718,2560900,22,20,11,22
irregular-n06-t064-b00008-falternating-s05,Accelerated,0,true,1,3,0,1,1,0,0,0,0,1,0,1,1,3,3,3,129,129,721,16447,1419516,21,17,10,21
irregular-n06-t064-b00008-falternating-s05,Accelerated,1,true,1,3,0,1,1,0,0,0,0,1,0,1,54,162,120,120,1776,1776,5437,64272,2786508,22,21,11,22
irregular-n06-t064-b00008-falternating-s05,Accelerated,2,true,2,5,0,2,2,1,1,0,0,1,0,1,4,20,20,20,530,530,2079,43563,1416107640,31,30,18,31
irregular-n06-t064-b00008-falternating-s05,Accelerated,3,true,1,3,0,1,1,0,0,0,0,1,0,1,18,54,54,54,1134,1134,3902,59509,2560900,22,20,11,22
irregular-n06-t064-b00008-falternating-s06,Standard,0,true,3,4,2,0,2,0,0,0,0,0,0,0,1,4,4,4,172,172,890,17608,884790,20,18,10,20
irregular-n06-t064-b00008-falternating-s06,Standard,1,true,3,4,2,0,2,0,0,0,0,0,0,0,42,168,124,124,1836,1836,5533,63483,1804428,21,19,10,21
irregular-n06-t064-b00008-falternating-s06,Standard,2,true,2,3,1,0,1,0,0,0,0,0,0,0,4,12,12,12,318,318,867,18267,1052514,21,19,10,21
irregular-n06-t064-b00008-falternating-s06,Standard,3,true,3,4,2,0,2,0,0,0,0,0,0,0,14,56,56,56,1176,1176,3683,56368,1170470,21,19,10,21
irregular-n06-t064-b00008-falternating-s06,Accelerated,0,true,0,2,0,0,0,0,0,0,0,0,1,0,1,2,2,2,86,86,388,6808,290180,19,10,10,19
irregular-n06-t064-b00008-falternating-s06,Accelerated,1,true,0,2,0,0,0,0,0,0,0,0,1,0,42,84,62,62,918,918,2615,27641,726382,20,18,10,20
irregular-n06-t064-b00008-falternating-s06,Accelerated,2,true,0,2,0,0,0,0,0,0,0,0,1,0,4,8,8,8,212,212,621,12698,1052514,21,11,10,21
irregular-n06-t064-b00008-falternating-s06,Accelerated,3,true,1,3,0,1,1,0,0,0,0,1,0,1,14,42,42,42,882,882,2822,42347,1170470,21,18,10,21
irregular-n06-t064-b00008-falternating-s07,Standard,0,true,3,4,2,0,2,0,0,0,0,0,0,0,1,4,4,4,172,172,777,14325,827448,20,18,10,20
irregular-n06-t064-b00008-falternating-s07,Standard,1,true,3,4,2,0,2,0,0,0,0,0,0,0,36,144,64,64,960,960,2768,30796,779478,20,19,9,20
irregular-n06-t064-b00008-falternating-s07,Standard,2,true,3,4,2,0,2,0,0,0,0,0,0,0,4,16,16,16,424,424,1158,22354,855836,20,19,10,20
irregular-n06-t064-b00008-falternating-s07,Standard,3,true,2,3,1,0,1,0,0,0,0,0,0,0,12,36,36,36,756,756,2107,31833,1109968,21,19,10,21
irregular-n06-t064-b00008-falternating-s07,Accelerated,0,true,0,2,0,0,0,0,0,0,0,0,1,0,1,2,2,2,86,86,339,5479,265848,19,10,10,19
irregular-n06-t064-b00008-falternating-s07,Accelerated,1,true,0,2,0,0,0,0,0,0,0,0,1,0,36,72,32,32,480,480,1320,13704,376304,19,18,9,19
irregular-n06-t064-b00008-falternating-s07,Accelerated,2,true,1,3,0,1,1,0,0,0,0,1,0,1,4,12,12,12,318,318,942,17598,855836,20,11,10,20
irregular-n06-t064-b00008-falternating-s07,Accelerated,3,true,0,2,0,0,0,0,0,0,0,0,1,0,12,24,24,24,504,504,1429,21133,1109968,21,19,10,21
irregular-n06-t064-b00008-falternating-s08,Standard,0,true,2,3,1,0,1,0,0,0,0,0,0,0,1,3,3,3,129,129,672,15334,1439736,21,18,11,21
irregular-n06-t064-b00008-falternating-s08,Standard,1,true,2,3,1,0,1,0,0,0,0,0,0,0,48,144,87,87,1323,1323,4092,48512,2391178,22,20,11,22
irregular-n06-t064-b00008-falternating-s08,Standard,2,true,3,4,2,0,2,0,0,0,0,0,0,0,4,16,16,16,424,424,1465,28882,1684470,21,20,10,21
irregular-n06-t064-b00008-falternating-s08,Standard,3,true,3,4,2,0,2,0,0,0,0,0,0,0,16,64,64,64,1344,1344,4468,65058,1907534,21,19,10,21
irregular-n06-t064-b00008-falternating-s08,Accelerated,0,true,1,3,0,1,1,0,0,0,0,1,0,1,1,3,3,3,129,129,672,15262,1439736,21,15,11,21
irregular-n06-t064-b00008-falternating-s08,Accelerated,1,true,1,3,0,1,1,0,0,0,0,1,0,1,48,144,87,87,1323,1323,4092,48404,2391178,22,20,11,22
irregular-n06-t064-b00008-falternating-s08,Accelerated,2,true,1,3,0,1,1,0,0,0,0,1,0,1,4,12,12,12,318,318,1097,21154,1684470,21,19,10,21
irregular-n06-t064-b00008-falternating-s08,Accelerated,3,true,1,3,0,1,1,0,0,0,0,1,0,1,16,48,48,48,1008,1008,3301,47107,1907534,21,19,10,21
irregular-n06-t064-b00008-falternating-s09,Standard,0,true,2,3,1,0,1,0,0,0,0,0,0,0,1,3,3,3,129,129,722,16464,1300994,21,17,10,21
irregular-n06-t064-b00008-falternating-s09,Standard,1,true,2,3,1,0,1,0,0,0,0,0,0,0,54,162,120,120,1776,1776,5429,63664,2324366,22,20,10,22
irregular-n06-t064-b00008-falternating-s09,Standard,2,true,4,5,3,0,3,0,0,0,0,0,0,0,4,20,20,20,530,530,1846,39232,2150954,22,21,11,22
irregular-n06-t064-b00008-falternating-s09,Standard,3,true,4,5,3,0,3,0,0,0,0,0,0,0,18,90,90,90,1890,1890,6664,104432,1918718,21,20,11,21
irregular-n06-t064-b00008-falternating-s09,Accelerated,0,true,1,3,0,1,1,0,0,0,0,1,0,1,1,3,3,3,129,129,722,16172,1300994,21,13,10,21
irregular-n06-t064-b00008-falternating-s09,Accelerated,1,true,1,3,0,1,1,0,0,0,0,1,0,1,54,162,120,120,1776,1776,5429,63032,2324366,22,20,10,22
irregular-n06-t064-b00008-falternating-s09,Accelerated,2,true,2,5,0,2,2,1,1,0,0,1,0,1,4,20,20,20,530,530,2077,42741,1111165916,31,28,19,31
irregular-n06-t064-b00008-falternating-s09,Accelerated,3,true,2,5,0,2,2,1,1,0,0,1,0,1,18,90,90,90,1890,1890,6913,105235,874836696,30,29,19,30
irregular-n06-t064-b00008-falternating-s10,Standard,0,true,2,3,1,0,1,0,0,0,0,0,0,0,1,3,3,3,129,129,769,19337,3349446,22,21,11,22
irregular-n06-t064-b00008-falternating-s10,Standard,1,true,2,3,1,0,1,0,0,0,0,0,0,0,60,180,147,147,2175,2175,6886,83304,3939764,22,20,11,22
irregular-n06-t064-b00008-falternating-s10,Standard,2,true,3,4,2,0,2,0,0,0,0,0,0,0,4,16,16,16,424,424,1678,38341,3366558,22,21,11,22
irregular-n06-t064-b00008-falternating-s10,Standard,3,true,3,4,2,0,2,0,0,0,0,0,0,0,20,80,80,80,1680,1680,5960,101300,3730608,22,21,11,22
irregular-n06-t064-b00008-falternating-s10,Accelerated,0,true,1,3,0,1,1,0,0,0,0,1,0,1,1,3,3,3,129,129,769,19253,3349446,22,19,11,22
irregular-n06-t064-b00008-falternating-s10,Accelerated,1,true,0,2,0,0,0,0,0,0,0,0,1,0,60,120,98,98,1450,1450,4556,53570,2756996,22,20,11,22
irregular-n06-t064-b00008-falternating-s10,Accelerated,2,true,1,3,0,1,1,0,0,0,0,1,0,1,4,12,12,12,318,318,1262,28649,3366558,22,20,11,22
irregular-n06-t064-b00008-falternating-s10,Accelerated,3,true,1,3,0,1,1,0,0,0,0,1,0,1,20,60,60,60,1260,1260,4615,76939,3730608,22,19,11,22
irregular-n06-t064-b00008-falternating-s11,Standard,0,true,2,3,1,0,1,0,0,0,0,0,0,0,1,3,3,3,129,129,695,15647,2674362,22,20,11,22
irregular-n06-t064-b00008-falternating-s11,Standard,1,true,2,3,1,0,1,0,0,0,0,0,0,0,48,144,117,117,1737,1737,5323,61699,3260976,22,20,11,22
irregular-n06-t064-b00008-falternating-s11,Standard,2,true,3,4,2,0,2,0,0,0,0,0,0,0,4,16,16,16,424,424,1462,29503,3177962,22,21,11,22
irregular-n06-t064-b00008-falternating-s11,Standard,3,true,3,4,2,0,2,0,0,0,0,0,0,0,16,64,64,64,1344,1344,4421,67726,2805096,22,21,11,22
irregular-n06-t064-b00008-falternating-s11,Accelerated,0,true,1,3,0,1,1,0,0,0,0,1,0,1,1,3,3,3,129,129,695,15433,2674362,22,17,11,22
irregular-n06-t064-b00008-falternating-s11,Accelerated,1,true,1,3,0,1,1,0,0,0,0,1,0,1,48,144,117,117,1737,1737,5323,61167,3260976,22,20,11,22
irregular-n06-t064-b00008-falternating-s11,Accelerated,2,true,1,3,0,1,1,0,0,0,0,1,0,1,4,12,12,12,318,318,1106,22236,3177962,22,19,11,22
irregular-n06-t064-b00008-falternating-s11,Accelerated,3,true,2,5,0,2,2,1,1,0,0,1,0,1,16,80,80,80,1680,1680,5890,86873,4068903200,32,31,20,32
irregular-n06-t064-b00008-falternating-s12,Standard,0,true,3,4,2,0,2,0,0,0,0,0,0,0,1,4,4,4,172,172,933,19173,1992776,21,19,11,21
irregular-n06-t064-b00008-falternating-s12,Standard,1,true,2,3,1,0,1,0,0,0,0,0,0,0,48,144,123,123,1767,1767,5213,59363,2213580,22,20,10,22
irregular-n06-t064-b00008-falternating-s12,Standard,2,true,2,3,1,0,1,0,0,0,0,0,0,0,4,12,12,12,318,318,854,18611,2949680,22,22,11,22
irregular-n06-t064-b00008-falternating-s12,Standard,3,true,3,4,2,0,2,0,0,0,0,0,0,0,16,64,64,64,1344,1344,4290,69473,3209596,22,22,11,22
irregular-n06-t064-b00008-falternating-s12,Accelerated,0,true,0,2,0,0,0,0,0,0,0,0,1,0,1,2,2,2,86,86,411,7553,484124,19,11,11,20
irregular-n06-t064-b00008-falternating-s12,Accelerated,1,true,1,3,0,1,1,0,0,0,0,1,0,1,48,144,123,123,1767,1767,5213,57899,2213580,22,20,10,22
irregular-n06-t064-b00008-falternating-s12,Accelerated,2,true,0,2,0,0,0,0,0,0,0,0,1,0,4,8,8,8,212,212,630,13299,2949680,22,12,11,22
irregular-n06-t064-b00008-falternating-s12,Accelerated,3,true,1,3,0,1,1,0,0,0,0,1,0,1,16,48,48,48,1008,1008,3358,53259,3209596,22,20,11,22
irregular-n06-t064-b00008-falternating-s13,Standard,0,true,3,4,2,0,2,0,0,0,0,0,0,0,1,4,4,4,172,172,971,22170,2780484,22,20,11,22
irregular-n06-t064-b00008-falternating-s13,Standard,1,true,3,4,2,0,2,0,0,0,0,0,0,0,54,216,100,100,1492,1492,4734,58681,2884866,22,20,10,22
irregular-n06-t064-b00008-falternating-s13,Standard,2,true,3,4,2,0,2,0,0,0,0,0,0,0,4,16,16,16,424,424,1552,32401,2943142,22,21,11,22
irregular-n06-t064-b00008-falternating-s13,Standard,3,true,3,4,2,0,2,0,0,0,0,0,0,0,18,72,72,72,1512,1512,5268,81983,3030280,22,20,11,22
irregular-n06-t064-b00008-falternating-s13,Accelerated,0,true,1,3,0,1,1,0,0,0,0,1,0,1,1,3,3,3,129,129,708,15478,1884882,21,18,10,21
irregular-n06-t064-b00008-falternating-s13,Accelerated,1,true,0,2,0,0,0,0,0,0,0,0,1,0,54,108,50,50,746,746,2310,27237,1274864,21,19,10,21
irregular-n06-t064-b00008-falternating-s13,Accelerated,2,true,1,3,0,1,1,0,0,0,0,1,0,1,4,12,12,12,318,318,1166,23941,2943142,22,19,11,22
irregular-n06-t064-b00008-falternating-s13,Accelerated,3,true,1,3,0,1,1,0,0,0,0,1,0,1,18,54,54,54,1134,1134,3931,60259,3030280,22,20,11,22
irregular-n06-t064-b00008-falternating-s14,Standard,0,true,3,4,2,0,2,0,0,0,0,0,0,0,1,4,4,4,172,172,893,18040,1364448,21,16,10,21
irregular-n06-t064-b00008-falternating-s14,Standard,1,true,4,5,3,0,3,0,0,0,0,0,0,0,42,210,150,150,2230,2230,6885,80825,2288042,22,19,10,22
irregular-n06-t064-b00008-falternating-s14,Standard,2,true,4,5,3,0,3,0,0,0,0,0,0,0,4,20,20,20,530,530,1693,34588,1841892,21,20,10,21
irregular-n06-t064-b00008-falternating-s14,Standard,3,true,3,4,2,0,2,0,0,0,0,0,0,0,14,56,56,56,1176,1176,3622,57176,1725244,21,20,10,21
irregular-n06-t064-b00008-falternating-s14,Accelerated,0,true,0,2,0,0,0,0,0,0,0,0,1,0,1,2,2,2,86,86,391,6998,70800,17,10,10,17
irregular-n06-t064-b00008-falternating-s14,Accelerated,1,true,0,2,0,0,0,0,0,0,0,0,1,0,42,84,60,60,892,892,2574,27607,461580,19,17,10,19
irregular-n06-t064-b00008-falternating-s14,Accelerated,2,true,2,5,0,2,2,1,0,1,0,1,0,1,4,20,20,20,530,530,1877,36669,1417527696,31,26,20,31
irregular-n06-t064-b00008-falternating-s14,Accelerated,3,true,2,5,0,2,2,1,0,1,0,1,0,1,14,70,70,70,1470,1470,4807,72600,1831364484,31,29,20,31
irregular-n06-t064-b00008-falternating-s15,Standard,0,false,0,1,0,0,0,0,0,0,0,0,0,0,1,1,0,0,0,0,0,0,0,0,1,1,2
irregular-n06-t064-b00008-falternating-s15,Standard,1,true,3,4,2,0,2,0,0,0,0,0,0,0,54,216,176,176,2608,2608,8405,103197,2750270,22,20,11,22
irregular-n06-t064-b00008-falternating-s15,Standard,2,true,3,4,2,0,2,0,0,0,0,0,0,0,4,16,16,16,424,424,1460,31853,1304736,21,21,10,21
irregular-n06-t064-b00008-falternating-s15,Standard,3,true,3,4,2,0,2,0,0,0,0,0,0,0,18,72,72,72,1512,1512,5487,86066,2045696,21,20,10,21
irregular-n06-t064-b00008-falternating-s15,Accelerated,0,false,0,1,0,0,0,0,0,0,0,0,0,0,1,1,0,0,0,0,0,0,0,0,1,1,2
irregular-n06-t064-b00008-falternating-s15,Accelerated,1,true,1,3,0,1,1,0,0,0,0,1,0,1,54,162,132,132,1956,1956,6236,75006,1823640,21,20,11,21
irregular-n06-t064-b00008-falternating-s15,Accelerated,2,true,2,5,0,2,2,1,1,0,0,1,0,1,4,20,20,20,530,530,2154,45451,1608930816,31,29,20,31
irregular-n06-t064-b00008-falternating-s15,Accelerated,3,true,1,3,0,1,1,0,0,0,0,1,0,1,18,54,54,54,1134,1134,4075,63526,2045696,21,19,10,21
irregular-n06-t064-b00008-falternating-s16,Standard,0,false,0,1,0,0,0,0,0,0,0,0,0,0,1,1,0,0,0,0,0,0,0,0,1,1,2
irregular-n06-t064-b00008-falternating-s16,Standard,1,true,3,4,2,0,2,0,0,0,0,0,0,0,48,192,156,156,2316,2316,7120,83515,1509494,21,19,10,21
irregular-n06-t064-b00008-falternating-s16,Standard,2,true,3,4,2,0,2,0,0,0,0,0,0,0,4,16,16,16,424,424,1454,29373,870654,20,19,10,20
irregular-n06-t064-b00008-falternating-s16,Standard,3,true,3,4,2,0,2,0,0,0,0,0,0,0,16,64,64,64,1344,1344,4492,68092,990780,20,19,10,20
irregular-n06-t064-b00008-falternating-s16,Accelerated,0,false,0,1,0,0,0,0,0,0,0,0,0,0,1,1,0,0,0,0,0,0,0,0,1,1,2
irregular-n06-t064-b00008-falternating-s16,Accelerated,1,true,1,3,0,1,1,0,0,0,0,1,0,1,48,144,117,117,1737,1737,5283,60427,986568,20,18,10,20
irregular-n06-t064-b00008-falternating-s16,Accelerated,2,true,1,3,0,1,1,0,0,0,0,1,0,1,4,12,12,12,318,318,1108,22159,870654,20,16,10,20
irregular-n06-t064-b00008-falternating-s16,Accelerated,3,true,1,3,0,1,1,0,0,0,0,1,0,1,16,48,48,48,1008,1008,3414,51168,990780,20,18,10,20
irregular-n06-t064-b00008-falternating-s17,Standard,0,false,0,1,0,0,0,0,0,0,0,0,0,0,1,1,0,0,0,0,0,0,0,0,1,1,2
irregular-n06-t064-b00008-falternating-s17,Standard,1,true,3,4,2,0,2,0,0,0,0,0,0,0,48,192,164,164,2356,2356,7053,81192,3300968,22,20,11,22
irregular-n06-t064-b00008-falternating-s17,Standard,2,true,3,4,2,0,2,0,0,0,0,0,0,0,4,16,16,16,424,424,1299,27895,2476924,22,22,11,22
irregular-n06-t064-b00008-falternating-s17,Standard,3,true,4,5,3,0,3,0,0,0,0,0,0,0,16,80,80,80,1680,1680,5529,88246,2788730,22,21,11,22
irregular-n06-t064-b00008-falternating-s17,Accelerated,0,false,0,1,0,0,0,0,0,0,0,0,0,0,1,1,0,0,0,0,0,0,0,0,1,1,2
irregular-n06-t064-b00008-falternating-s17,Accelerated,1,true,0,2,0,0,0,0,0,0,0,0,1,0,48,96,82,82,1178,1178,3371,36052,864272,20,19,11,21
irregular-n06-t064-b00008-falternating-s17,Accelerated,2,true,2,5,0,2,2,1,0,1,0,1,0,1,4,20,20,20,530,530,1940,40463,4745770976,33,30,21,33
irregular-n06-t064-b00008-falternating-s17,Accelerated,3,true,2,5,0,2,2,1,1,0,0,1,0,1,16,80,80,80,1680,1680,5850,90898,3305865776,32,30,21,32
irregular-n06-t064-b00008-falternating-s18,Standard,0,true,3,4,2,0,2,0,0,0,0,0,0,0,1,4,4,4,172,172,933,19617,1571784,21,18,10,21
irregular-n06-t064-b00008-falternating-s18,Standard,1,true,2,3,1,0,1,0,0,0,0,0,0,0,48,144,123,123,1767,1767,5167,58264,1943892,21,20,10,21
irregular-n06-t064-b00008-falternating-s18,Standard,2,true,3,4,2,0,2,0,0,0,0,0,0,0,4,16,16,16,424,424,1336,28407,2194836,22,21,11,22
irregular-n06-t064-b00008-falternating-s18,Standard,3,true,4,5,3,0,3,0,0,0,0,0,0,0,16,80,80,80,1680,1680,5535,87252,2568772,22,21,11,22
irregular-n06-t064-b00008-falternating-s18,Accelerated,0,true,0,2,0,0,0,0,0,0,0,0,1,0,1,2,2,2,86,86,411,7787,334800,19,10,9,19
irregular-n06-t064-b00008-falternating-s18,Accelerated,1,true,1,3,0,1,1,0,0,0,0,1,0,1,48,144,123,123,1767,1767,5167,56942,1943892,21,20,10,21
irregular-n06-t064-b00008-falternating-s18,Accelerated,2,true,1,3,0,1,1,0,0,0,0,1,0,1,4,12,12,12,318,318,1106,22984,2194836,22,17,11,22
irregular-n06-t064-b00008-falternating-s18,Accelerated,3,true,2,5,0,2,2,1,1,0,0,1,0,1,16,80,80,80,1680,1680,5845,89825,3243581176,32,30,21,32
irregular-n06-t064-b00008-falternating-s19,Standard,0,false,0,1,0,0,0,0,0,0,0,0,0,0,1,1,0,0,0,0,0,0,0,0,1,1,2
irregular-n06-t064-b00008-falternating-s19,Standard,1,true,3,4,2,0,2,0,0,0,0,0,0,0,60,240,204,204,2940,2940,9095,110088,1877796,21,20,11,21
irregular-n06-t064-b00008-falternating-s19,Standard,2,true,3,4,2,0,2,0,0,0,0,0,0,0,4,16,16,16,424,424,1434,32271,1796356,21,21,11,22
irregular-n06-t064-b00008-falternating-s19,Standard,3,true,3,4,2,0,2,0,0,0,0,0,0,0,20,80,80,80,1680,1680,5945,99380,2342360,22,21,11,22
irregular-n06-t064-b00008-falternating-s19,Accelerated,0,false,0,1,0,0,0,0,0,0,0,0,0,0,1,1,0,0,0,0,0,0,0,0,1,1,2
irregular-n06-t064-b00008-falternating-s19,Accelerated,1,true,1,3,0,1,1,0,0,0,0,1,0,1,60,180,153,153,2205,2205,6754,80227,1196550,21,19,11,21
irregular-n06-t064-b00008-falternating-s19,Accelerated,2,true,1,3,0,1,1,0,0,0,0,1,0,1,4,12,12,12,318,318,1184,26138,1796356,21,17,11,22
irregular-n06-t064-b00008-falternating-s19,Accelerated,3,true,1,3,0,1,1,0,0,0,0,1,0,1,20,60,60,60,1260,1260,4585,74918,2342360,22,20,11,22
irregular-n06-t064-b00008-falternating-s20,Standard,0,true,2,3,1,0,1,0,0,0,0,0,0,0,1,3,3,3,129,129,762,19132,2350544,22,20,11,22
irregular-n06-t064-b00008-falternating-s20,Standard,1,true,2,3,1,0,1,0,0,0,0,0,0,0,60,180,120,120,1776,1776,5665,70171,3693018,22,21,11,22
irregular-n06-t064-b00008-falternating-s20,Standard,2,true,3,4,2,0,2,0,0,0,0,0,0,0,4,16,16,16,424,424,1727,38227,1673952,21,20,11,21
irregular-n06-t064-b00008-falternating-s20,Standard,3,true,3,4,2,0,2,0,0,0,0,0,0,0,20,80,80,80,1680,1680,6200,99631,2502360,22,20,11,22
irregular-n06-t064-b00008-falternating-s20,Accelerated,0,true,1,3,0,1,1,0,0,0,0,1,0,1,1,3,3,3,129,129,762,19068,2350544,22,17,11,22
irregular-n06-t064-b00008-falternating-s20,Accelerated,1,true,1,3,0,1,1,0,0,0,0,1,0,1,60,180,120,120,1776,1776,5665,70049,3693018,22,21,11,22
irregular-n06-t064-b00008-falternating-s20,Accelerated,2,true,1,3,0,1,1,0,0,0,0,1,0,1,4,12,12,12,318,318,1261,27689,2311092,22,20,11,22
irregular-n06-t064-b00008-falternating-s20,Accelerated,3,true,1,3,0,1,1,0,0,0,0,1,0,1,20,60,60,60,1260,1260,4593,73736,2502360,22,20,11,22
irregular-n06-t064-b00008-frandom-s01,Standard,0,true,3,4,2,0,2,0,0,0,0,0,0,0,1,4,4,4,172,172,866,18037,1303640,21,19,11,21
irregular-n06-t064-b00008-frandom-s01,Standard,1,true,2,3,1,0,1,0,0,0,0,0,0,0,108,324,270,270,3942,3942,11083,123483,1326330,21,20,10,21
irregular-n06-t064-b00008-frandom-s01,Standard,2,true,2,3,1,0,1,0,0,0,0,0,0,0,6,18,18,18,558,558,1706,40004,1724536,21,22,11,22
irregular-n06-t064-b00008-frandom-s01,Standard,3,true,3,4,2,0,2,0,0,0,0,0,0,0,18,72,72,72,1512,1512,4778,77037,2157684,22,21,11,22
irregular-n06-t064-b00008-frandom-s01,Accelerated,0,true,1,3,0,1,1,0,0,0,0,1,0,1,1,3,3,3,129,129,608,11808,622718,20,16,11,20
irregular-n06-t064-b00008-frandom-s01,Accelerated,1,true,0,2,0,0,0,0,0,0,0,0,1,0,108,216,180,180,2628,2628,7281,77171,1174164,21,20,10,21
irregular-n06-t064-b00008-frandom-s01,Accelerated,2,true,0,2,0,0,0,0,0,0,0,0,1,0,6,12,12,12,372,372,1259,28806,1724536,21,17,11,22
irregular-n06-t064-b00008-frandom-s01,Accelerated,3,true,1,3,0,1,1,0,0,0,0,1,0,1,18,54,54,54,1134,1134,3694,58236,1685544,21,20,11,21
irregular-n06-t064-b00008-frandom-s02,Standard,0,true,3,4,2,0,2,0,0,0,0,0,0,0,1,4,4,4,172,172,620,13471,1137092,21,19,11,21
irregular-n06-t064-b00008-frandom-s02,Standard,1,true,3,4,2,0,2,0,0,0,0,0,0,0,84,336,280,280,4088,4088,9967,116251,1637104,21,20,11,21
irregular-n06-t064-b00008-frandom-s02,Standard,2,true,3,4,2,0,2,0,0,0,0,0,0,0,6,24,24,24,744,744,2302,45652,1203578,21,20,10,21
irregular-n06-t064-b00008-frandom-s02,Standard,3,true,2,3,1,0,1,0,0,0,0,0,0,0,14,42,42,42,882,882,2502,37898,1120608,21,20,10,21
irregular-n06-t064-b00008-frandom-s02,Accelerated,0,true,2,5,0,2,2,1,0,1,0,1,0,1,1,5,5,5,215,215,777,15614,259796352,28,27,18,28
irregular-n06-t064-b00008-frandom-s02,Accelerated,1,true,2,5,0,2,2,1,0,1,0,1,0,1,84,420,350,350,5110,5110,12457,136416,395549664,29,29,17,29
irregular-n06-t064-b00008-frandom-s02,Accelerated,2,true,1,3,0,1,1,0,0,0,0,1,0,1,6,18,18,18,558,558,1804,34370,1203578,21,18,10,21
irregular-n06-t064-b00008-frandom-s02,Accelerated,3,true,1,3,0,1,1,0,0,0,0,1,0,1,14,42,42,42,882,882,2535,36011,1184016,21,19,10,21
irregular-n06-t064-b00008-frandom-s03,Standard,0,true,2,3,1,0,1,0,0,0,0,0,0,0,1,3,3,3,129,129,545,13588,2188102,22,21,12,22
irregular-n06-t064-b00008-frandom-s03,Standard,1,true,2,3,1,0,1,0,0,0,0,0,0,0,120,360,300,300,4380,4380,12296,164726,3034670,22,21,11,23
irregular-n06-t064-b00008-frandom-s03,Standard,2,true,2,3,1,0,1,0,0,0,0,0,0,0,6,18,18,18,558,558,1974,49122,1746642,21,21,11,22
irregular-n06-t064-b00008-frandom-s03,Standard,3,true,3,4,2,0,2,0,0,0,0,0,0,0,20,80,80,80,1680,1680,5930,103229,1651528,21,20,11,22
irregular-n06-t064-b00008-frandom-s03,Accelerated,0,true,1,3,0,1,1,0,0,0,0,1,0,1,1,3,3,3,129,129,576,14866,2188102,22,20,12,22
irregular-n06-t064-b00008-frandom-s03,Accelerated,1,true,1,3,0,1,1,0,0,0,0,1,0,1,120,360,300,300,4380,4380,12509,167829,3034670,22,21,11,23
irregular-n06-t064-b00008-frandom-s03,Accelerated,2,true,0,2,0,0,0,0,0,0,0,0,1,0,6,12,12,12,372,372,1425,34693,1746642,21,12,11,22
irregular-n06-t064-b00008-frandom-s03,Accelerated,3,true,1,3,0,1,1,0,0,0,0,1,0,1,20,60,60,60,1260,1260,4494,77206,1651528,21,20,11,22
irregular-n06-t064-b00008-frandom-s04,Standard,0,true,3,4,2,0,2,0,0,0,0,0,0,0,1,4,4,4,172,172,600,14960,188998,18,17,10,18
irregular-n06-t064-b00008-frandom-s04,Standard,1,true,3,4,2,0,2,0,0,0,0,0,0,0,84,336,280,280,4088,4088,10154,122200,347282,19,18,10,19
irregular-n06-t064-b00008-frandom-s04,Standard,2,true,3,4,2,0,2,0,0,0,0,0,0,0,6,24,24,24,744,744,2167,44020,115126,17,17,9,18
irregular-n06-t064-b00008-frandom-s04,Standard,3,true,2,3,1,0,1,0,0,0,0,0,0,0,14,42,42,42,882,882,2436,38525,271496,19,18,9,19
irregular-n06-t064-b00008-frandom-s04,Accelerated,0,true,1,3,0,1,1,0,0,0,0,1,0,1,1,3,3,3,129,129,466,10982,156984,18,14,9,18
irregular-n06-t064-b00008-frandom-s04,Accelerated,1,true,0,2,0,0,0,0,0,0,0,0,1,0,84,168,140,140,2044,2044,5371,60515,177324,18,17,10,18
irregular-n06-t064-b00008-frandom-s04,Accelerated,2,true,1,3,0,1,1,0,0,0,0,1,0,1,6,18,18,18,558,558,1749,34467,115126,17,16,9,18
irregular-n06-t064-b00008-frandom-s04,Accelerated,3,true,1,3,0,1,1,0,0,0,0,1,0,1,14,42,42,42,882,882,2515,39616,241500,18,16,9,19
irregular-n06-t064-b00008-frandom-s05,Standard,0,true,2,3,1,0,1,0,0,0,0,0,0,0,1,3,3,3,129,129,531,12255,755396,20,18,11,20
irregular-n06-t064-b00008-frandom-s05,Standard,1,true,3,4,2,0,2,0,0,0,0,0,0,0,108,432,360,360,5256,5256,14058,173427,1041346,20,20,10,21
irregular-n06-t064-b00008-frandom-s05,Standard,2,true,2,3,1,0,1,0,0,0,0,0,0,0,6,18,18,18,558,558,1763,40409,739704,20,20,10,21
irregular-n06-t064-b00008-frandom-s05,Standard,3,true,4,5,3,0,3,0,0,0,0,0,0,0,18,90,90,90,1890,1890,6081,96532,1006492,20,20,10,21
irregular-n06-t064-b00008-frandom-s05,Accelerated,0,true,1,3,0,1,1,0,0,0,0,1,0,1,1,3,3,3,129,129,564,12901,755396,20,17,11,20
irregular-n06-t064-b00008-frandom-s05,Accelerated,1,true,0,2,0,0,0,0,0,0,0,0,1,0,108,216,180,180,2628,2628,7288,84178,423588,19,18,10,20
irregular-n06-t064-b00008-frandom-s05,Accelerated,2,true,0,2,0,0,0,0,0,0,0,0,1,0,6,12,12,12,372,372,1284,28764,739704,20,11,10,21
irregular-n06-t064-b00008-frandom-s05,Accelerated,3,true,2,5,0,2,2,1,1,0,0,1,0,1,18,90,90,90,1890,1890,6231,96329,572451264,30,28,20,30
irregular-n06-t064-b00008-frandom-s06,Standard,0,true,2,3,1,0,1,0,0,0,0,0,0,0,1,3,3,3,129,129,477,11416,433178,19,18,10,19
irregular-n06-t064-b00008-frandom-s06,Standard,1,true,3,4,2,0,2,0,0,0,0,0,0,0,84,336,280,280,4088,4088,9848,120369,873438,20,19,10,20
irregular-n06-t064-b00008-frandom-s06,Standard,2,true,3,4,2,0,2,0,0,0,0,0,0,0,6,24,24,24,744,744,1862,42866,476260,19,19,10,20
irregular-n06-t064-b00008-frandom-s06,Standard,3,true,2,3,1,0,1,0,0,0,0,0,0,0,14,42,36,36,756,756,2087,33754,883840,20,20,10,21
irregular-n06-t064-b00008-frandom-s06,Accelerated,0,true,1,3,0,1,1,0,0,0,0,1,0,1,1,3,3,3,129,129,521,12069,433178,19,13,10,19
irregular-n06-t064-b00008-frandom-s06,Accelerated,1,true,2,5,0,2,2,1,0,1,0,1,0,1,84,420,350,350,5110,5110,12657,150375,141166140,28,27,17,28
irregular-n06-t064-b00008-frandom-s06,Accelerated,2,true,1,3,0,1,1,0,0,0,0,1,0,1,6,18,18,18,558,558,1488,33886,359604,19,17,10,20
irregular-n06-t064-b00008-frandom-s06,Accelerated,3,true,0,2,0,0,0,0,0,0,0,0,1,0,14,28,24,24,504,504,1411,22383,750616,20,18,10,21
irregular-n06-t064-b00008-frandom-s07,Standard,0,true,3,4,2,0,2,0,0,0,0,0,0,0,1,4,4,4,172,172,530,10359,169532,18,16,9,18
irregular-n06-t064-b00008-frandom-s07,Standard,1,true,3,4,2,0,2,0,0,0,0,0,0,0,72,288,240,240,3504,3504,8451,96771,305244,19,18,9,19
irregular-n06-t064-b00008-frandom-s07,Standard,2,true,3,4,2,0,2,0,0,0,0,0,0,0,6,24,24,24,744,744,2154,41369,239998,18,18,9,19
irregular-n06-t064-b00008-frandom-s07,Standard,3,true,3,4,2,0,2,0,0,0,0,0,0,0,12,48,48,48,1008,1008,2692,37829,241844,18,18,9,19
irregular-n06-t064-b00008-frandom-s07,Accelerated,0,true,2,5,0,2,2,1,0,1,0,1,0,1,1,5,5,5,215,215,626,11187,10736616,24,20,12,25
irregular-n06-t064-b00008-frandom-s07,Accelerated,1,true,2,5,0,2,2,1,0,1,0,1,0,1,72,360,300,300,4380,4380,10541,113687,37709400,26,26,15,26
irregular-n06-t064-b00008-frandom-s07,Accelerated,2,true,1,3,0,1,1,0,0,0,0,1,0,1,6,18,18,18,558,558,1692,31479,239998,18,15,9,19
irregular-n06-t064-b00008-frandom-s07,Accelerated,3,true,1,3,0,1,1,0,0,0,0,1,0,1,12,36,36,36,756,756,2017,27689,230282,18,17,9,19
irregular-n06-t064-b00008-frandom-s08,Standard,0,true,2,3,1,0,1,0,0,0,0,0,0,0,1,3,3,3,129,129,453,10616,806432,20,19,11,21
irregular-n06-t064-b00008-frandom-s08,Standard,1,true,3,4,2,0,2,0,0,0,0,0,0,0,96,384,268,268,3932,3932,10173,119960,1205028,21,19,11,21
irregular-n06-t064-b00008-frandom-s08,Standard,2,true,2,3,1,0,1,0,0,0,0,0,0,0,6,18,18,18,558,558,1422,33420,1612616,21,21,11,21
irregular-n06-t064-b00008-frandom-s08,Standard,3,true,2,3,1,0,1,0,0,0,0,0,0,0,16,48,48,48,1008,1008,2896,46846,2250246,22,21,11,22
irregular-n06-t064-b00008-frandom-s08,Accelerated,0,true,1,3,0,1,1,0,0,0,0,1,0,1,1,3,3,3,129,129,453,10616,806432,20,19,11,21
irregular-n06-t064-b00008-frandom-s08,Accelerated,1,true,1,3,0,1,1,0,0,0,0,1,0,1,96,288,201,201,2949,2949,7688,87314,451288,19,18,11,21
irregular-n06-t064-b00008-frandom-s08,Accelerated,2,true,1,3,0,1,1,0,0,0,0,1,0,1,6,18,18,18,558,558,1593,36390,1017560,20,17,11,21
irregular-n06-t064-b00008-frandom-s08,Accelerated,3,true,0,2,0,0,0,0,0,0,0,0,1,0,16,32,32,32,672,672,1958,31054,1463776,21,20,11,22
irregular-n06-t064-b00008-frandom-s09,Standard,0,true,2,3,1,0,1,0,0,0,0,0,0,0,1,3,3,3,129,129,522,13005,1147860,21,19,11,21
irregular-n06-t064-b00008-frandom-s09,Standard,1,true,2,3,1,0,1,0,0,0,0,0,0,0,108,324,270,270,3942,3942,10674,135759,2003630,21,21,11,22
irregular-n06-t064-b00008-frandom-s09,Standard,2,true,2,3,1,0,1,0,0,0,0,0,0,0,6,18,18,18,558,558,1807,42495,847866,20,19,10,21
irregular-n06-t064-b00008-frandom-s09,Standard,3,true,2,3,1,0,1,0,0,0,0,0,0,0,18,54,54,54,1134,1134,3677,58419,1078160,21,20,10,21
irregular-n06-t064-b00008-frandom-s09,Accelerated,0,true,1,3,0,1,1,0,0,0,0,1,0,1,1,3,3,3,129,129,522,13005,1147860,21,19,11,21
irregular-n06-t064-b00008-frandom-s09,Accelerated,1,true,1,3,0,1,1,0,0,0,0,1,0,1,108,324,270,270,3942,3942,10814,135994,2003630,21,21,11,22
irregular-n06-t064-b00008-frandom-s09,Accelerated,2,true,0,2,0,0,0,0,0,0,0,0,1,0,6,12,12,12,372,372,1261,29542,847866,20,15,10,21
irregular-n06-t064-b00008-frandom-s09,Accelerated,3,true,0,2,0,0,0,0,0,0,0,0,1,0,18,36,36,36,756,756,2444,38442,1040802,20,20,10,21
irregular-n06-t064-b00008-frandom-s10,Standard,0,true,3,4,2,0,2,0,0,0,0,0,0,0,1,4,4,4,172,172,1065,25788,975504,20,19,10,20
irregular-n06-t064-b00008-frandom-s10,Standard,1,true,3,4,2,0,2,0,0,0,0,0,0,0,120,480,336,336,4944,4944,15096,189118,1851560,21,20,10,21
irregular-n06-t064-b00008-frandom-s10,Standard,2,true,3,4,2,0,2,0,0,0,0,0,0,0,6,24,24,24,744,744,2715,65727,1200054,21,21,11,21
irregular-n06-t064-b00008-frandom-s10,Standard,3,true,2,3,1,0,1,0,0,0,0,0,0,0,20,60,60,60,1260,1260,4237,73437,1555210,21,20,11,21
irregular-n06-t064-b00008-frandom-s10,Accelerated,0,true,1,3,0,1,1,0,0,0,0,1,0,1,1,3,3,3,129,129,761,17207,800064,20,15,10,20
irregular-n06-t064-b00008-frandom-s10,Accelerated,1,true,0,2,0,0,0,0,0,0,0,0,1,0,120,240,168,168,2472,2472,7454,86732,434176,19,18,10,19
irregular-n06-t064-b00008-frandom-s10,Accelerated,2,true,1,3,0,1,1,0,0,0,0,1,0,1,6,18,18,18,558,558,2245,53408,1200054,21,18,11,21
irregular-n06-t064-b00008-frandom-s10,Accelerated,3,true,0,2,0,0,0,0,0,0,0,0,1,0,20,40,40,40,840,840,2911,49521,1555210,21,20,11,21
irregular-n06-t064-b00008-frandom-s11,Standard,0,true,2,3,1,0,1,0,0,0,0,0,0,0,1,3,3,3,129,129,571,14000,1716920,21,21,11,22
irregular-n06-t064-b00008-frandom-s11,Standard,1,true,3,4,2,0,2,0,0,0,0,0,0,0,96,384,320,320,4672,4672,12176,150007,2844622,22,20,11,22
irregular-n06-t064-b00008-frandom-s11,Standard,2,true,4,5,3,0,3,0,0,0,0,0,0,0,6,30,30,30,930,930,3406,71215,1652280,21,20,10,22
irregular-n06-t064-b00008-frandom-s11,Standard,3,true,3,4,2,0,2,0,0,0,0,0,0,0,16,64,64,64,1344,1344,4173,61499,1414824,21,19,10,21
irregular-n06-t064-b00008-frandom-s11,Accelerated,0,true,1,3,0,1,1,0,0,0,0,1,0,1,1,3,3,3,129,129,599,14005,1716920,21,19,11,21
irregular-n06-t064-b00008-frandom-s11,Accelerated,1,true,1,3,0,1,1,0,0,0,0,1,0,1,96,288,240,240,3504,3504,9184,109617,2402810,22,20,11,22
irregular-n06-t064-b00008-frandom-s11,Accelerated,2,true,2,5,0,2,2,1,0,1,0,1,0,1,6,30,30,30,930,930,3518,71394,827259600,30,27,19,30
irregular-n06-t064-b00008-frandom-s11,Accelerated,3,true,1,3,0,1,1,0,0,0,0,1,0,1,16,48,48,48,1008,1008,3118,45434,1414824,21,19,10,21
irregular-n06-t064-b00008-frandom-s12,Standard,0,true,2,3,1,0,1,0,0,0,0,0,0,0,1,3,3,3,129,129,491,11035,1872216,21,20,11,21
irregular-n06-t064-b00008-frandom-s12,Standard,1,true,3,4,2,0,2,0,0,0,0,0,0,0,96,384,232,232,3464,3464,9437,114413,2377590,22,20,11,22
irregular-n06-t064-b00008-frandom-s12,Standard,2,true,2,3,1,0,1,0,0,0,0,0,0,0,6,18,18,18,558,558,1704,37894,2232348,22,21,11,22
irregular-n06-t064-b00008-frandom-s12,Standard,3,true,4,5,3,0,3,0,0,0,0,0,0,0,16,80,65,65,1365,1365,4299,66088,1499872,21,20,10,21
irregular-n06-t064-b00008-frandom-s12,Accelerated,0,true,1,3,0,1,1,0,0,0,0,1,0,1,1,3,3,3,129,129,497,11265,1872216,21,20,11,21
irregular-n06-t064-b00008-frandom-s12,Accelerated,1,true,2,5,0,2,2,1,0,1,0,1,0,1,96,480,290,290,4330,4330,12129,144420,604455740,30,29,19,30
irregular-n06-t064-b00008-frandom-s12,Accelerated,2,true,0,2,0,0,0,0,0,0,0,0,1,0,6,12,12,12,372,372,1241,26516,2232348,22,12,11,22
irregular-n06-t064-b00008-frandom-s12,Accelerated,3,true,2,5,0,2,2,1,0,1,0,1,0,1,16,80,65,65,1365,1365,4470,65662,656573272,30,28,19,30
irregular-n06-t064-b00008-frandom-s13,Standard,0,true,2,3,1,0,1,0,0,0,0,0,0,0,1,3,3,3,129,129,500,11899,1305156,21,19,11,21
irregular-n06-t064-b00008-frandom-s13,Standard,1,true,2,3,1,0,1,0,0,0,0,0,0,0,108,324,252,252,3708,3708,10272,125820,1859344,21,20,11,22
irregular-n06-t064-b00008-frandom-s13,Standard,2,true,2,3,1,0,1,0,0,0,0,0,0,0,6,18,18,18,558,558,1921,42425,904712,20,20,10,21
irregular-n06-t064-b00008-frandom-s13,Standard,3,true,2,3,1,0,1,0,0,0,0,0,0,0,18,54,54,54,1134,1134,3756,58908,1061072,21,19,10,21
irregular-n06-t064-b00008-frandom-s13,Accelerated,0,true,1,3,0,1,1,0,0,0,0,1,0,1,1,3,3,3,129,129,500,11899,1305156,21,18,11,21
irregular-n06-t064-b00008-frandom-s13,Accelerated,1,true,1,3,0,1,1,0,0,0,0,1,0,1,108,324,252,252,3708,3708,10402,125753,1859344,21,20,11,22
irregular-n06-t064-b00008-frandom-s13,Accelerated,2,true,0,2,0,0,0,0,0,0,0,0,1,0,6,12,12,12,372,372,1288,28094,904712,20,17,10,21
irregular-n06-t064-b00008-frandom-s13,Accelerated,3,true,0,2,0,0,0,0,0,0,0,0,1,0,18,36,36,36,756,756,2457,38349,1061072,21,19,10,21
irregular-n06-t064-b00008-frandom-s14,Standard,0,true,2,3,1,0,1,0,0,0,0,0,0,0,1,3,3,3,129,129,488,10493,454792,19,17,10,20
irregular-n06-t064-b00008-frandom-s14,Standard,1,true,2,3,1,0,1,0,0,0,0,0,0,0,84,252,210,210,3066,3066,7614,89003,767598,20,19,10,20
irregular-n06-t064-b00008-frandom-s14,Standard,2,true,3,4,2,0,2,0,0,0,0,0,0,0,6,24,24,24,744,744,2117,44744,536536,20,19,10,20
irregular-n06-t064-b00008-frandom-s14,Standard,3,true,2,3,1,0,1,0,0,0,0,0,0,0,14,42,42,42,882,882,2434,37166,700948,20,19,10,20
irregular-n06-t064-b00008-frandom-s14,Accelerated,0,true,1,3,0,1,1,0,0,0,0,1,0,1,1,3,3,3,129,129,489,10149,454792,19,15,10,20
irregular-n06-t064-b00008-frandom-s14,Accelerated,1,true,1,3,0,1,1,0,0,0,0,1,0,1,84,252,210,210,3066,3066,7687,89221,767598,20,19,10,20
irregular-n06-t064-b00008-frandom-s14,Accelerated,2,true,1,3,0,1,1,0,0,0,0,1,0,1,6,18,18,18,558,558,1539,32247,536536,20,12,10,20
irregular-n06-t064-b00008-frandom-s14,Accelerated,3,true,1,3,0,1,1,0,0,0,0,1,0,1,14,42,42,42,882,882,2503,36642,699880,20,18,10,20
irregular-n06-t064-b00008-frandom-s15,Standard,0,true,2,3,1,0,1,0,0,0,0,0,0,0,1,3,3,3,129,129,527,12695,1433894,21,20,11,21
irregular-n06-t064-b00008-frandom-s15,Standard,1,true,3,4,2,0,2,0,0,0,0,0,0,0,108,432,252,252,3756,3756,10528,136116,1778712,21,19,11,21
irregular-n06-t064-b00008-frandom-s15,Standard,2,true,2,3,1,0,1,0,0,0,0,0,0,0,6,18,18,18,558,558,1720,39783,1478570,21,21,11,22
irregular-n06-t064-b00008-frandom-s15,Standard,3,true,2,3,1,0,1,0,0,0,0,0,0,0,18,54,48,48,1008,1008,3165,52519,1625472,21,21,11,22
irregular-n06-t064-b00008-frandom-s15,Accelerated,0,true,1,3,0,1,1,0,0,0,0,1,0,1,1,3,3,3,129,129,542,13113,1433894,21,20,11,21
irregular-n06-t064-b00008-frandom-s15,Accelerated,1,true,2,5,0,2,2,1,0,1,0,1,0,1,108,540,315,315,4695,4695,13486,174866,249420016,28,27,18,28
irregular-n06-t064-b00008-frandom-s15,Accelerated,2,true,0,2,0,0,0,0,0,0,0,0,1,0,6,12,12,12,372,372,1254,28023,1478570,21,12,11,22
irregular-n06-t064-b00008-frandom-s15,Accelerated,3,true,0,2,0,0,0,0,0,0,0,0,1,0,18,36,32,32,672,672,2154,34815,1500996,21,20,11,22
irregular-n06-t064-b00008-frandom-s16,Standard,0,true,2,3,1,0,1,0,0,0,0,0,0,0,1,3,3,3,129,129,526,11820,668582,20,18,10,20
irregular-n06-t064-b00008-frandom-s16,Standard,1,true,4,5,3,0,3,0,0,0,0,0,0,0,96,480,380,380,5580,5580,14757,171068,1196724,21,19,10,21
irregular-n06-t064-b00008-frandom-s16,Standard,2,true,2,3,1,0,1,0,0,0,0,0,0,0,6,18,18,18,558,558,1544,36478,1016748,20,21,11,22
irregular-n06-t064-b00008-frandom-s16,Standard,3,true,3,4,2,0,2,0,0,0,0,0,0,0,16,64,64,64,1344,1344,4045,64611,1653100,21,21,11,21
irregular-n06-t064-b00008-frandom-s16,Accelerated,0,true,1,3,0,1,1,0,0,0,0,1,0,1,1,3,3,3,129,129,540,12030,668582,20,18,10,20
irregular-n06-t064-b00008-frandom-s16,Accelerated,1,true,3,7,0,3,3,2,0,2,0,1,0,1,96,672,532,532,7812,7812,20729,230646,385250216,29,29,18,29
irregular-n06-t064-b00008-frandom-s16,Accelerated,2,true,0,2,0,0,0,0,0,0,0,0,1,0,6,12,12,12,372,372,1120,26003,1016748,20,17,11,22
irregular-n06-t064-b00008-frandom-s16,Accelerated,3,true,1,3,0,1,1,0,0,0,0,1,0,1,16,48,48,48,1008,1008,3131,48936,1023176,20,19,11,21
irregular-n06-t064-b00008-frandom-s17,Standard,0,true,2,3,1,0,1,0,0,0,0,0,0,0,1,3,3,3,129,129,547,12792,1648588,21,17,11,22
irregular-n06-t064-b00008-frandom-s17,Standard,1,true,3,4,2,0,2,0,0,0,0,0,0,0,96,384,320,320,4672,4672,12686,153204,2315706,22,21,11,22
irregular-n06-t064-b00008-frandom-s17,Standard,2,true,3,4,2,0,2,0,0,0,0,0,0,0,6,24,24,24,744,744,2256,50611,1393280,21,21,11,22
irregular-n06-t064-b00008-frandom-s17,Standard,3,true,2,3,1,0,1,0,0,0,0,0,0,0,16,48,42,42,882,882,2707,43311,2366592,22,21,11,22
irregular-n06-t064-b00008-frandom-s17,Accelerated,0,true,1,3,0,1,1,0,0,0,0,1,0,1,1,3,3,3,129,129,547,12762,1648588,21,17,11,22
irregular-n06-t064-b00008-frandom-s17,Accelerated,1,true,2,5,0,2,2,1,0,1,0,1,0,1,96,480,400,400,5840,5840,16062,190945,533778008,29,29,19,29
irregular-n06-t064-b00008-frandom-s17,Accelerated,2,true,2,5,0,2,2,1,0,1,0,1,0,1,6,30,30,30,930,930,3177,68976,1497445600,31,29,21,31
irregular-n06-t064-b00008-frandom-s17,Accelerated,3,true,0,2,0,0,0,0,0,0,0,0,1,0,16,32,28,28,588,588,1813,28147,2366592,22,20,11,22
irregular-n06-t064-b00008-frandom-s18,Standard,0,true,2,3,1,0,1,0,0,0,0,0,0,0,1,3,3,3,129,129,480,11362,913540,20,19,11,21
irregular-n06-t064-b00008-frandom-s18,Standard,1,true,2,3,1,0,1,0,0,0,0,0,0,0,96,288,174,174,2598,2598,6800,88702,1427652,21,20,11,21
irregular-n06-t064-b00008-frandom-s18,Standard,2,true,3,4,2,0,2,0,0,0,0,0,0,0,6,24,24,24,744,744,2698,58271,696016,20,18,9,20
irregular-n06-t064-b00008-frandom-s18,Standard,3,true,2,3,1,0,1,0,0,0,0,0,0,0,16,48,42,42,882,882,2699,43572,658072,20,18,9,20
irregular-n06-t064-b00008-frandom-s18,Accelerated,0,true,1,3,0,1,1,0,0,0,0,1,0,1,1,3,3,3,129,129,484,11450,913540,20,19,11,21
irregular-n06-t064-b00008-frandom-s18,Accelerated,1,true,1,3,0,1,1,0,0,0,0,1,0,1,96,288,174,174,2598,2598,6896,89240,1427652,21,20,11,21
irregular-n06-t064-b00008-frandom-s18,Accelerated,2,true,1,3,0,1,1,0,0,0,0,1,0,1,6,18,18,18,558,558,2066,44174,696016,20,16,9,20
irregular-n06-t064-b00008-frandom-s18,Accelerated,3,true,0,2,0,0,0,0,0,0,0,0,1,0,16,32,28,28,588,588,1776,28900,658072,20,18,9,20
irregular-n06-t064-b00008-frandom-s19,Standard,0,true,2,3,1,0,1,0,0,0,0,0,0,0,1,3,3,3,129,129,741,19193,2338588,22,20,11,22
irregular-n06-t064-b00008-frandom-s19,Standard,1,true,3,4,2,0,2,0,0,0,0,0,0,0,120,480,400,400,5840,5840,17686,225897,3718038,22,21,11,22
irregular-n06-t064-b00008-frandom-s19,Standard,2,true,3,4,2,0,2,0,0,0,0,0,0,0,6,24,24,24,744,744,3019,70416,2291096,22,21,11,22
irregular-n06-t064-b00008-frandom-s19,Standard,3,true,3,4,2,0,2,0,0,0,0,0,0,0,20,80,80,80,1680,1680,6119,101574,2769900,22,21,11,22
irregular-n06-t064-b00008-frandom-s19,Accelerated,0,true,1,3,0,1,1,0,0,0,0,1,0,1,1,3,3,3,129,129,747,19016,2338588,22,18,11,22
irregular-n06-t064-b00008-frandom-s19,Accelerated,1,true,2,5,0,2,2,1,0,1,0,1,0,1,120,600,500,500,7300,7300,21920,265084,913397328,30,30,19,30
irregular-n06-t064-b00008-frandom-s19,Accelerated,2,true,1,3,0,1,1,0,0,0,0,1,0,1,6,18,18,18,558,558,2471,56671,2291096,22,19,11,22
irregular-n06-t064-b00008-frandom-s19,Accelerated,3,true,1,3,0,1,1,0,0,0,0,1,0,1,20,60,60,60,1260,1260,4643,75712,2769900,22,20,11,22
irregular-n06-t064-b00008-frandom-s20,Standard,0,true,2,3,1,0,1,0,0,0,0,0,0,0,1,3,3,3,129,129,694,18985,710638,20,19,10,20
irregular-n06-t064-b00008-frandom-s20,Standard,1,true,3,4,2,0,2,0,0,0,0,0,0,0,120,480,272,272,4048,4048,11888,162731,898700,20,19,10,20
irregular-n06-t064-b00008-frandom-s20,Standard,2,true,3,4,2,0,2,0,0,0,0,0,0,0,6,24,24,24,744,744,2947,70445,711226,20,19,10,21
irregular-n06-t064-b00008-frandom-s20,Standard,3,true,3,4,2,0,2,0,0,0,0,0,0,0,20,80,80,80,1680,1680,5841,99199,732596,20,19,10,20
irregular-n06-t064-b00008-frandom-s20,Accelerated,0,true,1,3,0,1,1,0,0,0,0,1,0,1,1,3,3,3,129,129,725,19656,710638,20,17,10,20
irregular-n06-t064-b00008-frandom-s20,Accelerated,1,true,2,5,0,2,2,1,0,1,0,1,0,1,120,600,340,340,5060,5060,14953,205403,138526568,28,27,17,28
irregular-n06-t064-b00008-frandom-s20,Accelerated,2,true,1,3,0,1,1,0,0,0,0,1,0,1,6,18,18,18,558,558,2301,54477,711226,20,16,10,21
irregular-n06-t064-b00008-frandom-s20,Accelerated,3,true,1,3,0,1,1,0,0,0,0,1,0,1,20,60,60,60,1260,1260,4479,74866,732596,20,19,10,20
irregular-n06-t064-b00064-falternating-s01,Standard,0,true,2,3,1,0,1,0,0,0,0,0,0,0,1,3,3,3,129,129,760,18280,9932489464577537339593650321045608897518,133,131,67,133
irregular-n06-t064-b00064-falternating-s01,Standard,1,true,2,3,1,0,1,0,0,0,0,0,0,0,54,162,129,129,1941,1941,6166,73815,15473244974342435715881732530215650718256,134,132,67,134
irregular-n06-t064-b00064-falternating-s01,Standard,2,true,3,4,2,0,2,0,0,0,0,0,0,0,4,16,16,16,424,424,1573,33454,11196953775060218698057732904527169982004,134,132,66,134
irregular-n06-t064-b00064-falternating-s01,Standard,3,true,4,5,3,0,3,0,0,0,0,0,0,0,18,90,90,90,1890,1890,6814,103903,13755134976767279066425737127122882515558,134,132,66,134
irregular-n06-t064-b00064-falternating-s01,Accelerated,0,true,1,3,0,1,1,0,0,0,0,1,0,1,1,3,3,3,129,129,760,18196,9932489464577537339593650321045608897518,133,129,67,133
irregular-n06-t064-b00064-falternating-s01,Accelerated,1,true,0,2,0,0,0,0,0,0,0,0,1,0,54,108,86,86,1294,1294,4068,47350,10973869944435899830917040011224794835236,134,131,67,134
irregular-n06-t064-b00064-falternating-s01,Accelerated,2,true,1,3,0,1,1,0,0,0,0,1,0,1,4,12,12,12,318,318,1191,25282,11196953775060218698057732904527169982004,134,131,66,134
irregular-n06-t064-b00064-falternating-s01,Accelerated,3,true,2,5,0,2,2,1,1,0,0,1,0,1,18,90,90,90,1890,1890,6950,104684,286005373763332006639148208814032737106147638069748215546980,198,196,129,198
irregular-n06-t064-b00064-falternating-s02,Standard,0,true,2,3,1,0,1,0,0,0,0,0,0,0,1,3,3,3,129,129,607,12617,7383820683180431128130692523060255856456,133,130,67,133
irregular-n06-t064-b00064-falternating-s02,Standard,1,true,2,3,1,0,1,0,0,0,0,0,0,0,42,126,102,102,1518,1518,4457,49740,9144335883627287446033707563343658213988,133,132,66,133
irregular-n06-t064-b00064-falternating-s02,Standard,2,true,3,4,2,0,2,0,0,0,0,0,0,0,4,16,16,16,424,424,1329,25491,8780196884496393222633381049260389679000,133,132,66,133
irregular-n06-t064-b00064-falternating-s02,Standard,3,true,4,5,3,0,3,0,0,0,0,0,0,0,14,70,70,70,1470,1470,4648,68800,8829310265001818909567965064192164233708,133,132,66,133
irregular-n06-t064-b00064-falternating-s02,Accelerated,0,true,1,3,0,1,1,0,0,0,0,1,0,1,1,3,3,3,129,129,607,12395,7383820683180431128130692523060255856456,133,127,67,133
irregular-n06-t064-b00064-falternating-s02,Accelerated,1,true,1,3,0,1,1,0,0,0,0,1,0,1,42,126,102,102,1518,1518,4457,49252,8538881149146150119200635277550626979436,133,131,66,133
irregular-n06-t064-b00064-falternating-s02,Accelerated,2,true,1,3,0,1,1,0,0,0,0,1,0,1,4,12,12,12,318,318,1005,19138,8780196884496393222633381049260389679000,133,129,66,133
irregular-n06-t064-b00064-falternating-s02,Accelerated,3,true,2,5,0,2,2,1,1,0,0,1,0,1,14,70,70,70,1470,1470,4839,68844,312879957067108631956753595090414961045956306093982305308200,198,196,131,198
irregular-n06-t064-b00064-falternating-s03,Standard,0,false,0,1,0,0,0,0,0,0,0,0,0,0,1,1,0,0,0,0,0,0,0,0,1,1,2
irregular-n06-t064-b00064-falternating-s03,Standard,1,true,3,4,2,0,2,0,0,0,0,0,0,0,60,240,200,200,2920,2920,9382,116516,25634916861329484654503439425290848157940,135,133,67,135
irregular-n06-t064-b00064-falternating-s03,Standard,2,true,4,5,3,0,3,0,0,0,0,0,0,0,4,20,20,20,530,530,1992,44347,15780759762248347141474558571265188620482,134,134,67,134
irregular-n06-t064-b00064-falternating-s03,Standard,3,true,3,4,2,0,2,0,0,0,0,0,0,0,20,80,80,80,1680,1680,6285,104226,21711412379420354973716863163288552794524,134,133,67,134
irregular-n06-t064-b00064-falternating-s03,Accelerated,0,false,0,1,0,0,0,0,0,0,0,0,0,0,1,1,0,0,0,0,0,0,0,0,1,1,2
irregular-n06-t064-b00064-falternating-s03,Accelerated,1,true,1,3,0,1,1,0,0,0,0,1,0,1,60,180,150,150,2190,2190,6974,84971,18789613621890643202427061850992341307150,134,133,67,134
irregular-n06-t064-b00064-falternating-s03,Accelerated,2,true,2,5,0,2,2,1,1,0,0,1,0,1,4,20,20,20,530,530,2256,48810,1002642090050063593186759167128139918077999715486459687902136,200,199,131,200
irregular-n06-t064-b00064-falternating-s03,Accelerated,3,true,1,3,0,1,1,0,0,0,0,1,0,1,20,60,60,60,1260,1260,4739,77149,21711412379420354973716863163288552794524,134,133,67,134
irregular-n06-t064-b00064-falternating-s04,Standard,0,true,3,4,2,0,2,0,0,0,0,0,0,0,1,4,4,4,172,172,817,15604,3899500825675725526887766640950076840330,132,129,66,132
irregular-n06-t064-b00064-falternating-s04,Standard,1,true,4,5,3,0,3,0,0,0,0,0,0,0,42,210,160,160,2320,2320,6743,75696,6686279589663824064933464039689268754760,133,132,66,133
irregular-n06-t064-b00064-falternating-s04,Standard,2,true,3,4,2,0,2,0,0,0,0,0,0,0,4,16,16,16,424,424,1186,24195,6121138605659498024614503230456131364094,133,132,66,133
irregular-n06-t064-b00064-falternating-s04,Standard,3,true,3,4,2,0,2,0,0,0,0,0,0,0,14,56,56,56,1176,1176,3597,55529,5799553787049795310169828197591512937674,133,132,66,133
irregular-n06-t064-b00064-falternating-s04,Accelerated,0,true,0,2,0,0,0,0,0,0,0,0,1,0,1,2,2,2,86,86,359,6074,1610553409795116462007848266381355509652,131,66,66,132
irregular-n06-t064-b00064-falternating-s04,Accelerated,1,true,0,2,0,0,0,0,0,0,0,0,1,0,42,84,64,64,928,928,2552,26394,1259264157983777621912046388160303844684,130,129,66,130
irregular-n06-t064-b00064-falternating-s04,Accelerated,2,true,1,3,0,1,1,0,0,0,0,1,0,1,4,12,12,12,318,318,986,19585,6121138605659498024614503230456131364094,133,130,66,133
irregular-n06-t064-b00064-falternating-s04,Accelerated,3,true,1,3,0,1,1,0,0,0,0,1,0,1,14,42,42,42,882,882,2804,42266,5799553787049795310169828197591512937674,133,131,66,133
irregular-n06-t064-b00064-falternating-s05,Standard,0,true,2,3,1,0,1,0,0,0,0,0,0,0,1,3,3,3,129,129,714,16683,6794579234966293700785148135991189336544,133,129,66,133
irregular-n06-t064-b00064-falternating-s05,Standard,1,true,2,3,1,0,1,0,0,0,0,0,0,0,54,162,120,120,1776,1776,5423,64934,9516455443568695122027618073257454125034,133,132,67,133
irregular-n06-t064-b00064-falternating-s05,Standard,2,true,3,4,2,0,2,0,0,0,0,0,0,0,4,16,16,16,424,424,1534,31938,7531590871536534634398712123318919985830,133,132,66,133
irregular-n06-t064-b00064-falternating-s05,Standard,3,true,3,4,2,0,2,0,0,0,0,0,0,0,18,72,72,72,1512,1512,5218,79853,8800420673686349666677667239713541744492,133,131,66,133
irregular-n06-t064-b00064-falternating-s05,Accelerated,0,true,1,3,0,1,1,0,0,0,0,1,0,1,1,3,3,3,129,129,714,16469,6794579234966293700785148135991189336544,133,127,66,133
irregular-n06-t064-b00064-falternating-s05,Accelerated,1,true,1,3,0,1,1,0,0,0,0,1,0,1,54,162,120,120,1776,1776,5423,64350,9516455443568695122027618073257454125034,133,132,67,133
irregular-n06-t064-b00064-falternating-s05,Accelerated,2,true,1,3,0,1,1,0,0,0,0,1,0,1,4,12,12,12,318,318,1159,23608,7531590871536534634398712123318919985830,133,131,66,133
irregular-n06-t064-b00064-falternating-s05,Accelerated,3,true,1,3,0,1,1,0,0,0,0,1,0,1,18,54,54,54,1134,1134,3846,57801,8800420673686349666677667239713541744492,133,131,66,133
irregular-n06-t064-b00064-falternating-s06,Standard,0,true,3,4,2,0,2,0,0,0,0,0,0,0,1,4,4,4,172,172,893,17660,3463775459832663576745586764485490017216,132,129,66,132
irregular-n06-t064-b00064-falternating-s06,Standard,1,true,3,4,2,0,2,0,0,0,0,0,0,0,42,168,124,124,1836,1836,5539,63657,6411208616532386722836481707592871171724,133,131,66,133
irregular-n06-t064-b00064-falternating-s06,Standard,2,true,5,6,4,0,4,0,0,0,0,0,0,0,4,24,24,24,636,636,2078,41482,3987691486720069671824974047674285071880,132,131,66,132
irregular-n06-t064-b00064-falternating-s06,Standard,3,true,2,3,1,0,1,0,0,0,0,0,0,0,14,42,42,42,882,882,2637,41143,4899412434958239342634644979912194494502,132,131,66,132
irregular-n06-t064-b00064-falternating-s06,Accelerated,0,true,0,2,0,0,0,0,0,0,0,0,1,0,1,2,2,2,86,86,391,6860,698624061377885729449237400656469608220,130,65,65,130
irregular-n06-t064-b00064-falternating-s06,Accelerated,1,true,0,2,0,0,0,0,0,0,0,0,1,0,42,84,62,62,918,918,2621,27815,3019844281714249159174825314172593340270,132,130,66,132
irregular-n06-t064-b00064-falternating-s06,Accelerated,2,true,3,7,0,3,3,2,0,2,0,1,0,1,4,28,28,28,742,742,2692,50729,197003395348674867130055471594113958230899020945854161187680,197,193,131,197
irregular-n06-t064-b00064-falternating-s06,Accelerated,3,true,0,2,0,0,0,0,0,0,0,0,1,0,14,28,28,28,588,588,1776,27188,4899412434958239342634644979912194494502,132,130,66,132
irregular-n06-t064-b00064-falternating-s07,Standard,0,true,4,5,3,0,3,0,0,0,0,0,0,0,1,5,5,5,215,215,996,18532,3442083851154989750250595850178593020472,132,128,66,132
irregular-n06-t064-b00064-falternating-s07,Standard,1,true,3,4,2,0,2,0,0,0,0,0,0,0,36,144,64,64,960,960,2768,30730,4410257497583623497725529527037939900374,132,131,66,132
irregular-n06-t064-b00064-falternating-s07,Standard,2,true,2,3,1,0,1,0,0,0,0,0,0,0,4,12,12,12,318,318,777,15607,4543600361988058383757899324355209227292,132,131,66,132
irregular-n06-t064-b00064-falternating-s07,Standard,3,true,3,4,2,0,2,0,0,0,0,0,0,0,12,48,48,48,1008,1008,2875,43529,4984896142773727794486035673796407197624,132,131,66,132
irregular-n06-t064-b00064-falternating-s07,Accelerated,0,true,0,2,0,0,0,0,0,0,0,0,1,0,1,2,2,2,86,86,339,5479,336524256849007935350940667013337462392,128,63,63,128
irregular-n06-t064-b00064-falternating-s07,Accelerated,1,true,0,2,0,0,0,0,0,0,0,0,1,0,36,72,32,32,480,480,1320,13638,1248367647860428439942285976728976254736,130,129,66,130
irregular-n06-t064-b00064-falternating-s07,Accelerated,2,true,0,2,0,0,0,0,0,0,0,0,1,0,4,8,8,8,212,212,561,10857,4543600361988058383757899324355209227292,132,67,66,132
irregular-n06-t064-b00064-falternating-s07,Accelerated,3,true,1,3,0,1,1,0,0,0,0,1,0,1,12,36,36,36,756,756,2227,33172,4984896142773727794486035673796407197624,132,130,66,132
irregular-n06-t064-b00064-falternating-s08,Standard,0,true,2,3,1,0,1,0,0,0,0,0,0,0,1,3,3,3,129,129,661,15020,7707074162480293501420948430970404872776,133,132,66,133
irregular-n06-t064-b00064-falternating-s08,Standard,1,true,2,3,1,0,1,0,0,0,0,0,0,0,48,144,87,87,1323,1323,4126,49483,15907822511552470047013292724266312143286,134,133,67,134
irregular-n06-t064-b00064-falternating-s08,Standard,2,true,2,3,1,0,1,0,0,0,0,0,0,0,4,12,12,12,318,318,1092,22213,6284249034593395369521700736355109118842,133,131,66,133
irregular-n06-t064-b00064-falternating-s08,Standard,3,true,3,4,2,0,2,0,0,0,0,0,0,0,16,64,64,64,1344,1344,4596,67178,8065940266078112497420487580059842004484,133,131,66,133
irregular-n06-t064-b00064-falternating-s08,Accelerated,0,true,1,3,0,1,1,0,0,0,0,1,0,1,1,3,3,3,129,129,661,14948,7707074162480293501420948430970404872776,133,130,66,133
irregular-n06-t064-b00064-falternating-s08,Accelerated,1,true,1,3,0,1,1,0,0,0,0,1,0,1,48,144,87,87,1323,1323,4126,49375,15907822511552470047013292724266312143286,134,133,67,134
irregular-n06-t064-b00064-falternating-s08,Accelerated,2,true,1,3,0,1,1,0,0,0,0,1,0,1,4,12,12,12,318,318,1092,22213,8172881805242584350130752800176368279998,133,131,66,133
irregular-n06-t064-b00064-falternating-s08,Accelerated,3,true,1,3,0,1,1,0,0,0,0,1,0,1,16,48,48,48,1008,1008,3370,49976,10076089688909439528865291840052037602778,133,131,66,133
irregular-n06-t064-b00064-falternating-s09,Standard,0,true,2,3,1,0,1,0,0,0,0,0,0,0,1,3,3,3,129,129,718,16390,5838805596171200126314698726673509216566,133,131,66,133
irregular-n06-t064-b00064-falternating-s09,Standard,1,true,2,3,1,0,1,0,0,0,0,0,0,0,54,162,120,120,1776,1776,5419,64199,12118781567160407069795862903145011373458,134,132,67,134
irregular-n06-t064-b00064-falternating-s09,Standard,2,true,3,4,2,0,2,0,0,0,0,0,0,0,4,16,16,16,424,424,1427,30293,6745952106963287217245984820315933201222,133,132,66,133
irregular-n06-t064-b00064-falternating-s09,Standard,3,true,3,4,2,0,2,0,0,0,0,0,0,0,18,72,72,72,1512,1512,5352,83004,9888470393104827781677499931160327889390,133,132,66,133
irregular-n06-t064-b00064-falternating-s09,Accelerated,0,true,1,3,0,1,1,0,0,0,0,1,0,1,1,3,3,3,129,129,718,16098,5838805596171200126314698726673509216566,133,129,66,133
irregular-n06-t064-b00064-falternating-s09,Accelerated,1,true,1,3,0,1,1,0,0,0,0,1,0,1,54,162,120,120,1776,1776,5419,63567,12118781567160407069795862903145011373458,134,132,67,134
irregular-n06-t064-b00064-falternating-s09,Accelerated,2,true,2,5,0,2,2,1,1,0,0,1,0,1,4,20,20,20,530,530,2083,42928,504480116436540335229330425336029907401983613188099154766868,199,196,131,199
irregular-n06-t064-b00064-falternating-s09,Accelerated,3,true,1,3,0,1,1,0,0,0,0,1,0,1,18,54,54,54,1134,1134,3967,60687,9888470393104827781677499931160327889390,133,131,66,133
irregular-n06-t064-b00064-falternating-s10,Standard,0,true,2,3,1,0,1,0,0,0,0,0,0,0,1,3,3,3,129,129,769,19239,17383938554166458861879744677033352531850,134,133,67,134
irregular-n06-t064-b00064-falternating-s10,Standard,1,true,2,3,1,0,1,0,0,0,0,0,0,0,60,180,147,147,2175,2175,6872,83253,22984327688133593457413007857933465505288,135,133,67,135
irregular-n06-t064-b00064-falternating-s10,Standard,2,true,3,4,2,0,2,0,0,0,0,0,0,0,4,16,16,16,424,424,1665,38047,20862152997513937074290362874353619362694,134,133,67,135
irregular-n06-t064-b00064-falternating-s10,Standard,3,true,3,4,2,0,2,0,0,0,0,0,0,0,20,80,80,80,1680,1680,5893,100261,19781295225392213364263417360812351531348,134,133,67,134
irregular-n06-t064-b00064-falternating-s10,Accelerated,0,true,1,3,0,1,1,0,0,0,0,1,0,1,1,3,3,3,129,129,769,19155,17383938554166458861879744677033352531850,134,131,67,134
irregular-n06-t064-b00064-falternating-s10,Accelerated,1,true,0,2,0,0,0,0,0,0,0,0,1,0,60,120,98,98,1450,1450,4542,53519,16804360442862145069929466732313740814724,134,133,67,134
irregular-n06-t064-b00064-falternating-s10,Accelerated,2,true,1,3,0,1,1,0,0,0,0,1,0,1,4,12,12,12,318,318,1268,28705,20862152997513937074290362874353619362694,134,132,67,134
irregular-n06-t064-b00064-falternating-s10,Accelerated,3,true,1,3,0,1,1,0,0,0,0,1,0,1,20,60,60,60,1260,1260,4569,76025,19781295225392213364263417360812351531348,134,132,67,134
irregular-n06-t064-b00064-falternating-s11,Standard,0,true,2,3,1,0,1,0,0,0,0,0,0,0,1,3,3,3,129,129,689,15628,9527548711368056452277681613667058225114,133,130,67,133
irregular-n06-t064-b00064-falternating-s11,Standard,1,true,2,3,1,0,1,0,0,0,0,0,0,0,48,144,117,117,1737,1737,5324,61946,11402391037379704601644609554780932600756,134,132,67,134
irregular-n06-t064-b00064-falternating-s11,Standard,2,true,3,4,2,0,2,0,0,0,0,0,0,0,4,16,16,16,424,424,1507,30046,9697926891212599524884459252109664005360,133,132,66,133
irregular-n06-t064-b00064-falternating-s11,Standard,3,true,3,4,2,0,2,0,0,0,0,0,0,0,16,64,64,64,1344,1344,4410,64620,9441768382076347824834361387203088408650,133,132,66,133
irregular-n06-t064-b00064-falternating-s11,Accelerated,0,true,1,3,0,1,1,0,0,0,0,1,0,1,1,3,3,3,129,129,689,15414,9527548711368056452277681613667058225114,133,128,67,133
irregular-n06-t064-b00064-falternating-s11,Accelerated,1,true,1,3,0,1,1,0,0,0,0,1,0,1,48,144,117,117,1737,1737,5324,61414,11402391037379704601644609554780932600756,134,132,67,134
irregular-n06-t064-b00064-falternating-s11,Accelerated,2,true,1,3,0,1,1,0,0,0,0,1,0,1,4,12,12,12,318,318,1121,22151,9697926891212599524884459252109664005360,133,131,66,133
irregular-n06-t064-b00064-falternating-s11,Accelerated,3,true,1,3,0,1,1,0,0,0,0,1,0,1,16,48,48,48,1008,1008,3320,47891,10869397847820071260859604440156309406936,133,131,66,133
irregular-n06-t064-b00064-falternating-s12,Standard,0,true,3,4,2,0,2,0,0,0,0,0,0,0,1,4,4,4,172,172,930,19152,5230354259174944717771238930902326552192,132,129,66,132
irregular-n06-t064-b00064-falternating-s12,Standard,1,true,2,3,1,0,1,0,0,0,0,0,0,0,48,144,123,123,1767,1767,5209,59326,6154166537218738170735282252787494353612,133,131,66,133
irregular-n06-t064-b00064-falternating-s12,Standard,2,true,3,4,2,0,2,0,0,0,0,0,0,0,4,16,16,16,424,424,1252,26917,7547553168410930506382844316822065187038,133,133,67,133
irregular-n06-t064-b00064-falternating-s12,Standard,3,true,3,4,2,0,2,0,0,0,0,0,0,0,16,64,64,64,1344,1344,4313,69246,8426730546161333204913366529792451573640,133,133,67,133
irregular-n06-t064-b00064-falternating-s12,Accelerated,0,true,0,2,0,0,0,0,0,0,0,0,1,0,1,2,2,2,86,86,408,7532,1177489859378520598317072846690896871792,130,66,66,131
irregular-n06-t064-b00064-falternating-s12,Accelerated,1,true,1,3,0,1,1,0,0,0,0,1,0,1,48,144,123,123,1767,1767,5209,57862,6154166537218738170735282252787494353612,133,131,66,133
irregular-n06-t064-b00064-falternating-s12,Accelerated,2,true,1,3,0,1,1,0,0,0,0,1,0,1,4,12,12,12,318,318,1024,21544,7547553168410930506382844316822065187038,133,126,67,133
irregular-n06-t064-b00064-falternating-s12,Accelerated,3,true,1,3,0,1,1,0,0,0,0,1,0,1,16,48,48,48,1008,1008,3350,52889,8426730546161333204913366529792451573640,133,131,67,133
irregular-n06-t064-b00064-falternating-s13,Standard,0,true,3,4,2,0,2,0,0,0,0,0,0,0,1,4,4,4,172,172,988,22260,16457074505693250326894227694218044128588,134,132,67,134
irregular-n06-t064-b00064-falternating-s13,Standard,1,true,3,4,2,0,2,0,0,0,0,0,0,0,54,216,100,100,1492,1492,4740,58698,16465025989662891645707620856314600637722,134,133,67,134
irregular-n06-t064-b00064-falternating-s13,Standard,2,true,3,4,2,0,2,0,0,0,0,0,0,0,4,16,16,16,424,424,1546,31985,19522372397990831950242010909643428458150,134,133,67,134
irregular-n06-t064-b00064-falternating-s13,Standard,3,true,4,5,3,0,3,0,0,0,0,0,0,0,18,90,90,90,1890,1890,6632,104524,20575146045445032403285710764528910023640,134,133,67,134
irregular-n06-t064-b00064-falternating-s13,Accelerated,0,true,1,3,0,1,1,0,0,0,0,1,0,1,1,3,3,3,129,129,717,15472,13293003551669837637935959878217221945514,134,130,67,134
irregular-n06-t064-b00064-falternating-s13,Accelerated,1,true,0,2,0,0,0,0,0,0,0,0,1,0,54,108,50,50,746,746,2316,27254,4183151907519073356619744986874706519640,132,131,67,132
irregular-n06-t064-b00064-falternating-s13,Accelerated,2,true,1,3,0,1,1,0,0,0,0,1,0,1,4,12,12,12,318,318,1175,23986,19522372397990831950242010909643428458150,134,132,67,134
irregular-n06-t064-b00064-falternating-s13,Accelerated,3,true,2,5,0,2,2,1,1,0,0,1,0,1,18,90,90,90,1890,1890,6876,104604,1253708487537033114600801219790861201289352864994392478808640,200,199,132,200
irregular-n06-t064-b00064-falternating-s14,Standard,0,true,3,4,2,0,2,0,0,0,0,0,0,0,1,4,4,4,172,172,890,17969,3115179777907487982947884333119388109530,132,130,66,132
irregular-n06-t064-b00064-falternating-s14,Standard,1,true,3,4,2,0,2,0,0,0,0,0,0,0,42,168,120,120,1784,1784,5446,63263,6961097263252101687870782198674078172686,133,131,66,133
irregular-n06-t064-b00064-falternating-s14,Standard,2,true,3,4,2,0,2,0,0,0,0,0,0,0,4,16,16,16,424,424,1288,26744,3916242732866260175121518347042469810248,132,131,66,132
irregular-n06-t064-b00064-falternating-s14,Standard,3,true,3,4,2,0,2,0,0,0,0,0,0,0,14,56,56,56,1176,1176,3610,57172,4648382079240845328853740637437938347192,132,131,66,132
irregular-n06-t064-b00064-falternating-s14,Accelerated,0,true,0,2,0,0,0,0,0,0,0,0,1,0,1,2,2,2,86,86,388,6927,1587443316623144477725125462474178180368,131,66,66,131
irregular-n06-t064-b00064-falternating-s14,Accelerated,1,true,0,2,0,0,0,0,0,0,0,0,1,0,42,84,60,60,892,892,2572,27579,2216777722283119689262644514183417430716,131,130,66,131
irregular-n06-t064-b00064-falternating-s14,Accelerated,2,true,1,3,0,1,1,0,0,0,0,1,0,1,4,12,12,12,318,318,1042,21053,3916242732866260175121518347042469810248,132,67,66,132
irregular-n06-t064-b00064-falternating-s14,Accelerated,3,true,1,3,0,1,1,0,0,0,0,1,0,1,14,42,42,42,882,882,2799,43621,4648382079240845328853740637437938347192,132,130,66,132
irregular-n06-t064-b00064-falternating-s15,Standard,0,false,0,1,0,0,0,0,0,0,0,0,0,0,1,1,0,0,0,0,0,0,0,0,1,1,2
irregular-n06-t064-b00064-falternating-s15,Standard,1,true,3,4,2,0,2,0,0,0,0,0,0,0,54,216,176,176,2608,2608,8379,103039,12618387800149618030454268177657295979838,134,132,67,134
irregular-n06-t064-b00064-falternating-s15,Standard,2,true,3,4,2,0,2,0,0,0,0,0,0,0,4,16,16,16,424,424,1678,35615,6921741219589089434925583611118093200288,133,131,66,133
irregular-n06-t064-b00064-falternating-s15,Standard,3,true,3,4,2,0,2,0,0,0,0,0,0,0,18,72,72,72,1512,1512,5531,86697,7583253171541710899742794780800128157146,133,131,66,133
irregular-n06-t064-b00064-falternating-s15,Accelerated,0,false,0,1,0,0,0,0,0,0,0,0,0,0,1,1,0,0,0,0,0,0,0,0,1,1,2
irregular-n06-t064-b00064-falternating-s15,Accelerated,1,true,1,3,0,1,1,0,0,0,0,1,0,1,54,162,132,132,1956,1956,6244,75470,8467373309655049004786965363780099607960,133,132,67,133
irregular-n06-t064-b00064-falternating-s15,Accelerated,2,true,1,3,0,1,1,0,0,0,0,1,0,1,4,12,12,12,318,318,1196,25096,6921741219589089434925583611118093200288,133,131,66,133
irregular-n06-t064-b00064-falternating-s15,Accelerated,3,true,1,3,0,1,1,0,0,0,0,1,0,1,18,54,54,54,1134,1134,4023,62145,7583253171541710899742794780800128157146,133,131,66,133
irregular-n06-t064-b00064-falternating-s16,Standard,0,false,0,1,0,0,0,0,0,0,0,0,0,0,1,1,0,0,0,0,0,0,0,0,1,1,2
irregular-n06-t064-b00064-falternating-s16,Standard,1,true,3,4,2,0,2,0,0,0,0,0,0,0,48,192,156,156,2316,2316,7130,83755,10061399000917921598541009936271793575978,133,131,66,133
irregular-n06-t064-b00064-falternating-s16,Standard,2,true,4,5,3,0,3,0,0,0,0,0,0,0,4,20,20,20,530,530,1788,37064,6516649089846251796360479239594841364314,133,132,66,133
irregular-n06-t064-b00064-falternating-s16,Standard,3,true,3,4,2,0,2,0,0,0,0,0,0,0,16,64,64,64,1344,1344,4488,67682,6623138473333397174907167365947091809148,133,131,66,133
irregular-n06-t064-b00064-falternating-s16,Accelerated,0,false,0,1,0,0,0,0,0,0,0,0,0,0,1,1,0,0,0,0,0,0,0,0,1,1,2
irregular-n06-t064-b00064-falternating-s16,Accelerated,1,true,1,3,0,1,1,0,0,0,0,1,0,1,48,144,117,117,1737,1737,5293,60693,8075972085075618936473510520563177274184,133,131,66,133
irregular-n06-t064-b00064-falternating-s16,Accelerated,2,true,2,5,0,2,2,1,1,0,0,1,0,1,4,20,20,20,530,530,1976,39273,387822074598051247490067946121124722241961892566092531287708,198,194,131,199
irregular-n06-t064-b00064-falternating-s16,Accelerated,3,true,1,3,0,1,1,0,0,0,0,1,0,1,16,48,48,48,1008,1008,3395,50565,6623138473333397174907167365947091809148,133,131,66,133
irregular-n06-t064-b00064-falternating-s17,Standard,0,false,0,1,0,0,0,0,0,0,0,0,0,0,1,1,0,0,0,0,0,0,0,0,1,1,2
irregular-n06-t064-b00064-falternating-s17,Standard,1,true,3,4,2,0,2,0,0,0,0,0,0,0,48,192,164,164,2356,2356,7053,81364,17588469123436023737691649622515240244616,134,132,67,134
irregular-n06-t064-b00064-falternating-s17,Standard,2,true,3,4,2,0,2,0,0,0,0,0,0,0,4,16,16,16,424,424,1278,27739,12599921766340107398834336600187126738024,134,133,67,134
irregular-n06-t064-b00064-falternating-s17,Standard,3,true,3,4,2,0,2,0,0,0,0,0,0,0,16,64,64,64,1344,1344,4431,70288,13277025186650921828537847660750682884994,134,132,67,134
irregular-n06-t064-b00064-falternating-s17,Accelerated,0,false,0,1,0,0,0,0,0,0,0,0,0,0,1,1,0,0,0,0,0,0,0,0,1,1,2
irregular-n06-t064-b00064-falternating-s17,Accelerated,1,true,0,2,0,0,0,0,0,0,0,0,1,0,48,96,82,82,1178,1178,3371,36224,4042482262620598188615172214740012791024,132,130,67,132
irregular-n06-t064-b00064-falternating-s17,Accelerated,2,true,1,3,0,1,1,0,0,0,0,1,0,1,4,12,12,12,318,318,1070,22816,12599921766340107398834336600187126738024,134,131,67,134
irregular-n06-t064-b00064-falternating-s17,Accelerated,3,true,1,3,0,1,1,0,0,0,0,1,0,1,16,48,48,48,1008,1008,3435,53299,13277025186650921828537847660750682884994,134,132,67,134
irregular-n06-t064-b00064-falternating-s18,Standard,0,true,3,4,2,0,2,0,0,0,0,0,0,0,1,4,4,4,172,172,930,19565,5265535323009295282943204161621708681280,132,130,66,132
irregular-n06-t064-b00064-falternating-s18,Standard,1,true,2,3,1,0,1,0,0,0,0,0,0,0,48,144,123,123,1767,1767,5167,58372,5702032623790646469705539489293679617184,133,131,65,133
irregular-n06-t064-b00064-falternating-s18,Standard,2,true,3,4,2,0,2,0,0,0,0,0,0,0,4,16,16,16,424,424,1277,27208,7106353116555571943522753504608285540820,133,133,67,134
irregular-n06-t064-b00064-falternating-s18,Standard,3,true,3,4,2,0,2,0,0,0,0,0,0,0,16,64,64,64,1344,1344,4205,67282,7786386782413541915147698518601531942912,133,133,67,133
irregular-n06-t064-b00064-falternating-s18,Accelerated,0,true,0,2,0,0,0,0,0,0,0,0,1,0,1,2,2,2,86,86,408,7735,1680672241341280274861648309875739306980,131,65,65,131
irregular-n06-t064-b00064-falternating-s18,Accelerated,1,true,1,3,0,1,1,0,0,0,0,1,0,1,48,144,123,123,1767,1767,5167,57050,4872853867093233711763354432158217986560,132,131,65,132
irregular-n06-t064-b00064-falternating-s18,Accelerated,2,true,1,3,0,1,1,0,0,0,0,1,0,1,4,12,12,12,318,318,1057,21985,7106353116555571943522753504608285540820,133,129,67,134
irregular-n06-t064-b00064-falternating-s18,Accelerated,3,true,1,3,0,1,1,0,0,0,0,1,0,1,16,48,48,48,1008,1008,3291,51581,7137126066400176140494371727126659492484,133,130,67,133
irregular-n06-t064-b00064-falternating-s19,Standard,0,false,0,1,0,0,0,0,0,0,0,0,0,0,1,1,0,0,0,0,0,0,0,0,1,1,2
irregular-n06-t064-b00064-falternating-s19,Standard,1,true,3,4,2,0,2,0,0,0,0,0,0,0,60,240,204,204,2940,2940,9055,109031,16883963325326315470746734726433994651428,134,133,67,134
irregular-n06-t064-b00064-falternating-s19,Standard,2,true,3,4,2,0,2,0,0,0,0,0,0,0,4,16,16,16,424,424,1475,32761,13774997215737119661338588866647890408244,134,133,67,134
irregular-n06-t064-b00064-falternating-s19,Standard,3,true,3,4,2,0,2,0,0,0,0,0,0,0,20,80,80,80,1680,1680,6043,99441,16654688209499558999860717403921167227408,134,133,67,134
irregular-n06-t064-b00064-falternating-s19,Accelerated,0,false,0,1,0,0,0,0,0,0,0,0,0,0,1,1,0,0,0,0,0,0,0,0,1,1,2
irregular-n06-t064-b00064-falternating-s19,Accelerated,1,true,1,3,0,1,1,0,0,0,0,1,0,1,60,180,153,153,2205,2205,6767,80443,13602292302546184791824386695687882279174,134,133,67,134
irregular-n06-t064-b00064-falternating-s19,Accelerated,2,true,1,3,0,1,1,0,0,0,0,1,0,1,4,12,12,12,318,318,1229,26698,13774997215737119661338588866647890408244,134,132,67,134
irregular-n06-t064-b00064-falternating-s19,Accelerated,3,true,1,3,0,1,1,0,0,0,0,1,0,1,20,60,60,60,1260,1260,4543,72685,16654688209499558999860717403921167227408,134,133,67,134
irregular-n06-t064-b00064-falternating-s20,Standard,0,true,3,4,2,0,2,0,0,0,0,0,0,0,1,4,4,4,172,172,1073,27851,10054920274219401206734129447421364068538,133,130,66,133
irregular-n06-t064-b00064-falternating-s20,Standard,1,true,3,4,2,0,2,0,0,0,0,0,0,0,60,240,160,160,2368,2368,7574,94298,16183957929104431864443936992462090565082,134,132,67,134
irregular-n06-t064-b00064-falternating-s20,Standard,2,true,4,5,3,0,3,0,0,0,0,0,0,0,4,20,20,20,530,530,2030,46701,14137786188896644026562965662868914886438,134,133,67,134
irregular-n06-t064-b00064-falternating-s20,Standard,3,true,3,4,2,0,2,0,0,0,0,0,0,0,20,80,80,80,1680,1680,6016,100818,13771594860008183756421852613259880868862,134,132,67,134
irregular-n06-t064-b00064-falternating-s20,Accelerated,0,true,1,3,0,1,1,0,0,0,0,1,0,1,1,3,3,3,129,129,792,20113,8083587258609029577937401481052793318530,133,127,66,133
irregular-n06-t064-b00064-falternating-s20,Accelerated,1,true,0,2,0,0,0,0,0,0,0,0,1,0,60,120,80,80,1184,1184,3729,44547,6291172163208657462046417266890884142922,133,131,67,133
irregular-n06-t064-b00064-falternating-s20,Accelerated,2,true,2,5,0,2,2,1,1,0,0,1,0,1,4,20,20,20,530,530,2246,50314,746212623094837890849844550776596726294244379578872691738512,199,197,132,200
irregular-n06-t064-b00064-falternating-s20,Accelerated,3,true,1,3,0,1,1,0,0,0,0,1,0,1,20,60,60,60,1260,1260,4617,75965,13771594860008183756421852613259880868862,134,132,67,134
irregular-n06-t064-b00064-frandom-s01,Standard,0,true,3,4,2,0,2,0,0,0,0,0,0,0,1,4,4,4,172,172,820,21888,3754616408835244529406453912307563257426,132,130,66,132
irregular-n06-t064-b00064-frandom-s01,Standard,1,true,2,3,1,0,1,0,0,0,0,0,0,0,108,324,270,270,3942,3942,10763,136638,5393851078088887623061530923329207697648,132,131,67,132
irregular-n06-t064-b00064-frandom-s01,Standard,2,true,4,5,3,0,3,0,0,0,0,0,0,0,6,30,30,30,930,930,3911,77321,1972911300766364581719703702120766292932,131,130,65,131
irregular-n06-t064-b00064-frandom-s01,Standard,3,true,3,4,2,0,2,0,0,0,0,0,0,0,18,72,72,72,1512,1512,5313,78376,1469391733250376283871666635355225495640,131,130,65,131
irregular-n06-t064-b00064-frandom-s01,Accelerated,0,true,1,3,0,1,1,0,0,0,0,1,0,1,1,3,3,3,129,129,620,16074,3364379889849451077912923710287553963212,132,129,66,132
irregular-n06-t064-b00064-frandom-s01,Accelerated,1,true,1,3,0,1,1,0,0,0,0,1,0,1,108,324,270,270,3942,3942,10904,138283,5393851078088887623061530923329207697648,132,131,67,132
irregular-n06-t064-b00064-frandom-s01,Accelerated,2,true,2,5,0,2,2,1,1,0,0,1,0,1,6,30,30,30,930,930,3921,77057,38731242630356451803944165507764441703551049737937083868200,195,194,128,195
irregular-n06-t064-b00064-frandom-s01,Accelerated,3,true,1,3,0,1,1,0,0,0,0,1,0,1,18,54,54,54,1134,1134,3901,57884,1469391733250376283871666635355225495640,131,130,65,131
irregular-n06-t064-b00064-frandom-s02,Standard,0,true,3,4,2,0,2,0,0,0,0,0,0,0,1,4,4,4,172,172,694,16329,6889176961731490048618808144334382026280,133,131,67,133
irregular-n06-t064-b00064-frandom-s02,Standard,1,true,2,3,1,0,1,0,0,0,0,0,0,0,84,252,210,210,3066,3066,7853,94069,10055372020915493773352026391293556803828,133,133,67,133
irregular-n06-t064-b00064-frandom-s02,Standard,2,true,4,5,3,0,3,0,0,0,0,0,0,0,6,30,30,30,930,930,3120,62610,7367052110433565377833642059734891124988,133,132,66,133
irregular-n06-t064-b00064-frandom-s02,Standard,3,true,3,4,2,0,2,0,0,0,0,0,0,0,14,56,56,56,1176,1176,3495,51791,6641999076296526310387942467297257891990,133,132,66,133
irregular-n06-t064-b00064-frandom-s02,Accelerated,0,true,2,5,0,2,2,1,0,1,0,1,0,1,1,5,5,5,215,215,800,17285,73234319962383202148952761054605812974780675381868110223264,196,195,130,196
irregular-n06-t064-b00064-frandom-s02,Accelerated,1,true,1,3,0,1,1,0,0,0,0,1,0,1,84,252,210,210,3066,3066,7902,94045,10055372020915493773352026391293556803828,133,133,67,133
irregular-n06-t064-b00064-frandom-s02,Accelerated,2,true,2,5,0,2,2,1,0,1,0,1,0,1,6,30,30,30,930,930,3431,65770,173602249532072049272401363530579166618131072985097187205664,197,196,130,197
irregular-n06-t064-b00064-frandom-s02,Accelerated,3,true,2,5,0,2,2,1,0,1,0,1,0,1,14,70,70,70,1470,1470,4489,63493,321697276066257230780487234860737067473122148465702467584448,198,198,131,199
irregular-n06-t064-b00064-frandom-s03,Standard,0,true,2,3,1,0,1,0,0,0,0,0,0,0,1,3,3,3,129,129,599,14942,8727743497274332480500746411147863851548,133,131,67,134
irregular-n06-t064-b00064-frandom-s03,Standard,1,true,3,4,2,0,2,0,0,0,0,0,0,0,120,480,400,400,5840,5840,16774,219249,13048070291640379121114407191638740428346,134,133,67,134
irregular-n06-t064-b00064-frandom-s03,Standard,2,true,2,3,1,0,1,0,0,0,0,0,0,0,6,18,18,18,558,558,1839,44644,10567405489886103482123646836616828118124,133,133,67,134
irregular-n06-t064-b00064-frandom-s03,Standard,3,true,3,4,2,0,2,0,0,0,0,0,0,0,20,80,80,80,1680,1680,5805,99724,11803862786401475808795558065574446132436,134,133,67,134
irregular-n06-t064-b00064-frandom-s03,Accelerated,0,true,1,3,0,1,1,0,0,0,0,1,0,1,1,3,3,3,129,129,665,15775,8727743497274332480500746411147863851548,133,127,67,134
irregular-n06-t064-b00064-frandom-s03,Accelerated,1,true,2,5,0,2,2,1,0,1,0,1,0,1,120,600,500,500,7300,7300,20754,254673,204602370442537402816090839858936973818117595723588620703288,198,197,130,198
irregular-n06-t064-b00064-frandom-s03,Accelerated,2,true,0,2,0,0,0,0,0,0,0,0,1,0,6,12,12,12,372,372,1339,31858,10567405489886103482123646836616828118124,133,68,67,134
irregular-n06-t064-b00064-frandom-s03,Accelerated,3,true,1,3,0,1,1,0,0,0,0,1,0,1,20,60,60,60,1260,1260,4446,75057,10885151337426034055592978041411145150802,133,132,67,134
irregular-n06-t064-b00064-frandom-s04,Standard,0,true,2,3,1,0,1,0,0,0,0,0,0,0,1,3,3,3,129,129,452,9678,7255578847838711722518578178428871898420,133,131,67,133
irregular-n06-t064-b00064-frandom-s04,Standard,1,true,2,3,1,0,1,0,0,0,0,0,0,0,84,252,210,210,3066,3066,7939,94212,11039126481231644183629877730496422538574,134,132,67,134
irregular-n06-t064-b00064-frandom-s04,Standard,2,true,2,3,1,0,1,0,0,0,0,0,0,0,6,18,18,18,558,558,1544,33760,7930457145854018534133819725516466446148,133,133,67,134
irregular-n06-t064-b00064-frandom-s04,Standard,3,true,2,3,1,0,1,0,0,0,0,0,0,0,14,42,42,42,882,882,2560,40054,9825638802944452488197471587724948896342,133,133,67,134
irregular-n06-t064-b00064-frandom-s04,Accelerated,0,true,1,3,0,1,1,0,0,0,0,1,0,1,1,3,3,3,129,129,452,9678,7255578847838711722518578178428871898420,133,131,67,133
irregular-n06-t064-b00064-frandom-s04,Accelerated,1,true,1,3,0,1,1,0,0,0,0,1,0,1,84,252,210,210,3066,3066,8105,95903,11039126481231644183629877730496422538574,134,132,67,134
irregular-n06-t064-b00064-frandom-s04,Accelerated,2,true,0,2,0,0,0,0,0,0,0,0,1,0,6,12,12,12,372,372,1135,24022,7930457145854018534133819725516466446148,133,68,67,134
irregular-n06-t064-b00064-frandom-s04,Accelerated,3,true,0,2,0,0,0,0,0,0,0,0,1,0,14,28,28,28,588,588,1741,26443,9825638802944452488197471587724948896342,133,132,67,134
irregular-n06-t064-b00064-frandom-s05,Standard,0,true,2,3,1,0,1,0,0,0,0,0,0,0,1,3,3,3,129,129,580,15133,5766921521222578180230908349652303526688,133,131,67,133
irregular-n06-t064-b00064-frandom-s05,Standard,1,true,2,3,1,0,1,0,0,0,0,0,0,0,108,324,270,270,3942,3942,10787,132548,9223416916245315493616578272166995311980,133,133,67,133
irregular-n06-t064-b00064-frandom-s05,Standard,2,true,3,4,2,0,2,0,0,0,0,0,0,0,6,24,24,24,744,744,2868,64592,6045039513949998770420136190326143234256,133,132,66,133
irregular-n06-t064-b00064-frandom-s05,Standard,3,true,3,4,2,0,2,0,0,0,0,0,0,0,18,72,72,72,1512,1512,5059,78944,5733021025532618893645656685335223840828,133,131,66,133
irregular-n06-t064-b00064-frandom-s05,Accelerated,0,true,1,3,0,1,1,0,0,0,0,1,0,1,1,3,3,3,129,129,584,15100,5766921521222578180230908349652303526688,133,130,67,133
irregular-n06-t064-b00064-frandom-s05,Accelerated,1,true,1,3,0,1,1,0,0,0,0,1,0,1,108,324,270,270,3942,3942,10840,133358,9223416916245315493616578272166995311980,133,133,67,133
irregular-n06-t064-b00064-frandom-s05,Accelerated,2,true,1,3,0,1,1,0,0,0,0,1,0,1,6,18,18,18,558,558,2170,48476,6045039513949998770420136190326143234256,133,129,66,133
irregular-n06-t064-b00064-frandom-s05,Accelerated,3,true,1,3,0,1,1,0,0,0,0,1,0,1,18,54,54,54,1134,1134,3784,58831,5733021025532618893645656685335223840828,133,131,66,133
irregular-n06-t064-b00064-frandom-s06,Standard,0,true,2,3,1,0,1,0,0,0,0,0,0,0,1,3,3,3,129,129,498,9603,3479726186449956801303656249067307221066,132,131,66,132
irregular-n06-t064-b00064-frandom-s06,Standard,1,true,3,4,2,0,2,0,0,0,0,0,0,0,84,336,280,280,4088,4088,10317,118481,6091461072143010160862150052825903614936,133,132,66,133
irregular-n06-t064-b00064-frandom-s06,Standard,2,true,3,4,2,0,2,0,0,0,0,0,0,0,6,24,24,24,744,744,2251,42908,5547755017705183661441779790939449274976,133,132,66,133
irregular-n06-t064-b00064-frandom-s06,Standard,3,true,3,4,2,0,2,0,0,0,0,0,0,0,14,56,56,56,1176,1176,3293,49472,5887300940823988298042524741427427333082,133,132,66,133
irregular-n06-t064-b00064-frandom-s06,Accelerated,0,true,0,2,0,0,0,0,0,0,0,0,1,0,1,2,2,2,86,86,303,4838,2109910043663602537306819142747309613576,131,66,66,131
irregular-n06-t064-b00064-frandom-s06,Accelerated,1,true,2,5,0,2,2,1,0,1,0,1,0,1,84,420,350,350,5110,5110,13019,143864,63944990081037263050456944483102418106220441476502326738528,196,196,129,196
irregular-n06-t064-b00064-frandom-s06,Accelerated,2,true,1,3,0,1,1,0,0,0,0,1,0,1,6,18,18,18,558,558,1816,32516,5547755017705183661441779790939449274976,133,130,66,133
irregular-n06-t064-b00064-frandom-s06,Accelerated,3,true,1,3,0,1,1,0,0,0,0,1,0,1,14,42,42,42,882,882,2541,37791,5056687443616427548488976836962814642834,132,131,66,132
irregular-n06-t064-b00064-frandom-s07,Standard,0,true,3,4,2,0,2,0,0,0,0,0,0,0,1,4,4,4,172,172,618,13234,6837345414724384288942743288810926119050,133,131,67,133
irregular-n06-t064-b00064-frandom-s07,Standard,1,true,3,4,2,0,2,0,0,0,0,0,0,0,72,288,240,240,3504,3504,8573,97191,8179775787491500874985269899654060438998,133,132,66,133
irregular-n06-t064-b00064-frandom-s07,Standard,2,true,3,4,2,0,2,0,0,0,0,0,0,0,6,24,24,24,744,744,2053,40980,5792605617787781297320559490203822372854,133,132,66,133
irregular-n06-t064-b00064-frandom-s07,Standard,3,true,3,4,2,0,2,0,0,0,0,0,0,0,12,48,48,48,1008,1008,2657,39973,8157909303235450555860339741835988342848,133,132,67,133
irregular-n06-t064-b00064-frandom-s07,Accelerated,0,true,1,3,0,1,1,0,0,0,0,1,0,1,1,3,3,3,129,129,469,9051,4662109498603763594925654276940471392440,132,129,66,132
irregular-n06-t064-b00064-frandom-s07,Accelerated,1,true,0,2,0,0,0,0,0,0,0,0,1,0,72,144,120,120,1752,1752,4397,47067,5021417001895443057344253277392402963024,132,132,66,132
irregular-n06-t064-b00064-frandom-s07,Accelerated,2,true,1,3,0,1,1,0,0,0,0,1,0,1,6,18,18,18,558,558,1675,32320,5792605617787781297320559490203822372854,133,130,66,133
irregular-n06-t064-b00064-frandom-s07,Accelerated,3,true,1,3,0,1,1,0,0,0,0,1,0,1,12,36,36,36,756,756,2009,29457,8063688066235281972046461226914227261546,133,131,67,133
irregular-n06-t064-b00064-frandom-s08,Standard,0,true,3,4,2,0,2,0,0,0,0,0,0,0,1,4,4,4,172,172,676,17273,4829319707400202975178133886504373805500,132,129,66,132
irregular-n06-t064-b00064-frandom-s08,Standard,1,true,3,4,2,0,2,0,0,0,0,0,0,0,96,384,304,304,4464,4464,11460,137893,6142748915658940443379013047959134956258,133,132,66,133
irregular-n06-t064-b00064-frandom-s08,Standard,2,true,2,3,1,0,1,0,0,0,0,0,0,0,6,18,18,18,558,558,1453,34297,6596150572273591248057406502524560809362,133,133,67,134
irregular-n06-t064-b00064-frandom-s08,Standard,3,true,2,3,1,0,1,0,0,0,0,0,0,0,16,48,48,48,1008,1008,2919,47031,9516804097122196958851066621784960685746,133,133,67,133
irregular-n06-t064-b00064-frandom-s08,Accelerated,0,true,1,3,0,1,1,0,0,0,0,1,0,1,1,3,3,3,129,129,499,12183,3630917592324118677306052319405607766160,132,127,66,132
irregular-n06-t064-b00064-frandom-s08,Accelerated,1,true,1,3,0,1,1,0,0,0,0,1,0,1,96,288,228,228,3348,3348,8684,102041,5006289817568145142624894249865931945230,132,132,66,133
irregular-n06-t064-b00064-frandom-s08,Accelerated,2,true,0,2,0,0,0,0,0,0,0,0,1,0,6,12,12,12,372,372,1038,24108,6499871787270070503740660068382270925042,133,125,67,134
irregular-n06-t064-b00064-frandom-s08,Accelerated,3,true,1,3,0,1,1,0,0,0,0,1,0,1,16,48,48,48,1008,1008,3046,47386,6782583561781082858441044640745325269182,133,132,67,133
irregular-n06-t064-b00064-frandom-s09,Standard,0,true,4,5,3,0,3,0,0,0,0,0,0,0,1,5,5,5,215,215,1230,32860,4355192693231955748633191830235471995910,132,130,66,132
irregular-n06-t064-b00064-frandom-s09,Standard,1,true,3,4,2,0,2,0,0,0,0,0,0,0,108,432,360,360,5256,5256,14785,190062,6703948162376886893776058411331284936068,133,132,66,133
irregular-n06-t064-b00064-frandom-s09,Standard,2,true,3,4,2,0,2,0,0,0,0,0,0,0,6,24,24,24,744,744,2800,65190,4791119697608284041769445159890369615276,132,132,66,133
irregular-n06-t064-b00064-frandom-s09,Standard,3,true,4,5,3,0,3,0,0,0,0,0,0,0,18,90,90,90,1890,1890,6486,106071,5205040845023947232687534128610499138794,132,132,66,132
irregular-n06-t064-b00064-frandom-s09,Accelerated,0,true,2,5,0,2,2,1,0,1,0,1,0,1,1,5,5,5,215,215,1256,32868,57345623109937844623234689999416835288672414504237738302740,196,191,130,196
irregular-n06-t064-b00064-frandom-s09,Accelerated,1,true,2,5,0,2,2,1,0,1,0,1,0,1,108,540,450,450,6570,6570,18225,219743,31477952477387912394093119614051322924061409368304828283160,195,195,127,195
irregular-n06-t064-b00064-frandom-s09,Accelerated,2,true,1,3,0,1,1,0,0,0,0,1,0,1,6,18,18,18,558,558,2294,52686,4791119697608284041769445159890369615276,132,124,66,133
irregular-n06-t064-b00064-frandom-s09,Accelerated,3,true,2,5,0,2,2,1,0,1,0,1,0,1,18,90,90,90,1890,1890,6774,107825,217273720203069676750599207731485664329201846463306107997408,198,196,131,198
irregular-n06-t064-b00064-frandom-s10,Standard,0,true,3,4,2,0,2,0,0,0,0,0,0,0,1,4,4,4,172,172,915,22878,10425329517490233304163476585918307723112,133,131,67,133
irregular-n06-t064-b00064-frandom-s10,Standard,1,true,2,3,1,0,1,0,0,0,0,0,0,0,120,360,300,300,4380,4380,12934,153003,12883354004838653610159615417392040570190,134,133,67,134
irregular-n06-t064-b00064-frandom-s10,Standard,2,true,2,3,1,0,1,0,0,0,0,0,0,0,6,18,18,18,558,558,1836,42972,13795081741362151662236341834487923111360,134,134,67,134
irregular-n06-t064-b00064-frandom-s10,Standard,3,true,3,4,2,0,2,0,0,0,0,0,0,0,20,80,64,64,1344,1344,4614,74951,9161936337513677379858180203556697852210,133,132,66,133
irregular-n06-t064-b00064-frandom-s10,Accelerated,0,true,2,5,0,2,2,1,0,1,0,1,0,1,1,5,5,5,215,215,1053,24490,38653728751317677828102447354332355464300034261901383172916,195,191,126,196
irregular-n06-t064-b00064-frandom-s10,Accelerated,1,true,1,3,0,1,1,0,0,0,0,1,0,1,120,360,300,300,4380,4380,12938,153063,12883354004838653610159615417392040570190,134,133,67,134
irregular-n06-t064-b00064-frandom-s10,Accelerated,2,true,0,2,0,0,0,0,0,0,0,0,1,0,6,12,12,12,372,372,1313,29551,13795081741362151662236341834487923111360,134,68,67,134
irregular-n06-t064-b00064-frandom-s10,Accelerated,3,true,1,3,0,1,1,0,0,0,0,1,0,1,20,60,48,48,1008,1008,3552,55644,8909662652954488307116667690410174123154,133,132,66,133
irregular-n06-t064-b00064-frandom-s11,Standard,0,true,2,3,1,0,1,0,0,0,0,0,0,0,1,3,3,3,129,129,540,9711,163035991940944924582737774995217502936,127,123,66,128
irregular-n06-t064-b00064-frandom-s11,Standard,1,true,2,3,1,0,1,0,0,0,0,0,0,0,96,288,198,198,2910,2910,7421,88880,3569189380480806096484757078667708430938,132,130,67,132
irregular-n06-t064-b00064-frandom-s11,Standard,2,true,2,3,1,0,1,0,0,0,0,0,0,0,6,18,18,18,558,558,1525,34734,5163432488969135714009267650331747778724,132,133,67,133
irregular-n06-t064-b00064-frandom-s11,Standard,3,true,2,3,1,0,1,0,0,0,0,0,0,0,16,48,48,48,1008,1008,2896,47244,6941108295298794764758316207418641050208,133,132,67,133
irregular-n06-t064-b00064-frandom-s11,Accelerated,0,true,0,2,0,0,0,0,0,0,0,0,1,0,1,2,2,2,86,86,317,4863,149185981710555208061622351005547159220,127,66,66,128
irregular-n06-t064-b00064-frandom-s11,Accelerated,1,true,1,3,0,1,1,0,0,0,0,1,0,1,96,288,198,198,2910,2910,7421,88812,3569189380480806096484757078667708430938,132,130,67,132
irregular-n06-t064-b00064-frandom-s11,Accelerated,2,true,0,2,0,0,0,0,0,0,0,0,1,0,6,12,12,12,372,372,1110,24645,3563419532526784828427361025766580306944,132,124,67,133
irregular-n06-t064-b00064-frandom-s11,Accelerated,3,true,0,2,0,0,0,0,0,0,0,0,1,0,16,32,32,32,672,672,1980,31812,4559842355797840014591041205977713208284,132,130,67,133
irregular-n06-t064-b00064-frandom-s12,Standard,0,true,3,4,2,0,2,0,0,0,0,0,0,0,1,4,4,4,172,172,735,15791,2374706694859445497535536643456968000132,131,129,66,131
irregular-n06-t064-b00064-frandom-s12,Standard,1,true,3,4,2,0,2,0,0,0,0,0,0,0,96,384,232,232,3464,3464,8848,109199,3632896408716882948855006502481165268060,132,131,67,132
irregular-n06-t064-b00064-frandom-s12,Standard,2,true,2,3,1,0,1,0,0,0,0,0,0,0,6,18,18,18,558,558,1618,36655,4522895108856216124742440405887787659640,132,133,67,134
irregular-n06-t064-b00064-frandom-s12,Standard,3,true,3,4,2,0,2,0,0,0,0,0,0,0,16,64,52,52,1092,1092,3371,55413,7426826333406409804652652797987437392152,133,132,66,133
irregular-n06-t064-b00064-frandom-s12,Accelerated,0,true,1,3,0,1,1,0,0,0,0,1,0,1,1,3,3,3,129,129,550,11152,1320533823271590702931541751827621405034,130,127,66,131
irregular-n06-t064-b00064-frandom-s12,Accelerated,1,true,2,5,0,2,2,1,0,1,0,1,0,1,96,480,290,290,4330,4330,11059,127682,13341508179516109688621382281998076366669345472363855156860,194,193,124,194
irregular-n06-t064-b00064-frandom-s12,Accelerated,2,true,0,2,0,0,0,0,0,0,0,0,1,0,6,12,12,12,372,372,1185,26144,4235884628647640252708607691330946784070,132,67,67,134
irregular-n06-t064-b00064-frandom-s12,Accelerated,3,true,1,3,0,1,1,0,0,0,0,1,0,1,16,48,39,39,819,819,2612,42210,4854642703728566961359050323781890998808,132,131,66,133
irregular-n06-t064-b00064-frandom-s13,Standard,0,true,2,3,1,0,1,0,0,0,0,0,0,0,1,3,3,3,129,129,512,12200,4535590354512408632596929980149534749900,132,130,66,133
irregular-n06-t064-b00064-frandom-s13,Standard,1,true,2,3,1,0,1,0,0,0,0,0,0,0,108,324,270,270,3942,3942,10691,130765,6098155958753689253030891696764125600330,133,132,66,133
irregular-n06-t064-b00064-frandom-s13,Standard,2,true,2,3,1,0,1,0,0,0,0,0,0,0,6,18,18,18,558,558,1718,40054,5073318212769006265414765292664744034520,132,132,66,133
irregular-n06-t064-b00064-frandom-s13,Standard,3,true,2,3,1,0,1,0,0,0,0,0,0,0,18,54,48,48,1008,1008,3203,52517,5350204049083220684698948454642242132096,132,132,66,133
irregular-n06-t064-b00064-frandom-s13,Accelerated,0,true,1,3,0,1,1,0,0,0,0,1,0,1,1,3,3,3,129,129,522,12509,4535590354512408632596929980149534749900,132,129,66,133
irregular-n06-t064-b00064-frandom-s13,Accelerated,1,true,1,3,0,1,1,0,0,0,0,1,0,1,108,324,270,270,3942,3942,10805,131744,6098155958753689253030891696764125600330,133,132,66,133
irregular-n06-t064-b00064-frandom-s13,Accelerated,2,true,0,2,0,0,0,0,0,0,0,0,1,0,6,12,12,12,372,372,1231,28055,5073318212769006265414765292664744034520,132,67,66,133
irregular-n06-t064-b00064-frandom-s13,Accelerated,3,true,0,2,0,0,0,0,0,0,0,0,1,0,18,36,32,32,672,672,2161,34867,5220160540413472307290001406978063269514,132,131,66,133
irregular-n06-t064-b00064-frandom-s14,Standard,0,true,2,3,1,0,1,0,0,0,0,0,0,0,1,3,3,3,129,129,486,10911,3562669474618969351762423027736913713170,132,131,66,132
irregular-n06-t064-b00064-frandom-s14,Standard,1,true,3,4,2,0,2,0,0,0,0,0,0,0,84,336,280,280,4088,4088,10338,125690,5539333873545590053748341859267896744088,133,131,66,133
irregular-n06-t064-b00064-frandom-s14,Standard,2,true,3,4,2,0,2,0,0,0,0,0,0,0,6,24,24,24,744,744,2307,48511,3013760169819093365137651572366897979480,132,131,66,132
irregular-n06-t064-b00064-frandom-s14,Standard,3,true,2,3,1,0,1,0,0,0,0,0,0,0,14,42,42,42,882,882,2553,39722,3589422439491342110624467850010798396936,132,131,66,132
irregular-n06-t064-b00064-frandom-s14,Accelerated,0,true,1,3,0,1,1,0,0,0,0,1,0,1,1,3,3,3,129,129,497,11177,3562669474618969351762423027736913713170,132,130,66,132
irregular-n06-t064-b00064-frandom-s14,Accelerated,1,true,2,5,0,2,2,1,0,1,0,1,0,1,84,420,350,350,5110,5110,12996,156624,28543159732180194081134913982698024227015857470783859674288,195,194,129,195
irregular-n06-t064-b00064-frandom-s14,Accelerated,2,true,1,3,0,1,1,0,0,0,0,1,0,1,6,18,18,18,558,558,1764,36620,3013760169819093365137651572366897979480,132,127,66,132
irregular-n06-t064-b00064-frandom-s14,Accelerated,3,true,1,3,0,1,1,0,0,0,0,1,0,1,14,42,42,42,882,882,2663,40225,3834454623448966968073061940133319629204,132,130,66,132
irregular-n06-t064-b00064-frandom-s15,Standard,0,true,2,3,1,0,1,0,0,0,0,0,0,0,1,3,3,3,129,129,497,11931,5272621942657292236510460770562812936206,132,132,67,133
irregular-n06-t064-b00064-frandom-s15,Standard,1,true,2,3,1,0,1,0,0,0,0,0,0,0,108,324,189,189,2817,2817,7816,95385,7802999848603006987196435467705803290286,133,132,67,134
irregular-n06-t064-b00064-frandom-s15,Standard,2,true,2,3,1,0,1,0,0,0,0,0,0,0,6,18,18,18,558,558,1666,39118,5754468593812142897910845060018161602342,133,133,67,134
irregular-n06-t064-b00064-frandom-s15,Standard,3,true,2,3,1,0,1,0,0,0,0,0,0,0,18,54,48,48,1008,1008,3122,52510,8537083265876558396824558367340100817672,133,133,67,134
irregular-n06-t064-b00064-frandom-s15,Accelerated,0,true,1,3,0,1,1,0,0,0,0,1,0,1,1,3,3,3,129,129,497,11931,5272621942657292236510460770562812936206,132,132,67,133
irregular-n06-t064-b00064-frandom-s15,Accelerated,1,true,1,3,0,1,1,0,0,0,0,1,0,1,108,324,189,189,2817,2817,7836,95489,7802999848603006987196435467705803290286,133,132,67,134
irregular-n06-t064-b00064-frandom-s15,Accelerated,2,true,0,2,0,0,0,0,0,0,0,0,1,0,6,12,12,12,372,372,1192,27404,5754468593812142897910845060018161602342,133,68,67,134
irregular-n06-t064-b00064-frandom-s15,Accelerated,3,true,0,2,0,0,0,0,0,0,0,0,1,0,18,36,32,32,672,672,2108,35011,6953513530685722837678855689035275023616,133,131,67,134
irregular-n06-t064-b00064-frandom-s16,Standard,0,true,2,3,1,0,1,0,0,0,0,0,0,0,1,3,3,3,129,129,501,12494,2785351564787016321996894625745386774440,132,130,66,132
irregular-n06-t064-b00064-frandom-s16,Standard,1,true,3,4,2,0,2,0,0,0,0,0,0,0,96,384,320,320,4672,4672,12056,149155,4339308848043982144090615954394093585044,132,131,66,132
irregular-n06-t064-b00064-frandom-s16,Standard,2,true,3,4,2,0,2,0,0,0,0,0,0,0,6,24,24,24,744,744,2118,49356,2411458712546584984616504843215003626896,131,131,66,132
irregular-n06-t064-b00064-frandom-s16,Standard,3,true,3,4,2,0,2,0,0,0,0,0,0,0,16,64,64,64,1344,1344,4153,66503,3467751616069717168264265182324420241328,132,131,66,132
irregular-n06-t064-b00064-frandom-s16,Accelerated,0,true,1,3,0,1,1,0,0,0,0,1,0,1,1,3,3,3,129,129,543,13685,2785351564787016321996894625745386774440,132,128,66,132
irregular-n06-t064-b00064-frandom-s16,Accelerated,1,true,2,5,0,2,2,1,0,1,0,1,0,1,96,480,400,400,5840,5840,15374,189199,55798336742398905157317071214921423171528209510661804599908,196,195,130,196
irregular-n06-t064-b00064-frandom-s16,Accelerated,2,true,1,3,0,1,1,0,0,0,0,1,0,1,6,18,18,18,558,558,1676,38722,2411458712546584984616504843215003626896,131,129,66,132
irregular-n06-t064-b00064-frandom-s16,Accelerated,3,true,1,3,0,1,1,0,0,0,0,1,0,1,16,48,48,48,1008,1008,3150,50011,3333590257501275545314781564391113412480,132,131,66,132
irregular-n06-t064-b00064-frandom-s17,Standard,0,true,2,3,1,0,1,0,0,0,0,0,0,0,1,3,3,3,129,129,493,11239,3506852134005499245437686642883426989344,132,131,67,133
irregular-n06-t064-b00064-frandom-s17,Standard,1,true,2,3,1,0,1,0,0,0,0,0,0,0,96,288,240,240,3504,3504,8990,112072,5660495498404246350906026503722491929470,133,131,67,133
irregular-n06-t064-b00064-frandom-s17,Standard,2,true,2,3,1,0,1,0,0,0,0,0,0,0,6,18,18,18,558,558,1708,38336,2765048943594563667842104044342564903936,132,131,66,133
irregular-n06-t064-b00064-frandom-s17,Standard,3,true,2,3,1,0,1,0,0,0,0,0,0,0,16,48,48,48,1008,1008,3109,49969,3357818206141744735519739557091916422900,132,131,66,132
irregular-n06-t064-b00064-frandom-s17,Accelerated,0,true,1,3,0,1,1,0,0,0,0,1,0,1,1,3,3,3,129,129,533,12340,3506852134005499245437686642883426989344,132,129,67,133
irregular-n06-t064-b00064-frandom-s17,Accelerated,1,true,1,3,0,1,1,0,0,0,0,1,0,1,96,288,240,240,3504,3504,8990,112072,5660495498404246350906026503722491929470,133,131,67,133
irregular-n06-t064-b00064-frandom-s17,Accelerated,2,true,0,2,0,0,0,0,0,0,0,0,1,0,6,12,12,12,372,372,1151,25290,2765048943594563667842104044342564903936,132,67,66,133
irregular-n06-t064-b00064-frandom-s17,Accelerated,3,true,0,2,0,0,0,0,0,0,0,0,1,0,16,32,32,32,672,672,2057,32521,3151724553055615263907197969652078993228,132,130,66,132
irregular-n06-t064-b00064-frandom-s18,Standard,0,true,2,3,1,0,1,0,0,0,0,0,0,0,1,3,3,3,129,129,472,10933,8839642282522547776455974217415305400804,133,132,67,133
irregular-n06-t064-b00064-frandom-s18,Standard,1,true,2,3,1,0,1,0,0,0,0,0,0,0,96,288,174,174,2598,2598,6791,80446,11943514776747813188612643236992398589942,134,133,67,134
irregular-n06-t064-b00064-frandom-s18,Standard,2,true,3,4,2,0,2,0,0,0,0,0,0,0,6,24,24,24,744,744,2424,51211,7767789381737361552994658955995881366250,133,132,66,134
irregular-n06-t064-b00064-frandom-s18,Standard,3,true,2,3,1,0,1,0,0,0,0,0,0,0,16,48,42,42,882,882,2658,39135,6147746228038335712745318166795764744688,133,132,66,133
irregular-n06-t064-b00064-frandom-s18,Accelerated,0,true,1,3,0,1,1,0,0,0,0,1,0,1,1,3,3,3,129,129,482,11169,8839642282522547776455974217415305400804,133,132,67,133
irregular-n06-t064-b00064-frandom-s18,Accelerated,1,true,1,3,0,1,1,0,0,0,0,1,0,1,96,288,174,174,2598,2598,6897,80296,11943514776747813188612643236992398589942,134,133,67,134
irregular-n06-t064-b00064-frandom-s18,Accelerated,2,true,1,3,0,1,1,0,0,0,0,1,0,1,6,18,18,18,558,558,1815,38186,7767789381737361552994658955995881366250,133,130,66,134
irregular-n06-t064-b00064-frandom-s18,Accelerated,3,true,1,3,0,1,1,0,0,0,0,1,0,1,16,48,42,42,882,882,2688,38831,6962269084053509446736787797825798250504,133,132,66,133
irregular-n06-t064-b00064-frandom-s19,Standard,0,true,2,3,1,0,1,0,0,0,0,0,0,0,1,3,3,3,129,129,539,13546,4702799507641964545539554340403204873288,132,131,67,133
irregular-n06-t064-b00064-frandom-s19,Standard,1,true,2,3,1,0,1,0,0,0,0,0,0,0,120,360,300,300,4380,4380,12274,154989,6495603427058538515178653655425063752526,133,132,67,134
irregular-n06-t064-b00064-frandom-s19,Standard,2,true,2,3,1,0,1,0,0,0,0,0,0,0,6,18,18,18,558,558,1794,44295,4493079986665745149159316339844162866290,132,132,67,133
irregular-n06-t064-b00064-frandom-s19,Standard,3,true,2,3,1,0,1,0,0,0,0,0,0,0,20,60,60,60,1260,1260,4208,72939,6850853180818797235206695850639932400016,133,133,67,134
irregular-n06-t064-b00064-frandom-s19,Accelerated,0,true,1,3,0,1,1,0,0,0,0,1,0,1,1,3,3,3,129,129,542,13628,4702799507641964545539554340403204873288,132,130,67,133
irregular-n06-t064-b00064-frandom-s19,Accelerated,1,true,1,3,0,1,1,0,0,0,0,1,0,1,120,360,300,300,4380,4380,12274,154989,6495603427058538515178653655425063752526,133,132,67,134
irregular-n06-t064-b00064-frandom-s19,Accelerated,2,true,0,2,0,0,0,0,0,0,0,0,1,0,6,12,12,12,372,372,1324,32178,4493079986665745149159316339844162866290,132,129,67,133
irregular-n06-t064-b00064-frandom-s19,Accelerated,3,true,0,2,0,0,0,0,0,0,0,0,1,0,20,40,40,40,840,840,2880,48868,6211305536966853859540713499997131696482,133,132,67,134
irregular-n06-t064-b00064-frandom-s20,Standard,0,true,3,4,2,0,2,0,0,0,0,0,0,0,1,4,4,4,172,172,908,24409,6734952414626007685221773432782185656928,133,131,66,133
irregular-n06-t064-b00064-frandom-s20,Standard,1,true,2,3,1,0,1,0,0,0,0,0,0,0,120,360,300,300,4380,4380,12975,161269,9174232089022538914173233533137721001252,133,132,66,133
irregular-n06-t064-b00064-frandom-s20,Standard,2,true,3,4,2,0,2,0,0,0,0,0,0,0,6,24,24,24,744,744,2730,62994,8338483366171832709333692340581927848228,133,133,67,134
irregular-n06-t064-b00064-frandom-s20,Standard,3,true,4,5,3,0,3,0,0,0,0,0,0,0,20,100,80,80,1680,1680,5832,98100,8564033028187857762096229808795448079140,133,133,67,133
irregular-n06-t064-b00064-frandom-s20,Accelerated,0,true,2,5,0,2,2,1,0,1,0,1,0,1,1,5,5,5,215,215,1057,26267,42742122713840199654804600656632865749763063522669455676440,195,193,128,196
irregular-n06-t064-b00064-frandom-s20,Accelerated,1,true,1,3,0,1,1,0,0,0,0,1,0,1,120,360,300,300,4380,4380,12984,161452,9174232089022538914173233533137721001252,133,132,66,133
irregular-n06-t064-b00064-frandom-s20,Accelerated,2,true,1,3,0,1,1,0,0,0,0,1,0,1,6,18,18,18,558,558,2220,50016,8338483366171832709333692340581927848228,133,129,67,134
irregular-n06-t064-b00064-frandom-s20,Accelerated,3,true,2,5,0,2,2,1,0,1,0,1,0,1,20,100,80,80,1680,1680,6075,98777,333753105557658783671423758901023467194835914940756020240760,198,197,131,198
irregular-n06-t128-b00001-falternating-s01,Standard,0,true,2,3,1,0,1,0,0,0,0,0,0,0,1,3,3,3,129,129,816,22019,372,9,8,5,10
irregular-n06-t128-b00001-falternating-s01,Standard,1,true,2,3,1,0,1,0,0,0,0,0,0,0,72,216,96,96,1488,1488,5106,66102,362,9,8,4,10
irregular-n06-t128-b00001-falternating-s01,Standard,2,true,3,4,2,0,2,0,0,0,0,0,0,0,4,16,16,16,424,424,1874,45876,404,9,9,5,10
irregular-n06-t128-b00001-falternating-s01,Standard,3,true,3,4,2,0,2,0,0,0,0,0,0,0,24,96,96,96,2016,2016,7998,137729,466,9,8,5,10
irregular-n06-t128-b00001-falternating-s01,Accelerated,0,true,1,3,0,1,1,0,0,0,0,1,0,1,1,3,3,3,129,129,816,21858,372,9,6,5,10
irregular-n06-t128-b00001-falternating-s01,Accelerated,1,true,1,3,0,1,1,0,0,0,0,1,0,1,72,216,96,96,1488,1488,5106,65890,362,9,8,4,10
irregular-n06-t128-b00001-falternating-s01,Accelerated,2,true,1,3,0,1,1,0,0,0,0,1,0,1,4,12,12,12,318,318,1434,34939,404,9,6,5,10
irregular-n06-t128-b00001-falternating-s01,Accelerated,3,true,1,3,0,1,1,0,0,0,0,1,0,1,24,72,72,72,1512,1512,6004,102122,466,9,8,5,10
irregular-n06-t128-b00001-falternating-s02,Standard,0,true,2,3,1,0,1,0,0,0,0,0,0,0,1,3,3,3,129,129,706,16773,190,8,6,4,10
irregular-n06-t128-b00001-falternating-s02,Standard,1,true,2,3,1,0,1,0,0,0,0,0,0,0,60,180,117,117,1737,1737,5434,64357,348,9,7,4,10
irregular-n06-t128-b00001-falternating-s02,Standard,2,true,3,4,2,0,2,0,0,0,0,0,0,0,4,16,16,16,424,424,1444,33811,260,9,9,5,10
irregular-n06-t128-b00001-falternating-s02,Standard,3,true,3,4,2,0,2,0,0,0,0,0,0,0,20,80,80,80,1680,1680,5979,98214,374,9,8,5,10
irregular-n06-t128-b00001-falternating-s02,Accelerated,0,true,0,2,0,0,0,0,0,0,0,0,1,0,1,2,2,2,86,86,425,9031,76,7,4,3,10
irregular-n06-t128-b00001-falternating-s02,Accelerated,1,true,0,2,0,0,0,0,0,0,0,0,1,0,60,120,78,78,1158,1158,3543,39592,116,7,6,4,10
irregular-n06-t128-b00001-falternating-s02,Accelerated,2,true,1,3,0,1,1,0,0,0,0,1,0,1,4,12,12,12,318,318,1188,27240,260,9,6,5,10
irregular-n06-t128-b00001-falternating-s02,Accelerated,3,true,1,3,0,1,1,0,0,0,0,1,0,1,20,60,60,60,1260,1260,4594,73383,374,9,7,5,10
irregular-n06-t128-b00001-falternating-s03,Standard,0,true,2,3,1,0,1,0,0,0,0,0,0,0,1,3,3,3,129,129,711,15601,114,7,5,4,10
irregular-n06-t128-b00001-falternating-s03,Standard,1,true,2,3,1,0,1,0,0,0,0,0,0,0,60,180,123,123,1791,1791,5596,65579,216,8,7,4,10
irregular-n06-t128-b00001-falternating-s03,Standard,2,true,3,4,2,0,2,0,0,0,0,0,0,0,4,16,16,16,424,424,1425,33036,260,9,9,5,10
irregular-n06-t128-b00001-falternating-s03,Standard,3,true,4,5,3,0,3,0,0,0,0,0,0,0,20,100,100,100,2100,2100,7677,125138,324,9,8,5,10
irregular-n06-t128-b00001-falternating-s03,Accelerated,0,true,0,2,0,0,0,0,0,0,0,0,1,0,1,2,2,2,86,86,408,7728,76,7,4,4,10
irregular-n06-t128-b00001-falternating-s03,Accelerated,1,true,0,2,0,0,0,0,0,0,0,0,1,0,60,120,82,82,1194,1194,3581,38574,54,6,5,4,10
irregular-n06-t128-b00001-falternating-s03,Accelerated,2,true,1,3,0,1,1,0,0,0,0,1,0,1,4,12,12,12,318,318,1177,26746,260,9,5,5,10
irregular-n06-t128-b00001-falternating-s03,Accelerated,3,true,2,5,0,2,2,1,1,0,0,1,0,1,20,100,100,100,2100,2100,8062,127958,2952,12,11,7,12
irregular-n06-t128-b00001-falternating-s04,Standard,0,true,3,4,2,0,2,0,0,0,0,0,0,0,1,4,4,4,172,172,736,14241,108,7,4,4,10
irregular-n06-t128-b00001-falternating-s04,Standard,1,true,2,3,1,0,1,0,0,0,0,0,0,0,48,144,120,120,1752,1752,4928,51747,100,7,6,3,10
irregular-n06-t128-b00001-falternating-s04,Standard,2,true,2,3,1,0,1,0,0,0,0,0,0,0,4,12,12,12,318,318,860,18962,156,8,8,4,10
irregular-n06-t128-b00001-falternating-s04,Standard,3,true,3,4,2,0,2,0,0,0,0,0,0,0,16,64,64,64,1344,1344,4074,61286,168,8,8,4,10
irregular-n06-t128-b00001-falternating-s04,Accelerated,0,true,0,2,0,0,0,0,0,0,0,0,1,0,1,2,2,2,86,86,298,4607,24,5,4,3,10
irregular-n06-t128-b00001-falternating-s04,Accelerated,1,true,1,3,0,1,1,0,0,0,0,1,0,1,48,144,120,120,1752,1752,4868,50399,96,7,6,3,10
irregular-n06-t128-b00001-falternating-s04,Accelerated,2,true,0,2,0,0,0,0,0,0,0,0,1,0,4,8,8,8,212,212,628,13384,156,8,5,4,10
irregular-n06-t128-b00001-falternating-s04,Accelerated,3,true,1,3,0,1,1,0,0,0,0,1,0,1,16,48,48,48,1008,1008,3126,45324,168,8,6,4,10
irregular-n06-t128-b00001-falternating-s05,Standard,0,true,2,3,1,0,1,0,0,0,0,0,0,0,1,3,3,3,129,129,805,21673,344,9,7,5,10
irregular-n06-t128-b00001-falternating-s05,Standard,1,true,2,3,1,0,1,0,0,0,0,0,0,0,72,216,93,93,1425,1425,4700,58289,320,9,7,4,10
irregular-n06-t128-b00001-falternating-s05,Standard,2,true,3,4,2,0,2,0,0,0,0,0,0,0,4,16,16,16,424,424,1736,43894,448,9,9,5,10
irregular-n06-t128-b00001-falternating-s05,Standard,3,true,3,4,2,0,2,0,0,0,0,0,0,0,24,96,96,96,2016,2016,7745,134879,494,9,9,5,10
irregular-n06-t128-b00001-falternating-s05,Accelerated,0,true,1,3,0,1,1,0,0,0,0,1,0,1,1,3,3,3,129,129,799,21133,344,9,5,5,10
irregular-n06-t128-b00001-falternating-s05,Accelerated,1,true,0,2,0,0,0,0,0,0,0,0,1,0,72,144,62,62,950,950,3048,36016,128,8,6,4,10
irregular-n06-t128-b00001-falternating-s05,Accelerated,2,true,1,3,0,1,1,0,0,0,0,1,0,1,4,12,12,12,318,318,1416,35182,448,9,6,5,10
irregular-n06-t128-b00001-falternating-s05,Accelerated,3,true,1,3,0,1,1,0,0,0,0,1,0,1,24,72,72,72,1512,1512,5950,102105,494,9,7,5,10
irregular-n06-t128-b00001-falternating-s06,Standard,0,true,3,4,2,0,2,0,0,0,0,0,0,0,1,4,4,4,172,172,882,17714,158,8,5,4,10
irregular-n06-t128-b00001-falternating-s06,Standard,1,true,3,4,2,0,2,0,0,0,0,0,0,0,54,216,108,108,1564,1564,4527,50915,182,8,6,3,10
irregular-n06-t128-b00001-falternating-s06,Standard,2,true,2,3,1,0,1,0,0,0,0,0,0,0,4,12,12,12,318,318,884,19577,350,9,9,5,10
irregular-n06-t128-b00001-falternating-s06,Standard,3,true,3,4,2,0,2,0,0,0,0,0,0,0,18,72,72,72,1512,1512,4967,82222,416,9,9,5,10
irregular-n06-t128-b00001-falternating-s06,Accelerated,0,true,0,2,0,0,0,0,0,0,0,0,1,0,1,2,2,2,86,86,357,6045,72,7,4,4,10
irregular-n06-t128-b00001-falternating-s06,Accelerated,1,true,0,2,0,0,0,0,0,0,0,0,1,0,54,108,54,54,782,782,2108,20836,56,6,5,3,10
irregular-n06-t128-b00001-falternating-s06,Accelerated,2,true,0,2,0,0,0,0,0,0,0,0,1,0,4,8,8,8,212,212,664,14318,350,9,5,5,10
irregular-n06-t128-b00001-falternating-s06,Accelerated,3,true,1,3,0,1,1,0,0,0,0,1,0,1,18,54,54,54,1134,1134,3877,63056,416,9,7,5,10
irregular-n06-t128-b00001-falternating-s07,Standard,0,true,3,4,2,0,2,0,0,0,0,0,0,0,1,4,4,4,172,172,876,18837,126,7,5,4,10
irregular-n06-t128-b00001-falternating-s07,Standard,1,true,3,4,2,0,2,0,0,0,0,0,0,0,48,192,124,124,1836,1836,5605,65083,224,8,6,4,10
irregular-n06-t128-b00001-falternating-s07,Standard,2,true,2,3,1,0,1,0,0,0,0,0,0,0,4,12,12,12,318,318,930,21168,158,8,7,4,10
irregular-n06-t128-b00001-falternating-s07,Standard,3,true,3,4,2,0,2,0,0,0,0,0,0,0,16,64,64,64,1344,1344,4398,67889,200,8,7,4,10
irregular-n06-t128-b00001-falternating-s07,Accelerated,0,true,0,2,0,0,0,0,0,0,0,0,1,0,1,2,2,2,86,86,362,6429,60,6,4,3,10
irregular-n06-t128-b00001-falternating-s07,Accelerated,1,true,0,2,0,0,0,0,0,0,0,0,1,0,48,96,62,62,918,918,2655,27545,84,7,5,4,10
irregular-n06-t128-b00001-falternating-s07,Accelerated,2,true,0,2,0,0,0,0,0,0,0,0,1,0,4,8,8,8,212,212,666,14739,158,8,5,4,10
irregular-n06-t128-b00001-falternating-s07,Accelerated,3,true,1,3,0,1,1,0,0,0,0,1,0,1,16,48,48,48,1008,1008,3352,49933,200,8,6,4,10
irregular-n06-t128-b00001-falternating-s08,Standard,0,true,2,3,1,0,1,0,0,0,0,0,0,0,1,3,3,3,129,129,726,17270,152,8,6,4,10
irregular-n06-t128-b00001-falternating-s08,Standard,1,true,2,3,1,0,1,0,0,0,0,0,0,0,66,198,138,138,2010,2010,6232,73987,270,9,7,4,10
irregular-n06-t128-b00001-falternating-s08,Standard,2,true,4,5,3,0,3,0,0,0,0,0,0,0,4,20,20,20,530,530,1960,46359,200,8,9,5,10
irregular-n06-t128-b00001-falternating-s08,Standard,3,true,4,5,3,0,3,0,0,0,0,0,0,0,22,110,110,110,2310,2310,8694,147846,324,9,8,5,10
irregular-n06-t128-b00001-falternating-s08,Accelerated,0,true,0,2,0,0,0,0,0,0,0,0,1,0,1,2,2,2,86,86,435,9139,76,7,4,3,10
irregular-n06-t128-b00001-falternating-s08,Accelerated,1,true,0,2,0,0,0,0,0,0,0,0,1,0,66,132,92,92,1340,1340,4067,45468,108,7,6,4,10
irregular-n06-t128-b00001-falternating-s08,Accelerated,2,true,2,5,0,2,2,1,1,0,0,1,0,1,4,20,20,20,530,530,2201,51137,3600,12,10,8,13
irregular-n06-t128-b00001-falternating-s08,Accelerated,3,true,2,5,0,2,2,1,1,0,0,1,0,1,22,110,110,110,2310,2310,9110,151067,2952,12,11,7,12
irregular-n06-t128-b00001-falternating-s09,Standard,0,true,3,4,2,0,2,0,0,0,0,0,0,0,1,4,4,4,172,172,1241,36549,470,9,8,5,10
irregular-n06-t128-b00001-falternating-s09,Standard,1,true,2,3,1,0,1,0,0,0,0,0,0,0,78,234,153,153,2301,2301,8015,107485,848,10,9,5,10
irregular-n06-t128-b00001-falternating-s09,Standard,2,true,3,4,2,0,2,0,0,0,0,0,0,0,4,16,16,16,424,424,2058,51758,500,9,8,5,10
irregular-n06-t128-b00001-falternating-s09,Standard,3,true,3,4,2,0,2,0,0,0,0,0,0,0,26,104,104,104,2184,2184,9222,164174,634,10,8,5,10
irregular-n06-t128-b00001-falternating-s09,Accelerated,0,true,1,3,0,1,1,0,0,0,0,1,0,1,1,3,3,3,129,129,886,25298,416,9,5,5,10
irregular-n06-t128-b00001-falternating-s09,Accelerated,1,true,1,3,0,1,1,0,0,0,0,1,0,1,78,234,153,153,2301,2301,8015,107485,848,10,9,5,10
irregular-n06-t128-b00001-falternating-s09,Accelerated,2,true,1,3,0,1,1,0,0,0,0,1,0,1,4,12,12,12,318,318,1510,37786,500,9,7,5,10
irregular-n06-t128-b00001-falternating-s09,Accelerated,3,true,1,3,0,1,1,0,0,0,0,1,0,1,26,78,78,78,1638,1638,6816,121241,634,10,7,5,10
irregular-n06-t128-b00001-falternating-s10,Standard,0,true,2,3,1,0,1,0,0,0,0,0,0,0,1,3,3,3,129,129,722,17362,354,9,7,5,10
irregular-n06-t128-b00001-falternating-s10,Standard,1,true,2,3,1,0,1,0,0,0,0,0,0,0,60,180,81,81,1245,1245,3921,47138,342,9,8,4,10
irregular-n06-t128-b00001-falternating-s10,Standard,2,true,4,5,3,0,3,0,0,0,0,0,0,0,4,20,20,20,530,530,2040,46748,474,9,9,5,10
irregular-n06-t128-b00001-falternating-s10,Standard,3,true,3,4,2,0,2,0,0,0,0,0,0,0,20,80,80,80,1680,1680,5918,98874,496,9,9,5,10
irregular-n06-t128-b00001-falternating-s10,Accelerated,0,true,1,3,0,1,1,0,0,0,0,1,0,1,1,3,3,3,129,129,720,16765,354,9,5,5,10
irregular-n06-t128-b00001-falternating-s10,Accelerated,1,true,1,3,0,1,1,0,0,0,0,1,0,1,60,180,81,81,1245,1245,3915,46110,342,9,8,4,10
irregular-n06-t128-b00001-falternating-s10,Accelerated,2,true,2,5,0,2,2,1,1,0,0,1,0,1,4,20,20,20,530,530,2261,50260,3864,12,10,7,13
irregular-n06-t128-b00001-falternating-s10,Accelerated,3,true,1,3,0,1,1,0,0,0,0,1,0,1,20,60,60,60,1260,1260,4569,74268,496,9,7,5,10
irregular-n06-t128-b00001-falternating-s11,Standard,0,true,2,3,1,0,1,0,0,0,0,0,0,0,1,3,3,3,129,129,760,19045,296,9,7,5,10
irregular-n06-t128-b00001-falternating-s11,Standard,1,true,2,3,1,0,1,0,0,0,0,0,0,0,60,180,144,144,2160,2160,6987,84365,456,9,8,4,10
irregular-n06-t128-b00001-falternating-s11,Standard,2,true,3,4,2,0,2,0,0,0,0,0,0,0,4,16,16,16,424,424,1680,37363,352,9,8,4,10
irregular-n06-t128-b00001-falternating-s11,Standard,3,true,3,4,2,0,2,0,0,0,0,0,0,0,20,80,80,80,1680,1680,6174,97631,350,9,8,4,10
irregular-n06-t128-b00001-falternating-s11,Accelerated,0,true,1,3,0,1,1,0,0,0,0,1,0,1,1,3,3,3,129,129,762,18800,296,9,5,5,10
irregular-n06-t128-b00001-falternating-s11,Accelerated,1,true,0,2,0,0,0,0,0,0,0,0,1,0,60,120,96,96,1440,1440,4544,52124,312,9,7,4,10
irregular-n06-t128-b00001-falternating-s11,Accelerated,2,true,1,3,0,1,1,0,0,0,0,1,0,1,4,12,12,12,318,318,1276,28307,352,9,5,4,10
irregular-n06-t128-b00001-falternating-s11,Accelerated,3,true,1,3,0,1,1,0,0,0,0,1,0,1,20,60,60,60,1260,1260,4644,72593,350,9,7,4,10
irregular-n06-t128-b00001-falternating-s12,Standard,0,true,2,3,1,0,1,0,0,0,0,0,0,0,1,3,3,3,129,129,803,20833,202,8,7,4,10
irregular-n06-t128-b00001-falternating-s12,Standard,1,true,2,3,1,0,1,0,0,0,0,0,0,0,72,216,150,150,2190,2190,7165,91039,398,9,8,4,10
irregular-n06-t128-b00001-falternating-s12,Standard,2,true,3,4,2,0,2,0,0,0,0,0,0,0,4,16,16,16,424,424,1651,39642,314,9,8,5,10
irregular-n06-t128-b00001-falternating-s12,Standard,3,true,3,4,2,0,2,0,0,0,0,0,0,0,24,96,96,96,2016,2016,7759,137149,398,9,8,5,10
irregular-n06-t128-b00001-falternating-s12,Accelerated,0,true,1,3,0,1,1,0,0,0,0,1,0,1,1,3,3,3,129,129,795,20426,202,8,5,4,10
irregular-n06-t128-b00001-falternating-s12,Accelerated,1,true,1,3,0,1,1,0,0,0,0,1,0,1,72,216,150,150,2190,2190,7149,90399,398,9,8,4,10
irregular-n06-t128-b00001-falternating-s12,Accelerated,2,true,1,3,0,1,1,0,0,0,0,1,0,1,4,12,12,12,318,318,1364,32104,314,9,7,5,10
irregular-n06-t128-b00001-falternating-s12,Accelerated,3,true,1,3,0,1,1,0,0,0,0,1,0,1,24,72,72,72,1512,1512,5958,102710,398,9,7,5,10
irregular-n06-t128-b00001-falternating-s13,Standard,0,true,2,3,1,0,1,0,0,0,0,0,0,0,1,3,3,3,129,129,812,22104,310,9,8,4,10
irregular-n06-t128-b00001-falternating-s13,Standard,1,true,2,3,1,0,1,0,0,0,0,0,0,0,72,216,138,138,2082,2082,6936,88854,556,10,8,5,10
irregular-n06-t128-b00001-falternating-s13,Standard,2,true,3,4,2,0,2,0,0,0,0,0,0,0,4,16,16,16,424,424,1703,41302,260,9,8,4,10
irregular-n06-t128-b00001-falternating-s13,Standard,3,true,4,5,3,0,3,0,0,0,0,0,0,0,24,120,120,120,2520,2520,10125,169907,516,10,8,4,10
irregular-n06-t128-b00001-falternating-s13,Accelerated,0,true,1,3,0,1,1,0,0,0,0,1,0,1,1,3,3,3,129,129,812,22016,310,9,5,4,10
irregular-n06-t128-b00001-falternating-s13,Accelerated,1,true,1,3,0,1,1,0,0,0,0,1,0,1,72,216,138,138,2082,2082,6936,88854,556,10,8,5,10
irregular-n06-t128-b00001-falternating-s13,Accelerated,2,true,2,5,0,2,2,1,0,1,0,1,0,1,4,20,20,20,530,530,2479,57975,3880,12,12,6,12
irregular-n06-t128-b00001-falternating-s13,Accelerated,3,true,2,5,0,2,2,1,1,0,0,1,0,1,24,120,120,120,2520,2520,10262,171372,5592,13,12,8,13
irregular-n06-t128-b00001-falternating-s14,Standard,0,true,2,3,1,0,1,0,0,0,0,0,0,0,1,3,3,3,129,129,639,13326,72,7,5,3,10
irregular-n06-t128-b00001-falternating-s14,Standard,1,true,3,4,2,0,2,0,0,0,0,0,0,0,54,216,144,144,2096,2096,6339,72083,164,8,6,4,10
irregular-n06-t128-b00001-falternating-s14,Standard,2,true,2,3,1,0,1,0,0,0,0,0,0,0,4,12,12,12,318,318,914,21219,130,8,8,4,10
irregular-n06-t128-b00001-falternating-s14,Standard,3,true,3,4,2,0,2,0,0,0,0,0,0,0,18,72,72,72,1512,1512,5051,78976,204,8,8,4,10
irregular-n06-t128-b00001-falternating-s14,Accelerated,0,true,0,2,0,0,0,0,0,0,0,0,1,0,1,2,2,2,86,86,368,6710,60,6,4,3,10
irregular-n06-t128-b00001-falternating-s14,Accelerated,1,true,0,2,0,0,0,0,0,0,0,0,1,0,54,108,72,72,1048,1048,3005,30731,38,6,5,4,10
irregular-n06-t128-b00001-falternating-s14,Accelerated,2,true,1,3,0,1,1,0,0,0,0,1,0,1,4,12,12,12,318,318,1068,23524,130,8,6,4,10
irregular-n06-t128-b00001-falternating-s14,Accelerated,3,true,1,3,0,1,1,0,0,0,0,1,0,1,18,54,54,54,1134,1134,3886,58905,204,8,7,4,10
irregular-n06-t128-b00001-falternating-s15,Standard,0,false,0,1,0,0,0,0,0,0,0,0,0,0,1,1,0,0,0,0,0,0,0,0,1,1,2
irregular-n06-t128-b00001-falternating-s15,Standard,1,true,2,3,1,0,1,0,0,0,0,0,0,0,78,234,192,192,2832,2832,9204,113572,442,9,8,4,10
irregular-n06-t128-b00001-falternating-s15,Standard,2,true,3,4,2,0,2,0,0,0,0,0,0,0,4,16,16,16,424,424,1761,45495,388,9,9,5,10
irregular-n06-t128-b00001-falternating-s15,Standard,3,true,4,5,3,0,3,0,0,0,0,0,0,0,26,130,130,130,2730,2730,10455,189128,520,10,9,5,10
irregular-n06-t128-b00001-falternating-s15,Accelerated,0,false,0,1,0,0,0,0,0,0,0,0,0,0,1,1,0,0,0,0,0,0,0,0,1,1,2
irregular-n06-t128-b00001-falternating-s15,Accelerated,1,true,1,3,0,1,1,0,0,0,0,1,0,1,78,234,192,192,2832,2832,9204,113144,442,9,8,4,10
irregular-n06-t128-b00001-falternating-s15,Accelerated,2,true,2,5,0,2,2,1,1,0,0,1,0,1,4,20,20,20,530,530,2542,64770,9104,14,11,9,14
irregular-n06-t128-b00001-falternating-s15,Accelerated,3,true,2,5,0,2,2,1,0,1,0,1,0,1,26,130,130,130,2730,2730,11035,193930,8040,13,12,8,13
irregular-n06-t128-b00001-falternating-s16,Standard,0,true,2,3,1,0,1,0,0,0,0,0,0,0,1,3,3,3,129,129,555,10343,104,7,5,4,10
irregular-n06-t128-b00001-falternating-s16,Standard,1,true,3,4,2,0,2,0,0,0,0,0,0,0,48,192,136,136,2056,2056,6021,65315,166,8,6,4,10
irregular-n06-t128-b00001-falternating-s16,Standard,2,true,3,4,2,0,2,0,0,0,0,0,0,0,4,16,16,16,424,424,1332,28859,126,7,7,4,10
irregular-n06-t128-b00001-falternating-s16,Standard,3,true,3,4,2,0,2,0,0,0,0,0,0,0,16,64,64,64,1344,1344,4207,62724,180,8,7,4,10
irregular-n06-t128-b00001-falternating-s16,Accelerated,0,true,0,2,0,0,0,0,0,0,0,0,1,0,1,2,2,2,86,86,315,4909,26,5,3,2,10
irregular-n06-t128-b00001-falternating-s16,Accelerated,1,true,0,2,0,0,0,0,0,0,0,0,1,0,48,96,68,68,1028,1028,2847,27786,76,7,5,4,10
irregular-n06-t128-b00001-falternating-s16,Accelerated,2,true,1,3,0,1,1,0,0,0,0,1,0,1,4,12,12,12,318,318,1088,22940,126,7,5,4,10
irregular-n06-t128-b00001-falternating-s16,Accelerated,3,true,1,3,0,1,1,0,0,0,0,1,0,1,16,48,48,48,1008,1008,3186,45575,180,8,6,4,10
irregular-n06-t128-b00001-falternating-s17,Standard,0,true,2,3,1,0,1,0,0,0,0,0,0,0,1,3,3,3,129,129,692,15752,280,9,6,4,10
irregular-n06-t128-b00001-falternating-s17,Standard,1,true,2,3,1,0,1,0,0,0,0,0,0,0,60,180,87,87,1299,1299,3868,44186,282,9,7,4,10
irregular-n06-t128-b00001-falternating-s17,Standard,2,true,3,4,2,0,2,0,0,0,0,0,0,0,4,16,16,16,424,424,1489,33416,432,9,9,5,10
irregular-n06-t128-b00001-falternating-s17,Standard,3,true,4,5,3,0,3,0,0,0,0,0,0,0,20,100,100,100,2100,2100,7493,122522,450,9,9,5,10
irregular-n06-t128-b00001-falternating-s17,Accelerated,0,true,0,2,0,0,0,0,0,0,0,0,1,0,1,2,2,2,86,86,411,8365,80,7,4,4,10
irregular-n06-t128-b00001-falternating-s17,Accelerated,1,true,1,3,0,1,1,0,0,0,0,1,0,1,60,180,87,87,1299,1299,3786,41729,282,9,7,4,10
irregular-n06-t128-b00001-falternating-s17,Accelerated,2,true,1,3,0,1,1,0,0,0,0,1,0,1,4,12,12,12,318,318,1238,27206,432,9,6,5,10
irregular-n06-t128-b00001-falternating-s17,Accelerated,3,true,2,5,0,2,2,1,1,0,0,1,0,1,20,100,100,100,2100,2100,7871,125262,7524,13,11,8,14
irregular-n06-t128-b00001-falternating-s18,Standard,0,true,2,3,1,0,1,0,0,0,0,0,0,0,1,3,3,3,129,129,757,18258,156,8,6,3,10
irregular-n06-t128-b00001-falternating-s18,Standard,1,true,2,3,1,0,1,0,0,0,0,0,0,0,66,198,138,138,1986,1986,6165,72994,290,9,7,4,10
irregular-n06-t128-b00001-falternating-s18,Standard,2,true,3,4,2,0,2,0,0,0,0,0,0,0,4,16,16,16,424,424,1488,35772,326,9,9,5,10
irregular-n06-t128-b00001-falternating-s18,Standard,3,true,3,4,2,0,2,0,0,0,0,0,0,0,22,88,88,88,1848,1848,6715,113222,410,9,9,5,10
irregular-n06-t128-b00001-falternating-s18,Accelerated,0,true,0,2,0,0,0,0,0,0,0,0,1,0,1,2,2,2,86,86,444,9608,126,7,4,3,10
irregular-n06-t128-b00001-falternating-s18,Accelerated,1,true,0,2,0,0,0,0,0,0,0,0,1,0,66,132,92,92,1324,1324,3951,43557,58,6,5,4,10
irregular-n06-t128-b00001-falternating-s18,Accelerated,2,true,1,3,0,1,1,0,0,0,0,1,0,1,4,12,12,12,318,318,1228,29160,326,9,5,5,10
irregular-n06-t128-b00001-falternating-s18,Accelerated,3,true,1,3,0,1,1,0,0,0,0,1,0,1,22,66,66,66,1386,1386,5215,85764,410,9,7,5,10
irregular-n06-t128-b00001-falternating-s19,Standard,0,true,2,3,1,0,1,0,0,0,0,0,0,0,1,3,3,3,129,129,803,20029,416,9,7,5,10
irregular-n06-t128-b00001-falternating-s19,Standard,1,true,2,3,1,0,1,0,0,0,0,0,0,0,72,216,186,186,2658,2658,8230,98837,460,9,8,4,10
irregular-n06-t128-b00001-falternating-s19,Standard,2,true,3,4,2,0,2,0,0,0,0,0,0,0,4,16,16,16,424,424,1633,38668,600,10,10,5,10
irregular-n06-t128-b00001-falternating-s19,Standard,3,true,3,4,2,0,2,0,0,0,0,0,0,0,24,96,96,96,2016,2016,7468,132520,648,10,10,5,10
irregular-n06-t128-b00001-falternating-s19,Accelerated,0,true,0,2,0,0,0,0,0,0,0,0,1,0,1,2,2,2,86,86,480,10912,156,8,4,4,10
irregular-n06-t128-b00001-falternating-s19,Accelerated,1,true,0,2,0,0,0,0,0,0,0,0,1,0,72,144,124,124,1772,1772,5320,60358,360,9,8,4,10
irregular-n06-t128-b00001-falternating-s19,Accelerated,2,true,1,3,0,1,1,0,0,0,0,1,0,1,4,12,12,12,318,318,1361,31769,600,10,6,5,10
irregular-n06-t128-b00001-falternating-s19,Accelerated,3,true,1,3,0,1,1,0,0,0,0,1,0,1,24,72,72,72,1512,1512,5826,101408,648,10,7,5,10
irregular-n06-t128-b00001-falternating-s20,Standard,0,true,2,3,1,0,1,0,0,0,0,0,0,0,1,3,3,3,129,129,852,23584,524,10,8,5,10
irregular-n06-t128-b00001-falternating-s20,Standard,1,true,2,3,1,0,1,0,0,0,0,0,0,0,78,234,105,105,1581,1581,5291,68406,454,9,8,4,10
irregular-n06-t128-b00001-falternating-s20,Standard,2,true,3,4,2,0,2,0,0,0,0,0,0,0,4,16,16,16,424,424,1796,45952,682,10,9,5,10
irregular-n06-t128-b00001-falternating-s20,Standard,3,true,4,5,3,0,3,0,0,0,0,0,0,0,26,130,130,130,2730,2730,11122,198632,694,10,9,5,10
irregular-n06-t128-b00001-falternating-s20,Accelerated,0,true,1,3,0,1,1,0,0,0,0,1,0,1,1,3,3,3,129,129,853,23509,524,10,6,5,10
irregular-n06-t128-b00001-falternating-s20,Accelerated,1,true,1,3,0,1,1,0,0,0,0,1,0,1,78,234,105,105,1581,1581,5291,68356,454,9,8,4,10
irregular-n06-t128-b00001-falternating-s20,Accelerated,2,true,1,3,0,1,1,0,0,0,0,1,0,1,4,12,12,12,318,318,1472,36967,682,10,8,5,10
irregular-n06-t128-b00001-falternating-s20,Accelerated,3,true,2,5,0,2,2,1,1,0,0,1,0,1,26,130,130,130,2730,2730,11429,199289,8396,14,12,8,14
irregular-n06-t128-b00001-frandom-s01,Standard,0,true,3,4,2,0,2,0,0,0,0,0,0,0,1,4,4,4,172,172,1040,27328,304,9,7,5,10
irregular-n06-t128-b00001-frandom-s01,Standard,1,true,3,4,2,0,2,0,0,0,0,0,0,0,144,576,480,480,7008,7008,21656,267069,348,9,8,5,10
irregular-n06-t128-b00001-frandom-s01,Standard,2,true,3,4,2,0,2,0,0,0,0,0,0,0,5,20,20,20,620,620,2286,57666,320,9,9,5,10
irregular-n06-t128-b00001-frandom-s01,Standard,3,true,3,4,2,0,2,0,0,0,0,0,0,0,24,96,96,96,2016,2016,7184,126429,444,9,9,5,10
irregular-n06-t128-b00001-frandom-s01,Accelerated,0,true,2,5,0,2,2,1,0,1,0,1,0,1,1,5,5,5,215,215,1221,30081,416,9,8,5,10
irregular-n06-t128-b00001-frandom-s01,Accelerated,1,true,0,2,0,0,0,0,0,0,0,0,1,0,144,288,240,240,3504,3504,10401,113125,52,6,6,5,10
irregular-n06-t128-b00001-frandom-s01,Accelerated,2,true,1,3,0,1,1,0,0,0,0,1,0,1,5,15,15,15,465,465,1849,45958,320,9,5,5,10
irregular-n06-t128-b00001-frandom-s01,Accelerated,3,true,1,3,0,1,1,0,0,0,0,1,0,1,24,72,72,72,1512,1512,5542,95317,360,9,7,5,10
irregular-n06-t128-b00001-frandom-s02,Standard,0,true,2,3,1,0,1,0,0,0,0,0,0,0,1,3,3,3,129,129,646,14559,190,8,6,4,10
irregular-n06-t128-b00001-frandom-s02,Standard,1,true,3,4,2,0,2,0,0,0,0,0,0,0,100,400,316,316,4588,4588,13035,148390,318,9,7,4,10
irregular-n06-t128-b00001-frandom-s02,Standard,2,true,3,4,2,0,2,0,0,0,0,0,0,0,4,16,16,16,496,496,1683,37811,252,8,9,5,10
irregular-n06-t128-b00001-frandom-s02,Standard,3,true,3,4,2,0,2,0,0,0,0,0,0,0,20,80,80,80,1680,1680,5568,88295,336,9,9,5,10
irregular-n06-t128-b00001-frandom-s02,Accelerated,0,true,1,3,0,1,1,0,0,0,0,1,0,1,1,3,3,3,129,129,615,12622,190,8,5,4,10
irregular-n06-t128-b00001-frandom-s02,Accelerated,1,true,0,2,0,0,0,0,0,0,0,0,1,0,100,200,158,158,2294,2294,6431,66021,50,6,5,4,10
irregular-n06-t128-b00001-frandom-s02,Accelerated,2,true,1,3,0,1,1,0,0,0,0,1,0,1,4,12,12,12,372,372,1375,29855,240,8,5,5,10
irregular-n06-t128-b00001-frandom-s02,Accelerated,3,true,1,3,0,1,1,0,0,0,0,1,0,1,20,60,60,60,1260,1260,4284,65379,296,9,7,5,10
irregular-n06-t128-b00001-frandom-s03,Standard,0,true,2,3,1,0,1,0,0,0,0,0,0,0,1,3,3,3,129,129,576,13174,340,9,8,5,10
irregular-n06-t128-b00001-frandom-s03,Standard,1,true,3,4,2,0,2,0,0,0,0,0,0,0,120,480,400,400,5840,5840,16425,206219,384,9,7,5,10
irregular-n06-t128-b00001-frandom-s03,Standard,2,true,2,3,1,0,1,0,0,0,0,0,0,0,5,15,15,15,465,465,1605,37503,336,9,9,5,10
irregular-n06-t128-b00001-frandom-s03,Standard,3,true,2,3,1,0,1,0,0,0,0,0,0,0,20,60,60,60,1260,1260,4272,73994,350,9,9,5,10
irregular-n06-t128-b00001-frandom-s03,Accelerated,0,true,1,3,0,1,1,0,0,0,0,1,0,1,1,3,3,3,129,129,611,12598,340,9,6,5,10
irregular-n06-t128-b00001-frandom-s03,Accelerated,1,true,2,5,0,2,2,1,0,1,0,1,0,1,120,600,500,500,7300,7300,20558,242837,944,10,10,6,10
irregular-n06-t128-b00001-frandom-s03,Accelerated,2,true,0,2,0,0,0,0,0,0,0,0,1,0,5,10,10,10,310,310,1196,26948,336,9,6,5,10
irregular-n06-t128-b00001-frandom-s03,Accelerated,3,true,0,2,0,0,0,0,0,0,0,0,1,0,20,40,40,40,840,840,2929,49646,350,9,8,5,10
irregular-n06-t128-b00001-frandom-s04,Standard,0,true,3,4,2,0,2,0,0,0,0,0,0,0,1,4,4,4,172,172,669,14461,108,7,4,4,10
irregular-n06-t128-b00001-frandom-s04,Standard,1,true,2,3,1,0,1,0,0,0,0,0,0,0,80,240,198,198,2910,2910,7849,90541,186,8,7,4,10
irregular-n06-t128-b00001-frandom-s04,Standard,2,true,3,4,2,0,2,0,0,0,0,0,0,0,5,20,20,20,620,620,1816,40772,116,7,8,4,10
irregular-n06-t128-b00001-frandom-s04,Standard,3,true,3,4,2,0,2,0,0,0,0,0,0,0,16,64,64,64,1344,1344,4031,63871,224,8,8,4,10
irregular-n06-t128-b00001-frandom-s04,Accelerated,0,true,0,2,0,0,0,0,0,0,0,0,1,0,1,2,2,2,86,86,276,4091,16,5,4,3,10
irregular-n06-t128-b00001-frandom-s04,Accelerated,1,true,1,3,0,1,1,0,0,0,0,1,0,1,80,240,198,198,2910,2910,7847,89467,186,8,7,4,10
irregular-n06-t128-b00001-frandom-s04,Accelerated,2,true,1,3,0,1,1,0,0,0,0,1,0,1,5,15,15,15,465,465,1477,32679,116,7,5,4,10
irregular-n06-t128-b00001-frandom-s04,Accelerated,3,true,2,5,0,2,2,1,0,1,0,1,0,1,16,80,80,80,1680,1680,5264,79750,1648,11,10,7,12
irregular-n06-t128-b00001-frandom-s05,Standard,0,true,2,3,1,0,1,0,0,0,0,0,0,0,1,3,3,3,129,129,729,19802,288,9,7,5,10
irregular-n06-t128-b00001-frandom-s05,Standard,1,true,3,4,2,0,2,0,0,0,0,0,0,0,96,384,276,276,4004,4004,12145,147446,474,9,8,5,10
irregular-n06-t128-b00001-frandom-s05,Standard,2,true,3,4,2,0,2,0,0,0,0,0,0,0,5,20,20,20,620,620,2319,57982,428,9,9,5,10
irregular-n06-t128-b00001-frandom-s05,Standard,3,true,2,3,1,0,1,0,0,0,0,0,0,0,24,72,72,72,1512,1512,5267,94707,468,9,9,5,10
irregular-n06-t128-b00001-frandom-s05,Accelerated,0,true,1,3,0,1,1,0,0,0,0,1,0,1,1,3,3,3,129,129,733,19577,288,9,6,5,10
irregular-n06-t128-b00001-frandom-s05,Accelerated,1,true,0,2,0,0,0,0,0,0,0,0,1,0,96,192,138,138,2002,2002,5792,62130,62,6,6,5,10
irregular-n06-t128-b00001-frandom-s05,Accelerated,2,true,1,3,0,1,1,0,0,0,0,1,0,1,5,15,15,15,465,465,1890,46483,428,9,6,5,10
irregular-n06-t128-b00001-frandom-s05,Accelerated,3,true,0,2,0,0,0,0,0,0,0,0,1,0,24,48,48,48,1008,1008,3629,63908,468,9,8,5,10
irregular-n06-t128-b00001-frandom-s06,Standard,0,true,2,3,1,0,1,0,0,0,0,0,0,0,1,3,3,3,129,129,393,5269,22,5,3,3,10
irregular-n06-t128-b00001-frandom-s06,Standard,1,true,2,3,1,0,1,0,0,0,0,0,0,0,90,270,228,228,3300,3300,8797,96234,34,6,5,3,10
irregular-n06-t128-b00001-frandom-s06,Standard,2,true,2,3,1,0,1,0,0,0,0,0,0,0,5,15,15,15,465,465,1390,32841,210,8,9,5,10
irregular-n06-t128-b00001-frandom-s06,Standard,3,true,2,3,1,0,1,0,0,0,0,0,0,0,18,54,54,54,1134,1134,3472,57784,404,9,9,5,10
irregular-n06-t128-b00001-frandom-s06,Accelerated,0,true,0,2,0,0,0,0,0,0,0,0,1,0,1,2,2,2,86,86,252,3071,20,5,3,3,10
irregular-n06-t128-b00001-frandom-s06,Accelerated,1,true,0,2,0,0,0,0,0,0,0,0,1,0,90,180,152,152,2200,2200,5860,59399,34,6,5,3,10
irregular-n06-t128-b00001-frandom-s06,Accelerated,2,true,0,2,0,0,0,0,0,0,0,0,1,0,5,10,10,10,310,310,1033,23868,158,8,5,5,10
irregular-n06-t128-b00001-frandom-s06,Accelerated,3,true,0,2,0,0,0,0,0,0,0,0,1,0,18,36,36,36,756,756,2388,38742,196,8,7,5,10
irregular-n06-t128-b00001-frandom-s07,Standard,0,true,3,4,2,0,2,0,0,0,0,0,0,0,1,4,4,4,172,172,743,15811,126,7,5,4,10
irregular-n06-t128-b00001-frandom-s07,Standard,1,true,2,3,1,0,1,0,0,0,0,0,0,0,80,240,198,198,2910,2910,7961,92560,218,8,7,4,10
irregular-n06-t128-b00001-frandom-s07,Standard,2,true,2,3,1,0,1,0,0,0,0,0,0,0,5,15,15,15,465,465,1321,30314,136,8,8,4,10
irregular-n06-t128-b00001-frandom-s07,Standard,3,true,2,3,1,0,1,0,0,0,0,0,0,0,16,48,48,48,1008,1008,3064,50190,238,8,8,4,10
irregular-n06-t128-b00001-frandom-s07,Accelerated,0,true,1,3,0,1,1,0,0,0,0,1,0,1,1,3,3,3,129,129,515,9806,52,6,4,3,10
irregular-n06-t128-b00001-frandom-s07,Accelerated,1,true,1,3,0,1,1,0,0,0,0,1,0,1,80,240,198,198,2910,2910,7990,91407,218,8,7,4,10
irregular-n06-t128-b00001-frandom-s07,Accelerated,2,true,0,2,0,0,0,0,0,0,0,0,1,0,5,10,10,10,310,310,962,21566,136,8,6,4,10
irregular-n06-t128-b00001-frandom-s07,Accelerated,3,true,0,2,0,0,0,0,0,0,0,0,1,0,16,32,32,32,672,672,2086,33171,238,8,6,4,10
irregular-n06-t128-b00001-frandom-s08,Standard,0,true,3,4,2,0,2,0,0,0,0,0,0,0,1,4,4,4,172,172,948,23655,268,9,7,4,10
irregular-n06-t128-b00001-frandom-s08,Standard,1,true,2,3,1,0,1,0,0,0,0,0,0,0,110,330,276,276,4020,4020,12280,148296,326,9,8,4,10
irregular-n06-t128-b00001-frandom-s08,Standard,2,true,2,3,1,0,1,0,0,0,0,0,0,0,5,15,15,15,465,465,1717,42593,336,9,9,5,10
irregular-n06-t128-b00001-frandom-s08,Standard,3,true,3,4,2,0,2,0,0,0,0,0,0,0,22,88,88,88,1848,1848,6674,113887,350,9,9,5,10
irregular-n06-t128-b00001-frandom-s08,Accelerated,0,true,2,5,0,2,2,1,0,1,0,1,0,1,1,5,5,5,215,215,1115,25863,336,9,8,5,10
irregular-n06-t128-b00001-frandom-s08,Accelerated,1,true,1,3,0,1,1,0,0,0,0,1,0,1,110,330,276,276,4020,4020,12275,146446,326,9,8,4,10
irregular-n06-t128-b00001-frandom-s08,Accelerated,2,true,0,2,0,0,0,0,0,0,0,0,1,0,5,10,10,10,310,310,1284,31048,336,9,6,5,10
irregular-n06-t128-b00001-frandom-s08,Accelerated,3,true,1,3,0,1,1,0,0,0,0,1,0,1,22,66,66,66,1386,1386,5154,85482,350,9,7,5,10
irregular-n06-t128-b00001-frandom-s09,Standard,0,true,2,3,1,0,1,0,0,0,0,0,0,0,1,3,3,3,129,129,617,15700,302,9,8,5,10
irregular-n06-t128-b00001-frandom-s09,Standard,1,true,3,4,2,0,2,0,0,0,0,0,0,0,156,624,356,356,5300,5300,16050,218148,336,9,7,4,10
irregular-n06-t128-b00001-frandom-s09,Standard,2,true,2,3,1,0,1,0,0,0,0,0,0,0,4,12,12,12,372,372,1492,37284,318,9,8,4,10
irregular-n06-t128-b00001-frandom-s09,Standard,3,true,3,4,2,0,2,0,0,0,0,0,0,0,26,104,104,104,2184,2184,8432,146959,310,9,8,4,10
irregular-n06-t128-b00001-frandom-s09,Accelerated,0,true,1,3,0,1,1,0,0,0,0,1,0,1,1,3,3,3,129,129,674,16022,302,9,7,5,10
irregular-n06-t128-b00001-frandom-s09,Accelerated,1,true,0,2,0,0,0,0,0,0,0,0,1,0,156,312,178,178,2650,2650,8039,96161,42,6,6,4,10
irregular-n06-t128-b00001-frandom-s09,Accelerated,2,true,0,2,0,0,0,0,0,0,0,0,1,0,4,8,8,8,248,248,1060,26030,318,9,6,4,10
irregular-n06-t128-b00001-frandom-s09,Accelerated,3,true,1,3,0,1,1,0,0,0,0,1,0,1,26,78,78,78,1638,1638,6484,109921,310,9,7,4,10
irregular-n06-t128-b00001-frandom-s10,Standard,0,false,0,1,0,0,0,0,0,0,0,0,0,0,1,1,0,0,0,0,0,0,0,0,1,1,2
irregular-n06-t128-b00001-frandom-s10,Standard,1,true,3,4,2,0,2,0,0,0,0,0,0,0,40,160,140,140,1980,1980,5180,50149,112,7,6,3,10
irregular-n06-t128-b00001-frandom-s10,Standard,2,true,2,3,1,0,1,0,0,0,0,0,0,0,5,15,15,15,465,465,1158,29606,416,9,10,5,10
irregular-n06-t128-b00001-frandom-s10,Standard,3,true,2,3,1,0,1,0,0,0,0,0,0,0,20,60,60,60,1260,1260,3876,67272,624,10,10,5,10
irregular-n06-t128-b00001-frandom-s10,Accelerated,0,false,0,1,0,0,0,0,0,0,0,0,0,0,1,1,0,0,0,0,0,0,0,0,1,1,2
irregular-n06-t128-b00001-frandom-s10,Accelerated,1,true,0,2,0,0,0,0,0,0,0,0,1,0,40,80,70,70,990,990,2601,24255,54,6,6,3,10
irregular-n06-t128-b00001-frandom-s10,Accelerated,2,true,0,2,0,0,0,0,0,0,0,0,1,0,5,10,10,10,310,310,777,19765,208,8,5,5,10
irregular-n06-t128-b00001-frandom-s10,Accelerated,3,true,0,2,0,0,0,0,0,0,0,0,1,0,20,40,40,40,840,840,2608,44029,338,9,7,5,10
irregular-n06-t128-b00001-frandom-s11,Standard,0,true,2,3,1,0,1,0,0,0,0,0,0,0,1,3,3,3,129,129,512,12301,154,8,7,5,10
irregular-n06-t128-b00001-frandom-s11,Standard,1,true,2,3,1,0,1,0,0,0,0,0,0,0,120,360,300,300,4380,4380,11904,142176,212,8,7,5,10
irregular-n06-t128-b00001-frandom-s11,Standard,2,true,2,3,1,0,1,0,0,0,0,0,0,0,6,18,18,18,558,558,1794,43400,210,8,9,5,10
irregular-n06-t128-b00001-frandom-s11,Standard,3,true,2,3,1,0,1,0,0,0,0,0,0,0,20,60,60,60,1260,1260,4166,70185,266,9,8,5,10
irregular-n06-t128-b00001-frandom-s11,Accelerated,0,true,1,3,0,1,1,0,0,0,0,1,0,1,1,3,3,3,129,129,501,11702,154,8,6,5,10
irregular-n06-t128-b00001-frandom-s11,Accelerated,1,true,1,3,0,1,1,0,0,0,0,1,0,1,120,360,300,300,4380,4380,12254,146308,212,8,7,5,10
irregular-n06-t128-b00001-frandom-s11,Accelerated,2,true,0,2,0,0,0,0,0,0,0,0,1,0,6,12,12,12,372,372,1302,30944,210,8,5,5,10
irregular-n06-t128-b00001-frandom-s11,Accelerated,3,true,0,2,0,0,0,0,0,0,0,0,1,0,20,40,40,40,840,840,2808,46108,200,8,7,5,10
irregular-n06-t128-b00001-frandom-s12,Standard,0,true,2,3,1,0,1,0,0,0,0,0,0,0,1,3,3,3,129,129,574,14489,352,9,8,5,10
irregular-n06-t128-b00001-frandom-s12,Standard,1,true,2,3,1,0,1,0,0,0,0,0,0,0,144,432,360,360,5256,5256,15433,206954,438,9,8,5,10
irregular-n06-t128-b00001-frandom-s12,Standard,2,true,2,3,1,0,1,0,0,0,0,0,0,0,5,15,15,15,465,465,1756,45407,312,9,9,5,10
irregular-n06-t128-b00001-frandom-s12,Standard,3,true,3,4,2,0,2,0,0,0,0,0,0,0,24,96,96,96,2016,2016,7570,137829,318,9,8,5,10
irregular-n06-t128-b00001-frandom-s12,Accelerated,0,true,1,3,0,1,1,0,0,0,0,1,0,1,1,3,3,3,129,129,582,14889,352,9,8,5,10
irregular-n06-t128-b00001-frandom-s12,Accelerated,1,true,1,3,0,1,1,0,0,0,0,1,0,1,144,432,360,360,5256,5256,15772,212000,438,9,8,5,10
irregular-n06-t128-b00001-frandom-s12,Accelerated,2,true,0,2,0,0,0,0,0,0,0,0,1,0,5,10,10,10,310,310,1303,33033,312,9,6,5,10
irregular-n06-t128-b00001-frandom-s12,Accelerated,3,true,1,3,0,1,1,0,0,0,0,1,0,1,24,72,72,72,1512,1512,5854,104735,318,9,7,5,10
irregular-n06-t128-b00001-frandom-s13,Standard,0,true,3,4,2,0,2,0,0,0,0,0,0,0,1,4,4,4,172,172,948,21091,158,8,6,4,10
irregular-n06-t128-b00001-frandom-s13,Standard,1,true,2,3,1,0,1,0,0,0,0,0,0,0,96,288,237,237,3489,3489,10252,118552,180,8,7,5,10
irregular-n06-t128-b00001-frandom-s13,Standard,2,true,2,3,1,0,1,0,0,0,0,0,0,0,6,18,18,18,558,558,2004,50022,324,9,10,5,10
irregular-n06-t128-b00001-frandom-s13,Standard,3,true,2,3,1,0,1,0,0,0,0,0,0,0,24,72,72,72,1512,1512,5156,89805,516,10,10,5,10
irregular-n06-t128-b00001-frandom-s13,Accelerated,0,true,2,5,0,2,2,1,0,1,0,1,0,1,1,5,5,5,215,215,1168,24198,248,8,6,5,10
irregular-n06-t128-b00001-frandom-s13,Accelerated,1,true,1,3,0,1,1,0,0,0,0,1,0,1,96,288,237,237,3489,3489,10267,117428,180,8,7,5,10
irregular-n06-t128-b00001-frandom-s13,Accelerated,2,true,0,2,0,0,0,0,0,0,0,0,1,0,6,12,12,12,372,372,1470,35694,310,9,6,5,10
irregular-n06-t128-b00001-frandom-s13,Accelerated,3,true,0,2,0,0,0,0,0,0,0,0,1,0,24,48,48,48,1008,1008,3530,59418,354,9,8,5,10
irregular-n06-t128-b00001-frandom-s14,Standard,0,true,2,3,1,0,1,0,0,0,0,0,0,0,1,3,3,3,129,129,565,13144,266,9,8,5,10
irregular-n06-t128-b00001-frandom-s14,Standard,1,true,3,4,2,0,2,0,0,0,0,0,0,0,90,360,196,196,2964,2964,8184,88565,322,9,8,4,10
irregular-n06-t128-b00001-frandom-s14,Standard,2,true,3,4,2,0,2,0,0,0,0,0,0,0,4,16,16,16,424,424,1425,27845,316,9,8,4,10
irregular-n06-t128-b00001-frandom-s14,Standard,3,true,4,5,3,0,3,0,0,0,0,0,0,0,18,90,90,90,1890,1890,6108,91251,312,9,8,4,10
irregular-n06-t128-b00001-frandom-s14,Accelerated,0,true,1,3,0,1,1,0,0,0,0,1,0,1,1,3,3,3,129,129,538,12197,266,9,8,5,10
irregular-n06-t128-b00001-frandom-s14,Accelerated,1,true,2,5,0,2,2,1,0,1,0,1,0,1,90,450,245,245,3705,3705,10277,109444,592,10,9,5,10
irregular-n06-t128-b00001-frandom-s14,Accelerated,2,true,1,3,0,1,1,0,0,0,0,1,0,1,4,12,12,12,318,318,1141,21385,316,9,6,4,10
irregular-n06-t128-b00001-frandom-s14,Accelerated,3,true,2,5,0,2,2,1,0,1,0,1,0,1,18,90,90,90,1890,1890,6264,88178,2716,12,11,7,12
irregular-n06-t128-b00001-frandom-s15,Standard,0,true,2,3,1,0,1,0,0,0,0,0,0,0,1,3,3,3,129,129,801,22203,366,9,8,5,10
irregular-n06-t128-b00001-frandom-s15,Standard,1,true,2,3,1,0,1,0,0,0,0,0,0,0,104,312,219,219,3231,3231,10321,126100,568,10,8,5,10
irregular-n06-t128-b00001-frandom-s15,Standard,2,true,3,4,2,0,2,0,0,0,0,0,0,0,6,24,24,24,744,744,3259,83709,374,9,9,5,10
irregular-n06-t128-b00001-frandom-s15,Standard,3,true,3,4,2,0,2,0,0,0,0,0,0,0,26,104,104,104,2184,2184,8417,148108,522,10,9,5,10
irregular-n06-t128-b00001-frandom-s15,Accelerated,0,true,1,3,0,1,1,0,0,0,0,1,0,1,1,3,3,3,129,129,803,22018,366,9,7,5,10
irregular-n06-t128-b00001-frandom-s15,Accelerated,1,true,1,3,0,1,1,0,0,0,0,1,0,1,104,312,219,219,3231,3231,10335,126028,568,10,8,5,10
irregular-n06-t128-b00001-frandom-s15,Accelerated,2,true,1,3,0,1,1,0,0,0,0,1,0,1,6,18,18,18,558,558,2689,67712,374,9,6,5,10
irregular-n06-t128-b00001-frandom-s15,Accelerated,3,true,1,3,0,1,1,0,0,0,0,1,0,1,26,78,78,78,1638,1638,6531,111572,522,10,8,5,10
irregular-n06-t128-b00001-frandom-s16,Standard,0,true,3,4,2,0,2,0,0,0,0,0,0,0,1,4,4,4,172,172,683,12557,70,7,4,3,10
irregular-n06-t128-b00001-frandom-s16,Standard,1,true,2,3,1,0,1,0,0,0,0,0,0,0,64,192,159,159,2331,2331,6313,68521,116,7,6,4,10
irregular-n06-t128-b00001-frandom-s16,Standard,2,true,2,3,1,0,1,0,0,0,0,0,0,0,4,12,12,12,372,372,1030,23074,148,8,8,4,10
irregular-n06-t128-b00001-frandom-s16,Standard,3,true,4,5,3,0,3,0,0,0,0,0,0,0,16,80,80,80,1680,1680,5073,75421,174,8,8,4,10
irregular-n06-t128-b00001-frandom-s16,Accelerated,0,true,0,2,0,0,0,0,0,0,0,0,1,0,1,2,2,2,86,86,258,3471,20,5,3,3,10
irregular-n06-t128-b00001-frandom-s16,Accelerated,1,true,1,3,0,1,1,0,0,0,0,1,0,1,64,192,159,159,2331,2331,6241,66199,116,7,6,4,10
irregular-n06-t128-b00001-frandom-s16,Accelerated,2,true,0,2,0,0,0,0,0,0,0,0,1,0,4,8,8,8,248,248,756,16381,148,8,5,4,10
irregular-n06-t128-b00001-frandom-s16,Accelerated,3,true,2,5,0,2,2,1,0,1,0,1,0,1,16,80,80,80,1680,1680,5254,75083,1608,11,10,7,12
irregular-n06-t128-b00001-frandom-s17,Standard,0,true,2,3,1,0,1,0,0,0,0,0,0,0,1,3,3,3,129,129,569,14136,282,9,8,5,10
irregular-n06-t128-b00001-frandom-s17,Standard,1,true,2,3,1,0,1,0,0,0,0,0,0,0,120,360,300,300,4380,4380,12316,150738,372,9,8,5,10
irregular-n06-t128-b00001-frandom-s17,Standard,2,true,2,3,1,0,1,0,0,0,0,0,0,0,6,18,18,18,558,558,2001,48090,266,9,8,4,10
irregular-n06-t128-b00001-frandom-s17,Standard,3,true,2,3,1,0,1,0,0,0,0,0,0,0,20,60,48,48,1008,1008,3493,57883,220,8,7,4,10
irregular-n06-t128-b00001-frandom-s17,Accelerated,0,true,1,3,0,1,1,0,0,0,0,1,0,1,1,3,3,3,129,129,600,15084,282,9,7,5,10
irregular-n06-t128-b00001-frandom-s17,Accelerated,1,true,1,3,0,1,1,0,0,0,0,1,0,1,120,360,300,300,4380,4380,12353,150826,372,9,8,5,10
irregular-n06-t128-b00001-frandom-s17,Accelerated,2,true,0,2,0,0,0,0,0,0,0,0,1,0,6,12,12,12,372,372,1378,32731,266,9,6,4,10
irregular-n06-t128-b00001-frandom-s17,Accelerated,3,true,0,2,0,0,0,0,0,0,0,0,1,0,20,40,32,32,672,672,2317,37703,220,8,6,4,10
irregular-n06-t128-b00001-frandom-s18,Standard,0,true,3,4,2,0,2,0,0,0,0,0,0,0,1,4,4,4,172,172,814,15560,86,7,4,3,10
irregular-n06-t128-b00001-frandom-s18,Standard,1,true,2,3,1,0,1,0,0,0,0,0,0,0,110,330,276,276,4020,4020,11327,121565,104,7,7,4,10
irregular-n06-t128-b00001-frandom-s18,Standard,2,true,2,3,1,0,1,0,0,0,0,0,0,0,4,12,12,12,372,372,1196,29501,280,9,9,5,10
irregular-n06-t128-b00001-frandom-s18,Standard,3,true,2,3,1,0,1,0,0,0,0,0,0,0,22,66,66,66,1386,1386,4569,78266,400,9,9,5,10
irregular-n06-t128-b00001-frandom-s18,Accelerated,0,true,0,2,0,0,0,0,0,0,0,0,1,0,1,2,2,2,86,86,341,5452,26,5,3,3,10
irregular-n06-t128-b00001-frandom-s18,Accelerated,1,true,0,2,0,0,0,0,0,0,0,0,1,0,110,220,184,184,2680,2680,7438,75090,100,7,7,4,10
irregular-n06-t128-b00001-frandom-s18,Accelerated,2,true,0,2,0,0,0,0,0,0,0,0,1,0,4,8,8,8,248,248,880,21304,280,9,5,5,10
irregular-n06-t128-b00001-frandom-s18,Accelerated,3,true,0,2,0,0,0,0,0,0,0,0,1,0,22,44,44,44,924,924,3119,51580,304,9,7,5,10
irregular-n06-t128-b00001-frandom-s19,Standard,0,true,2,3,1,0,1,0,0,0,0,0,0,0,1,3,3,3,129,129,691,20209,360,9,8,5,10
irregular-n06-t128-b00001-frandom-s19,Standard,1,true,2,3,1,0,1,0,0,0,0,0,0,0,120,360,297,297,4365,4365,13186,171552,532,10,9,5,10
irregular-n06-t128-b00001-frandom-s19,Standard,2,true,3,4,2,0,2,0,0,0,0,0,0,0,5,20,20,20,620,620,2390,62936,312,9,9,5,10
irregular-n06-t128-b00001-frandom-s19,Standard,3,true,2,3,1,0,1,0,0,0,0,0,0,0,24,72,72,72,1512,1512,5469,98300,408,9,9,5,10
irregular-n06-t128-b00001-frandom-s19,Accelerated,0,true,1,3,0,1,1,0,0,0,0,1,0,1,1,3,3,3,129,129,683,19069,360,9,6,5,10
irregular-n06-t128-b00001-frandom-s19,Accelerated,1,true,1,3,0,1,1,0,0,0,0,1,0,1,120,360,297,297,4365,4365,13191,171546,532,10,9,5,10
irregular-n06-t128-b00001-frandom-s19,Accelerated,2,true,1,3,0,1,1,0,0,0,0,1,0,1,5,15,15,15,465,465,1862,49303,330,9,8,5,10
irregular-n06-t128-b00001-frandom-s19,Accelerated,3,true,0,2,0,0,0,0,0,0,0,0,1,0,24,48,48,48,1008,1008,3629,64248,408,9,8,5,10
irregular-n06-t128-b00001-frandom-s20,Standard,0,true,2,3,1,0,1,0,0,0,0,0,0,0,1,3,3,3,129,129,795,22460,202,8,6,5,10
irregular-n06-t128-b00001-frandom-s20,Standard,1,true,2,3,1,0,1,0,0,0,0,0,0,0,104,312,261,261,3801,3801,11854,147581,234,8,7,5,10
irregular-n06-t128-b00001-frandom-s20,Standard,2,true,2,3,1,0,1,0,0,0,0,0,0,0,6,18,18,18,558,558,2114,56013,354,9,10,5,10
irregular-n06-t128-b00001-frandom-s20,Standard,3,true,2,3,1,0,1,0,0,0,0,0,0,0,26,78,78,78,1638,1638,5886,109228,506,9,9,5,10
irregular-n06-t128-b00001-frandom-s20,Accelerated,0,true,1,3,0,1,1,0,0,0,0,1,0,1,1,3,3,3,129,129,788,22117,202,8,6,5,10
irregular-n06-t128-b00001-frandom-s20,Accelerated,1,true,1,3,0,1,1,0,0,0,0,1,0,1,104,312,261,261,3801,3801,11901,146315,234,8,7,5,10
irregular-n06-t128-b00001-frandom-s20,Accelerated,2,true,0,2,0,0,0,0,0,0,0,0,1,0,6,12,12,12,372,372,1548,40335,354,9,6,5,10
irregular-n06-t128-b00001-frandom-s20,Accelerated,3,true,0,2,0,0,0,0,0,0,0,0,1,0,26,52,52,52,1092,1092,4062,73781,370,9,8,5,10
irregular-n06-t128-b00008-falternating-s01,Standard,0,true,2,3,1,0,1,0,0,0,0,0,0,0,1,3,3,3,129,129,888,25309,2762796,22,19,11,22
irregular-n06-t128-b00008-falternating-s01,Standard,1,true,2,3,1,0,1,0,0,0,0,0,0,0,72,216,96,96,1488,1488,5226,69711,3246342,22,21,11,22
irregular-n06-t128-b00008-falternating-s01,Standard,2,true,3,4,2,0,2,0,0,0,0,0,0,0,4,16,16,16,424,424,1935,46738,3102028,22,21,11,22
irregular-n06-t128-b00008-falternating-s01,Standard,3,true,3,4,2,0,2,0,0,0,0,0,0,0,24,96,96,96,2016,2016,7890,135594,2849506,22,21,11,22
irregular-n06-t128-b00008-falternating-s01,Accelerated,0,true,1,3,0,1,1,0,0,0,0,1,0,1,1,3,3,3,129,129,888,25309,2762796,22,17,11,22
irregular-n06-t128-b00008-falternating-s01,Accelerated,1,true,1,3,0,1,1,0,0,0,0,1,0,1,72,216,96,96,1488,1488,5226,69711,3246342,22,21,11,22
irregular-n06-t128-b00008-falternating-s01,Accelerated,2,true,1,3,0,1,1,0,0,0,0,1,0,1,4,12,12,12,318,318,1456,34835,3102028,22,20,11,22
irregular-n06-t128-b00008-falternating-s01,Accelerated,3,true,1,3,0,1,1,0,0,0,0,1,0,1,24,72,72,72,1512,1512,5987,101339,3236560,22,20,11,22
irregular-n06-t128-b00008-falternating-s02,Standard,0,true,2,3,1,0,1,0,0,0,0,0,0,0,1,3,3,3,129,129,757,19218,3267390,22,20,11,22
irregular-n06-t128-b00008-falternating-s02,Standard,1,true,3,4,2,0,2,0,0,0,0,0,0,0,60,240,156,156,2316,2316,7453,93478,5764170,23,21,11,23
irregular-n06-t128-b00008-falternating-s02,Standard,2,true,3,4,2,0,2,0,0,0,0,0,0,0,4,16,16,16,424,424,1532,35201,3579618,22,22,11,22
irregular-n06-t128-b00008-falternating-s02,Standard,3,true,3,4,2,0,2,0,0,0,0,0,0,0,20,80,80,80,1680,1680,6099,98051,4814192,23,21,11,23
irregular-n06-t128-b00008-falternating-s02,Accelerated,0,true,1,3,0,1,1,0,0,0,0,1,0,1,1,3,3,3,129,129,757,19146,3267390,22,15,11,22
irregular-n06-t128-b00008-falternating-s02,Accelerated,1,true,2,5,0,2,2,1,0,1,0,1,0,1,60,300,195,195,2895,2895,9291,115865,1938152760,31,30,20,31
irregular-n06-t128-b00008-falternating-s02,Accelerated,2,true,2,5,0,2,2,1,1,0,0,1,0,1,4,20,20,20,530,530,2236,50118,3898942884,32,31,20,33
irregular-n06-t128-b00008-falternating-s02,Accelerated,3,true,1,3,0,1,1,0,0,0,0,1,0,1,20,60,60,60,1260,1260,4580,72795,4814192,23,21,11,23
irregular-n06-t128-b00008-falternating-s03,Standard,0,true,3,4,2,0,2,0,0,0,0,0,0,0,1,4,4,4,172,172,1094,27164,933118,20,18,10,20
irregular-n06-t128-b00008-falternating-s03,Standard,1,true,3,4,2,0,2,0,0,0,0,0,0,0,60,240,164,164,2388,2388,7741,98054,1793312,21,20,10,21
irregular-n06-t128-b00008-falternating-s03,Standard,2,true,4,5,3,0,3,0,0,0,0,0,0,0,4,20,20,20,530,530,2017,45773,1156172,21,20,10,21
irregular-n06-t128-b00008-falternating-s03,Standard,3,true,4,5,3,0,3,0,0,0,0,0,0,0,20,100,100,100,2100,2100,8035,133387,1614768,21,20,10,21
irregular-n06-t128-b00008-falternating-s03,Accelerated,0,true,0,2,0,0,0,0,0,0,0,0,1,0,1,2,2,2,86,86,488,11206,272600,19,10,10,19
irregular-n06-t128-b00008-falternating-s03,Accelerated,1,true,1,3,0,1,1,0,0,0,0,1,0,1,60,180,123,123,1791,1791,5747,71342,1214956,21,19,10,21
irregular-n06-t128-b00008-falternating-s03,Accelerated,2,true,2,5,0,2,2,1,1,0,0,1,0,1,4,20,20,20,530,530,2279,50194,1086847816,31,27,20,31
irregular-n06-t128-b00008-falternating-s03,Accelerated,3,true,2,5,0,2,2,1,1,0,0,1,0,1,20,100,100,100,2100,2100,8280,134128,617641152,30,28,18,30
irregular-n06-t128-b00008-falternating-s04,Standard,0,true,2,3,1,0,1,0,0,0,0,0,0,0,1,3,3,3,129,129,639,13589,2769040,22,20,11,22
irregular-n06-t128-b00008-falternating-s04,Standard,1,true,2,3,1,0,1,0,0,0,0,0,0,0,48,144,120,120,1752,1752,5197,59620,3673392,22,21,11,22
irregular-n06-t128-b00008-falternating-s04,Standard,2,true,3,4,2,0,2,0,0,0,0,0,0,0,4,16,16,16,424,424,1427,28708,3659952,22,21,11,22
irregular-n06-t128-b00008-falternating-s04,Standard,3,true,4,5,3,0,3,0,0,0,0,0,0,0,16,80,80,80,1680,1680,5563,86167,3538948,22,21,11,22
irregular-n06-t128-b00008-falternating-s04,Accelerated,0,true,1,3,0,1,1,0,0,0,0,1,0,1,1,3,3,3,129,129,639,13289,2769040,22,18,11,22
irregular-n06-t128-b00008-falternating-s04,Accelerated,1,true,0,2,0,0,0,0,0,0,0,0,1,0,48,96,80,80,1168,1168,3427,38082,2750864,22,21,11,22
irregular-n06-t128-b00008-falternating-s04,Accelerated,2,true,1,3,0,1,1,0,0,0,0,1,0,1,4,12,12,12,318,318,1086,21494,3659952,22,20,11,22
irregular-n06-t128-b00008-falternating-s04,Accelerated,3,true,2,5,0,2,2,1,1,0,0,1,0,1,16,80,80,80,1680,1680,5834,87000,2962750272,32,31,19,32
irregular-n06-t128-b00008-falternating-s05,Standard,0,true,2,3,1,0,1,0,0,0,0,0,0,0,1,3,3,3,129,129,881,25012,4488426,23,22,11,23
irregular-n06-t128-b00008-falternating-s05,Standard,1,true,2,3,1,0,1,0,0,0,0,0,0,0,72,216,93,93,1425,1425,4831,62350,3949772,22,21,11,22
irregular-n06-t128-b00008-falternating-s05,Standard,2,true,3,4,2,0,2,0,0,0,0,0,0,0,4,16,16,16,424,424,1927,46936,4692280,23,21,11,23
irregular-n06-t128-b00008-falternating-s05,Standard,3,true,4,5,3,0,3,0,0,0,0,0,0,0,24,120,120,120,2520,2520,10202,173151,5012486,23,21,11,23
irregular-n06-t128-b00008-falternating-s05,Accelerated,0,true,1,3,0,1,1,0,0,0,0,1,0,1,1,3,3,3,129,129,881,25012,4488426,23,20,11,23
irregular-n06-t128-b00008-falternating-s05,Accelerated,1,true,1,3,0,1,1,0,0,0,0,1,0,1,72,216,93,93,1425,1425,4831,62350,3949772,22,21,11,22
irregular-n06-t128-b00008-falternating-s05,Accelerated,2,true,1,3,0,1,1,0,0,0,0,1,0,1,4,12,12,12,318,318,1427,34485,4692280,23,21,11,23
irregular-n06-t128-b00008-falternating-s05,Accelerated,3,true,2,5,0,2,2,1,1,0,0,1,0,1,24,120,120,120,2520,2520,10262,172626,3453721112,32,31,18,32
irregular-n06-t128-b00008-falternating-s06,Standard,0,true,4,5,3,0,3,0,0,0,0,0,0,0,1,5,5,5,215,215,1244,26549,2494436,22,19,11,22
irregular-n06-t128-b00008-falternating-s06,Standard,1,true,3,4,2,0,2,0,0,0,0,0,0,0,54,216,108,108,1564,1564,4671,55243,2707286,22,20,10,22
irregular-n06-t128-b00008-falternating-s06,Standard,2,true,2,3,1,0,1,0,0,0,0,0,0,0,4,12,12,12,318,318,906,20305,4147634,22,22,11,23
irregular-n06-t128-b00008-falternating-s06,Standard,3,true,4,5,3,0,3,0,0,0,0,0,0,0,18,90,90,90,1890,1890,6521,106936,4399470,23,22,11,23
irregular-n06-t128-b00008-falternating-s06,Accelerated,0,true,0,2,0,0,0,0,0,0,0,0,1,0,1,2,2,2,86,86,431,8260,595840,20,11,11,20
irregular-n06-t128-b00008-falternating-s06,Accelerated,1,true,0,2,0,0,0,0,0,0,0,0,1,0,54,108,54,54,782,782,2239,24655,709956,20,18,10,20
irregular-n06-t128-b00008-falternating-s06,Accelerated,2,true,0,2,0,0,0,0,0,0,0,0,1,0,4,8,8,8,212,212,684,14990,4147634,22,12,11,23
irregular-n06-t128-b00008-falternating-s06,Accelerated,3,true,2,5,0,2,2,1,0,1,0,1,0,1,18,90,90,90,1890,1890,6886,109994,6523679064,33,32,22,33
irregular-n06-t128-b00008-falternating-s07,Standard,0,true,3,4,2,0,2,0,0,0,0,0,0,0,1,4,4,4,172,172,954,21679,1320368,21,18,10,21
irregular-n06-t128-b00008-falternating-s07,Standard,1,true,3,4,2,0,2,0,0,0,0,0,0,0,48,192,124,124,1836,1836,5746,69453,2500420,22,20,11,22
irregular-n06-t128-b00008-falternating-s07,Standard,2,true,3,4,2,0,2,0,0,0,0,0,0,0,4,16,16,16,424,424,1364,28807,1308048,21,20,10,21
irregular-n06-t128-b00008-falternating-s07,Standard,3,true,3,4,2,0,2,0,0,0,0,0,0,0,16,64,64,64,1344,1344,4546,69657,1808190,21,19,10,21
irregular-n06-t128-b00008-falternating-s07,Accelerated,0,true,0,2,0,0,0,0,0,0,0,0,1,0,1,2,2,2,86,86,432,8857,338912,19,10,10,19
irregular-n06-t128-b00008-falternating-s07,Accelerated,1,true,0,2,0,0,0,0,0,0,0,0,1,0,48,96,62,62,918,918,2789,31604,1108588,21,19,11,21
irregular-n06-t128-b00008-falternating-s07,Accelerated,2,true,2,5,0,2,2,1,1,0,0,1,0,1,4,20,20,20,530,530,1975,40150,1471183616,31,28,20,31
irregular-n06-t128-b00008-falternating-s07,Accelerated,3,true,1,3,0,1,1,0,0,0,0,1,0,1,16,48,48,48,1008,1008,3433,52059,1808190,21,19,10,21
irregular-n06-t128-b00008-falternating-s08,Standard,0,true,2,3,1,0,1,0,0,0,0,0,0,0,1,3,3,3,129,129,815,20995,1560444,21,20,11,21
irregular-n06-t128-b00008-falternating-s08,Standard,1,true,2,3,1,0,1,0,0,0,0,0,0,0,66,198,138,138,2010,2010,6478,82322,3438600,22,21,11,22
irregular-n06-t128-b00008-falternating-s08,Standard,2,true,2,3,1,0,1,0,0,0,0,0,0,0,4,12,12,12,318,318,1320,29495,1028066,20,19,10,20
irregular-n06-t128-b00008-falternating-s08,Standard,3,true,3,4,2,0,2,0,0,0,0,0,0,0,22,88,88,88,1848,1848,7182,119760,1896890,21,20,10,21
irregular-n06-t128-b00008-falternating-s08,Accelerated,0,true,1,3,0,1,1,0,0,0,0,1,0,1,1,3,3,3,129,129,815,20911,1560444,21,18,11,21
irregular-n06-t128-b00008-falternating-s08,Accelerated,1,true,1,3,0,1,1,0,0,0,0,1,0,1,66,198,138,138,2010,2010,6478,82200,3438600,22,21,11,22
irregular-n06-t128-b00008-falternating-s08,Accelerated,2,true,1,3,0,1,1,0,0,0,0,1,0,1,4,12,12,12,318,318,1320,29495,1337342,21,19,10,21
irregular-n06-t128-b00008-falternating-s08,Accelerated,3,true,1,3,0,1,1,0,0,0,0,1,0,1,22,66,66,66,1386,1386,5270,88625,2364056,22,20,10,22
irregular-n06-t128-b00008-falternating-s09,Standard,0,true,2,3,1,0,1,0,0,0,0,0,0,0,1,3,3,3,129,129,980,29286,2275914,22,20,11,22
irregular-n06-t128-b00008-falternating-s09,Standard,1,true,2,3,1,0,1,0,0,0,0,0,0,0,78,234,153,153,2301,2301,8127,110648,3967116,22,21,11,22
irregular-n06-t128-b00008-falternating-s09,Standard,2,true,3,4,2,0,2,0,0,0,0,0,0,0,4,16,16,16,424,424,1921,49017,1900400,21,21,11,22
irregular-n06-t128-b00008-falternating-s09,Standard,3,true,3,4,2,0,2,0,0,0,0,0,0,0,26,104,104,104,2184,2184,9234,162782,3159294,22,20,11,22
irregular-n06-t128-b00008-falternating-s09,Accelerated,0,true,1,3,0,1,1,0,0,0,0,1,0,1,1,3,3,3,129,129,980,29286,2275914,22,18,11,22
irregular-n06-t128-b00008-falternating-s09,Accelerated,1,true,1,3,0,1,1,0,0,0,0,1,0,1,78,234,153,153,2301,2301,8127,110648,3967116,22,21,11,22
irregular-n06-t128-b00008-falternating-s09,Accelerated,2,true,2,5,0,2,2,1,1,0,0,1,0,1,4,20,20,20,530,530,2738,68646,2578657104,32,29,20,32
irregular-n06-t128-b00008-falternating-s09,Accelerated,3,true,1,3,0,1,1,0,0,0,0,1,0,1,26,78,78,78,1638,1638,6806,119342,3159294,22,20,11,22
irregular-n06-t128-b00008-falternating-s10,Standard,0,true,2,3,1,0,1,0,0,0,0,0,0,0,1,3,3,3,129,129,772,19516,3020240,22,19,11,22
irregular-n06-t128-b00008-falternating-s10,Standard,1,true,2,3,1,0,1,0,0,0,0,0,0,0,60,180,81,81,1245,1245,4022,50899,3630482,22,21,11,22
irregular-n06-t128-b00008-falternating-s10,Standard,2,true,3,4,2,0,2,0,0,0,0,0,0,0,4,16,16,16,424,424,1677,36825,3753378,22,21,11,22
irregular-n06-t128-b00008-falternating-s10,Standard,3,true,3,4,2,0,2,0,0,0,0,0,0,0,20,80,80,80,1680,1680,5986,98989,4235576,23,21,11,23
irregular-n06-t128-b00008-falternating-s10,Accelerated,0,true,1,3,0,1,1,0,0,0,0,1,0,1,1,3,3,3,129,129,772,19432,3020240,22,17,11,22
irregular-n06-t128-b00008-falternating-s10,Accelerated,1,true,1,3,0,1,1,0,0,0,0,1,0,1,60,180,81,81,1245,1245,4022,50793,3630482,22,21,11,22
irregular-n06-t128-b00008-falternating-s10,Accelerated,2,true,1,3,0,1,1,0,0,0,0,1,0,1,4,12,12,12,318,318,1289,27780,3753378,22,20,11,22
irregular-n06-t128-b00008-falternating-s10,Accelerated,3,true,1,3,0,1,1,0,0,0,0,1,0,1,20,60,60,60,1260,1260,4587,74149,4235576,23,20,11,23
irregular-n06-t128-b00008-falternating-s11,Standard,0,true,2,3,1,0,1,0,0,0,0,0,0,0,1,3,3,3,129,129,812,20913,1871870,21,20,11,21
irregular-n06-t128-b00008-falternating-s11,Standard,1,true,2,3,1,0,1,0,0,0,0,0,0,0,60,180,144,144,2160,2160,7108,88036,2744220,22,20,10,22
irregular-n06-t128-b00008-falternating-s11,Standard,2,true,3,4,2,0,2,0,0,0,0,0,0,0,4,16,16,16,424,424,1748,39129,1886940,21,20,10,21
irregular-n06-t128-b00008-falternating-s11,Standard,3,true,3,4,2,0,2,0,0,0,0,0,0,0,20,80,80,80,1680,1680,6372,101579,1644610,21,19,10,21
irregular-n06-t128-b00008-falternating-s11,Accelerated,0,true,1,3,0,1,1,0,0,0,0,1,0,1,1,3,3,3,129,129,812,20849,1871870,21,18,11,21
irregular-n06-t128-b00008-falternating-s11,Accelerated,1,true,0,2,0,0,0,0,0,0,0,0,1,0,60,120,96,96,1440,1440,4665,55795,1782220,21,20,10,21
irregular-n06-t128-b00008-falternating-s11,Accelerated,2,true,1,3,0,1,1,0,0,0,0,1,0,1,4,12,12,12,318,318,1302,28999,1886940,21,19,10,21
irregular-n06-t128-b00008-falternating-s11,Accelerated,3,true,1,3,0,1,1,0,0,0,0,1,0,1,20,60,60,60,1260,1260,4652,73749,1644610,21,19,10,21
irregular-n06-t128-b00008-falternating-s12,Standard,0,true,2,3,1,0,1,0,0,0,0,0,0,0,1,3,3,3,129,129,873,23453,2372974,22,20,11,22
irregular-n06-t128-b00008-falternating-s12,Standard,1,true,2,3,1,0,1,0,0,0,0,0,0,0,72,216,150,150,2190,2190,7298,95571,5062622,23,21,11,23
irregular-n06-t128-b00008-falternating-s12,Standard,2,true,3,4,2,0,2,0,0,0,0,0,0,0,4,16,16,16,424,424,1708,41303,3113670,22,22,11,22
irregular-n06-t128-b00008-falternating-s12,Standard,3,true,3,4,2,0,2,0,0,0,0,0,0,0,24,96,96,96,2016,2016,8162,144229,3794840,22,21,11,22
irregular-n06-t128-b00008-falternating-s12,Accelerated,0,true,1,3,0,1,1,0,0,0,0,1,0,1,1,3,3,3,129,129,873,23383,2372974,22,17,11,22
irregular-n06-t128-b00008-falternating-s12,Accelerated,1,true,1,3,0,1,1,0,0,0,0,1,0,1,72,216,150,150,2190,2190,7298,95489,5062622,23,21,11,23
irregular-n06-t128-b00008-falternating-s12,Accelerated,2,true,1,3,0,1,1,0,0,0,0,1,0,1,4,12,12,12,318,318,1374,33093,3398438,22,21,11,22
irregular-n06-t128-b00008-falternating-s12,Accelerated,3,true,1,3,0,1,1,0,0,0,0,1,0,1,24,72,72,72,1512,1512,6100,106153,3794840,22,20,11,22
irregular-n06-t128-b00008-falternating-s13,Standard,0,true,3,4,2,0,2,0,0,0,0,0,0,0,1,4,4,4,172,172,1199,34122,2039984,21,20,10,21
irregular-n06-t128-b00008-falternating-s13,Standard,1,true,2,3,1,0,1,0,0,0,0,0,0,0,72,216,138,138,2082,2082,7028,91444,4250888,23,21,11,23
irregular-n06-t128-b00008-falternating-s13,Standard,2,true,4,5,3,0,3,0,0,0,0,0,0,0,4,20,20,20,530,530,2245,55018,2928742,22,21,11,22
irregular-n06-t128-b00008-falternating-s13,Standard,3,true,3,4,2,0,2,0,0,0,0,0,0,0,24,96,96,96,2016,2016,7943,136703,3473494,22,21,11,22
irregular-n06-t128-b00008-falternating-s13,Accelerated,0,true,1,3,0,1,1,0,0,0,0,1,0,1,1,3,3,3,129,129,874,24373,1792004,21,17,10,21
irregular-n06-t128-b00008-falternating-s13,Accelerated,1,true,1,3,0,1,1,0,0,0,0,1,0,1,72,216,138,138,2082,2082,7028,91444,4250888,23,21,11,23
irregular-n06-t128-b00008-falternating-s13,Accelerated,2,true,2,5,0,2,2,1,1,0,0,1,0,1,4,20,20,20,530,530,2497,59912,2795236996,32,30,19,32
irregular-n06-t128-b00008-falternating-s13,Accelerated,3,true,1,3,0,1,1,0,0,0,0,1,0,1,24,72,72,72,1512,1512,5948,101079,3473494,22,20,11,22
irregular-n06-t128-b00008-falternating-s14,Standard,0,true,3,4,2,0,2,0,0,0,0,0,0,0,1,4,4,4,172,172,979,22845,2036094,21,19,11,21
irregular-n06-t128-b00008-falternating-s14,Standard,1,true,3,4,2,0,2,0,0,0,0,0,0,0,54,216,144,144,2096,2096,6486,77592,3669462,22,21,11,22
irregular-n06-t128-b00008-falternating-s14,Standard,2,true,4,5,3,0,3,0,0,0,0,0,0,0,4,20,20,20,530,530,1888,40772,2770660,22,21,11,22
irregular-n06-t128-b00008-falternating-s14,Standard,3,true,3,4,2,0,2,0,0,0,0,0,0,0,18,72,72,72,1512,1512,5265,82285,2726042,22,20,11,22
irregular-n06-t128-b00008-falternating-s14,Accelerated,0,true,0,2,0,0,0,0,0,0,0,0,1,0,1,2,2,2,86,86,437,9267,629440,20,11,10,21
irregular-n06-t128-b00008-falternating-s14,Accelerated,1,true,1,3,0,1,1,0,0,0,0,1,0,1,54,162,108,108,1572,1572,4823,56425,2960040,22,20,11,22
irregular-n06-t128-b00008-falternating-s14,Accelerated,2,true,2,5,0,2,2,1,1,0,0,1,0,1,4,20,20,20,530,530,2110,44040,1932806400,31,29,19,32
irregular-n06-t128-b00008-falternating-s14,Accelerated,3,true,1,3,0,1,1,0,0,0,0,1,0,1,18,54,54,54,1134,1134,3982,61383,2726042,22,20,11,22
irregular-n06-t128-b00008-falternating-s15,Standard,0,false,0,1,0,0,0,0,0,0,0,0,0,0,1,1,0,0,0,0,0,0,0,0,1,1,2
irregular-n06-t128-b00008-falternating-s15,Standard,1,true,2,3,1,0,1,0,0,0,0,0,0,0,78,234,192,192,2832,2832,9443,122310,6295768,23,22,11,23
irregular-n06-t128-b00008-falternating-s15,Standard,2,true,3,4,2,0,2,0,0,0,0,0,0,0,4,16,16,16,424,424,2014,50426,4082934,22,21,11,22
irregular-n06-t128-b00008-falternating-s15,Standard,3,true,2,3,1,0,1,0,0,0,0,0,0,0,26,78,78,78,1638,1638,6620,116988,2396430,22,20,11,22
irregular-n06-t128-b00008-falternating-s15,Accelerated,0,false,0,1,0,0,0,0,0,0,0,0,0,0,1,1,0,0,0,0,0,0,0,0,1,1,2
irregular-n06-t128-b00008-falternating-s15,Accelerated,1,true,1,3,0,1,1,0,0,0,0,1,0,1,78,234,192,192,2832,2832,9443,122310,6295768,23,22,11,23
irregular-n06-t128-b00008-falternating-s15,Accelerated,2,true,1,3,0,1,1,0,0,0,0,1,0,1,4,12,12,12,318,318,1478,36627,4082934,22,21,11,22
irregular-n06-t128-b00008-falternating-s15,Accelerated,3,true,1,3,0,1,1,0,0,0,0,1,0,1,26,78,78,78,1638,1638,6620,116988,2948526,22,21,11,22
irregular-n06-t128-b00008-falternating-s16,Standard,0,true,2,3,1,0,1,0,0,0,0,0,0,0,1,3,3,3,129,129,689,15106,1831062,21,19,11,21
irregular-n06-t128-b00008-falternating-s16,Standard,1,true,2,3,1,0,1,0,0,0,0,0,0,0,48,144,102,102,1542,1542,4777,56730,3402940,22,20,11,22
irregular-n06-t128-b00008-falternating-s16,Standard,2,true,3,4,2,0,2,0,0,0,0,0,0,0,4,16,16,16,424,424,1351,27730,1590088,21,21,11,21
irregular-n06-t128-b00008-falternating-s16,Standard,3,true,3,4,2,0,2,0,0,0,0,0,0,0,16,64,64,64,1344,1344,4463,65968,2648842,22,20,11,22
irregular-n06-t128-b00008-falternating-s16,Accelerated,0,true,1,3,0,1,1,0,0,0,0,1,0,1,1,3,3,3,129,129,689,14672,1831062,21,17,11,21
irregular-n06-t128-b00008-falternating-s16,Accelerated,1,true,1,3,0,1,1,0,0,0,0,1,0,1,48,144,102,102,1542,1542,4777,56032,3402940,22,20,11,22
irregular-n06-t128-b00008-falternating-s16,Accelerated,2,true,2,5,0,2,2,1,1,0,0,1,0,1,4,20,20,20,530,530,1983,39071,1994739104,31,29,20,31
irregular-n06-t128-b00008-falternating-s16,Accelerated,3,true,1,3,0,1,1,0,0,0,0,1,0,1,16,48,48,48,1008,1008,3348,49296,2648842,22,20,11,22
irregular-n06-t128-b00008-falternating-s17,Standard,0,true,2,3,1,0,1,0,0,0,0,0,0,0,1,3,3,3,129,129,746,17689,2000748,21,18,11,21
irregular-n06-t128-b00008-falternating-s17,Standard,1,true,2,3,1,0,1,0,0,0,0,0,0,0,60,180,87,87,1299,1299,3953,46673,2171230,22,21,10,22
irregular-n06-t128-b00008-falternating-s17,Standard,2,true,3,4,2,0,2,0,0,0,0,0,0,0,4,16,16,16,424,424,1485,32990,2968104,22,22,11,22
irregular-n06-t128-b00008-falternating-s17,Standard,3,true,3,4,2,0,2,0,0,0,0,0,0,0,20,80,80,80,1680,1680,5841,95789,3223202,22,22,11,22
irregular-n06-t128-b00008-falternating-s17,Accelerated,0,true,1,3,0,1,1,0,0,0,0,1,0,1,1,3,3,3,129,129,746,17475,2000748,21,15,11,21
irregular-n06-t128-b00008-falternating-s17,Accelerated,1,true,1,3,0,1,1,0,0,0,0,1,0,1,60,180,87,87,1299,1299,3953,46077,2171230,22,21,10,22
irregular-n06-t128-b00008-falternating-s17,Accelerated,2,true,1,3,0,1,1,0,0,0,0,1,0,1,4,12,12,12,318,318,1237,26889,2968104,22,19,11,22
irregular-n06-t128-b00008-falternating-s17,Accelerated,3,true,1,3,0,1,1,0,0,0,0,1,0,1,20,60,60,60,1260,1260,4512,72133,3223202,22,21,11,22
irregular-n06-t128-b00008-falternating-s18,Standard,0,true,3,4,2,0,2,0,0,0,0,0,0,0,1,4,4,4,172,172,1141,30181,1091990,21,17,10,21
irregular-n06-t128-b00008-falternating-s18,Standard,1,true,3,4,2,0,2,0,0,0,0,0,0,0,66,264,184,184,2648,2648,8533,108126,2082704,21,20,10,21
irregular-n06-t128-b00008-falternating-s18,Standard,2,true,4,5,3,0,3,0,0,0,0,0,0,0,4,20,20,20,530,530,1960,46078,2054148,21,21,11,22
irregular-n06-t128-b00008-falternating-s18,Standard,3,true,4,5,3,0,3,0,0,0,0,0,0,0,22,110,110,110,2310,2310,8725,148488,2065298,21,21,11,21
irregular-n06-t128-b00008-falternating-s18,Accelerated,0,true,0,2,0,0,0,0,0,0,0,0,1,0,1,2,2,2,86,86,515,12835,323988,19,10,10,20
irregular-n06-t128-b00008-falternating-s18,Accelerated,1,true,1,3,0,1,1,0,0,0,0,1,0,1,66,198,138,138,1986,1986,6313,78002,1701776,21,20,10,21
irregular-n06-t128-b00008-falternating-s18,Accelerated,2,true,2,5,0,2,2,1,1,0,0,1,0,1,4,20,20,20,530,530,2169,50447,1950758784,31,26,21,32
irregular-n06-t128-b00008-falternating-s18,Accelerated,3,true,2,5,0,2,2,1,1,0,0,1,0,1,22,110,110,110,2310,2310,9143,152098,1110608516,31,29,19,31
irregular-n06-t128-b00008-falternating-s19,Standard,0,true,2,3,1,0,1,0,0,0,0,0,0,0,1,3,3,3,129,129,842,21978,2632540,22,18,11,22
irregular-n06-t128-b00008-falternating-s19,Standard,1,true,3,4,2,0,2,0,0,0,0,0,0,0,72,288,248,248,3544,3544,11302,141811,3577360,22,21,10,22
irregular-n06-t128-b00008-falternating-s19,Standard,2,true,3,4,2,0,2,0,0,0,0,0,0,0,4,16,16,16,424,424,1560,36930,5073720,23,23,12,23
irregular-n06-t128-b00008-falternating-s19,Standard,3,true,3,4,2,0,2,0,0,0,0,0,0,0,24,96,96,96,2016,2016,7573,134179,6001276,23,23,12,23
irregular-n06-t128-b00008-falternating-s19,Accelerated,0,true,1,3,0,1,1,0,0,0,0,1,0,1,1,3,3,3,129,129,842,21736,2632540,22,15,11,22
irregular-n06-t128-b00008-falternating-s19,Accelerated,1,true,1,3,0,1,1,0,0,0,0,1,0,1,72,216,186,186,2658,2658,8392,103356,2642796,22,21,10,22
irregular-n06-t128-b00008-falternating-s19,Accelerated,2,true,1,3,0,1,1,0,0,0,0,1,0,1,4,12,12,12,318,318,1288,30031,5073720,23,19,12,23
irregular-n06-t128-b00008-falternating-s19,Accelerated,3,true,1,3,0,1,1,0,0,0,0,1,0,1,24,72,72,72,1512,1512,5923,102893,6001276,23,21,12,23
irregular-n06-t128-b00008-falternating-s20,Standard,0,true,2,3,1,0,1,0,0,0,0,0,0,0,1,3,3,3,129,129,895,25632,5370228,23,21,11,23
irregular-n06-t128-b00008-falternating-s20,Standard,1,true,2,3,1,0,1,0,0,0,0,0,0,0,78,234,105,105,1581,1581,5360,71018,5527326,23,22,11,23
irregular-n06-t128-b00008-falternating-s20,Standard,2,true,3,4,2,0,2,0,0,0,0,0,0,0,4,16,16,16,424,424,1921,48583,6306132,23,22,11,23
irregular-n06-t128-b00008-falternating-s20,Standard,3,true,4,5,3,0,3,0,0,0,0,0,0,0,26,130,130,130,2730,2730,11198,198311,6231450,23,21,11,23
irregular-n06-t128-b00008-falternating-s20,Accelerated,0,true,1,3,0,1,1,0,0,0,0,1,0,1,1,3,3,3,129,129,895,25632,5370228,23,19,11,23
irregular-n06-t128-b00008-falternating-s20,Accelerated,1,true,1,3,0,1,1,0,0,0,0,1,0,1,78,234,105,105,1581,1581,5360,71018,5527326,23,22,11,23
irregular-n06-t128-b00008-falternating-s20,Accelerated,2,true,1,3,0,1,1,0,0,0,0,1,0,1,4,12,12,12,318,318,1488,37393,6306132,23,21,11,23
irregular-n06-t128-b00008-falternating-s20,Accelerated,3,true,2,5,0,2,2,1,1,0,0,1,0,1,26,130,130,130,2730,2730,11425,199480,5260559700,33,31,20,33
irregular-n06-t128-b00008-frandom-s01,Standard,0,true,3,4,2,0,2,0,0,0,0,0,0,0,1,4,4,4,172,172,997,28248,1892744,21,20,11,21
irregular-n06-t128-b00008-frandom-s01,Standard,1,true,3,4,2,0,2,0,0,0,0,0,0,0,144,576,480,480,7008,7008,21788,282832,1821296,21,21,11,21
irregular-n06-t128-b00008-frandom-s01,Standard,2,true,2,3,1,0,1,0,0,0,0,0,0,0,6,18,18,18,558,558,2043,52601,2119056,22,22,11,23
irregular-n06-t128-b00008-frandom-s01,Standard,3,true,3,4,2,0,2,0,0,0,0,0,0,0,24,96,96,96,2016,2016,7398,129456,2276000,22,21,11,22
irregular-n06-t128-b00008-frandom-s01,Accelerated,0,true,2,5,0,2,2,1,0,1,0,1,0,1,1,5,5,5,215,215,1171,31026,237929760,28,27,17,29
irregular-n06-t128-b00008-frandom-s01,Accelerated,1,true,0,2,0,0,0,0,0,0,0,0,1,0,144,288,240,240,3504,3504,10725,129669,678162,20,19,11,20
irregular-n06-t128-b00008-frandom-s01,Accelerated,2,true,0,2,0,0,0,0,0,0,0,0,1,0,6,12,12,12,372,372,1504,38051,2119056,22,12,11,23
irregular-n06-t128-b00008-frandom-s01,Accelerated,3,true,1,3,0,1,1,0,0,0,0,1,0,1,24,72,72,72,1512,1512,5703,97383,2043150,21,20,11,22
irregular-n06-t128-b00008-frandom-s02,Standard,0,true,3,4,2,0,2,0,0,0,0,0,0,0,1,4,4,4,172,172,977,26521,2532152,22,20,11,22
irregular-n06-t128-b00008-frandom-s02,Standard,1,true,3,4,2,0,2,0,0,0,0,0,0,0,120,480,336,336,4944,4944,14540,187035,3258192,22,21,11,22
irregular-n06-t128-b00008-frandom-s02,Standard,2,true,4,5,3,0,3,0,0,0,0,0,0,0,6,30,30,30,930,930,3575,81986,1949972,21,21,11,22
irregular-n06-t128-b00008-frandom-s02,Standard,3,true,3,4,2,0,2,0,0,0,0,0,0,0,20,80,80,80,1680,1680,5798,96773,2613176,22,21,11,22
irregular-n06-t128-b00008-frandom-s02,Accelerated,0,true,2,5,0,2,2,1,0,1,0,1,0,1,1,5,5,5,215,215,1184,29902,324521596,29,27,19,29
irregular-n06-t128-b00008-frandom-s02,Accelerated,1,true,2,5,0,2,2,1,0,1,0,1,0,1,120,600,420,420,6180,6180,18166,224212,782443776,30,30,19,30
irregular-n06-t128-b00008-frandom-s02,Accelerated,2,true,2,5,0,2,2,1,0,1,0,1,0,1,6,30,30,30,930,930,3976,87781,2108108712,31,30,20,31
irregular-n06-t128-b00008-frandom-s02,Accelerated,3,true,1,3,0,1,1,0,0,0,0,1,0,1,20,60,60,60,1260,1260,4457,73047,2613176,22,20,11,22
irregular-n06-t128-b00008-frandom-s03,Standard,0,true,2,3,1,0,1,0,0,0,0,0,0,0,1,3,3,3,129,129,552,14113,2121780,22,20,11,22
irregular-n06-t128-b00008-frandom-s03,Standard,1,true,2,3,1,0,1,0,0,0,0,0,0,0,120,360,282,282,4146,4146,11820,153892,2953754,22,21,11,23
irregular-n06-t128-b00008-frandom-s03,Standard,2,true,3,4,2,0,2,0,0,0,0,0,0,0,6,24,24,24,744,744,2826,67946,1707940,21,21,11,22
irregular-n06-t128-b00008-frandom-s03,Standard,3,true,3,4,2,0,2,0,0,0,0,0,0,0,20,80,80,80,1680,1680,5948,100330,2035660,21,21,11,22
irregular-n06-t128-b00008-frandom-s03,Accelerated,0,true,1,3,0,1,1,0,0,0,0,1,0,1,1,3,3,3,129,129,554,14167,2121780,22,20,11,22
irregular-n06-t128-b00008-frandom-s03,Accelerated,1,true,1,3,0,1,1,0,0,0,0,1,0,1,120,360,282,282,4146,4146,11885,154983,2953754,22,21,11,23
irregular-n06-t128-b00008-frandom-s03,Accelerated,2,true,1,3,0,1,1,0,0,0,0,1,0,1,6,18,18,18,558,558,2315,54736,1707940,21,15,11,22
irregular-n06-t128-b00008-frandom-s03,Accelerated,3,true,1,3,0,1,1,0,0,0,0,1,0,1,20,60,60,60,1260,1260,4552,75536,2016926,21,20,11,22
irregular-n06-t128-b00008-frandom-s04,Standard,0,true,2,3,1,0,1,0,0,0,0,0,0,0,1,3,3,3,129,129,520,12519,555492,20,17,11,20
irregular-n06-t128-b00008-frandom-s04,Standard,1,true,2,3,1,0,1,0,0,0,0,0,0,0,96,288,240,240,3504,3504,9336,112284,726046,20,18,11,21
irregular-n06-t128-b00008-frandom-s04,Standard,2,true,2,3,1,0,1,0,0,0,0,0,0,0,6,18,18,18,558,558,1491,34442,700692,20,21,11,21
irregular-n06-t128-b00008-frandom-s04,Standard,3,true,2,3,1,0,1,0,0,0,0,0,0,0,16,48,48,48,1008,1008,2964,48516,1229856,21,20,11,21
irregular-n06-t128-b00008-frandom-s04,Accelerated,0,true,1,3,0,1,1,0,0,0,0,1,0,1,1,3,3,3,129,129,520,12459,555492,20,16,11,20
irregular-n06-t128-b00008-frandom-s04,Accelerated,1,true,1,3,0,1,1,0,0,0,0,1,0,1,96,288,240,240,3504,3504,9336,111888,726046,20,18,11,21
irregular-n06-t128-b00008-frandom-s04,Accelerated,2,true,0,2,0,0,0,0,0,0,0,0,1,0,6,12,12,12,372,372,1067,24094,700692,20,11,11,21
irregular-n06-t128-b00008-frandom-s04,Accelerated,3,true,0,2,0,0,0,0,0,0,0,0,1,0,16,32,32,32,672,672,2013,32125,941458,20,19,11,21
irregular-n06-t128-b00008-frandom-s05,Standard,0,true,2,3,1,0,1,0,0,0,0,0,0,0,1,3,3,3,129,129,613,17156,1762294,21,21,11,21
irregular-n06-t128-b00008-frandom-s05,Standard,1,true,2,3,1,0,1,0,0,0,0,0,0,0,144,432,252,252,3756,3756,11079,156411,2577144,22,20,11,22
irregular-n06-t128-b00008-frandom-s05,Standard,2,true,3,4,2,0,2,0,0,0,0,0,0,0,6,24,24,24,744,744,3430,84423,1277396,21,20,10,21
irregular-n06-t128-b00008-frandom-s05,Standard,3,true,2,3,1,0,1,0,0,0,0,0,0,0,24,72,72,72,1512,1512,5727,99300,1208106,21,19,10,21
irregular-n06-t128-b00008-frandom-s05,Accelerated,0,true,1,3,0,1,1,0,0,0,0,1,0,1,1,3,3,3,129,129,663,18479,1762294,21,20,11,21
irregular-n06-t128-b00008-frandom-s05,Accelerated,1,true,1,3,0,1,1,0,0,0,0,1,0,1,144,432,252,252,3756,3756,11186,157068,2577144,22,20,11,22
irregular-n06-t128-b00008-frandom-s05,Accelerated,2,true,1,3,0,1,1,0,0,0,0,1,0,1,6,18,18,18,558,558,2568,62854,1277396,21,12,10,21
irregular-n06-t128-b00008-frandom-s05,Accelerated,3,true,0,2,0,0,0,0,0,0,0,0,1,0,24,48,48,48,1008,1008,3690,63805,1208106,21,19,10,21
irregular-n06-t128-b00008-frandom-s06,Standard,0,true,2,3,1,0,1,0,0,0,0,0,0,0,1,3,3,3,129,129,644,17077,2850424,22,20,11,22
irregular-n06-t128-b00008-frandom-s06,Standard,1,true,2,3,1,0,1,0,0,0,0,0,0,0,108,324,228,228,3348,3348,9353,119592,4544096,23,21,11,23
irregular-n06-t128-b00008-frandom-s06,Standard,2,true,3,4,2,0,2,0,0,0,0,0,0,0,6,24,24,24,744,744,2970,63935,2186016,22,20,11,22
irregular-n06-t128-b00008-frandom-s06,Standard,3,true,3,4,2,0,2,0,0,0,0,0,0,0,18,72,72,72,1512,1512,5118,77524,1926344,21,20,10,21
irregular-n06-t128-b00008-frandom-s06,Accelerated,0,true,1,3,0,1,1,0,0,0,0,1,0,1,1,3,3,3,129,129,656,17108,2850424,22,19,11,22
irregular-n06-t128-b00008-frandom-s06,Accelerated,1,true,1,3,0,1,1,0,0,0,0,1,0,1,108,324,228,228,3348,3348,9355,119456,4544096,23,21,11,23
irregular-n06-t128-b00008-frandom-s06,Accelerated,2,true,2,5,0,2,2,1,1,0,0,1,0,1,6,30,30,30,930,930,4009,81979,1704850068,31,30,19,31
irregular-n06-t128-b00008-frandom-s06,Accelerated,3,true,2,5,0,2,2,1,1,0,0,1,0,1,18,90,90,90,1890,1890,6529,95074,1094633120,31,30,18,31
irregular-n06-t128-b00008-frandom-s07,Standard,0,true,3,4,2,0,2,0,0,0,0,0,0,0,1,4,4,4,172,172,793,18389,327776,19,17,10,19
irregular-n06-t128-b00008-frandom-s07,Standard,1,true,2,3,1,0,1,0,0,0,0,0,0,0,96,288,240,240,3504,3504,9389,115241,638362,20,19,10,20
irregular-n06-t128-b00008-frandom-s07,Standard,2,true,3,4,2,0,2,0,0,0,0,0,0,0,6,24,24,24,744,744,2653,55356,343820,19,18,9,19
irregular-n06-t128-b00008-frandom-s07,Standard,3,true,3,4,2,0,2,0,0,0,0,0,0,0,16,64,64,64,1344,1344,4271,65458,489448,19,18,9,19
irregular-n06-t128-b00008-frandom-s07,Accelerated,0,true,1,3,0,1,1,0,0,0,0,1,0,1,1,3,3,3,129,129,567,12997,294216,19,17,10,19
irregular-n06-t128-b00008-frandom-s07,Accelerated,1,true,1,3,0,1,1,0,0,0,0,1,0,1,96,288,240,240,3504,3504,9389,115193,638362,20,19,10,20
irregular-n06-t128-b00008-frandom-s07,Accelerated,2,true,1,3,0,1,1,0,0,0,0,1,0,1,6,18,18,18,558,558,2148,44089,348688,19,15,9,19
irregular-n06-t128-b00008-frandom-s07,Accelerated,3,true,1,3,0,1,1,0,0,0,0,1,0,1,16,48,48,48,1008,1008,3236,48293,489448,19,18,9,19
irregular-n06-t128-b00008-frandom-s08,Standard,0,true,2,3,1,0,1,0,0,0,0,0,0,0,1,3,3,3,129,129,574,14700,638944,20,18,11,21
irregular-n06-t128-b00008-frandom-s08,Standard,1,true,2,3,1,0,1,0,0,0,0,0,0,0,132,396,330,330,4818,4818,14274,179489,1090818,21,19,11,22
irregular-n06-t128-b00008-frandom-s08,Standard,2,true,2,3,1,0,1,0,0,0,0,0,0,0,6,18,18,18,558,558,1844,45909,1804800,21,22,11,22
irregular-n06-t128-b00008-frandom-s08,Standard,3,true,2,3,1,0,1,0,0,0,0,0,0,0,22,66,66,66,1386,1386,4732,84243,2703664,22,22,11,22
irregular-n06-t128-b00008-frandom-s08,Accelerated,0,true,1,3,0,1,1,0,0,0,0,1,0,1,1,3,3,3,129,129,585,15055,638944,20,18,11,21
irregular-n06-t128-b00008-frandom-s08,Accelerated,1,true,1,3,0,1,1,0,0,0,0,1,0,1,132,396,330,330,4818,4818,14452,180943,1090818,21,19,11,22
irregular-n06-t128-b00008-frandom-s08,Accelerated,2,true,0,2,0,0,0,0,0,0,0,0,1,0,6,12,12,12,372,372,1342,32515,1297104,21,12,11,22
irregular-n06-t128-b00008-frandom-s08,Accelerated,3,true,0,2,0,0,0,0,0,0,0,0,1,0,22,44,44,44,924,924,3260,56878,1670230,21,20,11,22
irregular-n06-t128-b00008-frandom-s09,Standard,0,true,3,4,2,0,2,0,0,0,0,0,0,0,1,4,4,4,172,172,1182,36478,3515628,22,21,11,22
irregular-n06-t128-b00008-frandom-s09,Standard,1,true,3,4,2,0,2,0,0,0,0,0,0,0,156,624,520,520,7592,7592,24429,332759,4757758,23,21,11,23
irregular-n06-t128-b00008-frandom-s09,Standard,2,true,2,3,1,0,1,0,0,0,0,0,0,0,6,18,18,18,558,558,2353,60858,3508584,22,22,11,23
irregular-n06-t128-b00008-frandom-s09,Standard,3,true,3,4,2,0,2,0,0,0,0,0,0,0,26,104,84,84,1764,1764,7096,121997,1766982,21,20,11,21
irregular-n06-t128-b00008-frandom-s09,Accelerated,0,true,2,5,0,2,2,1,0,1,0,1,0,1,1,5,5,5,215,215,1352,38945,675160720,30,28,18,31
irregular-n06-t128-b00008-frandom-s09,Accelerated,1,true,2,5,0,2,2,1,0,1,0,1,0,1,156,780,650,650,9490,9490,30681,407077,1106307852,31,30,19,31
irregular-n06-t128-b00008-frandom-s09,Accelerated,2,true,0,2,0,0,0,0,0,0,0,0,1,0,6,12,12,12,372,372,1629,41211,3508584,22,12,11,23
irregular-n06-t128-b00008-frandom-s09,Accelerated,3,true,2,5,0,2,2,1,1,0,0,1,0,1,26,130,105,105,2205,2205,9033,146898,1577350248,31,29,19,31
irregular-n06-t128-b00008-frandom-s10,Standard,0,true,3,4,2,0,2,0,0,0,0,0,0,0,1,4,4,4,172,172,889,19588,1833776,21,20,10,21
irregular-n06-t128-b00008-frandom-s10,Standard,1,true,3,4,2,0,2,0,0,0,0,0,0,0,120,480,380,380,5580,5580,15970,186628,2568800,22,21,10,22
irregular-n06-t128-b00008-frandom-s10,Standard,2,false,0,1,0,0,0,0,0,0,0,0,0,0,6,6,0,0,0,0,0,0,0,0,1,1,6
irregular-n06-t128-b00008-frandom-s10,Standard,3,true,2,3,1,0,1,0,0,0,0,0,0,0,20,60,60,60,1260,1260,4123,70139,3272368,22,22,11,22
irregular-n06-t128-b00008-frandom-s10,Accelerated,0,true,2,5,0,2,2,1,0,1,0,1,0,1,1,5,5,5,215,215,1035,21404,143402112,28,25,16,28
irregular-n06-t128-b00008-frandom-s10,Accelerated,1,true,2,5,0,2,2,1,0,1,0,1,0,1,120,600,475,475,6975,6975,19699,219349,292931360,29,28,13,29
irregular-n06-t128-b00008-frandom-s10,Accelerated,2,false,0,1,0,0,0,0,0,0,0,0,0,0,6,6,0,0,0,0,0,0,0,0,1,1,6
irregular-n06-t128-b00008-frandom-s10,Accelerated,3,true,0,2,0,0,0,0,0,0,0,0,1,0,20,40,40,40,840,840,2844,46886,2550188,22,21,11,22
irregular-n06-t128-b00008-frandom-s11,Standard,0,true,4,5,3,0,3,0,0,0,0,0,0,0,1,5,5,5,215,215,1149,30549,1597328,21,20,11,21
irregular-n06-t128-b00008-frandom-s11,Standard,1,true,2,3,1,0,1,0,0,0,0,0,0,0,120,360,285,285,4185,4185,11919,148489,2671742,22,21,11,22
irregular-n06-t128-b00008-frandom-s11,Standard,2,true,2,3,1,0,1,0,0,0,0,0,0,0,6,18,18,18,558,558,1847,44672,2010392,21,21,11,22
irregular-n06-t128-b00008-frandom-s11,Standard,3,true,2,3,1,0,1,0,0,0,0,0,0,0,20,60,60,60,1260,1260,4167,69727,2555856,22,21,11,22
irregular-n06-t128-b00008-frandom-s11,Accelerated,0,true,3,7,0,3,3,2,0,2,0,1,0,1,1,7,7,7,301,301,1596,40647,1628957536,31,27,21,31
irregular-n06-t128-b00008-frandom-s11,Accelerated,1,true,1,3,0,1,1,0,0,0,0,1,0,1,120,360,285,285,4185,4185,11949,148755,2671742,22,21,11,22
irregular-n06-t128-b00008-frandom-s11,Accelerated,2,true,0,2,0,0,0,0,0,0,0,0,1,0,6,12,12,12,372,372,1357,32342,1785796,21,18,11,22
irregular-n06-t128-b00008-frandom-s11,Accelerated,3,true,0,2,0,0,0,0,0,0,0,0,1,0,20,40,40,40,840,840,2807,46141,2220280,22,20,11,22
irregular-n06-t128-b00008-frandom-s12,Standard,0,true,2,3,1,0,1,0,0,0,0,0,0,0,1,3,3,3,129,129,685,18862,2318742,22,20,11,22
irregular-n06-t128-b00008-frandom-s12,Standard,1,true,2,3,1,0,1,0,0,0,0,0,0,0,144,432,360,360,5256,5256,16919,228816,3493706,22,21,11,22
irregular-n06-t128-b00008-frandom-s12,Standard,2,true,4,5,3,0,3,0,0,0,0,0,0,0,6,30,30,30,930,930,4374,108295,1516652,21,20,11,21
irregular-n06-t128-b00008-frandom-s12,Standard,3,true,3,4,2,0,2,0,0,0,0,0,0,0,24,96,96,96,2016,2016,8203,144827,2629588,22,20,11,22
irregular-n06-t128-b00008-frandom-s12,Accelerated,0,true,1,3,0,1,1,0,0,0,0,1,0,1,1,3,3,3,129,129,685,18862,2318742,22,19,11,22
irregular-n06-t128-b00008-frandom-s12,Accelerated,1,true,1,3,0,1,1,0,0,0,0,1,0,1,144,432,360,360,5256,5256,17050,229173,3493706,22,21,11,22
irregular-n06-t128-b00008-frandom-s12,Accelerated,2,true,2,5,0,2,2,1,0,1,0,1,0,1,6,30,30,30,930,930,4960,119693,1323176928,31,29,20,31
irregular-n06-t128-b00008-frandom-s12,Accelerated,3,true,1,3,0,1,1,0,0,0,0,1,0,1,24,72,72,72,1512,1512,6164,107545,2629588,22,20,11,22
irregular-n06-t128-b00008-frandom-s13,Standard,0,true,2,3,1,0,1,0,0,0,0,0,0,0,1,3,3,3,129,129,606,16219,2306660,22,21,11,22
irregular-n06-t128-b00008-frandom-s13,Standard,1,true,2,3,1,0,1,0,0,0,0,0,0,0,144,432,360,360,5256,5256,15100,194086,3482314,22,21,12,23
irregular-n06-t128-b00008-frandom-s13,Standard,2,true,2,3,1,0,1,0,0,0,0,0,0,0,6,18,18,18,558,558,2053,52610,3711072,22,22,11,23
irregular-n06-t128-b00008-frandom-s13,Standard,3,true,3,4,2,0,2,0,0,0,0,0,0,0,24,96,96,96,2016,2016,7161,124765,4089272,22,22,11,23
irregular-n06-t128-b00008-frandom-s13,Accelerated,0,true,1,3,0,1,1,0,0,0,0,1,0,1,1,3,3,3,129,129,617,16630,2306660,22,20,11,22
irregular-n06-t128-b00008-frandom-s13,Accelerated,1,true,1,3,0,1,1,0,0,0,0,1,0,1,144,432,360,360,5256,5256,15193,195738,3482314,22,21,12,23
irregular-n06-t128-b00008-frandom-s13,Accelerated,2,true,0,2,0,0,0,0,0,0,0,0,1,0,6,12,12,12,372,372,1500,37676,3711072,22,12,11,23
irregular-n06-t128-b00008-frandom-s13,Accelerated,3,true,1,3,0,1,1,0,0,0,0,1,0,1,24,72,72,72,1512,1512,5480,93219,3242626,22,21,11,23
irregular-n06-t128-b00008-frandom-s14,Standard,0,true,2,3,1,0,1,0,0,0,0,0,0,0,1,3,3,3,129,129,562,13491,872622,20,18,11,20
irregular-n06-t128-b00008-frandom-s14,Standard,1,true,2,3,1,0,1,0,0,0,0,0,0,0,90,270,207,207,3075,3075,8924,103885,1404892,21,20,11,21
irregular-n06-t128-b00008-frandom-s14,Standard,2,true,3,4,2,0,2,0,0,0,0,0,0,0,6,24,24,24,744,744,2500,58036,932444,20,20,11,21
irregular-n06-t128-b00008-frandom-s14,Standard,3,true,2,3,1,0,1,0,0,0,0,0,0,0,18,54,54,54,1134,1134,3652,59714,1229612,21,20,11,21
irregular-n06-t128-b00008-frandom-s14,Accelerated,0,true,1,3,0,1,1,0,0,0,0,1,0,1,1,3,3,3,129,129,562,13491,872622,20,18,11,20
irregular-n06-t128-b00008-frandom-s14,Accelerated,1,true,1,3,0,1,1,0,0,0,0,1,0,1,90,270,207,207,3075,3075,8948,104136,1404892,21,20,11,21
irregular-n06-t128-b00008-frandom-s14,Accelerated,2,true,1,3,0,1,1,0,0,0,0,1,0,1,6,18,18,18,558,558,2012,46098,949868,20,18,11,21
irregular-n06-t128-b00008-frandom-s14,Accelerated,3,true,0,2,0,0,0,0,0,0,0,0,1,0,18,36,36,36,756,756,2469,39726,1186160,21,19,11,21
irregular-n06-t128-b00008-frandom-s15,Standard,0,true,2,3,1,0,1,0,0,0,0,0,0,0,1,3,3,3,129,129,776,24137,4140820,22,21,12,22
irregular-n06-t128-b00008-frandom-s15,Standard,1,true,3,4,2,0,2,0,0,0,0,0,0,0,156,624,520,520,7592,7592,23932,341409,5768470,23,22,12,23
irregular-n06-t128-b00008-frandom-s15,Standard,2,true,3,4,2,0,2,0,0,0,0,0,0,0,6,24,24,24,744,744,3289,89868,3814804,22,22,11,23
irregular-n06-t128-b00008-frandom-s15,Standard,3,true,4,5,3,0,3,0,0,0,0,0,0,0,26,130,130,130,2730,2730,10473,199701,4293626,23,22,11,23
irregular-n06-t128-b00008-frandom-s15,Accelerated,0,true,1,3,0,1,1,0,0,0,0,1,0,1,1,3,3,3,129,129,819,25515,4140820,22,20,12,22
irregular-n06-t128-b00008-frandom-s15,Accelerated,1,true,1,3,0,1,1,0,0,0,0,1,0,1,156,468,390,390,5694,5694,17985,248593,5441402,23,22,12,23
irregular-n06-t128-b00008-frandom-s15,Accelerated,2,true,1,3,0,1,1,0,0,0,0,1,0,1,6,18,18,18,558,558,2628,71159,3814804,22,16,11,23
irregular-n06-t128-b00008-frandom-s15,Accelerated,3,true,2,5,0,2,2,1,0,1,0,1,0,1,26,130,130,130,2730,2730,10922,206909,3800229316,32,31,21,33
irregular-n06-t128-b00008-frandom-s16,Standard,0,true,2,3,1,0,1,0,0,0,0,0,0,0,1,3,3,3,129,129,495,11029,751776,20,19,11,20
irregular-n06-t128-b00008-frandom-s16,Standard,1,true,2,3,1,0,1,0,0,0,0,0,0,0,96,288,240,240,3504,3504,8980,110954,1446558,21,20,11,21
irregular-n06-t128-b00008-frandom-s16,Standard,2,true,3,4,2,0,2,0,0,0,0,0,0,0,6,24,24,24,744,744,2699,56299,600048,20,19,10,20
irregular-n06-t128-b00008-frandom-s16,Standard,3,true,2,3,1,0,1,0,0,0,0,0,0,0,16,48,48,48,1008,1008,3091,47675,662910,20,19,9,20
irregular-n06-t128-b00008-frandom-s16,Accelerated,0,true,1,3,0,1,1,0,0,0,0,1,0,1,1,3,3,3,129,129,513,11531,751776,20,19,11,20
irregular-n06-t128-b00008-frandom-s16,Accelerated,1,true,1,3,0,1,1,0,0,0,0,1,0,1,96,288,240,240,3504,3504,9133,110925,1446558,21,20,11,21
irregular-n06-t128-b00008-frandom-s16,Accelerated,2,true,1,3,0,1,1,0,0,0,0,1,0,1,6,18,18,18,558,558,2046,41466,600048,20,17,10,20
irregular-n06-t128-b00008-frandom-s16,Accelerated,3,true,1,3,0,1,1,0,0,0,0,1,0,1,16,48,48,48,1008,1008,3137,47603,699032,20,18,9,20
irregular-n06-t128-b00008-frandom-s17,Standard,0,true,3,4,2,0,2,0,0,0,0,0,0,0,1,4,4,4,172,172,970,25821,2070264,21,20,11,21
irregular-n06-t128-b00008-frandom-s17,Standard,1,true,3,4,2,0,2,0,0,0,0,0,0,0,120,480,400,400,5840,5840,16973,220673,2810318,22,21,11,22
irregular-n06-t128-b00008-frandom-s17,Standard,2,true,3,4,2,0,2,0,0,0,0,0,0,0,6,24,24,24,744,744,2835,65356,2064928,21,21,11,22
irregular-n06-t128-b00008-frandom-s17,Standard,3,true,3,4,2,0,2,0,0,0,0,0,0,0,20,80,64,64,1344,1344,4589,80482,2327104,22,21,11,22
irregular-n06-t128-b00008-frandom-s17,Accelerated,0,true,1,3,0,1,1,0,0,0,0,1,0,1,1,3,3,3,129,129,730,18492,1337988,21,17,10,21
irregular-n06-t128-b00008-frandom-s17,Accelerated,1,true,1,3,0,1,1,0,0,0,0,1,0,1,120,360,300,300,4380,4380,12741,162990,2603200,22,21,11,22
irregular-n06-t128-b00008-frandom-s17,Accelerated,2,true,1,3,0,1,1,0,0,0,0,1,0,1,6,18,18,18,558,558,2313,52043,2064928,21,17,11,22
irregular-n06-t128-b00008-frandom-s17,Accelerated,3,true,1,3,0,1,1,0,0,0,0,1,0,1,20,60,48,48,1008,1008,3564,62070,2117368,22,20,11,22
irregular-n06-t128-b00008-frandom-s18,Standard,0,true,2,3,1,0,1,0,0,0,0,0,0,0,1,3,3,3,129,129,624,17698,2240398,22,21,11,22
irregular-n06-t128-b00008-frandom-s18,Standard,1,true,2,3,1,0,1,0,0,0,0,0,0,0,132,396,330,330,4818,4818,13742,185249,2874912,22,21,11,23
irregular-n06-t128-b00008-frandom-s18,Standard,2,true,2,3,1,0,1,0,0,0,0,0,0,0,6,18,18,18,558,558,1990,50998,1718998,21,21,11,22
irregular-n06-t128-b00008-frandom-s18,Standard,3,true,3,4,2,0,2,0,0,0,0,0,0,0,22,88,88,88,1848,1848,6544,114695,1927944,21,21,11,22
irregular-n06-t128-b00008-frandom-s18,Accelerated,0,true,1,3,0,1,1,0,0,0,0,1,0,1,1,3,3,3,129,129,692,20138,2240398,22,19,11,22
irregular-n06-t128-b00008-frandom-s18,Accelerated,1,true,1,3,0,1,1,0,0,0,0,1,0,1,132,396,330,330,4818,4818,14029,187195,2874912,22,21,11,23
irregular-n06-t128-b00008-frandom-s18,Accelerated,2,true,0,2,0,0,0,0,0,0,0,0,1,0,6,12,12,12,372,372,1384,35123,1718998,21,12,11,22
irregular-n06-t128-b00008-frandom-s18,Accelerated,3,true,1,3,0,1,1,0,0,0,0,1,0,1,22,66,66,66,1386,1386,4976,86038,1927944,21,20,11,22
irregular-n06-t128-b00008-frandom-s19,Standard,0,true,2,3,1,0,1,0,0,0,0,0,0,0,1,3,3,3,129,129,788,21644,4488360,23,19,11,23
irregular-n06-t128-b00008-frandom-s19,Standard,1,true,2,3,1,0,1,0,0,0,0,0,0,0,144,432,360,360,5256,5256,16381,207384,6063600,23,22,11,23
irregular-n06-t128-b00008-frandom-s19,Standard,2,true,2,3,1,0,1,0,0,0,0,0,0,0,6,18,18,18,558,558,2077,52549,5446328,23,23,12,23
irregular-n06-t128-b00008-frandom-s19,Standard,3,true,2,3,1,0,1,0,0,0,0,0,0,0,24,72,72,72,1512,1512,5460,97556,5219808,23,22,11,23
irregular-n06-t128-b00008-frandom-s19,Accelerated,0,true,1,3,0,1,1,0,0,0,0,1,0,1,1,3,3,3,129,129,775,21065,4488360,23,19,11,23
irregular-n06-t128-b00008-frandom-s19,Accelerated,1,true,1,3,0,1,1,0,0,0,0,1,0,1,144,432,360,360,5256,5256,16386,207157,6063600,23,22,11,23
irregular-n06-t128-b00008-frandom-s19,Accelerated,2,true,0,2,0,0,0,0,0,0,0,0,1,0,6,12,12,12,372,372,1539,38027,5446328,23,19,12,23
irregular-n06-t128-b00008-frandom-s19,Accelerated,3,true,0,2,0,0,0,0,0,0,0,0,1,0,24,48,48,48,1008,1008,3767,65697,5219808,23,22,11,23
irregular-n06-t128-b00008-frandom-s20,Standard,0,true,3,4,2,0,2,0,0,0,0,0,0,0,1,4,4,4,172,172,1155,34804,2927274,22,20,11,22
irregular-n06-t128-b00008-frandom-s20,Standard,1,true,3,4,2,0,2,0,0,0,0,0,0,0,156,624,380,380,5676,5676,17850,244416,4029252,22,21,11,23
irregular-n06-t128-b00008-frandom-s20,Standard,2,true,2,3,1,0,1,0,0,0,0,0,0,0,6,18,18,18,558,558,2149,57293,4084478,22,23,12,24
irregular-n06-t128-b00008-frandom-s20,Standard,3,true,3,4,2,0,2,0,0,0,0,0,0,0,26,104,104,104,2184,2184,8256,153038,4810900,23,22,12,23
irregular-n06-t128-b00008-frandom-s20,Accelerated,0,true,2,5,0,2,2,1,0,1,0,1,0,1,1,5,5,5,215,215,1367,38576,388453744,29,28,19,30
irregular-n06-t128-b00008-frandom-s20,Accelerated,1,true,2,5,0,2,2,1,0,1,0,1,0,1,156,780,475,475,7095,7095,21938,282891,631993440,30,29,18,30
irregular-n06-t128-b00008-frandom-s20,Accelerated,2,true,0,2,0,0,0,0,0,0,0,0,1,0,6,12,12,12,372,372,1583,41615,4084478,22,12,12,24
irregular-n06-t128-b00008-frandom-s20,Accelerated,3,true,1,3,0,1,1,0,0,0,0,1,0,1,26,78,78,78,1638,1638,6423,117527,4165240,22,21,12,23
irregular-n06-t128-b00064-falternating-s01,Standard,0,true,2,3,1,0,1,0,0,0,0,0,0,0,1,3,3,3,129,129,879,24766,30634811894388203833721558401740675801556,135,134,68,135
irregular-n06-t128-b00064-falternating-s01,Standard,1,true,2,3,1,0,1,0,0,0,0,0,0,0,72,216,96,96,1488,1488,5196,69362,33914071777680575610577743239024517516550,135,134,67,135
irregular-n06-t128-b00064-falternating-s01,Standard,2,true,3,4,2,0,2,0,0,0,0,0,0,0,4,16,16,16,424,424,1970,48262,29847658500555442338392436472089443833078,135,134,67,135
irregular-n06-t128-b00064-falternating-s01,Standard,3,true,4,5,3,0,3,0,0,0,0,0,0,0,24,120,120,120,2520,2520,10400,176530,28724433338551725008900013391511047353980,135,133,67,135
irregular-n06-t128-b00064-falternating-s01,Accelerated,0,true,1,3,0,1,1,0,0,0,0,1,0,1,1,3,3,3,129,129,879,24766,30634811894388203833721558401740675801556,135,132,68,135
irregular-n06-t128-b00064-falternating-s01,Accelerated,1,true,1,3,0,1,1,0,0,0,0,1,0,1,72,216,96,96,1488,1488,5196,69362,33914071777680575610577743239024517516550,135,134,67,135
irregular-n06-t128-b00064-falternating-s01,Accelerated,2,true,1,3,0,1,1,0,0,0,0,1,0,1,4,12,12,12,318,318,1443,35243,29847658500555442338392436472089443833078,135,133,67,135
irregular-n06-t128-b00064-falternating-s01,Accelerated,3,true,2,5,0,2,2,1,1,0,0,1,0,1,24,120,120,120,2520,2520,10400,176010,1401903799073162485483320555376990462397039488357743600223000,200,199,131,200
irregular-n06-t128-b00064-falternating-s02,Standard,0,true,3,4,2,0,2,0,0,0,0,0,0,0,1,4,4,4,172,172,1048,27157,6250436712176920286919172967436237800112,133,131,66,133
irregular-n06-t128-b00064-falternating-s02,Standard,1,true,2,3,1,0,1,0,0,0,0,0,0,0,60,180,117,117,1737,1737,5549,68737,15113620566367187340386088921851394812818,134,132,67,134
irregular-n06-t128-b00064-falternating-s02,Standard,2,true,4,5,3,0,3,0,0,0,0,0,0,0,4,20,20,20,530,530,2032,46517,8997355261797772455125409683067914569730,133,133,67,133
irregular-n06-t128-b00064-falternating-s02,Standard,3,true,3,4,2,0,2,0,0,0,0,0,0,0,20,80,80,80,1680,1680,6092,98816,12405864081023343623627963899477914077980,134,132,67,134
irregular-n06-t128-b00064-falternating-s02,Accelerated,0,true,1,3,0,1,1,0,0,0,0,1,0,1,1,3,3,3,129,129,767,19415,5263478248741703305023754981105066732658,132,128,66,132
irregular-n06-t128-b00064-falternating-s02,Accelerated,1,true,1,3,0,1,1,0,0,0,0,1,0,1,60,180,117,117,1737,1737,5549,68623,15113620566367187340386088921851394812818,134,132,67,134
irregular-n06-t128-b00064-falternating-s02,Accelerated,2,true,2,5,0,2,2,1,1,0,0,1,0,1,4,20,20,20,530,530,2228,49970,646847365046156436733891354694543928158670332518081797695428,199,196,132,199
irregular-n06-t128-b00064-falternating-s02,Accelerated,3,true,1,3,0,1,1,0,0,0,0,1,0,1,20,60,60,60,1260,1260,4627,74361,12405864081023343623627963899477914077980,134,132,67,134
irregular-n06-t128-b00064-falternating-s03,Standard,0,true,3,4,2,0,2,0,0,0,0,0,0,0,1,4,4,4,172,172,1101,27248,10172553099556534297756675526224434483454,133,131,67,133
irregular-n06-t128-b00064-falternating-s03,Standard,1,true,3,4,2,0,2,0,0,0,0,0,0,0,60,240,164,164,2388,2388,7805,99887,16826444432627343946296709193942411494176,134,132,67,134
irregular-n06-t128-b00064-falternating-s03,Standard,2,true,4,5,3,0,3,0,0,0,0,0,0,0,4,20,20,20,530,530,2067,46080,12382369221500104842826562679466137382360,134,133,67,134
irregular-n06-t128-b00064-falternating-s03,Standard,3,true,3,4,2,0,2,0,0,0,0,0,0,0,20,80,80,80,1680,1680,6322,103794,12260139527048955183696992576245620734128,134,132,67,134
irregular-n06-t128-b00064-falternating-s03,Accelerated,0,true,0,2,0,0,0,0,0,0,0,0,1,0,1,2,2,2,86,86,495,11290,2755799170836446398894643689821756516056,132,66,66,132
irregular-n06-t128-b00064-falternating-s03,Accelerated,1,true,1,3,0,1,1,0,0,0,0,1,0,1,60,180,123,123,1791,1791,5794,72711,13575787716651232938991571762546428063724,134,132,67,134
irregular-n06-t128-b00064-falternating-s03,Accelerated,2,true,2,5,0,2,2,1,1,0,0,1,0,1,4,20,20,20,530,530,2297,49867,757630685900701332294644201188134820913087906444840720300320,199,197,132,199
irregular-n06-t128-b00064-falternating-s03,Accelerated,3,true,1,3,0,1,1,0,0,0,0,1,0,1,20,60,60,60,1260,1260,4704,75880,12260139527048955183696992576245620734128,134,132,67,134
irregular-n06-t128-b00064-falternating-s04,Standard,0,true,2,3,1,0,1,0,0,0,0,0,0,0,1,3,3,3,129,129,638,13531,7170085899374081310516051182195890957712,133,130,66,133
irregular-n06-t128-b00064-falternating-s04,Standard,1,true,2,3,1,0,1,0,0,0,0,0,0,0,48,144,120,120,1752,1752,5148,58175,8831026900355718400021619338777845698104,133,132,66,133
irregular-n06-t128-b00064-falternating-s04,Standard,2,true,3,4,2,0,2,0,0,0,0,0,0,0,4,16,16,16,424,424,1422,28340,9756690403740886705406358461193905425072,133,132,66,133
irregular-n06-t128-b00064-falternating-s04,Standard,3,true,4,5,3,0,3,0,0,0,0,0,0,0,16,80,80,80,1680,1680,5572,85323,9780651407962571659124644604997123217912,133,132,66,133
irregular-n06-t128-b00064-falternating-s04,Accelerated,0,true,1,3,0,1,1,0,0,0,0,1,0,1,1,3,3,3,129,129,638,13231,7170085899374081310516051182195890957712,133,128,66,133
irregular-n06-t128-b00064-falternating-s04,Accelerated,1,true,1,3,0,1,1,0,0,0,0,1,0,1,48,144,120,120,1752,1752,5148,57653,8831026900355718400021619338777845698104,133,132,66,133
irregular-n06-t128-b00064-falternating-s04,Accelerated,2,true,1,3,0,1,1,0,0,0,0,1,0,1,4,12,12,12,318,318,1076,21119,9756690403740886705406358461193905425072,133,130,66,133
irregular-n06-t128-b00064-falternating-s04,Accelerated,3,true,2,5,0,2,2,1,1,0,0,1,0,1,16,80,80,80,1680,1680,5793,86196,378399954020505081019665593685481609255162070734263210602696,198,197,131,198
irregular-n06-t128-b00064-falternating-s05,Standard,0,true,2,3,1,0,1,0,0,0,0,0,0,0,1,3,3,3,129,129,892,25255,14315917752809859714956996120132658418590,134,133,67,134
irregular-n06-t128-b00064-falternating-s05,Standard,1,true,2,3,1,0,1,0,0,0,0,0,0,0,72,216,93,93,1425,1425,4826,61828,14101117713496221120569816560992585610164,134,132,66,134
irregular-n06-t128-b00064-falternating-s05,Standard,2,true,3,4,2,0,2,0,0,0,0,0,0,0,4,16,16,16,424,424,1942,47467,17467866491995863650534458880543734738926,134,133,67,134
irregular-n06-t128-b00064-falternating-s05,Standard,3,true,3,4,2,0,2,0,0,0,0,0,0,0,24,96,96,96,2016,2016,8097,137770,10748728634985435606240359665335045741812,133,132,67,133
irregular-n06-t128-b00064-falternating-s05,Accelerated,0,true,1,3,0,1,1,0,0,0,0,1,0,1,1,3,3,3,129,129,892,25255,14315917752809859714956996120132658418590,134,132,67,134
irregular-n06-t128-b00064-falternating-s05,Accelerated,1,true,1,3,0,1,1,0,0,0,0,1,0,1,72,216,93,93,1425,1425,4826,61828,14101117713496221120569816560992585610164,134,132,66,134
irregular-n06-t128-b00064-falternating-s05,Accelerated,2,true,1,3,0,1,1,0,0,0,0,1,0,1,4,12,12,12,318,318,1438,34884,17467866491995863650534458880543734738926,134,132,67,134
irregular-n06-t128-b00064-falternating-s05,Accelerated,3,true,2,5,0,2,2,1,1,0,0,1,0,1,24,120,120,120,2520,2520,10258,172427,641954459595260208133302953581148434135767294163928232003184,199,198,131,199
irregular-n06-t128-b00064-falternating-s06,Standard,0,true,3,4,2,0,2,0,0,0,0,0,0,0,1,4,4,4,172,172,970,20629,6674644425838372350756395615418213135544,133,130,67,133
irregular-n06-t128-b00064-falternating-s06,Standard,1,true,3,4,2,0,2,0,0,0,0,0,0,0,54,216,108,108,1564,1564,4665,55149,7029293003845287988669218833504403051530,133,132,66,133
irregular-n06-t128-b00064-falternating-s06,Standard,2,true,2,3,1,0,1,0,0,0,0,0,0,0,4,12,12,12,318,318,927,20708,9145715823360940417221753811278918480234,133,133,67,134
irregular-n06-t128-b00064-falternating-s06,Standard,3,true,2,3,1,0,1,0,0,0,0,0,0,0,18,54,54,54,1134,1134,3747,62999,10801175640471596834264326351131012589012,133,133,67,133
irregular-n06-t128-b00064-falternating-s06,Accelerated,0,true,0,2,0,0,0,0,0,0,0,0,1,0,1,2,2,2,86,86,428,8253,2087008533801110470892073455393292065200,131,67,67,132
irregular-n06-t128-b00064-falternating-s06,Accelerated,1,true,0,2,0,0,0,0,0,0,0,0,1,0,54,108,54,54,782,782,2233,24561,2904879778039936303452912757066263661536,132,131,66,132
irregular-n06-t128-b00064-falternating-s06,Accelerated,2,true,0,2,0,0,0,0,0,0,0,0,1,0,4,8,8,8,212,212,687,14956,9145715823360940417221753811278918480234,133,67,67,134
irregular-n06-t128-b00064-falternating-s06,Accelerated,3,true,0,2,0,0,0,0,0,0,0,0,1,0,18,36,36,36,756,756,2542,41743,10801175640471596834264326351131012589012,133,131,67,133
irregular-n06-t128-b00064-falternating-s07,Standard,0,true,3,4,2,0,2,0,0,0,0,0,0,0,1,4,4,4,172,172,952,21709,4128859415320433503646510482724871821622,132,129,66,132
irregular-n06-t128-b00064-falternating-s07,Standard,1,true,3,4,2,0,2,0,0,0,0,0,0,0,48,192,124,124,1836,1836,5748,69777,7624899987989419195412159428537514314728,133,131,66,133
irregular-n06-t128-b00064-falternating-s07,Standard,2,true,4,5,3,0,3,0,0,0,0,0,0,0,4,20,20,20,530,530,1755,36924,4981958903076039288990498594493728207768,132,132,66,132
irregular-n06-t128-b00064-falternating-s07,Standard,3,true,3,4,2,0,2,0,0,0,0,0,0,0,16,64,64,64,1344,1344,4525,70039,6733497822832935091398786221946507201176,133,131,66,133
irregular-n06-t128-b00064-falternating-s07,Accelerated,0,true,0,2,0,0,0,0,0,0,0,0,1,0,1,2,2,2,86,86,430,8887,1127194662182377689441563944499216271818,130,65,64,130
irregular-n06-t128-b00064-falternating-s07,Accelerated,1,true,1,3,0,1,1,0,0,0,0,1,0,1,48,144,93,93,1377,1377,4254,50233,5555316505645897021740486830033301768892,133,131,66,133
irregular-n06-t128-b00064-falternating-s07,Accelerated,2,true,2,5,0,2,2,1,1,0,0,1,0,1,4,20,20,20,530,530,1967,39893,237248571723144453326602946227705243107588054087987566020608,198,194,131,198
irregular-n06-t128-b00064-falternating-s07,Accelerated,3,true,1,3,0,1,1,0,0,0,0,1,0,1,16,48,48,48,1008,1008,3446,52489,6733497822832935091398786221946507201176,133,131,66,133
irregular-n06-t128-b00064-falternating-s08,Standard,0,true,2,3,1,0,1,0,0,0,0,0,0,0,1,3,3,3,129,129,805,20789,11262620200043913428979719970541689880788,134,132,67,134
irregular-n06-t128-b00064-falternating-s08,Standard,1,true,2,3,1,0,1,0,0,0,0,0,0,0,66,198,138,138,2010,2010,6399,80502,24356347461199326340078708342097173248264,135,133,67,135
irregular-n06-t128-b00064-falternating-s08,Standard,2,true,4,5,3,0,3,0,0,0,0,0,0,0,4,20,20,20,530,530,2070,48594,13969920678799189075680693762295786192374,134,134,67,134
irregular-n06-t128-b00064-falternating-s08,Standard,3,true,3,4,2,0,2,0,0,0,0,0,0,0,22,88,88,88,1848,1848,7064,121290,21825611263573380894342669749591459617688,135,133,67,135
irregular-n06-t128-b00064-falternating-s08,Accelerated,0,true,1,3,0,1,1,0,0,0,0,1,0,1,1,3,3,3,129,129,805,20705,11262620200043913428979719970541689880788,134,130,67,134
irregular-n06-t128-b00064-falternating-s08,Accelerated,1,true,1,3,0,1,1,0,0,0,0,1,0,1,66,198,138,138,2010,2010,6399,80380,24356347461199326340078708342097173248264,135,133,67,135
irregular-n06-t128-b00064-falternating-s08,Accelerated,2,true,2,5,0,2,2,1,1,0,0,1,0,1,4,20,20,20,530,530,2326,53396,1303512839260421247496446329751327963769836841353293134318200,200,199,131,201
irregular-n06-t128-b00064-falternating-s08,Accelerated,3,true,1,3,0,1,1,0,0,0,0,1,0,1,22,66,66,66,1386,1386,5287,89248,21825611263573380894342669749591459617688,135,133,67,135
irregular-n06-t128-b00064-falternating-s09,Standard,0,true,2,3,1,0,1,0,0,0,0,0,0,0,1,3,3,3,129,129,943,28215,9533933527393999562947841089661698008294,133,132,66,133
irregular-n06-t128-b00064-falternating-s09,Standard,1,true,2,3,1,0,1,0,0,0,0,0,0,0,78,234,153,153,2301,2301,8143,111587,18955776042207345409230352403605568557020,134,133,67,134
irregular-n06-t128-b00064-falternating-s09,Standard,2,true,3,4,2,0,2,0,0,0,0,0,0,0,4,16,16,16,424,424,2021,50731,14119872390733251532273290111939442656730,134,133,67,134
irregular-n06-t128-b00064-falternating-s09,Standard,3,true,3,4,2,0,2,0,0,0,0,0,0,0,26,104,104,104,2184,2184,9224,163723,8339290728013886879549490872347979270872,133,131,67,133
irregular-n06-t128-b00064-falternating-s09,Accelerated,0,true,1,3,0,1,1,0,0,0,0,1,0,1,1,3,3,3,129,129,943,28215,9533933527393999562947841089661698008294,133,129,66,133
irregular-n06-t128-b00064-falternating-s09,Accelerated,1,true,1,3,0,1,1,0,0,0,0,1,0,1,78,234,153,153,2301,2301,8143,111587,18955776042207345409230352403605568557020,134,133,67,134
irregular-n06-t128-b00064-falternating-s09,Accelerated,2,true,1,3,0,1,1,0,0,0,0,1,0,1,4,12,12,12,318,318,1519,37993,14119872390733251532273290111939442656730,134,132,67,134
irregular-n06-t128-b00064-falternating-s09,Accelerated,3,true,2,5,0,2,2,1,1,0,0,1,0,1,26,130,130,130,2730,2730,11811,207381,436420451295836469021832190031977924876457276599476374966128,199,198,128,199
irregular-n06-t128-b00064-falternating-s10,Standard,0,true,2,3,1,0,1,0,0,0,0,0,0,0,1,3,3,3,129,129,788,19834,14587205991634708349189821702492588126778,134,132,67,134
irregular-n06-t128-b00064-falternating-s10,Standard,1,true,2,3,1,0,1,0,0,0,0,0,0,0,60,180,81,81,1245,1245,3968,49440,13700096056603455270150512243063723973522,134,133,67,134
irregular-n06-t128-b00064-falternating-s10,Standard,2,true,4,5,3,0,3,0,0,0,0,0,0,0,4,20,20,20,530,530,2062,47943,18926711884060188317510124507995598158266,134,133,67,134
irregular-n06-t128-b00064-falternating-s10,Standard,3,true,4,5,3,0,3,0,0,0,0,0,0,0,20,100,100,100,2100,2100,7565,127774,18926711884060188317753206897176907114976,134,133,67,134
irregular-n06-t128-b00064-falternating-s10,Accelerated,0,true,1,3,0,1,1,0,0,0,0,1,0,1,1,3,3,3,129,129,788,19750,14587205991634708349189821702492588126778,134,130,67,134
irregular-n06-t128-b00064-falternating-s10,Accelerated,1,true,1,3,0,1,1,0,0,0,0,1,0,1,60,180,81,81,1245,1245,3968,49334,13700096056603455270150512243063723973522,134,133,67,134
irregular-n06-t128-b00064-falternating-s10,Accelerated,2,true,2,5,0,2,2,1,1,0,0,1,0,1,4,20,20,20,530,530,2258,51046,777243005502803199312335093030193573778065235199151329301084,199,198,131,200
irregular-n06-t128-b00064-falternating-s10,Accelerated,3,true,2,5,0,2,2,1,1,0,0,1,0,1,20,100,100,100,2100,2100,7934,130112,694991566877198037626511427200073738535165119392759644711864,199,197,131,199
irregular-n06-t128-b00064-falternating-s11,Standard,0,true,2,3,1,0,1,0,0,0,0,0,0,0,1,3,3,3,129,129,815,20810,14679274912196923564435667653409497314276,134,132,67,134
irregular-n06-t128-b00064-falternating-s11,Standard,1,true,2,3,1,0,1,0,0,0,0,0,0,0,60,180,144,144,2160,2160,7055,86352,18682296297556952037535902040525283926712,134,132,67,134
irregular-n06-t128-b00064-falternating-s11,Standard,2,true,3,4,2,0,2,0,0,0,0,0,0,0,4,16,16,16,424,424,1713,38541,14874461365017039440859863986718009525274,134,133,67,134
irregular-n06-t128-b00064-falternating-s11,Standard,3,true,3,4,2,0,2,0,0,0,0,0,0,0,20,80,80,80,1680,1680,6320,101364,14764031462637748854008835419634974947106,134,132,67,134
irregular-n06-t128-b00064-falternating-s11,Accelerated,0,true,1,3,0,1,1,0,0,0,0,1,0,1,1,3,3,3,129,129,815,20746,14679274912196923564435667653409497314276,134,130,67,134
irregular-n06-t128-b00064-falternating-s11,Accelerated,1,true,0,2,0,0,0,0,0,0,0,0,1,0,60,120,96,96,1440,1440,4612,54111,12954329587740648308019426483430813692136,134,132,67,134
irregular-n06-t128-b00064-falternating-s11,Accelerated,2,true,1,3,0,1,1,0,0,0,0,1,0,1,4,12,12,12,318,318,1283,28865,14874461365017039440859863986718009525274,134,131,67,134
irregular-n06-t128-b00064-falternating-s11,Accelerated,3,true,1,3,0,1,1,0,0,0,0,1,0,1,20,60,60,60,1260,1260,4692,74896,14764031462637748854008835419634974947106,134,132,67,134
irregular-n06-t128-b00064-falternating-s12,Standard,0,true,2,3,1,0,1,0,0,0,0,0,0,0,1,3,3,3,129,129,870,23707,12159485932546410124499780696302456721774,134,132,67,134
irregular-n06-t128-b00064-falternating-s12,Standard,1,true,3,4,2,0,2,0,0,0,0,0,0,0,72,288,200,200,2920,2920,9710,126574,24270717905705505695956082778990836472298,135,133,67,135
irregular-n06-t128-b00064-falternating-s12,Standard,2,true,3,4,2,0,2,0,0,0,0,0,0,0,4,16,16,16,424,424,1937,46659,11963783330856902060251656418835900064710,134,132,67,134
irregular-n06-t128-b00064-falternating-s12,Standard,3,true,3,4,2,0,2,0,0,0,0,0,0,0,24,96,96,96,2016,2016,8229,144423,19168297103561906525062074635492688625016,134,133,67,134
irregular-n06-t128-b00064-falternating-s12,Accelerated,0,true,1,3,0,1,1,0,0,0,0,1,0,1,1,3,3,3,129,129,870,23637,12159485932546410124499780696302456721774,134,128,67,134
irregular-n06-t128-b00064-falternating-s12,Accelerated,1,true,2,5,0,2,2,1,0,1,0,1,0,1,72,360,250,250,3650,3650,12134,158151,901690610203427949882019505976249159599164128454830260977804,200,198,132,200
irregular-n06-t128-b00064-falternating-s12,Accelerated,2,true,1,3,0,1,1,0,0,0,0,1,0,1,4,12,12,12,318,318,1411,33647,11963783330856902060251656418835900064710,134,131,67,134
irregular-n06-t128-b00064-falternating-s12,Accelerated,3,true,1,3,0,1,1,0,0,0,0,1,0,1,24,72,72,72,1512,1512,6102,106269,19168297103561906525062074635492688625016,134,132,67,134
irregular-n06-t128-b00064-falternating-s13,Standard,0,true,2,3,1,0,1,0,0,0,0,0,0,0,1,3,3,3,129,129,859,24237,12746200996049671598307438237654519499976,134,132,67,134
irregular-n06-t128-b00064-falternating-s13,Standard,1,true,2,3,1,0,1,0,0,0,0,0,0,0,72,216,138,138,2082,2082,6953,89876,32358901583588128839333846583990360564936,135,134,67,135
irregular-n06-t128-b00064-falternating-s13,Standard,2,true,4,5,3,0,3,0,0,0,0,0,0,0,4,20,20,20,530,530,2251,55410,18356206252913811678489395398491383063226,134,134,67,134
irregular-n06-t128-b00064-falternating-s13,Standard,3,true,3,4,2,0,2,0,0,0,0,0,0,0,24,96,96,96,2016,2016,7866,134673,31577255439902363883597340599543007301414,135,134,67,135
irregular-n06-t128-b00064-falternating-s13,Accelerated,0,true,1,3,0,1,1,0,0,0,0,1,0,1,1,3,3,3,129,129,859,24237,12746200996049671598307438237654519499976,134,129,67,134
irregular-n06-t128-b00064-falternating-s13,Accelerated,1,true,1,3,0,1,1,0,0,0,0,1,0,1,72,216,138,138,2082,2082,6953,89876,32358901583588128839333846583990360564936,135,134,67,135
irregular-n06-t128-b00064-falternating-s13,Accelerated,2,true,2,5,0,2,2,1,1,0,0,1,0,1,4,20,20,20,530,530,2509,60500,2083278065712300316687229053904951603200358381406473051046164,201,199,133,201
irregular-n06-t128-b00064-falternating-s13,Accelerated,3,true,1,3,0,1,1,0,0,0,0,1,0,1,24,72,72,72,1512,1512,5948,100908,31577255439902363883597340599543007301414,135,133,67,135
irregular-n06-t128-b00064-falternating-s14,Standard,0,true,3,4,2,0,2,0,0,0,0,0,0,0,1,4,4,4,172,172,986,23175,4727025274995462821998299331413063936970,132,130,66,132
irregular-n06-t128-b00064-falternating-s14,Standard,1,true,3,4,2,0,2,0,0,0,0,0,0,0,54,216,144,144,2096,2096,6510,78357,13269912787968996927597575526865918447920,134,132,66,134
irregular-n06-t128-b00064-falternating-s14,Standard,2,true,4,5,3,0,3,0,0,0,0,0,0,0,4,20,20,20,530,530,1867,40191,10775531529547000368770849590005336299468,133,133,67,134
irregular-n06-t128-b00064-falternating-s14,Standard,3,true,4,5,3,0,3,0,0,0,0,0,0,0,18,90,90,90,1890,1890,6618,105025,11426120195141516008926247571264407788272,134,132,67,134
irregular-n06-t128-b00064-falternating-s14,Accelerated,0,true,0,2,0,0,0,0,0,0,0,0,1,0,1,2,2,2,86,86,444,9597,3757903649212810590270001330789821714730,132,66,66,132
irregular-n06-t128-b00064-falternating-s14,Accelerated,1,true,1,3,0,1,1,0,0,0,0,1,0,1,54,162,108,108,1572,1572,4829,56720,11793120229803943780707004778060453503692,134,132,66,134
irregular-n06-t128-b00064-falternating-s14,Accelerated,2,true,2,5,0,2,2,1,1,0,0,1,0,1,4,20,20,20,530,530,2092,43559,546312787902547600319088040699902453646539692124772352072976,199,197,132,199
irregular-n06-t128-b00064-falternating-s14,Accelerated,3,true,2,5,0,2,2,1,1,0,0,1,0,1,18,90,90,90,1890,1890,6894,105818,469691606038951412437958006694393276139932976511868156385664,199,197,131,199
irregular-n06-t128-b00064-falternating-s15,Standard,0,false,0,1,0,0,0,0,0,0,0,0,0,0,1,1,0,0,0,0,0,0,0,0,1,1,2
irregular-n06-t128-b00064-falternating-s15,Standard,1,true,2,3,1,0,1,0,0,0,0,0,0,0,78,234,192,192,2832,2832,9464,122875,27996050351874032385045625986475088420376,135,134,67,135
irregular-n06-t128-b00064-falternating-s15,Standard,2,true,3,4,2,0,2,0,0,0,0,0,0,0,4,16,16,16,424,424,2076,51910,18463302095457864611053117971176073918090,134,133,67,134
irregular-n06-t128-b00064-falternating-s15,Standard,3,true,4,5,3,0,3,0,0,0,0,0,0,0,26,130,130,130,2730,2730,11047,195945,14758548866937007171071833295562392343730,134,133,67,134
irregular-n06-t128-b00064-falternating-s15,Accelerated,0,false,0,1,0,0,0,0,0,0,0,0,0,0,1,1,0,0,0,0,0,0,0,0,1,1,2
irregular-n06-t128-b00064-falternating-s15,Accelerated,1,true,1,3,0,1,1,0,0,0,0,1,0,1,78,234,192,192,2832,2832,9464,122875,27996050351874032385045625986475088420376,135,134,67,135
irregular-n06-t128-b00064-falternating-s15,Accelerated,2,true,1,3,0,1,1,0,0,0,0,1,0,1,4,12,12,12,318,318,1542,38027,18463302095457864611053117971176073918090,134,132,67,134
irregular-n06-t128-b00064-falternating-s15,Accelerated,3,true,2,5,0,2,2,1,1,0,0,1,0,1,26,130,130,130,2730,2730,11398,197932,1106767600544165850320938350012740831162573876303755517023040,200,199,131,200
irregular-n06-t128-b00064-falternating-s16,Standard,0,true,2,3,1,0,1,0,0,0,0,0,0,0,1,3,3,3,129,129,679,14719,8450633904254051783440638507073948321174,133,131,67,133
irregular-n06-t128-b00064-falternating-s16,Standard,1,true,2,3,1,0,1,0,0,0,0,0,0,0,48,144,102,102,1542,1542,4769,56411,15617997792317509633156222952390113986492,134,132,67,134
irregular-n06-t128-b00064-falternating-s16,Standard,2,true,3,4,2,0,2,0,0,0,0,0,0,0,4,16,16,16,424,424,1511,30170,8873154416472249186195438714254676778824,133,131,66,133
irregular-n06-t128-b00064-falternating-s16,Standard,3,true,3,4,2,0,2,0,0,0,0,0,0,0,16,64,64,64,1344,1344,4559,67762,10332923901675967545315745467694208933898,133,132,66,133
irregular-n06-t128-b00064-falternating-s16,Accelerated,0,true,1,3,0,1,1,0,0,0,0,1,0,1,1,3,3,3,129,129,679,14285,8450633904254051783440638507073948321174,133,130,67,133
irregular-n06-t128-b00064-falternating-s16,Accelerated,1,true,1,3,0,1,1,0,0,0,0,1,0,1,48,144,102,102,1542,1542,4769,55713,15617997792317509633156222952390113986492,134,132,67,134
irregular-n06-t128-b00064-falternating-s16,Accelerated,2,true,1,3,0,1,1,0,0,0,0,1,0,1,4,12,12,12,318,318,1091,21464,8873154416472249186195438714254676778824,133,131,66,133
irregular-n06-t128-b00064-falternating-s16,Accelerated,3,true,1,3,0,1,1,0,0,0,0,1,0,1,16,48,48,48,1008,1008,3338,48892,10332923901675967545315745467694208933898,133,132,66,133
irregular-n06-t128-b00064-falternating-s17,Standard,0,true,2,3,1,0,1,0,0,0,0,0,0,0,1,3,3,3,129,129,718,17134,9723510302586636937708572898118939739628,133,130,66,133
irregular-n06-t128-b00064-falternating-s17,Standard,1,true,2,3,1,0,1,0,0,0,0,0,0,0,60,180,87,87,1299,1299,3900,45058,9381854105768347911953274261340921715458,133,132,66,133
irregular-n06-t128-b00064-falternating-s17,Standard,2,true,3,4,2,0,2,0,0,0,0,0,0,0,4,16,16,16,424,424,1474,33066,12582514530232907431446395820328558918968,134,133,67,134
irregular-n06-t128-b00064-falternating-s17,Standard,3,true,4,5,3,0,3,0,0,0,0,0,0,0,20,100,100,100,2100,2100,7478,123836,14281665354666971274076601182641311851608,134,133,67,134
irregular-n06-t128-b00064-falternating-s17,Accelerated,0,true,1,3,0,1,1,0,0,0,0,1,0,1,1,3,3,3,129,129,718,16920,9723510302586636937708572898118939739628,133,127,66,133
irregular-n06-t128-b00064-falternating-s17,Accelerated,1,true,1,3,0,1,1,0,0,0,0,1,0,1,60,180,87,87,1299,1299,3900,44462,9381854105768347911953274261340921715458,133,132,66,133
irregular-n06-t128-b00064-falternating-s17,Accelerated,2,true,1,3,0,1,1,0,0,0,0,1,0,1,4,12,12,12,318,318,1219,26814,12582514530232907431446395820328558918968,134,130,67,134
irregular-n06-t128-b00064-falternating-s17,Accelerated,3,true,2,5,0,2,2,1,1,0,0,1,0,1,20,100,100,100,2100,2100,7844,126706,1343837801271356490353290861157467804120452600154516568133816,200,199,133,200
irregular-n06-t128-b00064-falternating-s18,Standard,0,true,3,4,2,0,2,0,0,0,0,0,0,0,1,4,4,4,172,172,1132,29650,6892565554961450847096348450534501727168,133,131,67,133
irregular-n06-t128-b00064-falternating-s18,Standard,1,true,3,4,2,0,2,0,0,0,0,0,0,0,66,264,184,184,2648,2648,8523,107722,19305341165990708036630687612420756138682,134,133,67,134
irregular-n06-t128-b00064-falternating-s18,Standard,2,true,4,5,3,0,3,0,0,0,0,0,0,0,4,20,20,20,530,530,2042,48343,18334707093975094436186887348506838197028,134,134,67,135
irregular-n06-t128-b00064-falternating-s18,Standard,3,true,5,6,4,0,4,0,0,0,0,0,0,0,22,132,132,132,2772,2772,10422,179021,21139092960367167275016668121072627918240,134,134,67,135
irregular-n06-t128-b00064-falternating-s18,Accelerated,0,true,0,2,0,0,0,0,0,0,0,0,1,0,1,2,2,2,86,86,506,12304,4731607179821112393486088295094354315634,132,67,67,133
irregular-n06-t128-b00064-falternating-s18,Accelerated,1,true,1,3,0,1,1,0,0,0,0,1,0,1,66,198,138,138,1986,1986,6303,77598,17724851912878863246235227997627609991588,134,133,67,134
irregular-n06-t128-b00064-falternating-s18,Accelerated,2,true,2,5,0,2,2,1,1,0,0,1,0,1,4,20,20,20,530,530,2276,53101,724057888804824745269941763379282354147034904246455090110352,199,196,132,200
irregular-n06-t128-b00064-falternating-s18,Accelerated,3,true,2,5,0,2,2,1,1,0,0,1,0,1,22,110,110,110,2310,2310,8962,151861,2521359996238879591816208358655294177067030328415905940059168,201,199,133,201
irregular-n06-t128-b00064-falternating-s19,Standard,0,true,2,3,1,0,1,0,0,0,0,0,0,0,1,3,3,3,129,129,859,22390,12072044036540763011222751042618936826716,134,131,67,134
irregular-n06-t128-b00064-falternating-s19,Standard,1,true,2,3,1,0,1,0,0,0,0,0,0,0,72,216,186,186,2658,2658,8404,103381,12945856659237440676350842714240772194668,134,132,66,134
irregular-n06-t128-b00064-falternating-s19,Standard,2,true,3,4,2,0,2,0,0,0,0,0,0,0,4,16,16,16,424,424,1634,38744,18432233231112695738799750487807581500732,134,134,67,135
irregular-n06-t128-b00064-falternating-s19,Standard,3,true,3,4,2,0,2,0,0,0,0,0,0,0,24,96,96,96,2016,2016,7609,136072,18941565964005825447659857434670033814108,134,134,67,134
irregular-n06-t128-b00064-falternating-s19,Accelerated,0,true,1,3,0,1,1,0,0,0,0,1,0,1,1,3,3,3,129,129,859,22148,12072044036540763011222751042618936826716,134,128,67,134
irregular-n06-t128-b00064-falternating-s19,Accelerated,1,true,1,3,0,1,1,0,0,0,0,1,0,1,72,216,186,186,2658,2658,8404,102913,12945856659237440676350842714240772194668,134,132,66,134
irregular-n06-t128-b00064-falternating-s19,Accelerated,2,true,1,3,0,1,1,0,0,0,0,1,0,1,4,12,12,12,318,318,1362,31845,18432233231112695738799750487807581500732,134,130,67,135
irregular-n06-t128-b00064-falternating-s19,Accelerated,3,true,1,3,0,1,1,0,0,0,0,1,0,1,24,72,72,72,1512,1512,5965,104900,18941565964005825447659857434670033814108,134,132,67,134
irregular-n06-t128-b00064-falternating-s20,Standard,0,true,2,3,1,0,1,0,0,0,0,0,0,0,1,3,3,3,129,129,912,26132,29190893662391058390569328257026010310322,135,134,68,135
irregular-n06-t128-b00064-falternating-s20,Standard,1,true,2,3,1,0,1,0,0,0,0,0,0,0,78,234,105,105,1581,1581,5378,71373,31707614184406995216528947670022067176222,135,133,67,135
irregular-n06-t128-b00064-falternating-s20,Standard,2,true,3,4,2,0,2,0,0,0,0,0,0,0,4,16,16,16,424,424,1976,49882,34117751685723683459985087109720334420948,135,134,67,135
irregular-n06-t128-b00064-falternating-s20,Standard,3,true,4,5,3,0,3,0,0,0,0,0,0,0,26,130,130,130,2730,2730,11367,200855,34022571404569593514172601862808165765530,135,133,67,135
irregular-n06-t128-b00064-falternating-s20,Accelerated,0,true,1,3,0,1,1,0,0,0,0,1,0,1,1,3,3,3,129,129,912,26132,29190893662391058390569328257026010310322,135,132,68,135
irregular-n06-t128-b00064-falternating-s20,Accelerated,1,true,1,3,0,1,1,0,0,0,0,1,0,1,78,234,105,105,1581,1581,5378,71373,31707614184406995216528947670022067176222,135,133,67,135
irregular-n06-t128-b00064-falternating-s20,Accelerated,2,true,1,3,0,1,1,0,0,0,0,1,0,1,4,12,12,12,318,318,1500,37622,34117751685723683459985087109720334420948,135,133,67,135
irregular-n06-t128-b00064-falternating-s20,Accelerated,3,true,2,5,0,2,2,1,1,0,0,1,0,1,26,130,130,130,2730,2730,11420,199263,1951958720647168027920461615412955225279611667943895779756756,201,199,132,201
irregular-n06-t128-b00064-frandom-s01,Standard,0,true,2,3,1,0,1,0,0,0,0,0,0,0,1,3,3,3,129,129,623,17381,6643335899515018763574838882035133595832,133,132,67,133
irregular-n06-t128-b00064-frandom-s01,Standard,1,true,2,3,1,0,1,0,0,0,0,0,0,0,144,432,360,360,5256,5256,15580,213239,8593898071587289336620530463902087224464,133,132,67,134
irregular-n06-t128-b00064-frandom-s01,Standard,2,true,2,3,1,0,1,0,0,0,0,0,0,0,6,18,18,18,558,558,1977,51861,6189850995478276108023258182284901294088,133,133,67,134
irregular-n06-t128-b00064-frandom-s01,Standard,3,true,2,3,1,0,1,0,0,0,0,0,0,0,24,72,72,72,1512,1512,5399,99527,9817150717767836461614015375235458567792,133,133,67,134
irregular-n06-t128-b00064-frandom-s01,Accelerated,0,true,1,3,0,1,1,0,0,0,0,1,0,1,1,3,3,3,129,129,639,18015,6643335899515018763574838882035133595832,133,131,67,133
irregular-n06-t128-b00064-frandom-s01,Accelerated,1,true,1,3,0,1,1,0,0,0,0,1,0,1,144,432,360,360,5256,5256,15898,218714,8593898071587289336620530463902087224464,133,132,67,134
irregular-n06-t128-b00064-frandom-s01,Accelerated,2,true,0,2,0,0,0,0,0,0,0,0,1,0,6,12,12,12,372,372,1418,36749,6189850995478276108023258182284901294088,133,68,67,134
irregular-n06-t128-b00064-frandom-s01,Accelerated,3,true,0,2,0,0,0,0,0,0,0,0,1,0,24,48,48,48,1008,1008,3684,67263,7602044612033311871205962013228458520872,133,131,67,134
irregular-n06-t128-b00064-frandom-s02,Standard,0,true,2,3,1,0,1,0,0,0,0,0,0,0,1,3,3,3,129,129,695,20018,10520181076976515678179165719321716282984,133,132,67,133
irregular-n06-t128-b00064-frandom-s02,Standard,1,true,2,3,1,0,1,0,0,0,0,0,0,0,120,360,300,300,4380,4380,12943,168089,16684057210062989766385703246493658768264,134,133,67,134
irregular-n06-t128-b00064-frandom-s02,Standard,2,true,4,5,3,0,3,0,0,0,0,0,0,0,6,30,30,30,930,930,3808,93845,13858332461570160937995980624987131889744,134,133,67,134
irregular-n06-t128-b00064-frandom-s02,Standard,3,true,4,5,3,0,3,0,0,0,0,0,0,0,20,100,100,100,2100,2100,7493,125562,13563794275844408464170513721423862439428,134,133,67,134
irregular-n06-t128-b00064-frandom-s02,Accelerated,0,true,1,3,0,1,1,0,0,0,0,1,0,1,1,3,3,3,129,129,698,20052,10520181076976515678179165719321716282984,133,131,67,133
irregular-n06-t128-b00064-frandom-s02,Accelerated,1,true,1,3,0,1,1,0,0,0,0,1,0,1,120,360,300,300,4380,4380,12985,167498,16684057210062989766385703246493658768264,134,133,67,134
irregular-n06-t128-b00064-frandom-s02,Accelerated,2,true,2,5,0,2,2,1,0,1,0,1,0,1,6,30,30,30,930,930,4145,101135,875077008979804218067301976119290167453689644533424079992928,200,195,133,200
irregular-n06-t128-b00064-frandom-s02,Accelerated,3,true,2,5,0,2,2,1,0,1,0,1,0,1,20,100,100,100,2100,2100,7769,127304,932528366282536325874826304815511433944171095212392549812200,200,198,132,200
irregular-n06-t128-b00064-frandom-s03,Standard,0,true,2,3,1,0,1,0,0,0,0,0,0,0,1,3,3,3,129,129,683,16007,9960381519416243256456078777481085693622,133,131,67,134
irregular-n06-t128-b00064-frandom-s03,Standard,1,true,3,4,2,0,2,0,0,0,0,0,0,0,120,480,400,400,5840,5840,17463,215262,14259431187348245631390896659229239025020,134,133,67,134
irregular-n06-t128-b00064-frandom-s03,Standard,2,true,2,3,1,0,1,0,0,0,0,0,0,0,6,18,18,18,558,558,1867,43583,11232213047608421208120864086486304907104,134,134,67,135
irregular-n06-t128-b00064-frandom-s03,Standard,3,true,3,4,2,0,2,0,0,0,0,0,0,0,20,80,80,80,1680,1680,5708,96925,17790994324782098127162775868732058511870,134,134,67,134
irregular-n06-t128-b00064-frandom-s03,Accelerated,0,true,1,3,0,1,1,0,0,0,0,1,0,1,1,3,3,3,129,129,733,15956,9960381519416243256456078777481085693622,133,129,67,134
irregular-n06-t128-b00064-frandom-s03,Accelerated,1,true,0,2,0,0,0,0,0,0,0,0,1,0,120,240,200,200,2920,2920,8771,99837,4002732016508132557342469986415300946100,132,131,67,133
irregular-n06-t128-b00064-frandom-s03,Accelerated,2,true,0,2,0,0,0,0,0,0,0,0,1,0,6,12,12,12,372,372,1393,31345,11232213047608421208120864086486304907104,134,68,67,135
irregular-n06-t128-b00064-frandom-s03,Accelerated,3,true,1,3,0,1,1,0,0,0,0,1,0,1,20,60,60,60,1260,1260,4417,73654,13653771798878983870628994545498560087244,134,132,67,134
irregular-n06-t128-b00064-frandom-s04,Standard,0,true,2,3,1,0,1,0,0,0,0,0,0,0,1,3,3,3,129,129,469,10657,1832432239965447048030350279345376783384,131,129,66,132
irregular-n06-t128-b00064-frandom-s04,Standard,1,true,3,4,2,0,2,0,0,0,0,0,0,0,96,384,320,320,4672,4672,12807,159562,2656576368486340723208248825530988030984,131,130,66,132
irregular-n06-t128-b00064-frandom-s04,Standard,2,true,2,3,1,0,1,0,0,0,0,0,0,0,6,18,18,18,558,558,1685,38620,1623056064482737903922935821458894193066,131,130,66,132
irregular-n06-t128-b00064-frandom-s04,Standard,3,true,3,4,2,0,2,0,0,0,0,0,0,0,16,64,64,64,1344,1344,4206,67356,2384382917116794028461404291596813946900,131,131,66,131
irregular-n06-t128-b00064-frandom-s04,Accelerated,0,true,1,3,0,1,1,0,0,0,0,1,0,1,1,3,3,3,129,129,469,10657,1832432239965447048030350279345376783384,131,129,66,132
irregular-n06-t128-b00064-frandom-s04,Accelerated,1,true,2,5,0,2,2,1,0,1,0,1,0,1,96,480,400,400,5840,5840,16086,196214,23739566525351764572663058532391164310444457772234962529016,194,194,129,194
irregular-n06-t128-b00064-frandom-s04,Accelerated,2,true,0,2,0,0,0,0,0,0,0,0,1,0,6,12,12,12,372,372,1231,27669,1623056064482737903922935821458894193066,131,128,66,132
irregular-n06-t128-b00064-frandom-s04,Accelerated,3,true,1,3,0,1,1,0,0,0,0,1,0,1,16,48,48,48,1008,1008,3194,51160,2148212633310784199102032581821087414230,131,129,66,131
irregular-n06-t128-b00064-frandom-s05,Standard,0,true,2,3,1,0,1,0,0,0,0,0,0,0,1,3,3,3,129,129,643,17338,7005225106606877202070131350666688307150,133,131,67,133
irregular-n06-t128-b00064-frandom-s05,Standard,1,true,3,4,2,0,2,0,0,0,0,0,0,0,144,576,336,336,5008,5008,15480,208166,8465332423403465274019343932143140946766,133,132,67,134
irregular-n06-t128-b00064-frandom-s05,Standard,2,true,2,3,1,0,1,0,0,0,0,0,0,0,6,18,18,18,558,558,2022,51911,8141304867768927244278285676963149199040,133,133,67,134
irregular-n06-t128-b00064-frandom-s05,Standard,3,true,2,3,1,0,1,0,0,0,0,0,0,0,24,72,72,72,1512,1512,5324,95968,9532244192650796477749042393231227651428,133,133,67,134
irregular-n06-t128-b00064-frandom-s05,Accelerated,0,true,1,3,0,1,1,0,0,0,0,1,0,1,1,3,3,3,129,129,657,17994,7005225106606877202070131350666688307150,133,131,67,133
irregular-n06-t128-b00064-frandom-s05,Accelerated,1,true,2,5,0,2,2,1,0,1,0,1,0,1,144,720,420,420,6260,6260,19665,258710,34141315783071554094248876191692386379765004436012323251840,195,195,128,195
irregular-n06-t128-b00064-frandom-s05,Accelerated,2,true,0,2,0,0,0,0,0,0,0,0,1,0,6,12,12,12,372,372,1487,37320,8141304867768927244278285676963149199040,133,68,67,134
irregular-n06-t128-b00064-frandom-s05,Accelerated,3,true,0,2,0,0,0,0,0,0,0,0,1,0,24,48,48,48,1008,1008,3671,64874,9230101803271488837933909493237080231316,133,132,67,134
irregular-n06-t128-b00064-frandom-s06,Standard,0,true,3,4,2,0,2,0,0,0,0,0,0,0,1,4,4,4,172,172,949,24773,5969477746378183536488521633952038235004,133,129,67,133
irregular-n06-t128-b00064-frandom-s06,Standard,1,true,3,4,2,0,2,0,0,0,0,0,0,0,108,432,360,360,5256,5256,14873,185613,7725662400548808503997449783340627813880,133,132,67,134
irregular-n06-t128-b00064-frandom-s06,Standard,2,true,2,3,1,0,1,0,0,0,0,0,0,0,6,18,18,18,558,558,1482,37203,13354251370911970374180964852967760516408,134,134,67,135
irregular-n06-t128-b00064-frandom-s06,Standard,3,true,2,3,1,0,1,0,0,0,0,0,0,0,18,54,48,48,1008,1008,3120,51930,21574659389998732242262668256338539003582,134,134,67,135
irregular-n06-t128-b00064-frandom-s06,Accelerated,0,true,1,3,0,1,1,0,0,0,0,1,0,1,1,3,3,3,129,129,675,16485,4222807783684504619394188439094840101078,132,127,67,133
irregular-n06-t128-b00064-frandom-s06,Accelerated,1,true,1,3,0,1,1,0,0,0,0,1,0,1,108,324,270,270,3942,3942,11073,133307,5278232328889538077496279626237205615516,132,132,67,134
irregular-n06-t128-b00064-frandom-s06,Accelerated,2,true,0,2,0,0,0,0,0,0,0,0,1,0,6,12,12,12,372,372,1044,26089,9407363839727419761124863108383794849892,133,130,67,134
irregular-n06-t128-b00064-frandom-s06,Accelerated,3,true,0,2,0,0,0,0,0,0,0,0,1,0,18,36,32,32,672,672,2153,34963,15463761658026555610933205495942219185858,134,133,67,135
irregular-n06-t128-b00064-frandom-s07,Standard,0,true,2,3,1,0,1,0,0,0,0,0,0,0,1,3,3,3,129,129,528,12768,6078839868721706224136913457259045064930,133,132,67,133
irregular-n06-t128-b00064-frandom-s07,Standard,1,true,2,3,1,0,1,0,0,0,0,0,0,0,96,288,240,240,3504,3504,9094,113924,11077003728116000225446326768356409033904,134,132,67,134
irregular-n06-t128-b00064-frandom-s07,Standard,2,true,2,3,1,0,1,0,0,0,0,0,0,0,6,18,18,18,558,558,1694,39858,6666058567013299899690175755872196155990,133,132,66,134
irregular-n06-t128-b00064-frandom-s07,Standard,3,true,3,4,2,0,2,0,0,0,0,0,0,0,16,64,64,64,1344,1344,4281,70167,7558508171302494721697634014368651749962,133,132,66,133
irregular-n06-t128-b00064-frandom-s07,Accelerated,0,true,1,3,0,1,1,0,0,0,0,1,0,1,1,3,3,3,129,129,560,13371,6078839868721706224136913457259045064930,133,131,67,133
irregular-n06-t128-b00064-frandom-s07,Accelerated,1,true,1,3,0,1,1,0,0,0,0,1,0,1,96,288,240,240,3504,3504,9274,115868,11077003728116000225446326768356409033904,134,132,67,134
irregular-n06-t128-b00064-frandom-s07,Accelerated,2,true,0,2,0,0,0,0,0,0,0,0,1,0,6,12,12,12,372,372,1166,26903,6666058567013299899690175755872196155990,133,68,66,134
irregular-n06-t128-b00064-frandom-s07,Accelerated,3,true,1,3,0,1,1,0,0,0,0,1,0,1,16,48,48,48,1008,1008,3248,52119,7558508171302494721697634014368651749962,133,131,66,133
irregular-n06-t128-b00064-frandom-s08,Standard,0,true,2,3,1,0,1,0,0,0,0,0,0,0,1,3,3,3,129,129,601,16492,7754339174420917744596074688845689036560,133,132,67,133
irregular-n06-t128-b00064-frandom-s08,Standard,1,true,2,3,1,0,1,0,0,0,0,0,0,0,132,396,330,330,4818,4818,13974,192209,10907575658196747560266676798750368142524,134,133,67,134
irregular-n06-t128-b00064-frandom-s08,Standard,2,true,4,5,3,0,3,0,0,0,0,0,0,0,6,30,30,30,930,930,4498,103862,5600781148402324267554094115014475887288,133,131,66,133
irregular-n06-t128-b00064-frandom-s08,Standard,3,true,3,4,2,0,2,0,0,0,0,0,0,0,22,88,88,88,1848,1848,7042,118006,4870435824504129572445820543813591241180,132,131,65,132
irregular-n06-t128-b00064-frandom-s08,Accelerated,0,true,1,3,0,1,1,0,0,0,0,1,0,1,1,3,3,3,129,129,622,17326,7754339174420917744596074688845689036560,133,131,67,133
irregular-n06-t128-b00064-frandom-s08,Accelerated,1,true,1,3,0,1,1,0,0,0,0,1,0,1,132,396,330,330,4818,4818,13992,192382,10907575658196747560266676798750368142524,134,133,67,134
irregular-n06-t128-b00064-frandom-s08,Accelerated,2,true,2,5,0,2,2,1,1,0,0,1,0,1,6,30,30,30,930,930,4562,102614,97092599338537040296269516838390605738466343182566056299400,196,195,129,197
irregular-n06-t128-b00064-frandom-s08,Accelerated,3,true,1,3,0,1,1,0,0,0,0,1,0,1,22,66,66,66,1386,1386,5191,86093,5464717228200449273045606269113596382022,133,131,65,133
irregular-n06-t128-b00064-frandom-s09,Standard,0,true,3,4,2,0,2,0,0,0,0,0,0,0,1,4,4,4,172,172,1163,35226,14575188233639035033886319404461705512014,134,133,67,134
irregular-n06-t128-b00064-frandom-s09,Standard,1,true,3,4,2,0,2,0,0,0,0,0,0,0,156,624,520,520,7592,7592,24360,338813,22577452663156088424366213946769750215380,135,134,67,135
irregular-n06-t128-b00064-frandom-s09,Standard,2,true,3,4,2,0,2,0,0,0,0,0,0,0,6,24,24,24,744,744,3565,89130,15816038575915579566320164490757550190806,134,133,67,134
irregular-n06-t128-b00064-frandom-s09,Standard,3,true,3,4,2,0,2,0,0,0,0,0,0,0,26,104,84,84,1764,1764,7034,120827,10530372475617447840617442337079590418192,133,132,66,133
irregular-n06-t128-b00064-frandom-s09,Accelerated,0,true,2,5,0,2,2,1,0,1,0,1,0,1,1,5,5,5,215,215,1396,39485,329681191438285105307024149078895623728118010107047133245424,198,198,132,198
irregular-n06-t128-b00064-frandom-s09,Accelerated,1,true,1,3,0,1,1,0,0,0,0,1,0,1,156,468,390,390,5694,5694,18384,250660,19307422201469288896603959021074533420104,134,134,67,134
irregular-n06-t128-b00064-frandom-s09,Accelerated,2,true,1,3,0,1,1,0,0,0,0,1,0,1,6,18,18,18,558,558,2711,66517,15816038575915579566320164490757550190806,134,129,67,134
irregular-n06-t128-b00064-frandom-s09,Accelerated,3,true,1,3,0,1,1,0,0,0,0,1,0,1,26,78,63,63,1323,1323,5297,90091,12758732088527768345665067575785361345454,134,132,66,134
irregular-n06-t128-b00064-frandom-s10,Standard,0,false,0,1,0,0,0,0,0,0,0,0,0,0,1,1,0,0,0,0,0,0,0,0,1,1,2
irregular-n06-t128-b00064-frandom-s10,Standard,1,true,3,4,2,0,2,0,0,0,0,0,0,0,120,480,400,400,5840,5840,16872,218714,17680406844287473141632158432203494377844,134,133,67,134
irregular-n06-t128-b00064-frandom-s10,Standard,2,true,3,4,2,0,2,0,0,0,0,0,0,0,6,24,24,24,744,744,2780,64586,12384357289433195602999723815687096560304,134,133,67,134
irregular-n06-t128-b00064-frandom-s10,Standard,3,true,4,5,3,0,3,0,0,0,0,0,0,0,20,100,100,100,2100,2100,7196,120385,12770062763206661691100192665363906350068,134,133,67,134
irregular-n06-t128-b00064-frandom-s10,Accelerated,0,false,0,1,0,0,0,0,0,0,0,0,0,0,1,1,0,0,0,0,0,0,0,0,1,1,2
irregular-n06-t128-b00064-frandom-s10,Accelerated,1,true,2,5,0,2,2,1,0,1,0,1,0,1,120,600,500,500,7300,7300,21226,272201,140659002394433813270049860617657556611142126511514428138144,197,196,130,197
irregular-n06-t128-b00064-frandom-s10,Accelerated,2,true,1,3,0,1,1,0,0,0,0,1,0,1,6,18,18,18,558,558,2265,51244,12384357289433195602999723815687096560304,134,131,67,134
irregular-n06-t128-b00064-frandom-s10,Accelerated,3,true,2,5,0,2,2,1,1,0,0,1,0,1,20,100,100,100,2100,2100,7452,120719,614041397151565546028010924379334546200385398862370549043680,199,198,131,199
irregular-n06-t128-b00064-frandom-s11,Standard,0,true,3,4,2,0,2,0,0,0,0,0,0,0,1,4,4,4,172,172,806,18476,8517029759203599093877812846820997075000,133,131,67,133
irregular-n06-t128-b00064-frandom-s11,Standard,1,true,3,4,2,0,2,0,0,0,0,0,0,0,120,480,400,400,5840,5840,16478,201421,10092304936042163412781609498449315891718,133,132,67,133
irregular-n06-t128-b00064-frandom-s11,Standard,2,true,3,4,2,0,2,0,0,0,0,0,0,0,6,24,24,24,744,744,2730,55600,7960195369442579544484803708108494554030,133,132,66,134
irregular-n06-t128-b00064-frandom-s11,Standard,3,true,3,4,2,0,2,0,0,0,0,0,0,0,20,80,80,80,1680,1680,5562,86479,7366477769738618770706832439358981577256,133,132,67,133
irregular-n06-t128-b00064-frandom-s11,Accelerated,0,true,2,5,0,2,2,1,0,1,0,1,0,1,1,5,5,5,215,215,950,20334,7552695148436711141765791397943181783951210769952507628792,193,188,126,194
irregular-n06-t128-b00064-frandom-s11,Accelerated,1,true,1,3,0,1,1,0,0,0,0,1,0,1,120,360,300,300,4380,4380,12362,144618,6648240228760552221576458208506811166410,133,132,67,133
irregular-n06-t128-b00064-frandom-s11,Accelerated,2,true,1,3,0,1,1,0,0,0,0,1,0,1,6,18,18,18,558,558,2160,42266,7960195369442579544484803708108494554030,133,131,66,134
irregular-n06-t128-b00064-frandom-s11,Accelerated,3,true,1,3,0,1,1,0,0,0,0,1,0,1,20,60,60,60,1260,1260,4200,62651,7366477769738618770706832439358981577256,133,131,67,133
irregular-n06-t128-b00064-frandom-s12,Standard,0,true,2,3,1,0,1,0,0,0,0,0,0,0,1,3,3,3,129,129,708,21168,12173516911430733404582873690684830846584,134,133,68,134
irregular-n06-t128-b00064-frandom-s12,Standard,1,true,3,4,2,0,2,0,0,0,0,0,0,0,144,576,480,480,7008,7008,21332,301949,17151513939442832842702957282358268674018,134,133,67,134
irregular-n06-t128-b00064-frandom-s12,Standard,2,true,4,5,3,0,3,0,0,0,0,0,0,0,6,30,30,30,930,930,4513,110728,8052956657808593772181339458534664314712,133,132,66,134
irregular-n06-t128-b00064-frandom-s12,Standard,3,true,3,4,2,0,2,0,0,0,0,0,0,0,24,96,96,96,2016,2016,7846,140297,7319807639171828919409912853932607235980,133,132,66,133
irregular-n06-t128-b00064-frandom-s12,Accelerated,0,true,1,3,0,1,1,0,0,0,0,1,0,1,1,3,3,3,129,129,767,23486,12173516911430733404582873690684830846584,134,132,68,134
irregular-n06-t128-b00064-frandom-s12,Accelerated,1,true,2,5,0,2,2,1,0,1,0,1,0,1,144,720,600,600,8760,8760,26362,348981,476037168999964289397238225751846987215951792921479864265176,199,199,131,199
irregular-n06-t128-b00064-frandom-s12,Accelerated,2,true,2,5,0,2,2,1,0,1,0,1,0,1,6,30,30,30,930,930,4671,109958,202618786975462854085477209716581891054207113245412181377808,198,197,130,198
irregular-n06-t128-b00064-frandom-s12,Accelerated,3,true,1,3,0,1,1,0,0,0,0,1,0,1,24,72,72,72,1512,1512,5844,104271,8343241415961941594204129152255031067938,133,131,66,133
irregular-n06-t128-b00064-frandom-s13,Standard,0,true,2,3,1,0,1,0,0,0,0,0,0,0,1,3,3,3,129,129,790,23089,14679194562438385755009961160640061342356,134,132,67,134
irregular-n06-t128-b00064-frandom-s13,Standard,1,true,2,3,1,0,1,0,0,0,0,0,0,0,144,432,360,360,5256,5256,15570,207963,23024387978094943090363868155509556169632,135,134,67,135
irregular-n06-t128-b00064-frandom-s13,Standard,2,true,2,3,1,0,1,0,0,0,0,0,0,0,6,18,18,18,558,558,2448,62593,13432229278153944694366876715857953689172,134,133,67,134
irregular-n06-t128-b00064-frandom-s13,Standard,3,true,3,4,2,0,2,0,0,0,0,0,0,0,24,96,96,96,2016,2016,7754,133917,14499652834914965865990533506215084406824,134,133,67,134
irregular-n06-t128-b00064-frandom-s13,Accelerated,0,true,1,3,0,1,1,0,0,0,0,1,0,1,1,3,3,3,129,129,815,23911,14679194562438385755009961160640061342356,134,131,67,134
irregular-n06-t128-b00064-frandom-s13,Accelerated,1,true,1,3,0,1,1,0,0,0,0,1,0,1,144,432,360,360,5256,5256,15570,207795,23024387978094943090363868155509556169632,135,134,67,135
irregular-n06-t128-b00064-frandom-s13,Accelerated,2,true,0,2,0,0,0,0,0,0,0,0,1,0,6,12,12,12,372,372,1625,41216,13432229278153944694366876715857953689172,134,129,67,134
irregular-n06-t128-b00064-frandom-s13,Accelerated,3,true,1,3,0,1,1,0,0,0,0,1,0,1,24,72,72,72,1512,1512,5866,99784,14499652834914965865990533506215084406824,134,132,67,134
irregular-n06-t128-b00064-frandom-s14,Standard,0,true,3,4,2,0,2,0,0,0,0,0,0,0,1,4,4,4,172,172,907,22664,2667944445116150089620493650016570400230,131,128,65,132
irregular-n06-t128-b00064-frandom-s14,Standard,1,true,2,3,1,0,1,0,0,0,0,0,0,0,108,324,255,255,3747,3747,10416,128772,7130640198181776377906577450891393523112,133,132,67,133
irregular-n06-t128-b00064-frandom-s14,Standard,2,true,3,4,2,0,2,0,0,0,0,0,0,0,6,24,24,24,744,744,2236,54036,8247758584880562922009660644653983359612,133,133,67,134
irregular-n06-t128-b00064-frandom-s14,Standard,3,true,2,3,1,0,1,0,0,0,0,0,0,0,18,54,54,54,1134,1134,3529,59611,12964258266143403744408768219487387644052,134,133,67,134
irregular-n06-t128-b00064-frandom-s14,Accelerated,0,true,0,2,0,0,0,0,0,0,0,0,1,0,1,2,2,2,86,86,403,8528,1080996742217828810410448657242659622000,130,66,65,130
irregular-n06-t128-b00064-frandom-s14,Accelerated,1,true,1,3,0,1,1,0,0,0,0,1,0,1,108,324,255,255,3747,3747,10429,128828,7130640198181776377906577450891393523112,133,132,67,133
irregular-n06-t128-b00064-frandom-s14,Accelerated,2,true,1,3,0,1,1,0,0,0,0,1,0,1,6,18,18,18,558,558,1798,42832,5972344903534946768384255753428034926786,133,130,67,134
irregular-n06-t128-b00064-frandom-s14,Accelerated,3,true,0,2,0,0,0,0,0,0,0,0,1,0,18,36,36,36,756,756,2399,39879,9651374635045671363759201309509028553996,133,132,67,134
irregular-n06-t128-b00064-frandom-s15,Standard,0,true,2,3,1,0,1,0,0,0,0,0,0,0,1,3,3,3,129,129,638,17537,10033551156575671000901935194856982275980,133,133,68,134
irregular-n06-t128-b00064-frandom-s15,Standard,1,true,2,3,1,0,1,0,0,0,0,0,0,0,156,468,339,339,4983,4983,15040,198676,14857448228817675968391530234003950666258,134,133,68,135
irregular-n06-t128-b00064-frandom-s15,Standard,2,true,2,3,1,0,1,0,0,0,0,0,0,0,6,18,18,18,558,558,1987,53253,11213612113890704164466258683492683465962,134,134,68,135
irregular-n06-t128-b00064-frandom-s15,Standard,3,true,2,3,1,0,1,0,0,0,0,0,0,0,26,78,78,78,1638,1638,5935,109615,20258054210632600455037920398578411463236,134,134,68,135
irregular-n06-t128-b00064-frandom-s15,Accelerated,0,true,1,3,0,1,1,0,0,0,0,1,0,1,1,3,3,3,129,129,638,17537,10033551156575671000901935194856982275980,133,132,68,134
irregular-n06-t128-b00064-frandom-s15,Accelerated,1,true,1,3,0,1,1,0,0,0,0,1,0,1,156,468,339,339,4983,4983,15085,199291,14857448228817675968391530234003950666258,134,133,68,135
irregular-n06-t128-b00064-frandom-s15,Accelerated,2,true,0,2,0,0,0,0,0,0,0,0,1,0,6,12,12,12,372,372,1421,37368,10371462263087432323068649998619358845484,133,131,68,135
irregular-n06-t128-b00064-frandom-s15,Accelerated,3,true,0,2,0,0,0,0,0,0,0,0,1,0,26,52,52,52,1092,1092,4084,73740,14357335872169006075612256993987555836408,134,133,68,135
irregular-n06-t128-b00064-frandom-s16,Standard,0,true,2,3,1,0,1,0,0,0,0,0,0,0,1,3,3,3,129,129,547,13725,4507688100679287990183083070728299027192,132,131,67,133
irregular-n06-t128-b00064-frandom-s16,Standard,1,true,3,4,2,0,2,0,0,0,0,0,0,0,96,384,320,320,4672,4672,12357,150967,5890975194688873916614535777057029193468,133,131,66,133
irregular-n06-t128-b00064-frandom-s16,Standard,2,true,4,5,3,0,3,0,0,0,0,0,0,0,6,30,30,30,930,930,3271,69413,4395302884276341675492355572077394900064,132,131,66,133
irregular-n06-t128-b00064-frandom-s16,Standard,3,true,4,5,3,0,3,0,0,0,0,0,0,0,16,80,80,80,1680,1680,5285,79444,5345912027484601114933354173617415496172,132,131,66,132
irregular-n06-t128-b00064-frandom-s16,Accelerated,0,true,1,3,0,1,1,0,0,0,0,1,0,1,1,3,3,3,129,129,557,13977,4507688100679287990183083070728299027192,132,130,67,133
irregular-n06-t128-b00064-frandom-s16,Accelerated,1,true,0,2,0,0,0,0,0,0,0,0,1,0,96,192,160,160,2336,2336,6417,73212,2884894430424786175441558847248361593704,132,131,66,132
irregular-n06-t128-b00064-frandom-s16,Accelerated,2,true,2,5,0,2,2,1,0,1,0,1,0,1,6,30,30,30,930,930,3437,70564,156552637194845465587262552826174288128664929857497689198016,197,196,130,198
irregular-n06-t128-b00064-frandom-s16,Accelerated,3,true,2,5,0,2,2,1,1,0,0,1,0,1,16,80,80,80,1680,1680,5369,77202,112830441594014899364639965203913564575755194519983980828888,197,196,129,197
irregular-n06-t128-b00064-frandom-s17,Standard,0,true,2,3,1,0,1,0,0,0,0,0,0,0,1,3,3,3,129,129,655,16573,2833370262664670991689964919643919683840,132,130,66,132
irregular-n06-t128-b00064-frandom-s17,Standard,1,true,2,3,1,0,1,0,0,0,0,0,0,0,120,360,255,255,3747,3747,10777,135227,6519644611731696325475876991649513873294,133,132,67,134
irregular-n06-t128-b00064-frandom-s17,Standard,2,true,2,3,1,0,1,0,0,0,0,0,0,0,6,18,18,18,558,558,1671,41544,7083340319910678695051372275849087070364,133,133,67,134
irregular-n06-t128-b00064-frandom-s17,Standard,3,true,3,4,2,0,2,0,0,0,0,0,0,0,20,80,72,72,1512,1512,5054,86619,12607405485499640663441557962557266719652,134,134,67,134
irregular-n06-t128-b00064-frandom-s17,Accelerated,0,true,1,3,0,1,1,0,0,0,0,1,0,1,1,3,3,3,129,129,653,15608,2833370262664670991689964919643919683840,132,128,66,132
irregular-n06-t128-b00064-frandom-s17,Accelerated,1,true,1,3,0,1,1,0,0,0,0,1,0,1,120,360,255,255,3747,3747,10771,133748,6519644611731696325475876991649513873294,133,132,67,134
irregular-n06-t128-b00064-frandom-s17,Accelerated,2,true,0,2,0,0,0,0,0,0,0,0,1,0,6,12,12,12,372,372,1201,29513,5352837917361108415174834742631457718268,132,131,67,133
irregular-n06-t128-b00064-frandom-s17,Accelerated,3,true,1,3,0,1,1,0,0,0,0,1,0,1,20,60,54,54,1134,1134,3902,66050,9228238331195295406106767940741772017950,133,131,67,134
irregular-n06-t128-b00064-frandom-s18,Standard,0,true,3,4,2,0,2,0,0,0,0,0,0,0,1,4,4,4,172,172,1020,29790,11327832438246114388209313893670051519566,134,131,67,134
irregular-n06-t128-b00064-frandom-s18,Standard,1,true,2,3,1,0,1,0,0,0,0,0,0,0,132,396,330,330,4818,4818,13702,173914,18336793732815071604376894982199937733108,134,133,68,135
irregular-n06-t128-b00064-frandom-s18,Standard,2,true,2,3,1,0,1,0,0,0,0,0,0,0,6,18,18,18,558,558,1893,47818,14538018477193286331256695647472109467586,134,134,68,135
irregular-n06-t128-b00064-frandom-s18,Standard,3,true,3,4,2,0,2,0,0,0,0,0,0,0,22,88,88,88,1848,1848,6416,111904,23276416459795218705400095996839189548916,135,134,68,135
irregular-n06-t128-b00064-frandom-s18,Accelerated,0,true,2,5,0,2,2,1,0,1,0,1,0,1,1,5,5,5,215,215,1239,34097,127816280993549298405824242865593007956794984853206077405760,197,195,130,197
irregular-n06-t128-b00064-frandom-s18,Accelerated,1,true,1,3,0,1,1,0,0,0,0,1,0,1,132,396,330,330,4818,4818,13702,173914,18336793732815071604376894982199937733108,134,133,68,135
irregular-n06-t128-b00064-frandom-s18,Accelerated,2,true,0,2,0,0,0,0,0,0,0,0,1,0,6,12,12,12,372,372,1391,34479,14538018477193286331256695647472109467586,134,132,68,135
irregular-n06-t128-b00064-frandom-s18,Accelerated,3,true,1,3,0,1,1,0,0,0,0,1,0,1,22,66,66,66,1386,1386,4960,85104,16901807486234937080777427036289659208396,134,132,68,135
irregular-n06-t128-b00064-frandom-s19,Standard,0,true,4,5,3,0,3,0,0,0,0,0,0,0,1,5,5,5,215,215,1167,25835,10091117363477116433271380549771736201600,133,131,67,133
irregular-n06-t128-b00064-frandom-s19,Standard,1,true,3,4,2,0,2,0,0,0,0,0,0,0,144,576,480,480,7008,7008,22026,266235,12725924801498002383681171482158458183948,134,133,67,134
irregular-n06-t128-b00064-frandom-s19,Standard,2,true,2,3,1,0,1,0,0,0,0,0,0,0,6,18,18,18,558,558,2022,50798,13592975891483869939350912108467045880336,134,134,67,134
irregular-n06-t128-b00064-frandom-s19,Standard,3,true,2,3,1,0,1,0,0,0,0,0,0,0,24,72,72,72,1512,1512,5374,95909,17324304950125983447111241780651139569798,134,134,67,134
irregular-n06-t128-b00064-frandom-s19,Accelerated,0,true,3,7,0,3,3,2,0,2,0,1,0,1,1,7,7,7,301,301,1572,32399,396107171796136869534020204777173778512954292171475708553896,198,196,132,198
irregular-n06-t128-b00064-frandom-s19,Accelerated,1,true,1,3,0,1,1,0,0,0,0,1,0,1,144,432,360,360,5256,5256,16307,192842,10593311746239830270392780346137224603412,133,133,67,133
irregular-n06-t128-b00064-frandom-s19,Accelerated,2,true,0,2,0,0,0,0,0,0,0,0,1,0,6,12,12,12,372,372,1488,36384,13592975891483869939350912108467045880336,134,130,67,134
irregular-n06-t128-b00064-frandom-s19,Accelerated,3,true,1,3,0,1,1,0,0,0,0,1,0,1,24,72,72,72,1512,1512,5732,98124,12686111520392589862706998618589188843184,134,133,67,134
irregular-n06-t128-b00064-frandom-s20,Standard,0,true,2,3,1,0,1,0,0,0,0,0,0,0,1,3,3,3,129,129,658,18830,12680501252169386142155865790313728226684,134,133,68,134
irregular-n06-t128-b00064-frandom-s20,Standard,1,true,2,3,1,0,1,0,0,0,0,0,0,0,156,468,390,390,5694,5694,17033,239395,17619182628130698332403510596661138801964,134,133,68,134
irregular-n06-t128-b00064-frandom-s20,Standard,2,true,2,3,1,0,1,0,0,0,0,0,0,0,6,18,18,18,558,558,2248,60891,6446884151292204025080340301998425929432,133,132,66,134
irregular-n06-t128-b00064-frandom-s20,Standard,3,true,2,3,1,0,1,0,0,0,0,0,0,0,26,78,78,78,1638,1638,5990,113580,9011348393717404371842193632322046199832,133,132,66,134
irregular-n06-t128-b00064-frandom-s20,Accelerated,0,true,1,3,0,1,1,0,0,0,0,1,0,1,1,3,3,3,129,129,658,18830,12680501252169386142155865790313728226684,134,132,68,134
irregular-n06-t128-b00064-frandom-s20,Accelerated,1,true,1,3,0,1,1,0,0,0,0,1,0,1,156,468,390,390,5694,5694,17211,241588,17619182628130698332403510596661138801964,134,133,68,134
irregular-n06-t128-b00064-frandom-s20,Accelerated,2,true,0,2,0,0,0,0,0,0,0,0,1,0,6,12,12,12,372,372,1526,40839,6446884151292204025080340301998425929432,133,68,66,134
irregular-n06-t128-b00064-frandom-s20,Accelerated,3,true,0,2,0,0,0,0,0,0,0,0,1,0,26,52,52,52,1092,1092,4041,76190,8353971252219010698564092737896357320776,133,131,66,134
irregular-n08-t064-b00001-falternating-s01,Standard,0,true,2,3,1,0,1,0,0,0,0,0,0,0,1,3,3,3,219,219,1904,68043,436,9,8,5,12
irregular-n08-t064-b00001-falternating-s01,Standard,1,true,3,4,2,0,2,0,0,0,0,0,0,0,128,512,416,416,13664,13664,80310,1619531,854,10,8,5,12
irregular-n08-t064-b00001-falternating-s01,Standard,2,true,3,4,2,0,2,0,0,0,0,0,0,0,8,32,32,32,1408,1408,7129,234509,702,10,10,5,12
irregular-n08-t064-b00001-falternating-s01,Standard,3,true,4,5,3,0,3,0,0,0,0,0,0,0,32,160,160,160,6880,6880,43974,1217499,820,10,9,5,12
irregular-n08-t064-b00001-falternating-s01,Accelerated,0,true,1,3,0,1,1,0,0,0,0,1,0,1,1,3,3,3,219,219,1862,65247,436,9,6,5,12
irregular-n08-t064-b00001-falternating-s01,Accelerated,1,true,1,3,0,1,1,0,0,0,0,1,0,1,128,384,312,312,10248,10248,58331,1134206,454,9,8,5,12
irregular-n08-t064-b00001-falternating-s01,Accelerated,2,true,1,3,0,1,1,0,0,0,0,1,0,1,8,24,24,24,1056,1056,6085,196021,702,10,7,5,12
irregular-n08-t064-b00001-falternating-s01,Accelerated,3,true,2,5,0,2,2,1,1,0,0,1,0,1,32,160,160,160,6880,6880,47001,1256761,7624,13,12,8,14
irregular-n08-t064-b00001-falternating-s02,Standard,0,true,3,4,2,0,2,0,0,0,0,0,0,0,1,4,4,4,292,292,1782,48285,178,8,5,4,12
irregular-n08-t064-b00001-falternating-s02,Standard,1,true,2,3,1,0,1,0,0,0,0,0,0,0,96,288,240,240,7836,7836,35705,572882,168,8,6,4,12
irregular-n08-t064-b00001-falternating-s02,Standard,2,true,3,4,2,0,2,0,0,0,0,0,0,0,8,32,32,32,1408,1408,5602,168285,316,9,9,5,12
irregular-n08-t064-b00001-falternating-s02,Standard,3,true,4,5,3,0,3,0,0,0,0,0,0,0,24,120,120,120,5160,5160,24939,601602,398,9,9,5,12
irregular-n08-t064-b00001-falternating-s02,Accelerated,0,true,0,2,0,0,0,0,0,0,0,0,1,0,1,2,2,2,146,146,673,13891,32,6,4,4,12
irregular-n08-t064-b00001-falternating-s02,Accelerated,1,true,0,2,0,0,0,0,0,0,0,0,1,0,96,192,160,160,5224,5224,22247,318360,56,6,5,4,12
irregular-n08-t064-b00001-falternating-s02,Accelerated,2,true,1,3,0,1,1,0,0,0,0,1,0,1,8,24,24,24,1056,1056,4750,139474,316,9,5,5,12
irregular-n08-t064-b00001-falternating-s02,Accelerated,3,true,2,5,0,2,2,1,0,1,0,1,0,1,24,120,120,120,5160,5160,26608,593992,3800,12,11,8,12
irregular-n08-t064-b00001-falternating-s03,Standard,0,true,3,4,2,0,2,0,0,0,0,0,0,0,1,4,4,4,292,292,2792,107268,620,10,8,5,12
irregular-n08-t064-b00001-falternating-s03,Standard,1,true,3,4,2,0,2,0,0,0,0,0,0,0,128,512,440,440,14504,14504,85014,1721461,642,10,8,5,12
irregular-n08-t064-b00001-falternating-s03,Standard,2,true,4,5,3,0,3,0,0,0,0,0,0,0,8,40,40,40,1760,1760,10763,346344,704,10,9,5,12
irregular-n08-t064-b00001-falternating-s03,Standard,3,true,3,4,2,0,2,0,0,0,0,0,0,0,32,128,128,128,5504,5504,34467,947364,760,10,9,5,12
irregular-n08-t064-b00001-falternating-s03,Accelerated,0,true,2,5,0,2,2,1,0,1,0,1,0,1,1,5,5,5,365,365,3574,136542,3504,12,8,8,12
irregular-n08-t064-b00001-falternating-s03,Accelerated,1,true,1,3,0,1,1,0,0,0,0,1,0,1,128,384,330,330,10878,10878,62242,1222753,494,9,8,5,12
irregular-n08-t064-b00001-falternating-s03,Accelerated,2,true,2,5,0,2,2,1,0,1,0,1,0,1,8,40,40,40,1760,1760,11712,370068,5896,13,11,8,13
irregular-n08-t064-b00001-falternating-s03,Accelerated,3,true,1,3,0,1,1,0,0,0,0,1,0,1,32,96,96,96,4128,4128,26384,713130,760,10,8,5,12
irregular-n08-t064-b00001-falternating-s04,Standard,0,true,3,4,2,0,2,0,0,0,0,0,0,0,1,4,4,4,292,292,2216,70766,328,9,6,4,12
irregular-n08-t064-b00001-falternating-s04,Standard,1,true,3,4,2,0,2,0,0,0,0,0,0,0,120,480,288,288,9408,9408,48535,899842,366,9,8,4,12
irregular-n08-t064-b00001-falternating-s04,Standard,2,true,3,4,2,0,2,0,0,0,0,0,0,0,8,32,32,32,1408,1408,6684,207826,588,10,10,5,12
irregular-n08-t064-b00001-falternating-s04,Standard,3,true,4,5,3,0,3,0,0,0,0,0,0,0,30,150,150,150,6450,6450,36739,999989,726,10,10,5,12
irregular-n08-t064-b00001-falternating-s04,Accelerated,0,true,0,2,0,0,0,0,0,0,0,0,1,0,1,2,2,2,146,146,869,22477,92,7,4,4,12
irregular-n08-t064-b00001-falternating-s04,Accelerated,1,true,0,2,0,0,0,0,0,0,0,0,1,0,120,240,144,144,4704,4704,22706,372690,70,7,5,4,12
irregular-n08-t064-b00001-falternating-s04,Accelerated,2,true,1,3,0,1,1,0,0,0,0,1,0,1,8,24,24,24,1056,1056,5672,171756,588,10,6,5,12
irregular-n08-t064-b00001-falternating-s04,Accelerated,3,true,2,5,0,2,2,1,1,0,0,1,0,1,30,150,150,150,6450,6450,40294,1065597,14100,14,12,9,15
irregular-n08-t064-b00001-falternating-s05,Standard,0,true,2,3,1,0,1,0,0,0,0,0,0,0,1,3,3,3,219,219,1192,28695,114,7,4,4,12
irregular-n08-t064-b00001-falternating-s05,Standard,1,true,3,4,2,0,2,0,0,0,0,0,0,0,88,352,316,316,10228,10228,45248,721661,248,8,7,4,12
irregular-n08-t064-b00001-falternating-s05,Standard,2,true,2,3,1,0,1,0,0,0,0,0,0,0,8,24,24,24,1056,1056,3575,106431,468,9,10,5,12
irregular-n08-t064-b00001-falternating-s05,Standard,3,true,3,4,2,0,2,0,0,0,0,0,0,0,22,88,88,88,3784,3784,17250,427008,556,10,10,5,12
irregular-n08-t064-b00001-falternating-s05,Accelerated,0,true,0,2,0,0,0,0,0,0,0,0,1,0,1,2,2,2,146,146,637,12192,38,6,4,4,12
irregular-n08-t064-b00001-falternating-s05,Accelerated,1,true,0,2,0,0,0,0,0,0,0,0,1,0,88,176,158,158,5114,5114,20148,278959,58,6,5,4,12
irregular-n08-t064-b00001-falternating-s05,Accelerated,2,true,0,2,0,0,0,0,0,0,0,0,1,0,8,16,16,16,704,704,2756,79330,468,9,6,5,12
irregular-n08-t064-b00001-falternating-s05,Accelerated,3,true,1,3,0,1,1,0,0,0,0,1,0,1,22,66,66,66,2838,2838,13849,330828,556,10,7,5,12
irregular-n08-t064-b00001-falternating-s06,Standard,0,true,3,4,2,0,2,0,0,0,0,0,0,0,1,4,4,4,292,292,2056,63707,402,9,8,5,12
irregular-n08-t064-b00001-falternating-s06,Standard,1,true,3,4,2,0,2,0,0,0,0,0,0,0,88,352,192,192,6432,6432,32163,574205,406,9,7,4,12
irregular-n08-t064-b00001-falternating-s06,Standard,2,true,3,4,2,0,2,0,0,0,0,0,0,0,8,32,32,32,1408,1408,6388,169699,494,9,9,5,12
irregular-n08-t064-b00001-falternating-s06,Standard,3,true,4,5,3,0,3,0,0,0,0,0,0,0,22,110,110,110,4730,4730,24275,558996,476,9,9,5,12
irregular-n08-t064-b00001-falternating-s06,Accelerated,0,true,1,3,0,1,1,0,0,0,0,1,0,1,1,3,3,3,219,219,1400,40736,292,9,5,5,12
irregular-n08-t064-b00001-falternating-s06,Accelerated,1,true,1,3,0,1,1,0,0,0,0,1,0,1,88,264,144,144,4824,4824,23564,406992,272,9,7,4,12
irregular-n08-t064-b00001-falternating-s06,Accelerated,2,true,1,3,0,1,1,0,0,0,0,1,0,1,8,24,24,24,1056,1056,4862,125395,494,9,7,5,12
irregular-n08-t064-b00001-falternating-s06,Accelerated,3,true,2,5,0,2,2,1,0,1,0,1,0,1,22,110,110,110,4730,4730,25239,561969,3440,12,11,7,12
irregular-n08-t064-b00001-falternating-s07,Standard,0,true,2,3,1,0,1,0,0,0,0,0,0,0,1,3,3,3,219,219,1381,40226,332,9,7,5,12
irregular-n08-t064-b00001-falternating-s07,Standard,1,true,2,3,1,0,1,0,0,0,0,0,0,0,96,288,165,165,5439,5439,25611,441350,312,9,8,4,12
irregular-n08-t064-b00001-falternating-s07,Standard,2,true,3,4,2,0,2,0,0,0,0,0,0,0,8,32,32,32,1408,1408,5901,165699,610,10,9,5,12
irregular-n08-t064-b00001-falternating-s07,Standard,3,true,4,5,3,0,3,0,0,0,0,0,0,0,24,120,120,120,5160,5160,25541,621668,596,10,9,5,12
irregular-n08-t064-b00001-falternating-s07,Accelerated,0,true,1,3,0,1,1,0,0,0,0,1,0,1,1,3,3,3,219,219,1328,37436,332,9,5,5,12
irregular-n08-t064-b00001-falternating-s07,Accelerated,1,true,1,3,0,1,1,0,0,0,0,1,0,1,96,288,165,165,5439,5439,25146,425868,312,9,8,4,12
irregular-n08-t064-b00001-falternating-s07,Accelerated,2,true,1,3,0,1,1,0,0,0,0,1,0,1,8,24,24,24,1056,1056,4938,132350,610,10,7,5,12
irregular-n08-t064-b00001-falternating-s07,Accelerated,3,true,2,5,0,2,2,1,0,1,0,1,0,1,24,120,120,120,5160,5160,26726,611873,5440,13,12,7,13
irregular-n08-t064-b00001-falternating-s08,Standard,0,true,2,3,1,0,1,0,0,0,0,0,0,0,1,3,3,3,219,219,1637,54309,508,9,7,5,12
irregular-n08-t064-b00001-falternating-s08,Standard,1,true,3,4,2,0,2,0,0,0,0,0,0,0,112,448,256,256,8512,8512,44013,812792,562,10,8,5,12
irregular-n08-t064-b00001-falternating-s08,Standard,2,true,4,5,3,0,3,0,0,0,0,0,0,0,8,40,40,40,1760,1760,9014,276387,712,10,10,5,12
irregular-n08-t064-b00001-falternating-s08,Standard,3,true,4,5,3,0,3,0,0,0,0,0,0,0,28,140,140,140,6020,6020,33946,889236,750,10,9,5,12
irregular-n08-t064-b00001-falternating-s08,Accelerated,0,true,1,3,0,1,1,0,0,0,0,1,0,1,1,3,3,3,219,219,1650,53004,508,9,6,5,12
irregular-n08-t064-b00001-falternating-s08,Accelerated,1,true,1,3,0,1,1,0,0,0,0,1,0,1,112,336,192,192,6384,6384,32356,575520,414,9,8,5,12
irregular-n08-t064-b00001-falternating-s08,Accelerated,2,true,2,5,0,2,2,1,1,0,0,1,0,1,8,40,40,40,1760,1760,10364,307477,5712,13,11,8,14
irregular-n08-t064-b00001-falternating-s08,Accelerated,3,true,2,5,0,2,2,1,0,1,0,1,0,1,28,140,140,140,6020,6020,35878,891757,4048,12,11,7,12
irregular-n08-t064-b00001-falternating-s09,Standard,0,true,3,4,2,0,2,0,0,0,0,0,0,0,1,4,4,4,292,292,2770,100087,612,10,7,5,12
irregular-n08-t064-b00001-falternating-s09,Standard,1,true,3,4,2,0,2,0,0,0,0,0,0,0,136,544,452,452,14732,14732,86222,1753037,1080,11,9,5,12
irregular-n08-t064-b00001-falternating-s09,Standard,2,true,3,4,2,0,2,0,0,0,0,0,0,0,8,32,32,32,1408,1408,7656,253954,1008,10,11,6,12
irregular-n08-t064-b00001-falternating-s09,Standard,3,true,4,5,3,0,3,0,0,0,0,0,0,0,34,170,170,170,7310,7310,45696,1296500,1080,11,10,6,12
irregular-n08-t064-b00001-falternating-s09,Accelerated,0,true,1,3,0,1,1,0,0,0,0,1,0,1,1,3,3,3,219,219,1912,64908,442,9,5,4,12
irregular-n08-t064-b00001-falternating-s09,Accelerated,1,true,0,2,0,0,0,0,0,0,0,0,1,0,136,272,226,226,7366,7366,39008,711727,192,8,7,5,12
irregular-n08-t064-b00001-falternating-s09,Accelerated,2,true,2,5,0,2,2,1,1,0,0,1,0,1,8,40,40,40,1760,1760,11900,392101,39168,16,13,10,16
irregular-n08-t064-b00001-falternating-s09,Accelerated,3,true,2,5,0,2,2,1,1,0,0,1,0,1,34,170,170,170,7310,7310,50617,1396023,31040,15,14,10,16
irregular-n08-t064-b00001-falternating-s10,Standard,0,true,3,4,2,0,2,0,0,0,0,0,0,0,1,4,4,4,292,292,1848,49326,210,8,5,4,12
irregular-n08-t064-b00001-falternating-s10,Standard,1,true,2,3,1,0,1,0,0,0,0,0,0,0,96,288,171,171,5625,5625,24754,383297,216,8,7,4,12
irregular-n08-t064-b00001-falternating-s10,Standard,2,true,3,4,2,0,2,0,0,0,0,0,0,0,8,32,32,32,1408,1408,5715,158704,474,9,9,5,12
irregular-n08-t064-b00001-falternating-s10,Standard,3,true,4,5,3,0,3,0,0,0,0,0,0,0,24,120,120,120,5160,5160,24352,574972,498,9,9,5,12
irregular-n08-t064-b00001-falternating-s10,Accelerated,0,true,0,2,0,0,0,0,0,0,0,0,1,0,1,2,2,2,146,146,690,14264,38,6,4,4,12
irregular-n08-t064-b00001-falternating-s10,Accelerated,1,true,0,2,0,0,0,0,0,0,0,0,1,0,96,192,114,114,3750,3750,15473,216297,54,6,5,4,12
irregular-n08-t064-b00001-falternating-s10,Accelerated,2,true,1,3,0,1,1,0,0,0,0,1,0,1,8,24,24,24,1056,1056,4840,129187,474,9,6,5,12
irregular-n08-t064-b00001-falternating-s10,Accelerated,3,true,2,5,0,2,2,1,1,0,0,1,0,1,24,120,120,120,5160,5160,26393,593619,3436,12,11,8,13
irregular-n08-t064-b00001-falternating-s11,Standard,0,true,2,3,1,0,1,0,0,0,0,0,0,0,1,3,3,3,219,219,1283,33108,150,8,6,3,12
irregular-n08-t064-b00001-falternating-s11,Standard,1,true,2,3,1,0,1,0,0,0,0,0,0,0,80,240,177,177,5811,5811,26787,437473,242,8,7,4,12
irregular-n08-t064-b00001-falternating-s11,Standard,2,true,3,4,2,0,2,0,0,0,0,0,0,0,8,32,32,32,1408,1408,5396,143125,298,9,9,5,12
irregular-n08-t064-b00001-falternating-s11,Standard,3,true,3,4,2,0,2,0,0,0,0,0,0,0,20,80,80,80,3440,3440,14535,333860,328,9,8,5,12
irregular-n08-t064-b00001-falternating-s11,Accelerated,0,true,0,2,0,0,0,0,0,0,0,0,1,0,1,2,2,2,146,146,699,15242,108,7,4,3,12
irregular-n08-t064-b00001-falternating-s11,Accelerated,1,true,1,3,0,1,1,0,0,0,0,1,0,1,80,240,177,177,5811,5811,25720,401058,242,8,7,4,12
irregular-n08-t064-b00001-falternating-s11,Accelerated,2,true,2,5,0,2,2,1,0,1,0,1,0,1,8,40,40,40,1760,1760,8355,208224,5008,13,10,8,13
irregular-n08-t064-b00001-falternating-s11,Accelerated,3,true,1,3,0,1,1,0,0,0,0,1,0,1,20,60,60,60,2580,2580,11110,240582,328,9,7,5,12
irregular-n08-t064-b00001-falternating-s12,Standard,0,true,3,4,2,0,2,0,0,0,0,0,0,0,1,4,4,4,292,292,2308,65823,332,9,6,4,12
irregular-n08-t064-b00001-falternating-s12,Standard,1,true,3,4,2,0,2,0,0,0,0,0,0,0,112,448,268,268,8692,8692,44935,793618,296,9,7,4,12
irregular-n08-t064-b00001-falternating-s12,Standard,2,true,2,3,1,0,1,0,0,0,0,0,0,0,8,24,24,24,1056,1056,4237,134416,634,10,10,5,12
irregular-n08-t064-b00001-falternating-s12,Standard,3,true,3,4,2,0,2,0,0,0,0,0,0,0,28,112,112,112,4816,4816,25522,681299,770,10,10,5,12
irregular-n08-t064-b00001-falternating-s12,Accelerated,0,true,0,2,0,0,0,0,0,0,0,0,1,0,1,2,2,2,146,146,863,20301,100,7,4,4,12
irregular-n08-t064-b00001-falternating-s12,Accelerated,1,true,0,2,0,0,0,0,0,0,0,0,1,0,112,224,134,134,4346,4346,19953,305887,70,7,6,4,12
irregular-n08-t064-b00001-falternating-s12,Accelerated,2,true,0,2,0,0,0,0,0,0,0,0,1,0,8,16,16,16,704,704,3289,101848,634,10,6,5,12
irregular-n08-t064-b00001-falternating-s12,Accelerated,3,true,1,3,0,1,1,0,0,0,0,1,0,1,28,84,84,84,3612,3612,20678,536869,770,10,8,5,12
irregular-n08-t064-b00001-falternating-s13,Standard,0,true,3,4,2,0,2,0,0,0,0,0,0,0,1,4,4,4,292,292,2372,82601,440,9,7,5,12
irregular-n08-t064-b00001-falternating-s13,Standard,1,true,2,3,1,0,1,0,0,0,0,0,0,0,112,336,288,288,9504,9504,49913,916567,496,9,7,5,12
irregular-n08-t064-b00001-falternating-s13,Standard,2,true,3,4,2,0,2,0,0,0,0,0,0,0,8,32,32,32,1408,1408,6547,200508,540,10,9,5,12
irregular-n08-t064-b00001-falternating-s13,Standard,3,true,3,4,2,0,2,0,0,0,0,0,0,0,28,112,112,112,4816,4816,25520,658421,532,10,9,5,12
irregular-n08-t064-b00001-falternating-s13,Accelerated,0,true,1,3,0,1,1,0,0,0,0,1,0,1,1,3,3,3,219,219,1655,54240,162,8,4,4,12
irregular-n08-t064-b00001-falternating-s13,Accelerated,1,true,1,3,0,1,1,0,0,0,0,1,0,1,112,336,288,288,9504,9504,49712,899798,496,9,7,5,12
irregular-n08-t064-b00001-falternating-s13,Accelerated,2,true,1,3,0,1,1,0,0,0,0,1,0,1,8,24,24,24,1056,1056,5611,167337,540,10,6,5,12
irregular-n08-t064-b00001-falternating-s13,Accelerated,3,true,2,5,0,2,2,1,1,0,0,1,0,1,28,140,140,140,6020,6020,36260,904029,8680,14,12,8,14
irregular-n08-t064-b00001-falternating-s14,Standard,0,true,2,3,1,0,1,0,0,0,0,0,0,0,1,3,3,3,219,219,1574,47673,212,8,6,4,12
irregular-n08-t064-b00001-falternating-s14,Standard,1,true,2,3,1,0,1,0,0,0,0,0,0,0,112,336,279,279,9081,9081,45219,802394,384,9,8,4,12
irregular-n08-t064-b00001-falternating-s14,Standard,2,true,3,4,2,0,2,0,0,0,0,0,0,0,8,32,32,32,1408,1408,6575,197463,432,9,9,5,12
irregular-n08-t064-b00001-falternating-s14,Standard,3,true,3,4,2,0,2,0,0,0,0,0,0,0,28,112,112,112,4816,4816,24058,612362,520,10,9,5,12
irregular-n08-t064-b00001-falternating-s14,Accelerated,0,true,1,3,0,1,1,0,0,0,0,1,0,1,1,3,3,3,219,219,1481,41689,212,8,5,4,12
irregular-n08-t064-b00001-falternating-s14,Accelerated,1,true,0,2,0,0,0,0,0,0,0,0,1,0,112,224,186,186,6054,6054,28237,458148,64,7,5,4,12
irregular-n08-t064-b00001-falternating-s14,Accelerated,2,true,2,5,0,2,2,1,1,0,0,1,0,1,8,40,40,40,1760,1760,10319,304385,10528,14,11,9,15
irregular-n08-t064-b00001-falternating-s14,Accelerated,3,true,1,3,0,1,1,0,0,0,0,1,0,1,28,84,84,84,3612,3612,19045,463123,520,10,8,5,12
irregular-n08-t064-b00001-falternating-s15,Standard,0,true,3,4,2,0,2,0,0,0,0,0,0,0,1,4,4,4,292,292,2366,74398,326,9,6,4,12
irregular-n08-t064-b00001-falternating-s15,Standard,1,true,4,5,3,0,3,0,0,0,0,0,0,0,104,520,420,420,13800,13800,75683,1430436,544,10,8,5,12
irregular-n08-t064-b00001-falternating-s15,Standard,2,true,3,4,2,0,2,0,0,0,0,0,0,0,8,32,32,32,1408,1408,6063,193212,428,9,9,5,12
irregular-n08-t064-b00001-falternating-s15,Standard,3,true,3,4,2,0,2,0,0,0,0,0,0,0,26,104,104,104,4472,4472,24066,625178,644,10,9,5,12
irregular-n08-t064-b00001-falternating-s15,Accelerated,0,true,0,2,0,0,0,0,0,0,0,0,1,0,1,2,2,2,146,146,925,24383,88,7,4,3,12
irregular-n08-t064-b00001-falternating-s15,Accelerated,1,true,0,2,0,0,0,0,0,0,0,0,1,0,104,208,168,168,5520,5520,26888,439081,128,8,6,5,12
irregular-n08-t064-b00001-falternating-s15,Accelerated,2,true,1,3,0,1,1,0,0,0,0,1,0,1,8,24,24,24,1056,1056,5179,162362,428,9,7,5,12
irregular-n08-t064-b00001-falternating-s15,Accelerated,3,true,1,3,0,1,1,0,0,0,0,1,0,1,26,78,78,78,3354,3354,19160,478650,644,10,7,5,12
irregular-n08-t064-b00001-falternating-s16,Standard,0,true,3,4,2,0,2,0,0,0,0,0,0,0,1,4,4,4,292,292,2623,98824,852,10,8,5,12
irregular-n08-t064-b00001-falternating-s16,Standard,1,true,3,4,2,0,2,0,0,0,0,0,0,0,136,544,480,480,15648,15648,85106,1663094,886,10,9,5,12
irregular-n08-t064-b00001-falternating-s16,Standard,2,true,3,4,2,0,2,0,0,0,0,0,0,0,8,32,32,32,1408,1408,7323,237626,1208,11,11,6,12
irregular-n08-t064-b00001-falternating-s16,Standard,3,true,3,4,2,0,2,0,0,0,0,0,0,0,34,136,136,136,5848,5848,33258,934953,1394,11,11,6,12
irregular-n08-t064-b00001-falternating-s16,Accelerated,0,true,1,3,0,1,1,0,0,0,0,1,0,1,1,3,3,3,219,219,1824,66003,778,10,6,5,12
irregular-n08-t064-b00001-falternating-s16,Accelerated,1,true,2,5,0,2,2,1,0,1,0,1,0,1,136,680,600,600,19560,19560,107100,2104244,1504,11,10,6,12
irregular-n08-t064-b00001-falternating-s16,Accelerated,2,true,1,3,0,1,1,0,0,0,0,1,0,1,8,24,24,24,1056,1056,6177,194657,1208,11,8,6,12
irregular-n08-t064-b00001-falternating-s16,Accelerated,3,true,1,3,0,1,1,0,0,0,0,1,0,1,34,102,102,102,4386,4386,26539,728200,1428,11,9,6,12
irregular-n08-t064-b00001-falternating-s17,Standard,0,true,2,3,1,0,1,0,0,0,0,0,0,0,1,3,3,3,219,219,1712,57220,438,9,6,5,12
irregular-n08-t064-b00001-falternating-s17,Standard,1,true,2,3,1,0,1,0,0,0,0,0,0,0,128,384,225,225,7515,7515,39150,696722,488,9,8,5,12
irregular-n08-t064-b00001-falternating-s17,Standard,2,true,3,4,2,0,2,0,0,0,0,0,0,0,8,32,32,32,1408,1408,7106,222387,578,10,9,5,12
irregular-n08-t064-b00001-falternating-s17,Standard,3,true,4,5,3,0,3,0,0,0,0,0,0,0,32,160,160,160,6880,6880,39889,1036468,678,10,9,5,12
irregular-n08-t064-b00001-falternating-s17,Accelerated,0,true,1,3,0,1,1,0,0,0,0,1,0,1,1,3,3,3,219,219,1657,53527,438,9,6,5,12
irregular-n08-t064-b00001-falternating-s17,Accelerated,1,true,1,3,0,1,1,0,0,0,0,1,0,1,128,384,225,225,7515,7515,38290,662614,488,9,8,5,12
irregular-n08-t064-b00001-falternating-s17,Accelerated,2,true,1,3,0,1,1,0,0,0,0,1,0,1,8,24,24,24,1056,1056,5947,178266,578,10,7,5,12
irregular-n08-t064-b00001-falternating-s17,Accelerated,3,true,2,5,0,2,2,1,0,1,0,1,0,1,32,160,160,160,6880,6880,42202,1033000,6476,13,12,8,13
irregular-n08-t064-b00001-falternating-s18,Standard,0,true,2,3,1,0,1,0,0,0,0,0,0,0,1,3,3,3,219,219,1023,22392,160,8,5,4,12
irregular-n08-t064-b00001-falternating-s18,Standard,1,true,3,4,2,0,2,0,0,0,0,0,0,0,80,320,280,280,9160,9160,39710,611064,256,9,7,4,12
irregular-n08-t064-b00001-falternating-s18,Standard,2,true,4,5,3,0,3,0,0,0,0,0,0,0,8,40,40,40,1760,1760,6717,171617,280,9,9,5,12
irregular-n08-t064-b00001-falternating-s18,Standard,3,true,3,4,2,0,2,0,0,0,0,0,0,0,20,80,80,80,3440,3440,13865,311523,322,9,9,5,12
irregular-n08-t064-b00001-falternating-s18,Accelerated,0,true,0,2,0,0,0,0,0,0,0,0,1,0,1,2,2,2,146,146,569,10087,32,6,3,2,12
irregular-n08-t064-b00001-falternating-s18,Accelerated,1,true,1,3,0,1,1,0,0,0,0,1,0,1,80,240,210,210,6870,6870,28411,412561,178,8,7,4,12
irregular-n08-t064-b00001-falternating-s18,Accelerated,2,true,1,4,0,1,1,1,0,0,1,0,0,1,8,32,32,32,1408,1408,5950,146447,2816,12,10,8,12
irregular-n08-t064-b00001-falternating-s18,Accelerated,3,true,1,3,0,1,1,0,0,0,0,1,0,1,20,60,60,60,2580,2580,10701,222615,322,9,7,5,12
irregular-n08-t064-b00001-falternating-s19,Standard,0,true,2,3,1,0,1,0,0,0,0,0,0,0,1,3,3,3,219,219,1928,68765,540,10,7,5,12
irregular-n08-t064-b00001-falternating-s19,Standard,1,true,3,4,2,0,2,0,0,0,0,0,0,0,136,544,320,320,10544,10544,60610,1187872,574,10,8,5,12
irregular-n08-t064-b00001-falternating-s19,Standard,2,true,3,4,2,0,2,0,0,0,0,0,0,0,8,32,32,32,1408,1408,7624,251434,762,10,10,5,12
irregular-n08-t064-b00001-falternating-s19,Standard,3,true,3,4,2,0,2,0,0,0,0,0,0,0,34,136,136,136,5848,5848,34786,986081,760,10,10,5,12
irregular-n08-t064-b00001-falternating-s19,Accelerated,0,true,0,2,0,0,0,0,0,0,0,0,1,0,1,2,2,2,146,146,1114,35401,108,7,4,4,12
irregular-n08-t064-b00001-falternating-s19,Accelerated,1,true,1,3,0,1,1,0,0,0,0,1,0,1,136,408,240,240,7908,7908,43973,823962,426,9,8,5,12
irregular-n08-t064-b00001-falternating-s19,Accelerated,2,true,1,3,0,1,1,0,0,0,0,1,0,1,8,24,24,24,1056,1056,6516,210028,762,10,7,5,12
irregular-n08-t064-b00001-falternating-s19,Accelerated,3,true,2,5,0,2,2,1,1,0,0,1,0,1,34,170,170,170,7310,7310,50459,1383560,20732,15,13,10,15
irregular-n08-t064-b00001-falternating-s20,Standard,0,true,3,4,2,0,2,0,0,0,0,0,0,0,1,4,4,4,292,292,2098,61852,364,9,7,4,12
irregular-n08-t064-b00001-falternating-s20,Standard,1,true,3,4,2,0,2,0,0,0,0,0,0,0,96,384,312,312,10248,10248,52967,967796,632,10,8,5,12
irregular-n08-t064-b00001-falternating-s20,Standard,2,true,3,4,2,0,2,0,0,0,0,0,0,0,8,32,32,32,1408,1408,6092,173860,514,10,10,5,12
irregular-n08-t064-b00001-falternating-s20,Standard,3,true,4,5,3,0,3,0,0,0,0,0,0,0,24,120,120,120,5160,5160,26970,654806,688,10,9,5,12
irregular-n08-t064-b00001-falternating-s20,Accelerated,0,true,1,3,0,1,1,0,0,0,0,1,0,1,1,3,3,3,219,219,1442,38914,242,8,5,4,12
irregular-n08-t064-b00001-falternating-s20,Accelerated,1,true,0,2,0,0,0,0,0,0,0,0,1,0,96,192,156,156,5124,5124,24155,395249,136,8,6,5,12
irregular-n08-t064-b00001-falternating-s20,Accelerated,2,true,2,5,0,2,2,1,1,0,0,1,0,1,8,40,40,40,1760,1760,9412,263803,15192,14,12,9,15
irregular-n08-t064-b00001-falternating-s20,Accelerated,3,true,2,5,0,2,2,1,1,0,0,1,0,1,24,120,120,120,5160,5160,29028,669017,5852,13,12,8,14
irregular-n08-t064-b00001-frandom-s01,Standard,0,true,2,3,1,0,1,0,0,0,0,0,0,0,1,3,3,3,219,219,1315,47423,390,9,7,5,12
irregular-n08-t064-b00001-frandom-s01,Standard,1,true,3,4,2,0,2,0,0,0,0,0,0,0,256,1024,896,896,29312,29312,147026,3087522,524,10,8,5,12
irregular-n08-t064-b00001-frandom-s01,Standard,2,true,3,4,2,0,2,0,0,0,0,0,0,0,8,32,32,32,1408,1408,6875,219642,314,9,9,5,12
irregular-n08-t064-b00001-frandom-s01,Standard,3,true,3,4,2,0,2,0,0,0,0,0,0,0,32,128,128,128,5504,5504,31931,851671,444,9,9,5,12
irregular-n08-t064-b00001-frandom-s01,Accelerated,0,true,1,3,0,1,1,0,0,0,0,1,0,1,1,3,3,3,219,219,1349,49191,390,9,6,5,12
irregular-n08-t064-b00001-frandom-s01,Accelerated,1,true,2,5,0,2,2,1,0,1,0,1,0,1,256,1280,1120,1120,36640,36640,193674,3999473,2080,12,10,7,12
irregular-n08-t064-b00001-frandom-s01,Accelerated,2,true,1,3,0,1,1,0,0,0,0,1,0,1,8,24,24,24,1056,1056,5765,178778,314,9,6,5,12
irregular-n08-t064-b00001-frandom-s01,Accelerated,3,true,1,3,0,1,1,0,0,0,0,1,0,1,32,96,96,96,4128,4128,24501,622480,444,9,7,5,12
irregular-n08-t064-b00001-frandom-s02,Standard,0,true,3,4,2,0,2,0,0,0,0,0,0,0,1,4,4,4,292,292,1939,52226,414,9,7,5,12
irregular-n08-t064-b00001-frandom-s02,Standard,1,true,2,3,1,0,1,0,0,0,0,0,0,0,144,432,378,378,12366,12366,58064,966724,624,10,8,5,12
irregular-n08-t064-b00001-frandom-s02,Standard,2,true,3,4,2,0,2,0,0,0,0,0,0,0,6,24,24,24,1264,1264,6231,186608,612,10,10,5,12
irregular-n08-t064-b00001-frandom-s02,Standard,3,true,3,4,2,0,2,0,0,0,0,0,0,0,24,96,96,96,4128,4128,19595,464749,648,10,10,5,12
irregular-n08-t064-b00001-frandom-s02,Accelerated,0,true,2,5,0,2,2,1,0,1,0,1,0,1,1,5,5,5,365,365,2236,55606,432,9,8,6,12
irregular-n08-t064-b00001-frandom-s02,Accelerated,1,true,0,2,0,0,0,0,0,0,0,0,1,0,144,288,252,252,8244,8244,37788,583627,156,8,6,5,12
irregular-n08-t064-b00001-frandom-s02,Accelerated,2,true,1,3,0,1,1,0,0,0,0,1,0,1,6,18,18,18,948,948,5222,149031,612,10,6,5,12
irregular-n08-t064-b00001-frandom-s02,Accelerated,3,true,2,5,0,2,2,1,1,0,0,1,0,1,24,120,120,120,5160,5160,27453,604930,16272,14,13,9,15
irregular-n08-t064-b00001-frandom-s03,Standard,0,true,3,4,2,0,2,0,0,0,0,0,0,0,1,4,4,4,292,292,2151,59096,364,9,6,4,12
irregular-n08-t064-b00001-frandom-s03,Standard,1,true,2,3,1,0,1,0,0,0,0,0,0,0,160,480,426,426,13854,13854,70862,1249005,518,10,9,4,12
irregular-n08-t064-b00001-frandom-s03,Standard,2,true,4,5,3,0,3,0,0,0,0,0,0,0,6,30,30,30,1710,1710,9672,332110,550,10,11,6,12
irregular-n08-t064-b00001-frandom-s03,Standard,3,true,3,4,2,0,2,0,0,0,0,0,0,0,32,128,128,128,5504,5504,29825,809246,896,10,11,6,12
irregular-n08-t064-b00001-frandom-s03,Accelerated,0,true,0,2,0,0,0,0,0,0,0,0,1,0,1,2,2,2,146,146,862,19123,96,7,4,3,12
irregular-n08-t064-b00001-frandom-s03,Accelerated,1,true,1,3,0,1,1,0,0,0,0,1,0,1,160,480,426,426,13854,13854,70894,1239496,518,10,9,4,12
irregular-n08-t064-b00001-frandom-s03,Accelerated,2,true,2,5,0,2,2,1,1,0,0,1,0,1,6,30,30,30,1710,1710,11282,379171,20192,15,12,10,16
irregular-n08-t064-b00001-frandom-s03,Accelerated,3,true,1,3,0,1,1,0,0,0,0,1,0,1,32,96,96,96,4128,4128,23905,626046,896,10,8,6,12
irregular-n08-t064-b00001-frandom-s04,Standard,0,true,3,4,2,0,2,0,0,0,0,0,0,0,1,4,4,4,292,292,2356,89431,538,10,7,5,12
irregular-n08-t064-b00001-frandom-s04,Standard,1,true,3,4,2,0,2,0,0,0,0,0,0,0,210,840,736,736,24064,24064,127863,2642016,750,10,8,5,12
irregular-n08-t064-b00001-frandom-s04,Standard,2,true,3,4,2,0,2,0,0,0,0,0,0,0,6,24,24,24,1264,1264,6880,247100,618,10,10,5,12
irregular-n08-t064-b00001-frandom-s04,Standard,3,true,4,5,3,0,3,0,0,0,0,0,0,0,30,150,150,150,6450,6450,36777,986701,776,10,10,5,12
irregular-n08-t064-b00001-frandom-s04,Accelerated,0,true,0,2,0,0,0,0,0,0,0,0,1,0,1,2,2,2,146,146,938,27551,92,7,5,4,12
irregular-n08-t064-b00001-frandom-s04,Accelerated,1,true,0,2,0,0,0,0,0,0,0,0,1,0,210,420,368,368,12032,12032,59944,1059841,286,9,8,5,12
irregular-n08-t064-b00001-frandom-s04,Accelerated,2,true,1,3,0,1,1,0,0,0,0,1,0,1,6,18,18,18,948,948,5844,206124,618,10,6,5,12
irregular-n08-t064-b00001-frandom-s04,Accelerated,3,true,2,5,0,2,2,1,1,0,0,1,0,1,30,150,150,150,6450,6450,40258,1051238,18088,15,13,10,15
irregular-n08-t064-b00001-frandom-s05,Standard,0,true,2,3,1,0,1,0,0,0,0,0,0,0,1,3,3,3,219,219,946,29823,320,9,8,5,12
irregular-n08-t064-b00001-frandom-s05,Standard,1,true,3,4,2,0,2,0,0,0,0,0,0,0,176,704,616,616,20152,20152,78069,1484865,522,10,8,5,12
irregular-n08-t064-b00001-frandom-s05,Standard,2,true,3,4,2,0,2,0,0,0,0,0,0,0,13,52,52,52,1924,1924,7664,170217,172,8,8,4,12
irregular-n08-t064-b00001-frandom-s05,Standard,3,true,3,4,2,0,2,0,0,0,0,0,0,0,22,88,88,88,3784,3784,17649,407736,280,9,7,4,12
irregular-n08-t064-b00001-frandom-s05,Accelerated,0,true,1,3,0,1,1,0,0,0,0,1,0,1,1,3,3,3,219,219,1019,31982,320,9,7,5,12
irregular-n08-t064-b00001-frandom-s05,Accelerated,1,true,1,3,0,1,1,0,0,0,0,1,0,1,176,528,462,462,15114,15114,59101,1079955,470,9,8,5,12
irregular-n08-t064-b00001-frandom-s05,Accelerated,2,true,2,5,0,2,2,1,0,1,0,1,0,1,13,65,65,65,2405,2405,10164,206944,1416,11,10,6,12
irregular-n08-t064-b00001-frandom-s05,Accelerated,3,true,1,3,0,1,1,0,0,0,0,1,0,1,22,66,66,66,2838,2838,12829,290760,280,9,7,4,12
irregular-n08-t064-b00001-frandom-s06,Standard,0,true,3,4,2,0,2,0,0,0,0,0,0,0,1,4,4,4,292,292,1547,43772,152,8,6,4,12
irregular-n08-t064-b00001-frandom-s06,Standard,1,true,3,4,2,0,2,0,0,0,0,0,0,0,110,440,384,384,12576,12576,50530,798312,330,9,8,4,12
irregular-n08-t064-b00001-frandom-s06,Standard,2,true,2,3,1,0,1,0,0,0,0,0,0,0,7,21,21,21,1197,1197,4388,146342,290,9,9,5,12
irregular-n08-t064-b00001-frandom-s06,Standard,3,true,3,4,2,0,2,0,0,0,0,0,0,0,22,88,88,88,3784,3784,16403,394114,380,9,9,5,12
irregular-n08-t064-b00001-frandom-s06,Accelerated,0,true,1,3,0,1,1,0,0,0,0,1,0,1,1,3,3,3,219,219,1100,28436,88,7,4,4,12
irregular-n08-t064-b00001-frandom-s06,Accelerated,1,true,0,2,0,0,0,0,0,0,0,0,1,0,110,220,192,192,6288,6288,24291,331482,50,6,5,4,12
irregular-n08-t064-b00001-frandom-s06,Accelerated,2,true,0,2,0,0,0,0,0,0,0,0,1,0,7,14,14,14,798,798,3341,107927,290,9,5,5,12
irregular-n08-t064-b00001-frandom-s06,Accelerated,3,true,1,3,0,1,1,0,0,0,0,1,0,1,22,66,66,66,2838,2838,12983,298316,360,9,7,5,12
irregular-n08-t064-b00001-frandom-s07,Standard,0,true,3,4,2,0,2,0,0,0,0,0,0,0,1,4,4,4,292,292,1611,51916,242,8,6,5,12
irregular-n08-t064-b00001-frandom-s07,Standard,1,true,2,3,1,0,1,0,0,0,0,0,0,0,144,432,336,336,11028,11028,43848,722007,384,9,7,5,12
irregular-n08-t064-b00001-frandom-s07,Standard,2,true,3,4,2,0,2,0,0,0,0,0,0,0,7,28,28,28,1596,1596,7098,231515,266,9,9,5,12
irregular-n08-t064-b00001-frandom-s07,Standard,3,true,3,4,2,0,2,0,0,0,0,0,0,0,24,96,96,96,4128,4128,19023,479628,340,9,9,5,12
irregular-n08-t064-b00001-frandom-s07,Accelerated,0,true,2,5,0,2,2,1,0,1,0,1,0,1,1,5,5,5,365,365,1873,54619,304,9,7,6,12
irregular-n08-t064-b00001-frandom-s07,Accelerated,1,true,0,2,0,0,0,0,0,0,0,0,1,0,144,288,224,224,7352,7352,30078,455849,96,7,5,5,12
irregular-n08-t064-b00001-frandom-s07,Accelerated,2,true,1,3,0,1,1,0,0,0,0,1,0,1,7,21,21,21,1197,1197,5903,186819,266,9,6,5,12
irregular-n08-t064-b00001-frandom-s07,Accelerated,3,true,1,3,0,1,1,0,0,0,0,1,0,1,24,72,72,72,3096,3096,14867,363337,340,9,7,5,12
irregular-n08-t064-b00001-frandom-s08,Standard,0,true,2,3,1,0,1,0,0,0,0,0,0,0,1,3,3,3,219,219,1202,42529,418,9,8,5,12
irregular-n08-t064-b00001-frandom-s08,Standard,1,true,2,3,1,0,1,0,0,0,0,0,0,0,224,672,588,588,19236,19236,83529,1701233,592,10,8,5,12
irregular-n08-t064-b00001-frandom-s08,Standard,2,true,3,4,2,0,2,0,0,0,0,0,0,0,6,24,24,24,1368,1368,6888,251790,320,9,9,5,12
irregular-n08-t064-b00001-frandom-s08,Standard,3,true,2,3,1,0,1,0,0,0,0,0,0,0,28,84,84,84,3612,3612,17535,488646,492,9,9,5,12
irregular-n08-t064-b00001-frandom-s08,Accelerated,0,true,1,3,0,1,1,0,0,0,0,1,0,1,1,3,3,3,219,219,1346,46074,418,9,6,5,12
irregular-n08-t064-b00001-frandom-s08,Accelerated,1,true,1,3,0,1,1,0,0,0,0,1,0,1,224,672,588,588,19236,19236,84117,1713417,592,10,8,5,12
irregular-n08-t064-b00001-frandom-s08,Accelerated,2,true,1,3,0,1,1,0,0,0,0,1,0,1,6,18,18,18,1026,1026,5724,207049,330,9,6,5,12
irregular-n08-t064-b00001-frandom-s08,Accelerated,3,true,0,2,0,0,0,0,0,0,0,0,1,0,28,56,56,56,2408,2408,11929,319497,492,9,8,5,12
irregular-n08-t064-b00001-frandom-s09,Standard,0,true,2,3,1,0,1,0,0,0,0,0,0,0,1,3,3,3,219,219,1734,59402,432,9,7,5,12
irregular-n08-t064-b00001-frandom-s09,Standard,1,true,3,4,2,0,2,0,0,0,0,0,0,0,170,680,556,556,18292,18292,98317,1824682,880,10,9,5,12
irregular-n08-t064-b00001-frandom-s09,Standard,2,true,4,5,3,0,3,0,0,0,0,0,0,0,6,30,30,30,1710,1710,10786,391004,672,10,10,5,12
irregular-n08-t064-b00001-frandom-s09,Standard,3,true,3,4,2,0,2,0,0,0,0,0,0,0,34,136,136,136,5848,5848,33481,900324,860,10,10,5,12
irregular-n08-t064-b00001-frandom-s09,Accelerated,0,true,1,3,0,1,1,0,0,0,0,1,0,1,1,3,3,3,219,219,1747,54503,432,9,6,5,12
irregular-n08-t064-b00001-frandom-s09,Accelerated,1,true,0,2,0,0,0,0,0,0,0,0,1,0,170,340,278,278,9146,9146,45702,741296,164,8,7,5,12
irregular-n08-t064-b00001-frandom-s09,Accelerated,2,true,2,5,0,2,2,1,1,0,0,1,0,1,6,30,30,30,1710,1710,12806,455526,16688,15,12,10,15
irregular-n08-t064-b00001-frandom-s09,Accelerated,3,true,1,3,0,1,1,0,0,0,0,1,0,1,34,102,102,102,4386,4386,26659,683444,860,10,9,5,12
irregular-n08-t064-b00001-frandom-s10,Standard,0,true,3,4,2,0,2,0,0,0,0,0,0,0,1,4,4,4,292,292,1472,37779,246,8,6,4,12
irregular-n08-t064-b00001-frandom-s10,Standard,1,true,2,3,1,0,1,0,0,0,0,0,0,0,120,360,315,315,10305,10305,42430,681770,224,8,8,4,12
irregular-n08-t064-b00001-frandom-s10,Standard,2,true,2,3,1,0,1,0,0,0,0,0,0,0,7,21,21,21,1197,1197,4096,142200,408,9,10,5,12
irregular-n08-t064-b00001-frandom-s10,Standard,3,true,3,4,2,0,2,0,0,0,0,0,0,0,24,96,96,96,4128,4128,17508,418243,468,9,9,5,12
irregular-n08-t064-b00001-frandom-s10,Accelerated,0,true,1,3,0,1,1,0,0,0,0,1,0,1,1,3,3,3,219,219,961,21532,108,7,4,3,12
irregular-n08-t064-b00001-frandom-s10,Accelerated,1,true,1,3,0,1,1,0,0,0,0,1,0,1,120,360,315,315,10305,10305,42435,668217,224,8,8,4,12
irregular-n08-t064-b00001-frandom-s10,Accelerated,2,true,0,2,0,0,0,0,0,0,0,0,1,0,7,14,14,14,798,798,2985,100528,408,9,6,5,12
irregular-n08-t064-b00001-frandom-s10,Accelerated,3,true,1,3,0,1,1,0,0,0,0,1,0,1,24,72,72,72,3096,3096,13702,309240,402,9,7,5,12
irregular-n08-t064-b00001-frandom-s11,Standard,0,true,2,3,1,0,1,0,0,0,0,0,0,0,1,3,3,3,219,219,832,13935,26,5,3,2,12
irregular-n08-t064-b00001-frandom-s11,Standard,1,true,3,4,2,0,2,0,0,0,0,0,0,0,100,400,348,348,11412,11412,46131,701489,110,7,6,3,12
irregular-n08-t064-b00001-frandom-s11,Standard,2,true,2,3,1,0,1,0,0,0,0,0,0,0,7,21,21,21,1197,1197,4375,136326,176,8,9,5,12
irregular-n08-t064-b00001-frandom-s11,Standard,3,true,3,4,2,0,2,0,0,0,0,0,0,0,20,80,80,80,3440,3440,13140,305008,294,9,9,5,12
irregular-n08-t064-b00001-frandom-s11,Accelerated,0,true,0,2,0,0,0,0,0,0,0,0,1,0,1,2,2,2,146,146,460,5587,18,5,3,2,12
irregular-n08-t064-b00001-frandom-s11,Accelerated,1,true,2,5,0,2,2,1,0,1,0,1,0,1,100,500,435,435,14265,14265,56647,818297,216,8,8,4,12
irregular-n08-t064-b00001-frandom-s11,Accelerated,2,true,0,2,0,0,0,0,0,0,0,0,1,0,7,14,14,14,798,798,3408,101601,176,8,5,5,12
irregular-n08-t064-b00001-frandom-s11,Accelerated,3,true,1,3,0,1,1,0,0,0,0,1,0,1,20,60,60,60,2580,2580,10350,228032,204,8,6,5,12
irregular-n08-t064-b00001-frandom-s12,Standard,0,true,2,3,1,0,1,0,0,0,0,0,0,0,1,3,3,3,219,219,1584,52291,522,10,7,5,12
irregular-n08-t064-b00001-frandom-s12,Standard,1,true,2,3,1,0,1,0,0,0,0,0,0,0,112,336,258,258,8466,8466,41972,748799,820,10,9,5,12
irregular-n08-t064-b00001-frandom-s12,Standard,2,true,4,5,3,0,3,0,0,0,0,0,0,0,6,30,30,30,1580,1580,8903,299857,696,10,10,5,12
irregular-n08-t064-b00001-frandom-s12,Standard,3,true,3,4,2,0,2,0,0,0,0,0,0,0,28,112,112,112,4816,4816,25625,676647,792,10,9,5,12
irregular-n08-t064-b00001-frandom-s12,Accelerated,0,true,0,2,0,0,0,0,0,0,0,0,1,0,1,2,2,2,146,146,944,27774,116,7,5,4,12
irregular-n08-t064-b00001-frandom-s12,Accelerated,1,true,0,2,0,0,0,0,0,0,0,0,1,0,112,224,172,172,5644,5644,27083,450528,164,8,6,5,12
irregular-n08-t064-b00001-frandom-s12,Accelerated,2,true,2,5,0,2,2,1,1,0,0,1,0,1,6,30,30,30,1580,1580,10238,337818,9000,14,11,9,14
irregular-n08-t064-b00001-frandom-s12,Accelerated,3,true,1,3,0,1,1,0,0,0,0,1,0,1,28,84,84,84,3612,3612,20169,515787,792,10,8,5,12
irregular-n08-t064-b00001-frandom-s13,Standard,0,true,3,4,2,0,2,0,0,0,0,0,0,0,1,4,4,4,292,292,1617,38986,112,7,5,4,12
irregular-n08-t064-b00001-frandom-s13,Standard,1,true,2,3,1,0,1,0,0,0,0,0,0,0,84,252,195,195,6333,6333,26876,405560,204,8,7,4,12
irregular-n08-t064-b00001-frandom-s13,Standard,2,true,3,4,2,0,2,0,0,0,0,0,0,0,8,32,32,32,1824,1824,8464,315809,406,9,10,5,12
irregular-n08-t064-b00001-frandom-s13,Standard,3,true,2,3,1,0,1,0,0,0,0,0,0,0,28,84,84,84,3612,3612,16582,455471,766,10,11,6,12
irregular-n08-t064-b00001-frandom-s13,Accelerated,0,true,1,3,0,1,1,0,0,0,0,1,0,1,1,3,3,3,219,219,1088,23869,68,7,4,4,12
irregular-n08-t064-b00001-frandom-s13,Accelerated,1,true,1,3,0,1,1,0,0,0,0,1,0,1,84,252,195,195,6333,6333,26657,399017,204,8,7,4,12
irregular-n08-t064-b00001-frandom-s13,Accelerated,2,true,1,3,0,1,1,0,0,0,0,1,0,1,8,24,24,24,1368,1368,7064,260052,312,9,6,5,12
irregular-n08-t064-b00001-frandom-s13,Accelerated,3,true,0,2,0,0,0,0,0,0,0,0,1,0,28,56,56,56,2408,2408,11728,309466,520,10,9,6,12
irregular-n08-t064-b00001-frandom-s14,Standard,0,true,2,3,1,0,1,0,0,0,0,0,0,0,1,3,3,3,219,219,1288,47687,348,9,8,5,12
irregular-n08-t064-b00001-frandom-s14,Standard,1,true,3,4,2,0,2,0,0,0,0,0,0,0,196,784,604,604,19828,19828,89795,1699577,552,10,8,5,12
irregular-n08-t064-b00001-frandom-s14,Standard,2,true,3,4,2,0,2,0,0,0,0,0,0,0,7,28,28,28,1596,1596,7685,288095,420,9,10,5,12
irregular-n08-t064-b00001-frandom-s14,Standard,3,true,2,3,1,0,1,0,0,0,0,0,0,0,28,84,84,84,3612,3612,17459,479832,490,9,9,5,12
irregular-n08-t064-b00001-frandom-s14,Accelerated,0,true,1,3,0,1,1,0,0,0,0,1,0,1,1,3,3,3,219,219,1288,47397,348,9,8,5,12
irregular-n08-t064-b00001-frandom-s14,Accelerated,1,true,0,2,0,0,0,0,0,0,0,0,1,0,196,392,302,302,9914,9914,43246,684816,108,7,6,5,12
irregular-n08-t064-b00001-frandom-s14,Accelerated,2,true,1,3,0,1,1,0,0,0,0,1,0,1,7,21,21,21,1197,1197,5941,220566,384,9,7,5,12
irregular-n08-t064-b00001-frandom-s14,Accelerated,3,true,0,2,0,0,0,0,0,0,0,0,1,0,28,56,56,56,2408,2408,12114,320800,486,9,8,5,12
irregular-n08-t064-b00001-frandom-s15,Standard,0,true,2,3,1,0,1,0,0,0,0,0,0,0,1,3,3,3,219,219,953,18468,84,7,5,3,12
irregular-n08-t064-b00001-frandom-s15,Standard,1,true,2,3,1,0,1,0,0,0,0,0,0,0,104,312,273,273,8931,8931,36265,522944,228,8,8,4,12
irregular-n08-t064-b00001-frandom-s15,Standard,2,true,4,5,3,0,3,0,0,0,0,0,0,0,7,35,35,35,1995,1995,9135,305780,374,9,11,6,12
irregular-n08-t064-b00001-frandom-s15,Standard,3,true,3,4,2,0,2,0,0,0,0,0,0,0,26,104,104,104,4472,4472,20841,551353,660,10,10,6,12
irregular-n08-t064-b00001-frandom-s15,Accelerated,0,true,0,2,0,0,0,0,0,0,0,0,1,0,1,2,2,2,146,146,583,9747,60,6,4,3,12
irregular-n08-t064-b00001-frandom-s15,Accelerated,1,true,0,2,0,0,0,0,0,0,0,0,1,0,104,208,182,182,5954,5954,24235,335079,198,8,8,4,12
irregular-n08-t064-b00001-frandom-s15,Accelerated,2,true,2,5,0,2,2,1,1,0,0,1,0,1,7,35,35,35,1995,1995,10853,359698,11176,14,12,10,16
irregular-n08-t064-b00001-frandom-s15,Accelerated,3,true,1,3,0,1,1,0,0,0,0,1,0,1,26,78,78,78,3354,3354,16561,423677,510,9,8,6,12
irregular-n08-t064-b00001-frandom-s16,Standard,0,true,2,3,1,0,1,0,0,0,0,0,0,0,1,3,3,3,219,219,1165,21841,76,7,5,4,12
irregular-n08-t064-b00001-frandom-s16,Standard,1,true,3,4,2,0,2,0,0,0,0,0,0,0,204,816,716,716,23396,23396,113708,1835358,296,9,8,4,12
irregular-n08-t064-b00001-frandom-s16,Standard,2,true,2,3,1,0,1,0,0,0,0,0,0,0,7,21,21,21,1197,1197,5762,220989,816,10,11,6,12
irregular-n08-t064-b00001-frandom-s16,Standard,3,true,2,3,1,0,1,0,0,0,0,0,0,0,34,102,102,102,4386,4386,22227,645995,1120,11,11,6,12
irregular-n08-t064-b00001-frandom-s16,Accelerated,0,true,0,2,0,0,0,0,0,0,0,0,1,0,1,2,2,2,146,146,693,11193,72,7,4,4,12
irregular-n08-t064-b00001-frandom-s16,Accelerated,1,true,0,2,0,0,0,0,0,0,0,0,1,0,204,408,358,358,11698,11698,53816,785521,136,8,7,4,12
irregular-n08-t064-b00001-frandom-s16,Accelerated,2,true,0,2,0,0,0,0,0,0,0,0,1,0,7,14,14,14,798,798,4363,162621,722,10,6,6,12
irregular-n08-t064-b00001-frandom-s16,Accelerated,3,true,0,2,0,0,0,0,0,0,0,0,1,0,34,68,68,68,2924,2924,15691,439717,680,10,9,6,12
irregular-n08-t064-b00001-frandom-s17,Standard,0,true,2,3,1,0,1,0,0,0,0,0,0,0,1,3,3,3,219,219,1554,65123,452,9,9,5,12
irregular-n08-t064-b00001-frandom-s17,Standard,1,true,3,4,2,0,2,0,0,0,0,0,0,0,224,896,560,560,18368,18368,92002,2041282,560,10,8,5,12
irregular-n08-t064-b00001-frandom-s17,Standard,2,true,3,4,2,0,2,0,0,0,0,0,0,0,8,32,32,32,1408,1408,7780,275626,432,9,9,5,12
irregular-n08-t064-b00001-frandom-s17,Standard,3,true,3,4,2,0,2,0,0,0,0,0,0,0,32,128,128,128,5504,5504,32106,904384,448,9,9,5,12
irregular-n08-t064-b00001-frandom-s17,Accelerated,0,true,1,3,0,1,1,0,0,0,0,1,0,1,1,3,3,3,219,219,1630,67920,452,9,8,5,12
irregular-n08-t064-b00001-frandom-s17,Accelerated,1,true,1,3,0,1,1,0,0,0,0,1,0,1,224,672,420,420,13776,13776,69066,1441509,156,8,7,5,12
irregular-n08-t064-b00001-frandom-s17,Accelerated,2,true,1,3,0,1,1,0,0,0,0,1,0,1,8,24,24,24,1056,1056,6064,212574,432,9,6,5,12
irregular-n08-t064-b00001-frandom-s17,Accelerated,3,true,2,5,0,2,2,1,1,0,0,1,0,1,32,160,160,160,6880,6880,44095,1208169,8680,14,12,8,14
irregular-n08-t064-b00001-frandom-s18,Standard,0,true,3,4,2,0,2,0,0,0,0,0,0,0,1,4,4,4,292,292,1292,36024,122,7,6,5,12
irregular-n08-t064-b00001-frandom-s18,Standard,1,true,3,4,2,0,2,0,0,0,0,0,0,0,140,560,488,488,15992,15992,60149,999364,186,8,7,4,12
irregular-n08-t064-b00001-frandom-s18,Standard,2,true,3,4,2,0,2,0,0,0,0,0,0,0,22,88,88,88,2936,2936,9508,195890,126,7,7,4,12
irregular-n08-t064-b00001-frandom-s18,Standard,3,true,3,4,2,0,2,0,0,0,0,0,0,0,20,80,80,80,3440,3440,13998,314530,144,8,7,4,12
irregular-n08-t064-b00001-frandom-s18,Accelerated,0,true,1,3,0,1,1,0,0,0,0,1,0,1,1,3,3,3,219,219,860,21326,90,7,5,4,12
irregular-n08-t064-b00001-frandom-s18,Accelerated,1,true,1,3,0,1,1,0,0,0,0,1,0,1,140,420,366,366,11994,11994,43401,675134,156,8,7,4,12
irregular-n08-t064-b00001-frandom-s18,Accelerated,2,true,1,3,0,1,1,0,0,0,0,1,0,1,22,66,66,66,2202,2202,7499,148424,126,7,6,4,12
irregular-n08-t064-b00001-frandom-s18,Accelerated,3,true,1,3,0,1,1,0,0,0,0,1,0,1,20,60,60,60,2580,2580,10279,219036,158,8,6,4,12
irregular-n08-t064-b00001-frandom-s19,Standard,0,true,3,4,2,0,2,0,0,0,0,0,0,0,1,4,4,4,292,292,2378,102998,594,10,7,5,12
irregular-n08-t064-b00001-frandom-s19,Standard,1,true,3,4,2,0,2,0,0,0,0,0,0,0,204,816,680,680,22328,22328,118725,2538593,884,10,9,5,12
irregular-n08-t064-b00001-frandom-s19,Standard,2,true,4,5,3,0,3,0,0,0,0,0,0,0,6,30,30,30,1580,1580,9287,341613,702,10,10,5,12
irregular-n08-t064-b00001-frandom-s19,Standard,3,true,4,5,3,0,3,0,0,0,0,0,0,0,34,170,170,170,7310,7310,42243,1179336,744,10,10,5,12
irregular-n08-t064-b00001-frandom-s19,Accelerated,0,true,2,5,0,2,2,1,0,1,0,1,0,1,1,5,5,5,365,365,3140,133986,2256,12,7,7,12
irregular-n08-t064-b00001-frandom-s19,Accelerated,1,true,2,5,0,2,2,1,0,1,0,1,0,1,204,1020,850,850,27910,27910,150654,3156225,3536,12,11,7,12
irregular-n08-t064-b00001-frandom-s19,Accelerated,2,true,2,5,0,2,2,1,1,0,0,1,0,1,6,30,30,30,1580,1580,10934,394681,12272,14,12,9,15
irregular-n08-t064-b00001-frandom-s19,Accelerated,3,true,2,5,0,2,2,1,1,0,0,1,0,1,34,170,170,170,7310,7310,45617,1201021,15440,14,13,9,15
irregular-n08-t064-b00001-frandom-s20,Standard,0,true,2,3,1,0,1,0,0,0,0,0,0,0,1,3,3,3,219,219,880,14158,28,5,3,3,12
irregular-n08-t064-b00001-frandom-s20,Standard,1,true,3,4,2,0,2,0,0,0,0,0,0,0,120,480,420,420,13740,13740,57278,796608,86,7,6,3,12
irregular-n08-t064-b00001-frandom-s20,Standard,2,true,3,4,2,0,2,0,0,0,0,0,0,0,6,24,24,24,1368,1368,5315,177732,180,8,9,5,12
irregular-n08-t064-b00001-frandom-s20,Standard,3,true,3,4,2,0,2,0,0,0,0,0,0,0,24,96,96,96,4128,4128,17918,439836,296,9,9,5,12
irregular-n08-t064-b00001-frandom-s20,Accelerated,0,true,0,2,0,0,0,0,0,0,0,0,1,0,1,2,2,2,146,146,512,6698,22,5,3,3,12
irregular-n08-t064-b00001-frandom-s20,Accelerated,1,true,0,2,0,0,0,0,0,0,0,0,1,0,120,240,210,210,6870,6870,27329,340069,42,6,5,3,12
irregular-n08-t064-b00001-frandom-s20,Accelerated,2,true,1,3,0,1,1,0,0,0,0,1,0,1,6,18,18,18,1026,1026,4385,142726,144,8,5,5,12
irregular-n08-t064-b00001-frandom-s20,Accelerated,3,true,1,3,0,1,1,0,0,0,0,1,0,1,24,72,72,72,3096,3096,14126,329517,224,8,7,5,12
irregular-n08-t064-b00008-falternating-s01,Standard,0,true,2,3,1,0,1,0,0,0,0,0,0,0,1,3,3,3,219,219,2037,73916,3659572,22,20,11,22
irregular-n08-t064-b00008-falternating-s01,Standard,1,true,2,3,1,0,1,0,0,0,0,0,0,0,128,384,312,312,10248,10248,60528,1217239,6538098,23,22,11,23
irregular-n08-t064-b00008-falternating-s01,Standard,2,true,3,4,2,0,2,0,0,0,0,0,0,0,8,32,32,32,1408,1408,7304,239022,5504778,23,23,12,23
irregular-n08-t064-b00008-falternating-s01,Standard,3,true,5,6,4,0,4,0,0,0,0,0,0,0,32,192,192,192,8256,8256,54656,1498586,6302324,23,22,12,23
irregular-n08-t064-b00008-falternating-s01,Accelerated,0,true,1,3,0,1,1,0,0,0,0,1,0,1,1,3,3,3,219,219,2037,73244,3659572,22,18,11,22
irregular-n08-t064-b00008-falternating-s01,Accelerated,1,true,1,3,0,1,1,0,0,0,0,1,0,1,128,384,312,312,10248,10248,60528,1211375,6538098,23,22,11,23
irregular-n08-t064-b00008-falternating-s01,Accelerated,2,true,1,3,0,1,1,0,0,0,0,1,0,1,8,24,24,24,1056,1056,6224,198990,5504778,23,20,12,23
irregular-n08-t064-b00008-falternating-s01,Accelerated,3,true,3,7,0,3,3,2,1,1,0,1,0,1,32,224,224,224,9632,9632,67907,1792133,727285464064,40,39,22,40
irregular-n08-t064-b00008-falternating-s02,Standard,0,true,3,4,2,0,2,0,0,0,0,0,0,0,1,4,4,4,292,292,2105,63219,836256,20,18,10,20
irregular-n08-t064-b00008-falternating-s02,Standard,1,true,3,4,2,0,2,0,0,0,0,0,0,0,96,384,320,320,10448,10448,52599,941834,1471164,21,19,10,21
irregular-n08-t064-b00008-falternating-s02,Standard,2,true,3,4,2,0,2,0,0,0,0,0,0,0,8,32,32,32,1408,1408,6091,171506,1117224,21,20,10,21
irregular-n08-t064-b00008-falternating-s02,Standard,3,true,4,5,3,0,3,0,0,0,0,0,0,0,24,120,120,120,5160,5160,26965,664374,1101344,21,20,10,21
irregular-n08-t064-b00008-falternating-s02,Accelerated,0,true,2,5,0,2,2,1,0,1,0,1,0,1,1,5,5,5,365,365,2604,75771,108765000,27,24,17,27
irregular-n08-t064-b00008-falternating-s02,Accelerated,1,true,1,3,0,1,1,0,0,0,0,1,0,1,96,288,240,240,7836,7836,38966,679711,889936,20,19,10,20
irregular-n08-t064-b00008-falternating-s02,Accelerated,2,true,2,5,0,2,2,1,1,0,0,1,0,1,8,40,40,40,1760,1760,9519,254350,764334792,30,28,19,30
irregular-n08-t064-b00008-falternating-s02,Accelerated,3,true,2,5,0,2,2,1,1,0,0,1,0,1,24,120,120,120,5160,5160,28980,685004,710462592,30,28,19,30
irregular-n08-t064-b00008-falternating-s03,Standard,0,true,2,3,1,0,1,0,0,0,0,0,0,0,1,3,3,3,219,219,2117,81095,6333300,23,21,12,23
irregular-n08-t064-b00008-falternating-s03,Standard,1,true,3,4,2,0,2,0,0,0,0,0,0,0,128,512,440,440,14504,14504,87218,1807937,7090814,23,22,11,23
irregular-n08-t064-b00008-falternating-s03,Standard,2,true,4,5,3,0,3,0,0,0,0,0,0,0,8,40,40,40,1760,1760,11219,362715,6177356,23,22,11,23
irregular-n08-t064-b00008-falternating-s03,Standard,3,true,3,4,2,0,2,0,0,0,0,0,0,0,32,128,128,128,5504,5504,36263,1001103,7328920,23,22,11,23
irregular-n08-t064-b00008-falternating-s03,Accelerated,0,true,1,3,0,1,1,0,0,0,0,1,0,1,1,3,3,3,219,219,2117,80947,6333300,23,19,12,23
irregular-n08-t064-b00008-falternating-s03,Accelerated,1,true,1,3,0,1,1,0,0,0,0,1,0,1,128,384,330,330,10878,10878,64527,1313173,6605942,23,22,11,23
irregular-n08-t064-b00008-falternating-s03,Accelerated,2,true,2,5,0,2,2,1,1,0,0,1,0,1,8,40,40,40,1760,1760,11688,369759,4797924048,33,32,19,33
irregular-n08-t064-b00008-falternating-s03,Accelerated,3,true,1,3,0,1,1,0,0,0,0,1,0,1,32,96,96,96,4128,4128,26622,727595,7328920,23,21,11,23
irregular-n08-t064-b00008-falternating-s04,Standard,0,true,3,4,2,0,2,0,0,0,0,0,0,0,1,4,4,4,292,292,2354,77071,5489724,23,21,12,23
irregular-n08-t064-b00008-falternating-s04,Standard,1,true,3,4,2,0,2,0,0,0,0,0,0,0,120,480,288,288,9408,9408,50273,972242,6882946,23,21,11,23
irregular-n08-t064-b00008-falternating-s04,Standard,2,true,3,4,2,0,2,0,0,0,0,0,0,0,8,32,32,32,1408,1408,7511,228293,7358846,23,23,12,24
irregular-n08-t064-b00008-falternating-s04,Standard,3,true,4,5,3,0,3,0,0,0,0,0,0,0,30,150,150,150,6450,6450,36808,977960,7278600,23,23,12,23
irregular-n08-t064-b00008-falternating-s04,Accelerated,0,true,1,3,0,1,1,0,0,0,0,1,0,1,1,3,3,3,219,219,1703,53000,3828676,22,19,11,22
irregular-n08-t064-b00008-falternating-s04,Accelerated,1,true,1,3,0,1,1,0,0,0,0,1,0,1,120,360,216,216,7056,7056,37622,713357,4426062,23,21,11,23
irregular-n08-t064-b00008-falternating-s04,Accelerated,2,true,1,3,0,1,1,0,0,0,0,1,0,1,8,24,24,24,1056,1056,5776,168299,7358846,23,21,12,23
irregular-n08-t064-b00008-falternating-s04,Accelerated,3,true,2,5,0,2,2,1,0,1,0,1,0,1,30,150,150,150,6450,6450,39605,1011037,4143898296,32,32,14,32
irregular-n08-t064-b00008-falternating-s05,Standard,0,true,3,4,2,0,2,0,0,0,0,0,0,0,1,4,4,4,292,292,2076,56436,2677964,22,19,11,22
irregular-n08-t064-b00008-falternating-s05,Standard,1,true,4,5,3,0,3,0,0,0,0,0,0,0,88,440,395,395,12785,12785,63069,1097743,3180222,22,20,10,22
irregular-n08-t064-b00008-falternating-s05,Standard,2,true,3,4,2,0,2,0,0,0,0,0,0,0,8,32,32,32,1408,1408,5984,164827,3689412,22,22,11,23
irregular-n08-t064-b00008-falternating-s05,Standard,3,true,3,4,2,0,2,0,0,0,0,0,0,0,22,88,88,88,3784,3784,18207,453282,4416212,23,22,11,23
irregular-n08-t064-b00008-falternating-s05,Accelerated,0,true,0,2,0,0,0,0,0,0,0,0,1,0,1,2,2,2,146,146,880,20688,555142,20,10,9,20
irregular-n08-t064-b00008-falternating-s05,Accelerated,1,true,0,2,0,0,0,0,0,0,0,0,1,0,88,176,158,158,5114,5114,23286,371003,545142,20,18,10,20
irregular-n08-t064-b00008-falternating-s05,Accelerated,2,true,1,3,0,1,1,0,0,0,0,1,0,1,8,24,24,24,1056,1056,5101,135370,3689412,22,18,11,23
irregular-n08-t064-b00008-falternating-s05,Accelerated,3,true,1,3,0,1,1,0,0,0,0,1,0,1,22,66,66,66,2838,2838,14649,352328,4416212,23,20,11,23
irregular-n08-t064-b00008-falternating-s06,Standard,0,true,3,4,2,0,2,0,0,0,0,0,0,0,1,4,4,4,292,292,2178,68265,2413896,22,19,11,22
irregular-n08-t064-b00008-falternating-s06,Standard,1,true,3,4,2,0,2,0,0,0,0,0,0,0,88,352,192,192,6432,6432,33263,598433,3104126,22,20,11,22
irregular-n08-t064-b00008-falternating-s06,Standard,2,true,3,4,2,0,2,0,0,0,0,0,0,0,8,32,32,32,1408,1408,6532,177616,2953482,22,21,11,22
irregular-n08-t064-b00008-falternating-s06,Standard,3,true,4,5,3,0,3,0,0,0,0,0,0,0,22,110,110,110,4730,4730,25002,579694,3311678,22,21,11,22
irregular-n08-t064-b00008-falternating-s06,Accelerated,0,true,1,3,0,1,1,0,0,0,0,1,0,1,1,3,3,3,219,219,1551,46900,1435142,21,14,11,21
irregular-n08-t064-b00008-falternating-s06,Accelerated,1,true,1,3,0,1,1,0,0,0,0,1,0,1,88,264,144,144,4824,4824,24533,431585,1619294,21,19,11,21
irregular-n08-t064-b00008-falternating-s06,Accelerated,2,true,1,3,0,1,1,0,0,0,0,1,0,1,8,24,24,24,1056,1056,4994,132848,2953482,22,17,11,22
irregular-n08-t064-b00008-falternating-s06,Accelerated,3,true,2,5,0,2,2,1,0,1,0,1,0,1,22,110,110,110,4730,4730,26214,589144,161181512,28,27,13,28
irregular-n08-t064-b00008-falternating-s07,Standard,0,true,4,5,3,0,3,0,0,0,0,0,0,0,1,5,5,5,365,365,2717,84315,2987450,22,21,11,22
irregular-n08-t064-b00008-falternating-s07,Standard,1,true,3,4,2,0,2,0,0,0,0,0,0,0,96,384,220,220,7252,7252,35534,641938,3304664,22,20,11,22
irregular-n08-t064-b00008-falternating-s07,Standard,2,true,3,4,2,0,2,0,0,0,0,0,0,0,8,32,32,32,1408,1408,6799,189822,3463356,22,21,11,23
irregular-n08-t064-b00008-falternating-s07,Standard,3,true,4,5,3,0,3,0,0,0,0,0,0,0,24,120,120,120,5160,5160,26412,641584,3104754,22,22,11,22
irregular-n08-t064-b00008-falternating-s07,Accelerated,0,true,2,5,0,2,2,1,0,1,0,1,0,1,1,5,5,5,365,365,2553,75226,763172864,30,29,20,30
irregular-n08-t064-b00008-falternating-s07,Accelerated,1,true,1,3,0,1,1,0,0,0,0,1,0,1,96,288,165,165,5439,5439,26416,466523,2300958,22,20,11,22
irregular-n08-t064-b00008-falternating-s07,Accelerated,2,true,1,3,0,1,1,0,0,0,0,1,0,1,8,24,24,24,1056,1056,5053,135519,3463356,22,20,11,22
irregular-n08-t064-b00008-falternating-s07,Accelerated,3,true,3,7,0,3,3,2,1,1,0,1,0,1,24,168,168,168,7224,7224,40062,923961,538890915104,39,39,21,39
irregular-n08-t064-b00008-falternating-s08,Standard,0,true,4,5,3,0,3,0,0,0,0,0,0,0,1,5,5,5,365,365,3128,109210,3279520,22,20,11,22
irregular-n08-t064-b00008-falternating-s08,Standard,1,true,2,3,1,0,1,0,0,0,0,0,0,0,112,336,192,192,6384,6384,33571,632860,3486186,22,21,11,22
irregular-n08-t064-b00008-falternating-s08,Standard,2,true,4,5,3,0,3,0,0,0,0,0,0,0,8,40,40,40,1760,1760,9571,281610,4231042,23,22,11,23
irregular-n08-t064-b00008-falternating-s08,Standard,3,true,4,5,3,0,3,0,0,0,0,0,0,0,28,140,140,140,6020,6020,34667,892081,4449888,23,21,11,23
irregular-n08-t064-b00008-falternating-s08,Accelerated,0,true,3,7,0,3,3,2,0,2,0,1,0,1,1,7,7,7,511,511,4390,151928,4649599304,33,28,22,33
irregular-n08-t064-b00008-falternating-s08,Accelerated,1,true,1,3,0,1,1,0,0,0,0,1,0,1,112,336,192,192,6384,6384,33571,631524,3486186,22,21,11,22
irregular-n08-t064-b00008-falternating-s08,Accelerated,2,true,2,5,0,2,2,1,1,0,0,1,0,1,8,40,40,40,1760,1760,10155,291196,2779634524,32,31,19,32
irregular-n08-t064-b00008-falternating-s08,Accelerated,3,true,2,5,0,2,2,1,0,1,0,1,0,1,28,140,140,140,6020,6020,34967,838720,1845315072,31,30,13,31
irregular-n08-t064-b00008-falternating-s09,Standard,0,true,3,4,2,0,2,0,0,0,0,0,0,0,1,4,4,4,292,292,2998,112430,4447976,23,20,11,23
irregular-n08-t064-b00008-falternating-s09,Standard,1,true,3,4,2,0,2,0,0,0,0,0,0,0,136,544,452,452,14732,14732,88761,1844427,8344518,23,22,11,23
irregular-n08-t064-b00008-falternating-s09,Standard,2,true,3,4,2,0,2,0,0,0,0,0,0,0,8,32,32,32,1408,1408,7926,263204,6490084,23,23,12,24
irregular-n08-t064-b00008-falternating-s09,Standard,3,true,3,4,2,0,2,0,0,0,0,0,0,0,34,136,136,136,5848,5848,36912,1061614,7257592,23,22,12,23
irregular-n08-t064-b00008-falternating-s09,Accelerated,0,true,1,3,0,1,1,0,0,0,0,1,0,1,1,3,3,3,219,219,2140,77251,2806336,22,17,10,22
irregular-n08-t064-b00008-falternating-s09,Accelerated,1,true,1,3,0,1,1,0,0,0,0,1,0,1,136,408,339,339,11049,11049,65114,1316770,5932888,23,21,11,23
irregular-n08-t064-b00008-falternating-s09,Accelerated,2,true,1,3,0,1,1,0,0,0,0,1,0,1,8,24,24,24,1056,1056,6790,220715,6490084,23,19,12,24
irregular-n08-t064-b00008-falternating-s09,Accelerated,3,true,1,3,0,1,1,0,0,0,0,1,0,1,34,102,102,102,4386,4386,29580,828871,7257592,23,21,12,23
irregular-n08-t064-b00008-falternating-s10,Standard,0,true,3,4,2,0,2,0,0,0,0,0,0,0,1,4,4,4,292,292,2104,62795,4327090,23,20,11,23
irregular-n08-t064-b00008-falternating-s10,Standard,1,true,3,4,2,0,2,0,0,0,0,0,0,0,96,384,228,228,7500,7500,37421,673446,4644860,23,21,11,23
irregular-n08-t064-b00008-falternating-s10,Standard,2,true,4,5,3,0,3,0,0,0,0,0,0,0,8,40,40,40,1760,1760,8261,225418,5867664,23,23,12,23
irregular-n08-t064-b00008-falternating-s10,Standard,3,true,4,5,3,0,3,0,0,0,0,0,0,0,24,120,120,120,5160,5160,26413,637721,5609726,23,23,12,23
irregular-n08-t064-b00008-falternating-s10,Accelerated,0,true,1,3,0,1,1,0,0,0,0,1,0,1,1,3,3,3,219,219,1496,42181,3394664,22,17,11,22
irregular-n08-t064-b00008-falternating-s10,Accelerated,1,true,1,3,0,1,1,0,0,0,0,1,0,1,96,288,171,171,5625,5625,27603,481228,3463614,22,21,11,22
irregular-n08-t064-b00008-falternating-s10,Accelerated,2,true,2,5,0,2,2,1,1,0,0,1,0,1,8,40,40,40,1760,1760,9507,248271,4429311372,33,31,20,33
irregular-n08-t064-b00008-falternating-s10,Accelerated,3,true,2,5,0,2,2,1,1,0,0,1,0,1,24,120,120,120,5160,5160,28910,673961,5112815200,33,32,20,33
irregular-n08-t064-b00008-falternating-s11,Standard,0,true,3,4,2,0,2,0,0,0,0,0,0,0,1,4,4,4,292,292,2051,58687,1712384,21,19,11,21
irregular-n08-t064-b00008-falternating-s11,Standard,1,true,3,4,2,0,2,0,0,0,0,0,0,0,80,320,236,236,7748,7748,38470,677529,3041334,22,19,11,22
irregular-n08-t064-b00008-falternating-s11,Standard,2,true,3,4,2,0,2,0,0,0,0,0,0,0,8,32,32,32,1408,1408,6294,161193,1870598,21,20,11,21
irregular-n08-t064-b00008-falternating-s11,Standard,3,true,3,4,2,0,2,0,0,0,0,0,0,0,20,80,80,80,3440,3440,16686,380851,2270464,22,20,11,22
irregular-n08-t064-b00008-falternating-s11,Accelerated,0,true,0,2,0,0,0,0,0,0,0,0,1,0,1,2,2,2,146,146,883,22023,432016,19,10,9,19
irregular-n08-t064-b00008-falternating-s11,Accelerated,1,true,1,3,0,1,1,0,0,0,0,1,0,1,80,240,177,177,5811,5811,28335,482303,1395918,21,19,11,21
irregular-n08-t064-b00008-falternating-s11,Accelerated,2,true,1,3,0,1,1,0,0,0,0,1,0,1,8,24,24,24,1056,1056,4816,120015,1870598,21,18,11,21
irregular-n08-t064-b00008-falternating-s11,Accelerated,3,true,1,3,0,1,1,0,0,0,0,1,0,1,20,60,60,60,2580,2580,12809,285388,2270464,22,19,11,22
irregular-n08-t064-b00008-falternating-s12,Standard,0,true,3,4,2,0,2,0,0,0,0,0,0,0,1,4,4,4,292,292,2525,75629,1656570,21,19,10,21
irregular-n08-t064-b00008-falternating-s12,Standard,1,true,3,4,2,0,2,0,0,0,0,0,0,0,112,448,268,268,8692,8692,47526,890287,1495132,21,20,10,21
irregular-n08-t064-b00008-falternating-s12,Standard,2,true,2,3,1,0,1,0,0,0,0,0,0,0,8,24,24,24,1056,1056,4665,146296,2107428,22,21,11,22
irregular-n08-t064-b00008-falternating-s12,Standard,3,true,2,3,1,0,1,0,0,0,0,0,0,0,28,84,84,84,3612,3612,19223,526472,2364180,22,21,11,22
irregular-n08-t064-b00008-falternating-s12,Accelerated,0,true,0,2,0,0,0,0,0,0,0,0,1,0,1,2,2,2,146,146,1069,28199,564108,20,10,9,20
irregular-n08-t064-b00008-falternating-s12,Accelerated,1,true,0,2,0,0,0,0,0,0,0,0,1,0,112,224,134,134,4346,4346,22222,384141,395338,19,18,10,19
irregular-n08-t064-b00008-falternating-s12,Accelerated,2,true,0,2,0,0,0,0,0,0,0,0,1,0,8,16,16,16,704,704,3612,109459,2107428,22,12,11,22
irregular-n08-t064-b00008-falternating-s12,Accelerated,3,true,0,2,0,0,0,0,0,0,0,0,1,0,28,56,56,56,2408,2408,13579,357567,2364180,22,20,11,22
irregular-n08-t064-b00008-falternating-s13,Standard,0,true,3,4,2,0,2,0,0,0,0,0,0,0,1,4,4,4,292,292,2496,87983,5933800,23,22,12,23
irregular-n08-t064-b00008-falternating-s13,Standard,1,true,3,4,2,0,2,0,0,0,0,0,0,0,112,448,384,384,12672,12672,69473,1348187,6538492,23,21,11,23
irregular-n08-t064-b00008-falternating-s13,Standard,2,true,3,4,2,0,2,0,0,0,0,0,0,0,8,32,32,32,1408,1408,7652,237810,6379658,23,22,11,23
irregular-n08-t064-b00008-falternating-s13,Standard,3,true,3,4,2,0,2,0,0,0,0,0,0,0,28,112,112,112,4816,4816,26802,713176,6249572,23,22,11,23
irregular-n08-t064-b00008-falternating-s13,Accelerated,0,true,0,2,0,0,0,0,0,0,0,0,1,0,1,2,2,2,146,146,1108,34583,2447500,22,11,11,22
irregular-n08-t064-b00008-falternating-s13,Accelerated,1,true,2,5,0,2,2,1,0,1,0,1,0,1,112,560,480,480,15840,15840,86787,1681787,2134447104,31,30,20,31
irregular-n08-t064-b00008-falternating-s13,Accelerated,2,true,1,3,0,1,1,0,0,0,0,1,0,1,8,24,24,24,1056,1056,5755,175479,6379658,23,20,11,23
irregular-n08-t064-b00008-falternating-s13,Accelerated,3,true,2,5,0,2,2,1,1,0,0,1,0,1,28,140,140,140,6020,6020,36905,944036,10275649756,34,32,21,34
irregular-n08-t064-b00008-falternating-s14,Standard,0,true,3,4,2,0,2,0,0,0,0,0,0,0,1,4,4,4,292,292,2426,79136,3070472,22,20,11,22
irregular-n08-t064-b00008-falternating-s14,Standard,1,true,3,4,2,0,2,0,0,0,0,0,0,0,112,448,372,372,12108,12108,64261,1217511,6211744,23,22,11,23
irregular-n08-t064-b00008-falternating-s14,Standard,2,true,4,5,3,0,3,0,0,0,0,0,0,0,8,40,40,40,1760,1760,9148,283097,5305408,23,23,12,23
irregular-n08-t064-b00008-falternating-s14,Standard,3,true,3,4,2,0,2,0,0,0,0,0,0,0,28,112,112,112,4816,4816,26559,704683,6922096,23,23,12,23
irregular-n08-t064-b00008-falternating-s14,Accelerated,0,true,1,3,0,1,1,0,0,0,0,1,0,1,1,3,3,3,219,219,1742,53527,2180676,22,14,10,22
irregular-n08-t064-b00008-falternating-s14,Accelerated,1,true,1,3,0,1,1,0,0,0,0,1,0,1,112,336,279,279,9081,9081,47279,868759,5395096,23,21,11,23
irregular-n08-t064-b00008-falternating-s14,Accelerated,2,true,2,5,0,2,2,1,1,0,0,1,0,1,8,40,40,40,1760,1760,10748,326206,10472778752,34,30,22,34
irregular-n08-t064-b00008-falternating-s14,Accelerated,3,true,1,3,0,1,1,0,0,0,0,1,0,1,28,84,84,84,3612,3612,21158,543345,6922096,23,21,12,23
irregular-n08-t064-b00008-falternating-s15,Standard,0,true,3,4,2,0,2,0,0,0,0,0,0,0,1,4,4,4,292,292,2355,75480,2964834,22,20,11,22
irregular-n08-t064-b00008-falternating-s15,Standard,1,true,3,4,2,0,2,0,0,0,0,0,0,0,104,416,336,336,11040,11040,60545,1155557,5154236,23,21,11,23
irregular-n08-t064-b00008-falternating-s15,Standard,2,true,3,4,2,0,2,0,0,0,0,0,0,0,8,32,32,32,1408,1408,7212,206958,3965642,22,21,11,23
irregular-n08-t064-b00008-falternating-s15,Standard,3,true,3,4,2,0,2,0,0,0,0,0,0,0,26,104,104,104,4472,4472,25007,632681,4121084,22,21,11,22
irregular-n08-t064-b00008-falternating-s15,Accelerated,0,true,1,3,0,1,1,0,0,0,0,1,0,1,1,3,3,3,219,219,1727,52563,2026292,21,18,11,21
irregular-n08-t064-b00008-falternating-s15,Accelerated,1,true,1,3,0,1,1,0,0,0,0,1,0,1,104,312,252,252,8280,8280,44957,838026,3914818,22,21,11,22
irregular-n08-t064-b00008-falternating-s15,Accelerated,2,true,1,3,0,1,1,0,0,0,0,1,0,1,8,24,24,24,1056,1056,5493,152109,3965642,22,20,11,22
irregular-n08-t064-b00008-falternating-s15,Accelerated,3,true,1,3,0,1,1,0,0,0,0,1,0,1,26,78,78,78,3354,3354,18773,459856,4121084,22,20,11,22
irregular-n08-t064-b00008-falternating-s16,Standard,0,true,2,3,1,0,1,0,0,0,0,0,0,0,1,3,3,3,219,219,1968,73661,5704570,23,21,11,23
irregular-n08-t064-b00008-falternating-s16,Standard,1,true,2,3,1,0,1,0,0,0,0,0,0,0,136,408,360,360,11736,11736,64613,1267802,6303094,23,22,11,23
irregular-n08-t064-b00008-falternating-s16,Standard,2,true,4,5,3,0,3,0,0,0,0,0,0,0,8,40,40,40,1760,1760,10082,330818,8032514,23,23,12,24
irregular-n08-t064-b00008-falternating-s16,Standard,3,true,3,4,2,0,2,0,0,0,0,0,0,0,34,136,136,136,5848,5848,34420,981416,8324504,23,23,12,24
irregular-n08-t064-b00008-falternating-s16,Accelerated,0,true,1,3,0,1,1,0,0,0,0,1,0,1,1,3,3,3,219,219,1968,73525,5704570,23,18,11,23
irregular-n08-t064-b00008-falternating-s16,Accelerated,1,true,1,3,0,1,1,0,0,0,0,1,0,1,136,408,360,360,11736,11736,64613,1265788,6303094,23,22,11,23
irregular-n08-t064-b00008-falternating-s16,Accelerated,2,true,2,5,0,2,2,1,1,0,0,1,0,1,8,40,40,40,1760,1760,11395,364025,7394747420,33,32,20,34
irregular-n08-t064-b00008-falternating-s16,Accelerated,3,true,1,3,0,1,1,0,0,0,0,1,0,1,34,102,102,102,4386,4386,27467,772061,8381530,23,21,12,24
irregular-n08-t064-b00008-falternating-s17,Standard,0,true,2,3,1,0,1,0,0,0,0,0,0,0,1,3,3,3,219,219,1950,71111,5377458,23,19,12,23
irregular-n08-t064-b00008-falternating-s17,Standard,1,true,2,3,1,0,1,0,0,0,0,0,0,0,128,384,225,225,7515,7515,42053,821866,7477634,23,21,12,23
irregular-n08-t064-b00008-falternating-s17,Standard,2,true,3,4,2,0,2,0,0,0,0,0,0,0,8,32,32,32,1408,1408,8257,258993,5934750,23,22,11,23
irregular-n08-t064-b00008-falternating-s17,Standard,3,true,3,4,2,0,2,0,0,0,0,0,0,0,32,128,128,128,5504,5504,33606,909616,7196014,23,22,11,23
irregular-n08-t064-b00008-falternating-s17,Accelerated,0,true,1,3,0,1,1,0,0,0,0,1,0,1,1,3,3,3,219,219,1950,69881,5377458,23,17,12,23
irregular-n08-t064-b00008-falternating-s17,Accelerated,1,true,1,3,0,1,1,0,0,0,0,1,0,1,128,384,225,225,7515,7515,42053,812426,7477634,23,21,12,23
irregular-n08-t064-b00008-falternating-s17,Accelerated,2,true,1,3,0,1,1,0,0,0,0,1,0,1,8,24,24,24,1056,1056,6113,184221,5934750,23,21,11,23
irregular-n08-t064-b00008-falternating-s17,Accelerated,3,true,1,3,0,1,1,0,0,0,0,1,0,1,32,96,96,96,4128,4128,25289,667572,7196014,23,21,11,23
irregular-n08-t064-b00008-falternating-s18,Standard,0,true,3,4,2,0,2,0,0,0,0,0,0,0,1,4,4,4,292,292,1807,48616,1568672,21,19,11,21
irregular-n08-t064-b00008-falternating-s18,Standard,1,true,3,4,2,0,2,0,0,0,0,0,0,0,80,320,280,280,9160,9160,42939,726083,2759708,22,20,11,22
irregular-n08-t064-b00008-falternating-s18,Standard,2,true,4,5,3,0,3,0,0,0,0,0,0,0,8,40,40,40,1760,1760,7423,192497,1903234,21,21,11,22
irregular-n08-t064-b00008-falternating-s18,Standard,3,true,4,5,3,0,3,0,0,0,0,0,0,0,20,100,100,100,4300,4300,20440,473003,2432992,22,21,11,22
irregular-n08-t064-b00008-falternating-s18,Accelerated,0,true,1,3,0,1,1,0,0,0,0,1,0,1,1,3,3,3,219,219,1320,33285,1409952,21,17,10,21
irregular-n08-t064-b00008-falternating-s18,Accelerated,1,true,0,2,0,0,0,0,0,0,0,0,1,0,80,160,140,140,4580,4580,20322,317884,1445892,21,20,11,21
irregular-n08-t064-b00008-falternating-s18,Accelerated,2,true,2,5,0,2,2,1,1,0,0,1,0,1,8,40,40,40,1760,1760,8389,205888,2346194296,32,29,20,32
irregular-n08-t064-b00008-falternating-s18,Accelerated,3,true,2,5,0,2,2,1,1,0,0,1,0,1,20,100,100,100,4300,4300,21713,475647,1324025580,31,29,19,31
irregular-n08-t064-b00008-falternating-s19,Standard,0,true,2,3,1,0,1,0,0,0,0,0,0,0,1,3,3,3,219,219,2072,75984,5321606,23,20,11,23
irregular-n08-t064-b00008-falternating-s19,Standard,1,true,2,3,1,0,1,0,0,0,0,0,0,0,136,408,240,240,7908,7908,46720,945087,5842800,23,22,11,23
irregular-n08-t064-b00008-falternating-s19,Standard,2,true,3,4,2,0,2,0,0,0,0,0,0,0,8,32,32,32,1408,1408,7765,252596,7898572,23,23,12,24
irregular-n08-t064-b00008-falternating-s19,Standard,3,true,4,5,3,0,3,0,0,0,0,0,0,0,34,170,170,170,7310,7310,46513,1315495,8942878,24,23,12,24
irregular-n08-t064-b00008-falternating-s19,Accelerated,0,true,1,3,0,1,1,0,0,0,0,1,0,1,1,3,3,3,219,219,2072,74982,5321606,23,18,11,23
irregular-n08-t064-b00008-falternating-s19,Accelerated,1,true,1,3,0,1,1,0,0,0,0,1,0,1,136,408,240,240,7908,7908,46720,937689,5842800,23,22,11,23
irregular-n08-t064-b00008-falternating-s19,Accelerated,2,true,1,3,0,1,1,0,0,0,0,1,0,1,8,24,24,24,1056,1056,6596,208176,7898572,23,21,12,24
irregular-n08-t064-b00008-falternating-s19,Accelerated,3,true,2,5,0,2,2,1,0,1,0,1,0,1,34,170,170,170,7310,7310,50107,1341573,4600509648,33,32,14,33
irregular-n08-t064-b00008-falternating-s20,Standard,0,true,3,4,2,0,2,0,0,0,0,0,0,0,1,4,4,4,292,292,2218,65898,3170272,22,20,11,22
irregular-n08-t064-b00008-falternating-s20,Standard,1,true,3,4,2,0,2,0,0,0,0,0,0,0,96,384,312,312,10248,10248,54238,1005879,5649780,23,21,11,23
irregular-n08-t064-b00008-falternating-s20,Standard,2,true,4,5,3,0,3,0,0,0,0,0,0,0,8,40,40,40,1760,1760,8618,240826,3901576,22,22,11,22
irregular-n08-t064-b00008-falternating-s20,Standard,3,true,4,5,3,0,3,0,0,0,0,0,0,0,24,120,120,120,5160,5160,28458,703623,4768830,23,22,11,23
irregular-n08-t064-b00008-falternating-s20,Accelerated,0,true,1,3,0,1,1,0,0,0,0,1,0,1,1,3,3,3,219,219,1572,43625,1941020,21,18,10,21
irregular-n08-t064-b00008-falternating-s20,Accelerated,1,true,1,3,0,1,1,0,0,0,0,1,0,1,96,288,234,234,7686,7686,39997,719196,4031804,22,21,11,22
irregular-n08-t064-b00008-falternating-s20,Accelerated,2,true,2,5,0,2,2,1,1,0,0,1,0,1,8,40,40,40,1760,1760,9848,263163,4366400720,33,30,21,33
irregular-n08-t064-b00008-falternating-s20,Accelerated,3,true,2,5,0,2,2,1,1,0,0,1,0,1,24,120,120,120,5160,5160,30353,719267,3053013940,32,30,20,32
irregular-n08-t064-b00008-frandom-s01,Standard,0,true,2,3,1,0,1,0,0,0,0,0,0,0,1,3,3,3,219,219,1458,56832,2903036,22,21,12,22
irregular-n08-t064-b00008-frandom-s01,Standard,1,true,2,3,1,0,1,0,0,0,0,0,0,0,256,768,672,672,21984,21984,105520,2315551,4410032,23,21,12,23
irregular-n08-t064-b00008-frandom-s01,Standard,2,true,2,3,1,0,1,0,0,0,0,0,0,0,8,24,24,24,1368,1368,7392,289733,2388564,22,22,11,23
irregular-n08-t064-b00008-frandom-s01,Standard,3,true,2,3,1,0,1,0,0,0,0,0,0,0,32,96,96,96,4128,4128,22283,654969,3060536,22,22,11,23
irregular-n08-t064-b00008-frandom-s01,Accelerated,0,true,1,3,0,1,1,0,0,0,0,1,0,1,1,3,3,3,219,219,1537,60734,2903036,22,20,12,22
irregular-n08-t064-b00008-frandom-s01,Accelerated,1,true,1,3,0,1,1,0,0,0,0,1,0,1,256,768,672,672,21984,21984,107250,2359905,4410032,23,21,12,23
irregular-n08-t064-b00008-frandom-s01,Accelerated,2,true,0,2,0,0,0,0,0,0,0,0,1,0,8,16,16,16,912,912,5114,195728,2388564,22,12,11,23
irregular-n08-t064-b00008-frandom-s01,Accelerated,3,true,1,3,0,1,1,0,0,0,0,1,0,1,32,96,96,96,4128,4128,24073,685767,2833236,22,21,11,23
irregular-n08-t064-b00008-frandom-s02,Standard,0,true,2,3,1,0,1,0,0,0,0,0,0,0,1,3,3,3,219,219,1206,40254,3758650,22,21,12,22
irregular-n08-t064-b00008-frandom-s02,Standard,1,true,3,4,2,0,2,0,0,0,0,0,0,0,192,768,672,672,21984,21984,94712,1890163,6087854,23,22,12,23
irregular-n08-t064-b00008-frandom-s02,Standard,2,true,3,4,2,0,2,0,0,0,0,0,0,0,8,32,32,32,1824,1824,9498,296519,1994018,21,21,10,22
irregular-n08-t064-b00008-frandom-s02,Standard,3,true,4,5,3,0,3,0,0,0,0,0,0,0,24,120,120,120,5160,5160,26907,663564,2659678,22,21,10,22
irregular-n08-t064-b00008-frandom-s02,Accelerated,0,true,1,3,0,1,1,0,0,0,0,1,0,1,1,3,3,3,219,219,1303,44509,3758650,22,20,12,22
irregular-n08-t064-b00008-frandom-s02,Accelerated,1,true,2,5,0,2,2,1,0,1,0,1,0,1,192,960,840,840,27480,27480,119322,2216677,4158643896,32,32,21,32
irregular-n08-t064-b00008-frandom-s02,Accelerated,2,true,2,5,0,2,2,1,0,1,0,1,0,1,8,40,40,40,2280,2280,12806,384173,1992845984,31,31,19,31
irregular-n08-t064-b00008-frandom-s02,Accelerated,3,true,2,5,0,2,2,1,0,1,0,1,0,1,24,120,120,120,5160,5160,27020,634565,2056392288,31,31,19,31
irregular-n08-t064-b00008-frandom-s03,Standard,0,true,2,3,1,0,1,0,0,0,0,0,0,0,1,3,3,3,219,219,1350,54793,1659944,21,20,11,22
irregular-n08-t064-b00008-frandom-s03,Standard,1,true,2,3,1,0,1,0,0,0,0,0,0,0,256,768,672,672,21984,21984,103932,2288422,2603798,22,20,11,22
irregular-n08-t064-b00008-frandom-s03,Standard,2,true,4,5,3,0,3,0,0,0,0,0,0,0,8,40,40,40,2280,2280,13640,553534,1130940,21,21,11,22
irregular-n08-t064-b00008-frandom-s03,Standard,3,true,3,4,2,0,2,0,0,0,0,0,0,0,32,128,128,128,5504,5504,32321,957313,1874092,21,21,11,22
irregular-n08-t064-b00008-frandom-s03,Accelerated,0,true,1,3,0,1,1,0,0,0,0,1,0,1,1,3,3,3,219,219,1404,58021,1659944,21,19,11,22
irregular-n08-t064-b00008-frandom-s03,Accelerated,1,true,1,3,0,1,1,0,0,0,0,1,0,1,256,768,672,672,21984,21984,104984,2320026,2603798,22,20,11,22
irregular-n08-t064-b00008-frandom-s03,Accelerated,2,true,3,7,0,3,3,2,0,2,0,1,0,1,8,56,56,56,3192,3192,22343,904124,1329464880,31,28,20,32
irregular-n08-t064-b00008-frandom-s03,Accelerated,3,true,1,3,0,1,1,0,0,0,0,1,0,1,32,96,96,96,4128,4128,25246,736453,1874092,21,19,11,22
irregular-n08-t064-b00008-frandom-s04,Standard,0,true,2,3,1,0,1,0,0,0,0,0,0,0,1,3,3,3,219,219,1529,59781,6297384,23,21,12,23
irregular-n08-t064-b00008-frandom-s04,Standard,1,true,3,4,2,0,2,0,0,0,0,0,0,0,240,960,840,840,27480,27480,138799,3061260,8349260,23,22,12,23
irregular-n08-t064-b00008-frandom-s04,Standard,2,true,3,4,2,0,2,0,0,0,0,0,0,0,8,32,32,32,1824,1824,10698,382595,6024552,23,23,12,24
irregular-n08-t064-b00008-frandom-s04,Standard,3,true,3,4,2,0,2,0,0,0,0,0,0,0,30,120,120,120,5160,5160,27684,755240,6132142,23,23,12,24
irregular-n08-t064-b00008-frandom-s04,Accelerated,0,true,1,3,0,1,1,0,0,0,0,1,0,1,1,3,3,3,219,219,1724,65891,6297384,23,19,12,23
irregular-n08-t064-b00008-frandom-s04,Accelerated,1,true,1,3,0,1,1,0,0,0,0,1,0,1,240,720,630,630,20610,20610,107516,2274681,5872856,23,21,12,23
irregular-n08-t064-b00008-frandom-s04,Accelerated,2,true,1,3,0,1,1,0,0,0,0,1,0,1,8,24,24,24,1368,1368,8862,307511,6024552,23,19,12,24
irregular-n08-t064-b00008-frandom-s04,Accelerated,3,true,2,5,0,2,2,1,1,0,0,1,0,1,30,150,150,150,6450,6450,38681,1029667,15453692912,34,33,23,35
irregular-n08-t064-b00008-frandom-s05,Standard,0,true,3,4,2,0,2,0,0,0,0,0,0,0,1,4,4,4,292,292,1777,48668,1293984,21,18,10,21
irregular-n08-t064-b00008-frandom-s05,Standard,1,true,3,4,2,0,2,0,0,0,0,0,0,0,176,704,616,616,20152,20152,80286,1464283,2353858,22,20,11,22
irregular-n08-t064-b00008-frandom-s05,Standard,2,true,2,3,1,0,1,0,0,0,0,0,0,0,8,24,24,24,1368,1368,5321,177819,1655382,21,22,11,22
irregular-n08-t064-b00008-frandom-s05,Standard,3,true,3,4,2,0,2,0,0,0,0,0,0,0,22,88,88,88,3784,3784,16734,410489,2509728,22,22,11,22
irregular-n08-t064-b00008-frandom-s05,Accelerated,0,true,0,2,0,0,0,0,0,0,0,0,1,0,1,2,2,2,146,146,739,16043,301328,19,10,10,19
irregular-n08-t064-b00008-frandom-s05,Accelerated,1,true,2,5,0,2,2,1,0,1,0,1,0,1,176,880,770,770,25190,25190,98266,1662451,257069536,28,28,15,29
irregular-n08-t064-b00008-frandom-s05,Accelerated,2,true,0,2,0,0,0,0,0,0,0,0,1,0,8,16,16,16,912,912,4055,130716,1655382,21,15,11,22
irregular-n08-t064-b00008-frandom-s05,Accelerated,3,true,1,3,0,1,1,0,0,0,0,1,0,1,22,66,66,66,2838,2838,13210,312294,2290602,22,20,11,22
irregular-n08-t064-b00008-frandom-s06,Standard,0,true,3,4,2,0,2,0,0,0,0,0,0,0,1,4,4,4,292,292,1753,54007,2654496,22,20,11,22
irregular-n08-t064-b00008-frandom-s06,Standard,1,true,3,4,2,0,2,0,0,0,0,0,0,0,176,704,616,616,20152,20152,82554,1497856,3691844,22,21,11,22
irregular-n08-t064-b00008-frandom-s06,Standard,2,true,3,4,2,0,2,0,0,0,0,0,0,0,8,32,32,32,1824,1824,8202,261421,2948732,22,22,11,23
irregular-n08-t064-b00008-frandom-s06,Standard,3,true,3,4,2,0,2,0,0,0,0,0,0,0,22,88,88,88,3784,3784,16558,394014,3204630,22,22,11,23
irregular-n08-t064-b00008-frandom-s06,Accelerated,0,true,0,2,0,0,0,0,0,0,0,0,1,0,1,2,2,2,146,146,776,18531,830900,20,11,10,20
irregular-n08-t064-b00008-frandom-s06,Accelerated,1,true,2,5,0,2,2,1,0,1,0,1,0,1,176,880,770,770,25190,25190,101040,1702819,366402048,29,29,17,29
irregular-n08-t064-b00008-frandom-s06,Accelerated,2,true,1,3,0,1,1,0,0,0,0,1,0,1,8,24,24,24,1368,1368,6927,214877,2948732,22,16,11,23
irregular-n08-t064-b00008-frandom-s06,Accelerated,3,true,1,3,0,1,1,0,0,0,0,1,0,1,22,66,66,66,2838,2838,12991,295161,3160062,22,21,11,23
irregular-n08-t064-b00008-frandom-s07,Standard,0,true,2,3,1,0,1,0,0,0,0,0,0,0,1,3,3,3,219,219,1324,44933,2528898,22,20,11,22
irregular-n08-t064-b00008-frandom-s07,Standard,1,true,3,4,2,0,2,0,0,0,0,0,0,0,192,768,672,672,21984,21984,95948,1884465,3753752,22,21,11,22
irregular-n08-t064-b00008-frandom-s07,Standard,2,true,3,4,2,0,2,0,0,0,0,0,0,0,8,32,32,32,1824,1824,9714,312420,2202150,22,21,11,22
irregular-n08-t064-b00008-frandom-s07,Standard,3,true,4,5,3,0,3,0,0,0,0,0,0,0,24,120,105,105,4515,4515,21942,494972,2515718,22,20,10,22
irregular-n08-t064-b00008-frandom-s07,Accelerated,0,true,1,3,0,1,1,0,0,0,0,1,0,1,1,3,3,3,219,219,1390,45953,2528898,22,18,11,22
irregular-n08-t064-b00008-frandom-s07,Accelerated,1,true,2,5,0,2,2,1,0,1,0,1,0,1,192,960,840,840,27480,27480,116664,2120911,635995284,30,30,18,30
irregular-n08-t064-b00008-frandom-s07,Accelerated,2,true,1,3,0,1,1,0,0,0,0,1,0,1,8,24,24,24,1368,1368,7425,232662,2202150,22,16,11,22
irregular-n08-t064-b00008-frandom-s07,Accelerated,3,true,2,5,0,2,2,1,0,1,0,1,0,1,24,120,105,105,4515,4515,21580,455914,515813728,29,28,17,29
irregular-n08-t064-b00008-frandom-s08,Standard,0,true,3,4,2,0,2,0,0,0,0,0,0,0,1,4,4,4,292,292,2156,81449,3556566,22,20,11,22
irregular-n08-t064-b00008-frandom-s08,Standard,1,true,3,4,2,0,2,0,0,0,0,0,0,0,224,896,784,784,25648,25648,129197,2734660,5091416,23,21,11,23
irregular-n08-t064-b00008-frandom-s08,Standard,2,true,4,5,3,0,3,0,0,0,0,0,0,0,8,40,40,40,2280,2280,13518,421851,3754344,22,22,11,23
irregular-n08-t064-b00008-frandom-s08,Standard,3,true,4,5,3,0,3,0,0,0,0,0,0,0,28,140,140,140,6020,6020,32734,842648,4097472,22,22,11,23
irregular-n08-t064-b00008-frandom-s08,Accelerated,0,true,2,5,0,2,2,1,0,1,0,1,0,1,1,5,5,5,365,365,2813,102012,507048960,29,27,19,30
irregular-n08-t064-b00008-frandom-s08,Accelerated,1,true,1,3,0,1,1,0,0,0,0,1,0,1,224,672,588,588,19236,19236,99898,2014187,3835018,22,21,11,22
irregular-n08-t064-b00008-frandom-s08,Accelerated,2,true,2,5,0,2,2,1,0,1,0,1,0,1,8,40,40,40,2280,2280,15113,432704,1061640480,30,29,17,30
irregular-n08-t064-b00008-frandom-s08,Accelerated,3,true,2,5,0,2,2,1,0,1,0,1,0,1,28,140,140,140,6020,6020,34335,827895,2893955328,32,31,20,32
irregular-n08-t064-b00008-frandom-s09,Standard,0,true,2,3,1,0,1,0,0,0,0,0,0,0,1,3,3,3,219,219,1686,70497,3277050,22,21,12,22
irregular-n08-t064-b00008-frandom-s09,Standard,1,true,3,4,2,0,2,0,0,0,0,0,0,0,272,1088,952,952,31144,31144,160363,3714514,4329518,23,20,11,23
irregular-n08-t064-b00008-frandom-s09,Standard,2,true,2,3,1,0,1,0,0,0,0,0,0,0,8,24,24,24,1368,1368,7727,308484,3049526,22,22,11,23
irregular-n08-t064-b00008-frandom-s09,Standard,3,true,3,4,2,0,2,0,0,0,0,0,0,0,34,136,136,136,5848,5848,35015,1029076,3895634,22,22,11,23
irregular-n08-t064-b00008-frandom-s09,Accelerated,0,true,1,3,0,1,1,0,0,0,0,1,0,1,1,3,3,3,219,219,1858,77814,3277050,22,19,12,22
irregular-n08-t064-b00008-frandom-s09,Accelerated,1,true,2,5,0,2,2,1,0,1,0,1,0,1,272,1360,1190,1190,38930,38930,207413,4642292,594893200,30,29,19,30
irregular-n08-t064-b00008-frandom-s09,Accelerated,2,true,0,2,0,0,0,0,0,0,0,0,1,0,8,16,16,16,912,912,5633,221406,3049526,22,12,11,23
irregular-n08-t064-b00008-frandom-s09,Accelerated,3,true,1,3,0,1,1,0,0,0,0,1,0,1,34,102,102,102,4386,4386,27299,785761,3895634,22,21,11,23
irregular-n08-t064-b00008-frandom-s10,Standard,0,true,2,3,1,0,1,0,0,0,0,0,0,0,1,3,3,3,219,219,1119,39894,1522750,21,19,11,21
irregular-n08-t064-b00008-frandom-s10,Standard,1,true,3,4,2,0,2,0,0,0,0,0,0,0,192,768,672,672,21984,21984,91363,1837696,2705060,22,22,11,22
irregular-n08-t064-b00008-frandom-s10,Standard,2,true,2,3,1,0,1,0,0,0,0,0,0,0,8,24,24,24,1368,1368,6380,205963,672348,20,19,10,20
irregular-n08-t064-b00008-frandom-s10,Standard,3,true,4,5,3,0,3,0,0,0,0,0,0,0,24,120,110,110,4730,4730,22892,494130,1198940,21,20,10,21
irregular-n08-t064-b00008-frandom-s10,Accelerated,0,true,1,3,0,1,1,0,0,0,0,1,0,1,1,3,3,3,219,219,1131,40358,1522750,21,18,11,21
irregular-n08-t064-b00008-frandom-s10,Accelerated,1,true,0,2,0,0,0,0,0,0,0,0,1,0,192,384,336,336,10992,10992,47949,899569,1566604,21,20,11,21
irregular-n08-t064-b00008-frandom-s10,Accelerated,2,true,1,3,0,1,1,0,0,0,0,1,0,1,8,24,24,24,1368,1368,6654,211194,868620,20,19,10,20
irregular-n08-t064-b00008-frandom-s10,Accelerated,3,true,2,5,0,2,2,1,1,0,0,1,0,1,24,120,110,110,4730,4730,22844,465419,396316576,29,28,17,30
irregular-n08-t064-b00008-frandom-s11,Standard,0,true,3,4,2,0,2,0,0,0,0,0,0,0,1,4,4,4,292,292,1436,46813,1293900,21,17,11,21
irregular-n08-t064-b00008-frandom-s11,Standard,1,true,3,4,2,0,2,0,0,0,0,0,0,0,160,640,560,560,18320,18320,71360,1308522,1848808,21,20,11,21
irregular-n08-t064-b00008-frandom-s11,Standard,2,true,3,4,2,0,2,0,0,0,0,0,0,0,8,32,32,32,1824,1824,6926,216064,1225350,21,21,11,22
irregular-n08-t064-b00008-frandom-s11,Standard,3,true,3,4,2,0,2,0,0,0,0,0,0,0,20,80,80,80,3440,3440,14342,347936,1820796,21,21,11,22
irregular-n08-t064-b00008-frandom-s11,Accelerated,0,true,2,5,0,2,2,1,0,1,0,1,0,1,1,5,5,5,365,365,2028,63203,63476992,26,22,17,27
irregular-n08-t064-b00008-frandom-s11,Accelerated,1,true,1,3,0,1,1,0,0,0,0,1,0,1,160,480,420,420,13740,13740,55567,972033,1322648,21,20,11,21
irregular-n08-t064-b00008-frandom-s11,Accelerated,2,true,1,3,0,1,1,0,0,0,0,1,0,1,8,24,24,24,1368,1368,5673,172706,921480,20,18,11,22
irregular-n08-t064-b00008-frandom-s11,Accelerated,3,true,1,3,0,1,1,0,0,0,0,1,0,1,20,60,60,60,2580,2580,11145,260659,1820796,21,20,11,22
irregular-n08-t064-b00008-frandom-s12,Standard,0,true,2,3,1,0,1,0,0,0,0,0,0,0,1,3,3,3,219,219,1506,55218,2152224,22,20,11,22
irregular-n08-t064-b00008-frandom-s12,Standard,1,true,3,4,2,0,2,0,0,0,0,0,0,0,224,896,784,784,25648,25648,119373,2348864,4036962,22,22,11,23
irregular-n08-t064-b00008-frandom-s12,Standard,2,true,2,3,1,0,1,0,0,0,0,0,0,0,8,24,24,24,1368,1368,6093,225272,2894474,22,22,11,23
irregular-n08-t064-b00008-frandom-s12,Standard,3,true,3,4,2,0,2,0,0,0,0,0,0,0,28,112,112,112,4816,4816,24394,642096,4710144,23,23,12,23
irregular-n08-t064-b00008-frandom-s12,Accelerated,0,true,1,3,0,1,1,0,0,0,0,1,0,1,1,3,3,3,219,219,1536,55509,2152224,22,19,11,22
irregular-n08-t064-b00008-frandom-s12,Accelerated,1,true,2,5,0,2,2,1,0,1,0,1,0,1,224,1120,980,980,32060,32060,145085,2658727,538023512,30,29,17,30
irregular-n08-t064-b00008-frandom-s12,Accelerated,2,true,0,2,0,0,0,0,0,0,0,0,1,0,8,16,16,16,912,912,4634,167921,2894474,22,19,11,23
irregular-n08-t064-b00008-frandom-s12,Accelerated,3,true,1,3,0,1,1,0,0,0,0,1,0,1,28,84,84,84,3612,3612,19266,490119,4097510,22,21,12,23
irregular-n08-t064-b00008-frandom-s13,Standard,0,true,3,4,2,0,2,0,0,0,0,0,0,0,1,4,4,4,292,292,2325,92631,1326650,21,18,10,21
irregular-n08-t064-b00008-frandom-s13,Standard,1,true,3,4,2,0,2,0,0,0,0,0,0,0,224,896,784,784,25648,25648,128463,2634369,1857482,21,20,10,21
irregular-n08-t064-b00008-frandom-s13,Standard,2,true,2,3,1,0,1,0,0,0,0,0,0,0,8,24,24,24,1368,1368,5512,211355,1713520,21,22,11,23
irregular-n08-t064-b00008-frandom-s13,Standard,3,true,2,3,1,0,1,0,0,0,0,0,0,0,28,84,78,78,3354,3354,15553,438180,3225744,22,22,11,23
irregular-n08-t064-b00008-frandom-s13,Accelerated,0,true,2,5,0,2,2,1,1,0,0,1,0,1,1,5,5,5,365,365,3149,122480,230960748,28,22,18,29
irregular-n08-t064-b00008-frandom-s13,Accelerated,1,true,0,2,0,0,0,0,0,0,0,0,1,0,224,448,392,392,12824,12824,61504,1094149,185604,18,17,10,18
irregular-n08-t064-b00008-frandom-s13,Accelerated,2,true,0,2,0,0,0,0,0,0,0,0,1,0,8,16,16,16,912,912,4112,155598,1487430,21,19,11,23
irregular-n08-t064-b00008-frandom-s13,Accelerated,3,true,0,2,0,0,0,0,0,0,0,0,1,0,28,56,52,52,2236,2236,10925,300151,2302036,22,20,11,23
irregular-n08-t064-b00008-frandom-s14,Standard,0,true,3,4,2,0,2,0,0,0,0,0,0,0,1,4,4,4,292,292,1875,69759,1668150,21,20,11,21
irregular-n08-t064-b00008-frandom-s14,Standard,1,true,3,4,2,0,2,0,0,0,0,0,0,0,224,896,784,784,25648,25648,117617,2388467,2229108,22,20,11,23
irregular-n08-t064-b00008-frandom-s14,Standard,2,true,3,4,2,0,2,0,0,0,0,0,0,0,8,32,32,32,1824,1824,8080,310364,1673622,21,22,11,23
irregular-n08-t064-b00008-frandom-s14,Standard,3,true,2,3,1,0,1,0,0,0,0,0,0,0,28,84,78,78,3354,3354,16240,455201,2890804,22,22,11,23
irregular-n08-t064-b00008-frandom-s14,Accelerated,0,true,2,5,0,2,2,1,0,1,0,1,0,1,1,5,5,5,365,365,2135,73111,161365080,28,26,16,30
irregular-n08-t064-b00008-frandom-s14,Accelerated,1,true,2,5,0,2,2,1,0,1,0,1,0,1,224,1120,980,980,32060,32060,143185,2696775,301321288,29,28,17,29
irregular-n08-t064-b00008-frandom-s14,Accelerated,2,true,1,3,0,1,1,0,0,0,0,1,0,1,8,24,24,24,1368,1368,6655,253961,1260288,21,20,11,22
irregular-n08-t064-b00008-frandom-s14,Accelerated,3,true,1,3,0,1,1,0,0,0,0,1,0,1,28,84,78,78,3354,3354,18438,494466,2390878,22,20,11,23
irregular-n08-t064-b00008-frandom-s15,Standard,0,true,3,4,2,0,2,0,0,0,0,0,0,0,1,4,4,4,292,292,1997,54476,1901440,21,18,11,22
irregular-n08-t064-b00008-frandom-s15,Standard,1,true,3,4,2,0,2,0,0,0,0,0,0,0,208,832,728,728,23816,23816,111478,1985295,3397028,22,21,11,22
irregular-n08-t064-b00008-frandom-s15,Standard,2,true,4,5,3,0,3,0,0,0,0,0,0,0,8,40,40,40,2280,2280,11989,352045,3718680,22,22,11,23
irregular-n08-t064-b00008-frandom-s15,Standard,3,true,4,5,3,0,3,0,0,0,0,0,0,0,26,130,130,130,5590,5590,27456,642240,4749596,23,22,11,23
irregular-n08-t064-b00008-frandom-s15,Accelerated,0,true,2,5,0,2,2,1,0,1,0,1,0,1,1,5,5,5,365,365,2462,62869,168726304,28,24,17,28
irregular-n08-t064-b00008-frandom-s15,Accelerated,1,true,1,3,0,1,1,0,0,0,0,1,0,1,208,624,546,546,17862,17862,84196,1462748,2281992,22,21,11,22
irregular-n08-t064-b00008-frandom-s15,Accelerated,2,true,2,5,0,2,2,1,1,0,0,1,0,1,8,40,40,40,2280,2280,13811,378307,4247699328,32,31,21,33
irregular-n08-t064-b00008-frandom-s15,Accelerated,3,true,2,5,0,2,2,1,0,1,0,1,0,1,26,130,130,130,5590,5590,29183,628934,3056192616,32,31,20,32
irregular-n08-t064-b00008-frandom-s16,Standard,0,true,2,3,1,0,1,0,0,0,0,0,0,0,1,3,3,3,219,219,1464,60086,5515040,23,21,12,23
irregular-n08-t064-b00008-frandom-s16,Standard,1,true,2,3,1,0,1,0,0,0,0,0,0,0,272,816,714,714,23358,23358,112391,2435913,7087104,23,21,12,25
irregular-n08-t064-b00008-frandom-s16,Standard,2,true,3,4,2,0,2,0,0,0,0,0,0,0,8,32,32,32,1824,1824,9379,380178,5089032,23,23,12,24
irregular-n08-t064-b00008-frandom-s16,Standard,3,true,4,5,3,0,3,0,0,0,0,0,0,0,34,170,170,170,7310,7310,41130,1225800,7745024,23,23,12,24
irregular-n08-t064-b00008-frandom-s16,Accelerated,0,true,1,3,0,1,1,0,0,0,0,1,0,1,1,3,3,3,219,219,1502,61719,5515040,23,20,12,23
irregular-n08-t064-b00008-frandom-s16,Accelerated,1,true,1,3,0,1,1,0,0,0,0,1,0,1,272,816,714,714,23358,23358,116444,2507128,7087104,23,21,12,25
irregular-n08-t064-b00008-frandom-s16,Accelerated,2,true,1,3,0,1,1,0,0,0,0,1,0,1,8,24,24,24,1368,1368,7763,312385,4876460,23,19,12,24
irregular-n08-t064-b00008-frandom-s16,Accelerated,3,true,2,5,0,2,2,1,0,1,0,1,0,1,34,170,170,170,7310,7310,44234,1291187,14535331384,34,33,23,35
irregular-n08-t064-b00008-frandom-s17,Standard,0,true,3,4,2,0,2,0,0,0,0,0,0,0,1,4,4,4,292,292,2452,100931,5584938,23,19,12,23
irregular-n08-t064-b00008-frandom-s17,Standard,1,true,3,4,2,0,2,0,0,0,0,0,0,0,256,1024,896,896,29312,29312,150176,3178463,7434920,23,22,12,23
irregular-n08-t064-b00008-frandom-s17,Standard,2,true,3,4,2,0,2,0,0,0,0,0,0,0,8,32,32,32,1824,1824,10486,398665,6435946,23,23,12,24
irregular-n08-t064-b00008-frandom-s17,Standard,3,true,4,5,3,0,3,0,0,0,0,0,0,0,32,160,160,160,6880,6880,39655,1102457,6087968,23,22,12,23
irregular-n08-t064-b00008-frandom-s17,Accelerated,0,true,2,5,0,2,2,1,0,1,0,1,0,1,1,5,5,5,365,365,3267,136145,922074120,30,25,19,30
irregular-n08-t064-b00008-frandom-s17,Accelerated,1,true,2,5,0,2,2,1,0,1,0,1,0,1,256,1280,1120,1120,36640,36640,184864,3761026,2462621688,32,31,20,32
irregular-n08-t064-b00008-frandom-s17,Accelerated,2,true,1,3,0,1,1,0,0,0,0,1,0,1,8,24,24,24,1368,1368,8800,329047,6435946,23,19,12,24
irregular-n08-t064-b00008-frandom-s17,Accelerated,3,true,2,5,0,2,2,1,1,0,0,1,0,1,32,160,160,160,6880,6880,42030,1130717,2602598080,32,31,20,32
irregular-n08-t064-b00008-frandom-s18,Standard,0,true,3,4,2,0,2,0,0,0,0,0,0,0,1,4,4,4,292,292,1500,47864,2394474,22,20,11,22
irregular-n08-t064-b00008-frandom-s18,Standard,1,true,3,4,2,0,2,0,0,0,0,0,0,0,160,640,560,560,18320,18320,72023,1382221,3726104,22,21,11,22
irregular-n08-t064-b00008-frandom-s18,Standard,2,true,3,4,2,0,2,0,0,0,0,0,0,0,8,32,32,32,1824,1824,7072,208930,1694022,21,21,11,22
irregular-n08-t064-b00008-frandom-s18,Standard,3,true,4,5,3,0,3,0,0,0,0,0,0,0,20,100,100,100,4300,4300,17996,399100,2503568,22,21,11,22
irregular-n08-t064-b00008-frandom-s18,Accelerated,0,true,1,3,0,1,1,0,0,0,0,1,0,1,1,3,3,3,219,219,1168,35378,1607928,21,18,11,21
irregular-n08-t064-b00008-frandom-s18,Accelerated,1,true,1,3,0,1,1,0,0,0,0,1,0,1,160,480,420,420,13740,13740,56409,1033271,2913724,22,21,11,22
irregular-n08-t064-b00008-frandom-s18,Accelerated,2,true,1,3,0,1,1,0,0,0,0,1,0,1,8,24,24,24,1368,1368,5755,163965,1792342,21,20,11,22
irregular-n08-t064-b00008-frandom-s18,Accelerated,3,true,2,5,0,2,2,1,1,0,0,1,0,1,20,100,100,100,4300,4300,18008,364955,1585403136,31,30,19,32
irregular-n08-t064-b00008-frandom-s19,Standard,0,true,2,3,1,0,1,0,0,0,0,0,0,0,1,3,3,3,219,219,1449,59537,4190228,22,21,12,23
irregular-n08-t064-b00008-frandom-s19,Standard,1,true,2,3,1,0,1,0,0,0,0,0,0,0,272,816,714,714,23358,23358,118622,2532844,6512996,23,22,12,24
irregular-n08-t064-b00008-frandom-s19,Standard,2,true,3,4,2,0,2,0,0,0,0,0,0,0,8,32,32,32,1824,1824,11706,452420,4153488,22,22,11,24
irregular-n08-t064-b00008-frandom-s19,Standard,3,true,3,4,2,0,2,0,0,0,0,0,0,0,34,136,136,136,5848,5848,35023,1006589,4592436,23,22,11,23
irregular-n08-t064-b00008-frandom-s19,Accelerated,0,true,1,3,0,1,1,0,0,0,0,1,0,1,1,3,3,3,219,219,1449,59537,4190228,22,21,12,23
irregular-n08-t064-b00008-frandom-s19,Accelerated,1,true,1,3,0,1,1,0,0,0,0,1,0,1,272,816,714,714,23358,23358,120195,2546554,6512996,23,22,12,24
irregular-n08-t064-b00008-frandom-s19,Accelerated,2,true,1,3,0,1,1,0,0,0,0,1,0,1,8,24,24,24,1368,1368,9357,353742,4153488,22,18,11,24
irregular-n08-t064-b00008-frandom-s19,Accelerated,3,true,1,3,0,1,1,0,0,0,0,1,0,1,34,102,102,102,4386,4386,26590,742075,4592436,23,21,11,23
irregular-n08-t064-b00008-frandom-s20,Standard,0,true,3,4,2,0,2,0,0,0,0,0,0,0,1,4,4,4,292,292,1828,59665,2092950,21,19,11,21
irregular-n08-t064-b00008-frandom-s20,Standard,1,true,3,4,2,0,2,0,0,0,0,0,0,0,192,768,672,672,21984,21984,96441,1892121,3046756,22,21,11,22
irregular-n08-t064-b00008-frandom-s20,Standard,2,true,3,4,2,0,2,0,0,0,0,0,0,0,8,32,32,32,1824,1824,8419,270719,2220300,22,21,11,22
irregular-n08-t064-b00008-frandom-s20,Standard,3,true,4,5,3,0,3,0,0,0,0,0,0,0,24,120,120,120,5160,5160,24017,558751,2365108,22,21,11,22
irregular-n08-t064-b00008-frandom-s20,Accelerated,0,true,1,3,0,1,1,0,0,0,0,1,0,1,1,3,3,3,219,219,1318,37327,1226490,21,17,10,21
irregular-n08-t064-b00008-frandom-s20,Accelerated,1,true,2,5,0,2,2,1,0,1,0,1,0,1,192,960,840,840,27480,27480,121154,2228969,435622728,29,29,18,29
irregular-n08-t064-b00008-frandom-s20,Accelerated,2,true,1,3,0,1,1,0,0,0,0,1,0,1,8,24,24,24,1368,1368,6983,216140,2220300,22,19,11,22
irregular-n08-t064-b00008-frandom-s20,Accelerated,3,true,2,5,0,2,2,1,1,0,0,1,0,1,24,120,120,120,5160,5160,24755,525939,1212569872,31,30,19,31
irregular-n08-t064-b00064-falternating-s01,Standard,0,true,2,3,1,0,1,0,0,0,0,0,0,0,1,3,3,3,219,219,2073,74847,16782074720152558139139310372856959608060,134,132,67,134
irregular-n08-t064-b00064-falternating-s01,Standard,1,true,2,3,1,0,1,0,0,0,0,0,0,0,128,384,312,312,10248,10248,61457,1251268,29441595626259088930899130232248495947918,135,133,67,135
irregular-n08-t064-b00064-falternating-s01,Standard,2,true,3,4,2,0,2,0,0,0,0,0,0,0,8,32,32,32,1408,1408,7436,242060,22918753230156131725575617823474233619758,135,134,67,135
irregular-n08-t064-b00064-falternating-s01,Standard,3,true,4,5,3,0,3,0,0,0,0,0,0,0,32,160,160,160,6880,6880,45587,1257163,28287593826061051933544645915479430304696,135,134,67,135
irregular-n08-t064-b00064-falternating-s01,Accelerated,0,true,1,3,0,1,1,0,0,0,0,1,0,1,1,3,3,3,219,219,2073,74175,16782074720152558139139310372856959608060,134,130,67,134
irregular-n08-t064-b00064-falternating-s01,Accelerated,1,true,1,3,0,1,1,0,0,0,0,1,0,1,128,384,312,312,10248,10248,61457,1245404,29441595626259088930899130232248495947918,135,133,67,135
irregular-n08-t064-b00064-falternating-s01,Accelerated,2,true,1,3,0,1,1,0,0,0,0,1,0,1,8,24,24,24,1056,1056,6322,200360,22918753230156131725575617823474233619758,135,132,67,135
irregular-n08-t064-b00064-falternating-s01,Accelerated,3,true,2,5,0,2,2,1,0,1,0,1,0,1,32,160,160,160,6880,6880,46456,1212431,793115592844951184183537104795260495804943097890436797134936,199,199,69,199
irregular-n08-t064-b00064-falternating-s02,Standard,0,true,3,4,2,0,2,0,0,0,0,0,0,0,1,4,4,4,292,292,2132,64782,5678340508810338346705404818934148234400,133,130,66,133
irregular-n08-t064-b00064-falternating-s02,Standard,1,true,3,4,2,0,2,0,0,0,0,0,0,0,96,384,320,320,10448,10448,53286,963522,10724304253357744845112269162056103397932,133,132,66,133
irregular-n08-t064-b00064-falternating-s02,Standard,2,true,4,5,3,0,3,0,0,0,0,0,0,0,8,40,40,40,1760,1760,8158,228649,10445838486907339290125323564656028328144,133,133,67,134
irregular-n08-t064-b00064-falternating-s02,Standard,3,true,5,6,4,0,4,0,0,0,0,0,0,0,24,144,144,144,6192,6192,32742,818090,11327793993813038676479335805502684638304,134,133,67,134
irregular-n08-t064-b00064-falternating-s02,Accelerated,0,true,2,5,0,2,2,1,0,1,0,1,0,1,1,5,5,5,365,365,2765,83787,115675484404435599608736201789259575919843862472369032880000,197,192,130,197
irregular-n08-t064-b00064-falternating-s02,Accelerated,1,true,1,3,0,1,1,0,0,0,0,1,0,1,96,288,240,240,7836,7836,39262,688951,3467784938720493061823343147321066015432,132,131,66,132
irregular-n08-t064-b00064-falternating-s02,Accelerated,2,true,2,5,0,2,2,1,1,0,0,1,0,1,8,40,40,40,1760,1760,9482,255351,585418285160643217125381932787953492717625888296825090613420,199,197,132,200
irregular-n08-t064-b00064-falternating-s02,Accelerated,3,true,2,5,0,2,2,1,1,0,0,1,0,1,24,120,120,120,5160,5160,28896,705715,993791999447718818534776910575985932618936858782775357190280,200,198,132,200
irregular-n08-t064-b00064-falternating-s03,Standard,0,true,2,3,1,0,1,0,0,0,0,0,0,0,1,3,3,3,219,219,2092,79494,45030285876228732448784650548827413195452,136,134,68,136
irregular-n08-t064-b00064-falternating-s03,Standard,1,true,2,3,1,0,1,0,0,0,0,0,0,0,128,384,330,330,10878,10878,64733,1322489,45704865426661181176192586439072272462556,136,134,68,136
irregular-n08-t064-b00064-falternating-s03,Standard,2,true,4,5,3,0,3,0,0,0,0,0,0,0,8,40,40,40,1760,1760,11468,371020,41289096133020877229026053289636199297510,135,134,67,136
irregular-n08-t064-b00064-falternating-s03,Standard,3,true,3,4,2,0,2,0,0,0,0,0,0,0,32,128,128,128,5504,5504,36961,1019142,39673404658628774255617617040535449915886,135,134,67,135
irregular-n08-t064-b00064-falternating-s03,Accelerated,0,true,1,3,0,1,1,0,0,0,0,1,0,1,1,3,3,3,219,219,2092,79346,45030285876228732448784650548827413195452,136,132,68,136
irregular-n08-t064-b00064-falternating-s03,Accelerated,1,true,1,3,0,1,1,0,0,0,0,1,0,1,128,384,330,330,10878,10878,64733,1321141,45704865426661181176192586439072272462556,136,134,68,136
irregular-n08-t064-b00064-falternating-s03,Accelerated,2,true,2,5,0,2,2,1,1,0,0,1,0,1,8,40,40,40,1760,1760,11698,370529,2745293172520870046749360704412760960106086791975092323273636,201,199,132,202
irregular-n08-t064-b00064-falternating-s03,Accelerated,3,true,1,3,0,1,1,0,0,0,0,1,0,1,32,96,96,96,4128,4128,26611,730289,39673404658628774255617617040535449915886,135,133,67,135
irregular-n08-t064-b00064-falternating-s04,Standard,0,true,3,4,2,0,2,0,0,0,0,0,0,0,1,4,4,4,292,292,2333,76117,10546692980716299167075937509348731687260,133,131,67,133
irregular-n08-t064-b00064-falternating-s04,Standard,1,true,3,4,2,0,2,0,0,0,0,0,0,0,120,480,288,288,9408,9408,49935,960065,11904539433233871983600110484753211565364,134,132,66,134
irregular-n08-t064-b00064-falternating-s04,Standard,2,true,3,4,2,0,2,0,0,0,0,0,0,0,8,32,32,32,1408,1408,6901,213057,20017711763718350195711520100203141950742,134,134,67,135
irregular-n08-t064-b00064-falternating-s04,Standard,3,true,4,5,3,0,3,0,0,0,0,0,0,0,30,150,150,150,6450,6450,36534,976241,23407436596304108569363254718240150088732,135,134,67,135
irregular-n08-t064-b00064-falternating-s04,Accelerated,0,true,1,3,0,1,1,0,0,0,0,1,0,1,1,3,3,3,219,219,1676,52143,7779665768350363933144769119865209552360,133,129,66,133
irregular-n08-t064-b00064-falternating-s04,Accelerated,1,true,1,3,0,1,1,0,0,0,0,1,0,1,120,360,216,216,7056,7056,37174,698245,7655945752922969011148580201663831566062,133,132,66,133
irregular-n08-t064-b00064-falternating-s04,Accelerated,2,true,1,3,0,1,1,0,0,0,0,1,0,1,8,24,24,24,1056,1056,5886,176838,20017711763718350195711520100203141950742,134,132,67,135
irregular-n08-t064-b00064-falternating-s04,Accelerated,3,true,2,5,0,2,2,1,0,1,0,1,0,1,30,150,150,150,6450,6450,38979,979757,483591917465916418050892223115773916531654525599618787731792,199,198,69,199
irregular-n08-t064-b00064-falternating-s05,Standard,0,true,4,5,3,0,3,0,0,0,0,0,0,0,1,5,5,5,365,365,2674,73133,8784352155074721191435224747244663130414,133,127,67,133
irregular-n08-t064-b00064-falternating-s05,Standard,1,true,3,4,2,0,2,0,0,0,0,0,0,0,88,352,316,316,10228,10228,49825,860899,11667942481651415498193440905919189682254,134,132,66,134
irregular-n08-t064-b00064-falternating-s05,Standard,2,true,4,5,3,0,3,0,0,0,0,0,0,0,8,40,40,40,1760,1760,8322,229555,10771215652778857069062746336097558797388,133,133,67,134
irregular-n08-t064-b00064-falternating-s05,Standard,3,true,4,5,3,0,3,0,0,0,0,0,0,0,22,110,110,110,4730,4730,24449,598639,12795700195197327263566879720297015242500,134,133,67,134
irregular-n08-t064-b00064-falternating-s05,Accelerated,0,true,0,2,0,0,0,0,0,0,0,0,1,0,1,2,2,2,146,146,880,20602,205044995299737048809567622381704873202,128,65,65,128
irregular-n08-t064-b00064-falternating-s05,Accelerated,1,true,2,5,0,2,2,1,1,0,0,1,0,1,88,440,395,395,12785,12785,63086,1086421,247010125217639239655168956211965826914052724680178696526268,198,196,131,198
irregular-n08-t064-b00064-falternating-s05,Accelerated,2,true,2,5,0,2,2,1,0,1,0,1,0,1,8,40,40,40,1760,1760,9494,247450,391609763725522585629106581658010794110195935483063537304576,198,195,132,198
irregular-n08-t064-b00064-falternating-s05,Accelerated,3,true,2,5,0,2,2,1,0,1,0,1,0,1,22,110,110,110,4730,4730,26172,607668,459569775300292177048666618137417533366036235267911479749320,199,197,132,199
irregular-n08-t064-b00064-falternating-s06,Standard,0,true,3,4,2,0,2,0,0,0,0,0,0,0,1,4,4,4,292,292,2145,66512,13514670080530318476022387324436956499706,134,132,67,134
irregular-n08-t064-b00064-falternating-s06,Standard,1,true,3,4,2,0,2,0,0,0,0,0,0,0,88,352,192,192,6432,6432,33302,608411,17094253543874689269345807767753696687506,134,132,67,134
irregular-n08-t064-b00064-falternating-s06,Standard,2,true,3,4,2,0,2,0,0,0,0,0,0,0,8,32,32,32,1408,1408,7072,185560,12201608557937450912946411273820265610636,134,132,66,134
irregular-n08-t064-b00064-falternating-s06,Standard,3,true,3,4,2,0,2,0,0,0,0,0,0,0,22,88,88,88,3784,3784,19790,449380,10078410300725333503791984671834484978902,133,132,66,133
irregular-n08-t064-b00064-falternating-s06,Accelerated,0,true,1,3,0,1,1,0,0,0,0,1,0,1,1,3,3,3,219,219,1562,46335,9972237966870411287634612370290940503814,133,130,67,133
irregular-n08-t064-b00064-falternating-s06,Accelerated,1,true,1,3,0,1,1,0,0,0,0,1,0,1,88,264,144,144,4824,4824,24813,444774,12641300921219830094736054272394376458300,134,132,67,134
irregular-n08-t064-b00064-falternating-s06,Accelerated,2,true,1,3,0,1,1,0,0,0,0,1,0,1,8,24,24,24,1056,1056,4982,124852,12201608557937450912946411273820265610636,134,132,66,134
irregular-n08-t064-b00064-falternating-s06,Accelerated,3,true,2,5,0,2,2,1,0,1,0,1,0,1,22,110,110,110,4730,4730,24512,531039,256835051158569139826336234999563826383669343967048865886752,198,197,68,198
irregular-n08-t064-b00064-falternating-s07,Standard,0,true,3,4,2,0,2,0,0,0,0,0,0,0,1,4,4,4,292,292,2105,65600,14923069034796748824178131980378588128060,134,131,67,134
irregular-n08-t064-b00064-falternating-s07,Standard,1,true,3,4,2,0,2,0,0,0,0,0,0,0,96,384,220,220,7252,7252,35710,642441,18757661163251993709109375240466118359700,134,133,67,134
irregular-n08-t064-b00064-falternating-s07,Standard,2,true,3,4,2,0,2,0,0,0,0,0,0,0,8,32,32,32,1408,1408,6718,188734,18162156925880802328388647395843910456476,134,133,67,134
irregular-n08-t064-b00064-falternating-s07,Standard,3,true,4,5,3,0,3,0,0,0,0,0,0,0,24,120,120,120,5160,5160,27210,652283,18571746947603169374125403200178273213766,134,133,67,134
irregular-n08-t064-b00064-falternating-s07,Accelerated,0,true,1,3,0,1,1,0,0,0,0,1,0,1,1,3,3,3,219,219,1521,45442,10332259376803513186006872275670689834540,133,129,67,133
irregular-n08-t064-b00064-falternating-s07,Accelerated,1,true,1,3,0,1,1,0,0,0,0,1,0,1,96,288,165,165,5439,5439,26537,465454,12670893875314999127420620862040227750440,134,132,67,134
irregular-n08-t064-b00064-falternating-s07,Accelerated,2,true,1,3,0,1,1,0,0,0,0,1,0,1,8,24,24,24,1056,1056,5082,137808,18162156925880802328388647395843910456476,134,132,67,134
irregular-n08-t064-b00064-falternating-s07,Accelerated,3,true,2,5,0,2,2,1,0,1,0,1,0,1,24,120,120,120,5160,5160,27877,636746,313893941817918002347962307237706031730480077444546974044752,198,197,69,198
irregular-n08-t064-b00064-falternating-s08,Standard,0,true,2,3,1,0,1,0,0,0,0,0,0,0,1,3,3,3,219,219,1739,58638,26206970588463202217511556048115100165644,135,132,67,135
irregular-n08-t064-b00064-falternating-s08,Standard,1,true,2,3,1,0,1,0,0,0,0,0,0,0,112,336,192,192,6384,6384,33705,632892,28050797006395116176782908645201953615082,135,133,67,135
irregular-n08-t064-b00064-falternating-s08,Standard,2,true,3,4,2,0,2,0,0,0,0,0,0,0,8,32,32,32,1408,1408,7308,223023,34819927919669105547182885781091334180370,135,134,67,135
irregular-n08-t064-b00064-falternating-s08,Standard,3,true,4,5,3,0,3,0,0,0,0,0,0,0,28,140,140,140,6020,6020,35531,929378,31322674454858325140859471571707135481152,135,134,67,135
irregular-n08-t064-b00064-falternating-s08,Accelerated,0,true,1,3,0,1,1,0,0,0,0,1,0,1,1,3,3,3,219,219,1739,58410,26206970588463202217511556048115100165644,135,130,67,135
irregular-n08-t064-b00064-falternating-s08,Accelerated,1,true,1,3,0,1,1,0,0,0,0,1,0,1,112,336,192,192,6384,6384,33705,631556,28050797006395116176782908645201953615082,135,133,67,135
irregular-n08-t064-b00064-falternating-s08,Accelerated,2,true,1,3,0,1,1,0,0,0,0,1,0,1,8,24,24,24,1056,1056,5592,166155,34819927919669105547182885781091334180370,135,133,67,135
irregular-n08-t064-b00064-falternating-s08,Accelerated,3,true,2,5,0,2,2,1,0,1,0,1,0,1,28,140,140,140,6020,6020,36330,907614,800622210393455640841326688183414680653103596526923298466176,199,199,69,199
irregular-n08-t064-b00064-falternating-s09,Standard,0,true,3,4,2,0,2,0,0,0,0,0,0,0,1,4,4,4,292,292,3033,113842,13476322331107346861016496526443383426448,134,130,67,134
irregular-n08-t064-b00064-falternating-s09,Standard,1,true,3,4,2,0,2,0,0,0,0,0,0,0,136,544,452,452,14732,14732,89158,1856449,22336469310708704159785603426184738582614,135,133,67,135
irregular-n08-t064-b00064-falternating-s09,Standard,2,true,3,4,2,0,2,0,0,0,0,0,0,0,8,32,32,32,1408,1408,7858,261098,18540377375287716525916036740094262050640,134,134,67,135
irregular-n08-t064-b00064-falternating-s09,Standard,3,true,4,5,3,0,3,0,0,0,0,0,0,0,34,170,170,170,7310,7310,47573,1365372,22325137374889064529376199351556563194266,135,134,67,135
irregular-n08-t064-b00064-falternating-s09,Accelerated,0,true,1,3,0,1,1,0,0,0,0,1,0,1,1,3,3,3,219,219,2175,78663,8475389223095646691805240283515046281126,133,127,66,133
irregular-n08-t064-b00064-falternating-s09,Accelerated,1,true,1,3,0,1,1,0,0,0,0,1,0,1,136,408,339,339,11049,11049,65505,1328621,15179500488210403733113013580382445344200,134,132,67,134
irregular-n08-t064-b00064-falternating-s09,Accelerated,2,true,2,5,0,2,2,1,1,0,0,1,0,1,8,40,40,40,1760,1760,12327,403851,2880002954175728682861329544778260648474965025236138176481920,201,198,134,202
irregular-n08-t064-b00064-falternating-s09,Accelerated,3,true,2,5,0,2,2,1,1,0,0,1,0,1,34,170,170,170,7310,7310,52498,1465982,2205960838774556705303192442417041437416141619919221131433368,201,199,133,201
irregular-n08-t064-b00064-falternating-s10,Standard,0,true,3,4,2,0,2,0,0,0,0,0,0,0,1,4,4,4,292,292,2171,65060,17391840014971179912661873296526076812978,134,131,67,134
irregular-n08-t064-b00064-falternating-s10,Standard,1,true,3,4,2,0,2,0,0,0,0,0,0,0,96,384,228,228,7500,7500,37606,678196,19842487175469681427515237404965429428220,134,133,67,134
irregular-n08-t064-b00064-falternating-s10,Standard,2,true,4,5,3,0,3,0,0,0,0,0,0,0,8,40,40,40,1760,1760,8513,233572,22674160074729694240314677346882815883264,135,134,67,135
irregular-n08-t064-b00064-falternating-s10,Standard,3,true,4,5,3,0,3,0,0,0,0,0,0,0,24,120,120,120,5160,5160,27092,654917,19541452902217129840847066050284554325502,134,134,67,135
irregular-n08-t064-b00064-falternating-s10,Accelerated,0,true,1,3,0,1,1,0,0,0,0,1,0,1,1,3,3,3,219,219,1559,44314,12123325290247931908854202134793474993000,134,128,67,134
irregular-n08-t064-b00064-falternating-s10,Accelerated,1,true,1,3,0,1,1,0,0,0,0,1,0,1,96,288,171,171,5625,5625,27759,485175,13034082942024602514438380810115968342718,134,132,67,134
irregular-n08-t064-b00064-falternating-s10,Accelerated,2,true,2,5,0,2,2,1,1,0,0,1,0,1,8,40,40,40,1760,1760,9612,251639,727484703610680333992826501177524280645054056246680564176172,199,197,132,200
irregular-n08-t064-b00064-falternating-s10,Accelerated,3,true,2,5,0,2,2,1,1,0,0,1,0,1,24,120,120,120,5160,5160,29336,689363,1565316734535192485878894442090724234967270229198869117663776,200,199,133,201
irregular-n08-t064-b00064-falternating-s11,Standard,0,true,3,4,2,0,2,0,0,0,0,0,0,0,1,4,4,4,292,292,2061,59082,14381026300502079087387340033863894497560,134,131,67,134
irregular-n08-t064-b00064-falternating-s11,Standard,1,true,3,4,2,0,2,0,0,0,0,0,0,0,80,320,236,236,7748,7748,38010,662776,21596110723410639416350133084181630704630,134,132,67,134
irregular-n08-t064-b00064-falternating-s11,Standard,2,true,3,4,2,0,2,0,0,0,0,0,0,0,8,32,32,32,1408,1408,6300,160072,14658379386005339222911365139116535763770,134,133,67,134
irregular-n08-t064-b00064-falternating-s11,Standard,3,true,3,4,2,0,2,0,0,0,0,0,0,0,20,80,80,80,3440,3440,16507,373590,15841511286240255471161100803935830848610,134,132,67,134
irregular-n08-t064-b00064-falternating-s11,Accelerated,0,true,0,2,0,0,0,0,0,0,0,0,1,0,1,2,2,2,146,146,893,22418,3506108322245548242175203074119460059896,132,67,66,132
irregular-n08-t064-b00064-falternating-s11,Accelerated,1,true,1,3,0,1,1,0,0,0,0,1,0,1,80,240,177,177,5811,5811,28046,473560,11622101172218679683658833658880902845762,134,132,67,134
irregular-n08-t064-b00064-falternating-s11,Accelerated,2,true,1,3,0,1,1,0,0,0,0,1,0,1,8,24,24,24,1056,1056,4754,117128,14658379386005339222911365139116535763770,134,131,67,134
irregular-n08-t064-b00064-falternating-s11,Accelerated,3,true,1,3,0,1,1,0,0,0,0,1,0,1,20,60,60,60,2580,2580,12495,274980,15841511286240255471161100803935830848610,134,132,67,134
irregular-n08-t064-b00064-falternating-s12,Standard,0,true,4,5,3,0,3,0,0,0,0,0,0,0,1,5,5,5,365,365,3268,98043,20093484293087827437971334002291706540814,134,131,67,134
irregular-n08-t064-b00064-falternating-s12,Standard,1,true,3,4,2,0,2,0,0,0,0,0,0,0,112,448,268,268,8692,8692,47669,891550,25951554974417396905351854444954134909144,135,133,67,135
irregular-n08-t064-b00064-falternating-s12,Standard,2,true,2,3,1,0,1,0,0,0,0,0,0,0,8,24,24,24,1056,1056,4494,141234,32471499504235775839940756563882685449572,135,135,68,136
irregular-n08-t064-b00064-falternating-s12,Standard,3,true,3,4,2,0,2,0,0,0,0,0,0,0,28,112,112,112,4816,4816,26780,726678,36598371551430414396993869349020791233270,135,135,68,135
irregular-n08-t064-b00064-falternating-s12,Accelerated,0,true,0,2,0,0,0,0,0,0,0,0,1,0,1,2,2,2,146,146,1084,28406,2827925690953822221330760039831720290260,132,67,67,132
irregular-n08-t064-b00064-falternating-s12,Accelerated,1,true,0,2,0,0,0,0,0,0,0,0,1,0,112,224,134,134,4346,4346,22365,386024,5050643937775614201948678648766992216642,132,130,67,132
irregular-n08-t064-b00064-falternating-s12,Accelerated,2,true,0,2,0,0,0,0,0,0,0,0,1,0,8,16,16,16,704,704,3522,107574,32471499504235775839940756563882685449572,135,68,68,136
irregular-n08-t064-b00064-falternating-s12,Accelerated,3,true,1,3,0,1,1,0,0,0,0,1,0,1,28,84,84,84,3612,3612,21866,579848,36598371551430414396993869349020791233270,135,133,68,135
irregular-n08-t064-b00064-falternating-s13,Standard,0,true,2,3,1,0,1,0,0,0,0,0,0,0,1,3,3,3,219,219,1816,64092,32160847957787928937626688641333207086070,135,133,68,135
irregular-n08-t064-b00064-falternating-s13,Standard,1,true,3,4,2,0,2,0,0,0,0,0,0,0,112,448,384,384,12672,12672,69928,1363480,35408860121797282942071756037537378564916,135,134,67,135
irregular-n08-t064-b00064-falternating-s13,Standard,2,true,3,4,2,0,2,0,0,0,0,0,0,0,8,32,32,32,1408,1408,7536,233769,33815779746468041474435529414986191132182,135,134,67,135
irregular-n08-t064-b00064-falternating-s13,Standard,3,true,4,5,3,0,3,0,0,0,0,0,0,0,28,140,140,140,6020,6020,34595,917454,35327998926464893907623529051772449070582,135,134,67,135
irregular-n08-t064-b00064-falternating-s13,Accelerated,0,true,1,3,0,1,1,0,0,0,0,1,0,1,1,3,3,3,219,219,1816,63964,32160847957787928937626688641333207086070,135,131,68,135
irregular-n08-t064-b00064-falternating-s13,Accelerated,1,true,1,3,0,1,1,0,0,0,0,1,0,1,112,336,288,288,9504,9504,52085,999822,30605705745504490657729496958009769805296,135,134,67,135
irregular-n08-t064-b00064-falternating-s13,Accelerated,2,true,1,3,0,1,1,0,0,0,0,1,0,1,8,24,24,24,1056,1056,5749,175240,33815779746468041474435529414986191132182,135,133,67,135
irregular-n08-t064-b00064-falternating-s13,Accelerated,3,true,2,5,0,2,2,1,1,0,0,1,0,1,28,140,140,140,6020,6020,36916,947715,3356981138481996802861682996762404647871397080477828875955620,202,200,133,202
irregular-n08-t064-b00064-falternating-s14,Standard,0,true,3,4,2,0,2,0,0,0,0,0,0,0,1,4,4,4,292,292,2320,73289,11154274306731667965077549329054373279564,134,132,66,134
irregular-n08-t064-b00064-falternating-s14,Standard,1,true,3,4,2,0,2,0,0,0,0,0,0,0,112,448,372,372,12108,12108,63782,1197797,25790954876873692766101349145786814028224,135,134,67,135
irregular-n08-t064-b00064-falternating-s14,Standard,2,true,3,4,2,0,2,0,0,0,0,0,0,0,8,32,32,32,1408,1408,6578,194504,20623204372172766121707440701450676707040,134,134,67,135
irregular-n08-t064-b00064-falternating-s14,Standard,3,true,3,4,2,0,2,0,0,0,0,0,0,0,28,112,112,112,4816,4816,26089,676990,25905392125498042192179355247319561125168,135,134,67,135
irregular-n08-t064-b00064-falternating-s14,Accelerated,0,true,0,2,0,0,0,0,0,0,0,0,1,0,1,2,2,2,146,146,1011,28145,8054364839460020945384674776373341717506,133,67,66,133
irregular-n08-t064-b00064-falternating-s14,Accelerated,1,true,1,3,0,1,1,0,0,0,0,1,0,1,112,336,279,279,9081,9081,47467,873485,21637508858761341790797725383515085445352,134,133,67,134
irregular-n08-t064-b00064-falternating-s14,Accelerated,2,true,1,3,0,1,1,0,0,0,0,1,0,1,8,24,24,24,1056,1056,5579,165038,20034336490030080387611557911751870209056,134,132,67,135
irregular-n08-t064-b00064-falternating-s14,Accelerated,3,true,1,3,0,1,1,0,0,0,0,1,0,1,28,84,84,84,3612,3612,20294,507583,25905392125498042192179355247319561125168,135,133,67,135
irregular-n08-t064-b00064-falternating-s15,Standard,0,true,3,4,2,0,2,0,0,0,0,0,0,0,1,4,4,4,292,292,2482,80949,18511054672050131531691317010199876606818,134,131,67,134
irregular-n08-t064-b00064-falternating-s15,Standard,1,true,3,4,2,0,2,0,0,0,0,0,0,0,104,416,336,336,11040,11040,61258,1173206,29159862196884544994675518443487803297188,135,133,67,135
irregular-n08-t064-b00064-falternating-s15,Standard,2,true,4,5,3,0,3,0,0,0,0,0,0,0,8,40,40,40,1760,1760,8798,259995,21527488021382676052147019004893271767960,134,134,67,135
irregular-n08-t064-b00064-falternating-s15,Standard,3,true,4,5,3,0,3,0,0,0,0,0,0,0,26,130,130,130,5590,5590,32470,839933,28076973700354402857176619415939182191420,135,134,67,135
irregular-n08-t064-b00064-falternating-s15,Accelerated,0,true,1,3,0,1,1,0,0,0,0,1,0,1,1,3,3,3,219,219,1799,55924,11376044722304806745708408946885332975412,134,128,66,134
irregular-n08-t064-b00064-falternating-s15,Accelerated,1,true,1,3,0,1,1,0,0,0,0,1,0,1,104,312,252,252,8280,8280,45180,841813,19835525545891389191576410539807424299694,134,133,67,134
irregular-n08-t064-b00064-falternating-s15,Accelerated,2,true,2,5,0,2,2,1,1,0,0,1,0,1,8,40,40,40,1760,1760,10287,292940,1833198170179056743594332413704750155168225606222049279281120,201,199,133,201
irregular-n08-t064-b00064-falternating-s15,Accelerated,3,true,2,5,0,2,2,1,1,0,0,1,0,1,26,130,130,130,5590,5590,34874,866129,1161678320251039736655005805048030999947411237451529409006096,200,198,132,200
irregular-n08-t064-b00064-falternating-s16,Standard,0,true,2,3,1,0,1,0,0,0,0,0,0,0,1,3,3,3,219,219,1916,70706,26284778660698597187227858003831888319498,135,132,67,135
irregular-n08-t064-b00064-falternating-s16,Standard,1,true,2,3,1,0,1,0,0,0,0,0,0,0,136,408,360,360,11736,11736,64922,1274764,33776648216606021163383179479858633771714,135,134,67,135
irregular-n08-t064-b00064-falternating-s16,Standard,2,true,3,4,2,0,2,0,0,0,0,0,0,0,8,32,32,32,1408,1408,7506,242617,39936951379447660399496707801526801000166,135,135,68,136
irregular-n08-t064-b00064-falternating-s16,Standard,3,true,4,5,3,0,3,0,0,0,0,0,0,0,34,170,170,170,7310,7310,44532,1237447,47271275283981123366761011601526595721982,136,135,68,136
irregular-n08-t064-b00064-falternating-s16,Accelerated,0,true,1,3,0,1,1,0,0,0,0,1,0,1,1,3,3,3,219,219,1916,70570,26284778660698597187227858003831888319498,135,130,67,135
irregular-n08-t064-b00064-falternating-s16,Accelerated,1,true,1,3,0,1,1,0,0,0,0,1,0,1,136,408,360,360,11736,11736,64922,1272750,33776648216606021163383179479858633771714,135,134,67,135
irregular-n08-t064-b00064-falternating-s16,Accelerated,2,true,1,3,0,1,1,0,0,0,0,1,0,1,8,24,24,24,1056,1056,6300,196936,39936951379447660399496707801526801000166,135,133,68,135
irregular-n08-t064-b00064-falternating-s16,Accelerated,3,true,2,5,0,2,2,1,0,1,0,1,0,1,34,170,170,170,7310,7310,47325,1239839,1581615250911582833960873602766046888888370906292891708370480,200,200,70,200
irregular-n08-t064-b00064-falternating-s17,Standard,0,true,2,3,1,0,1,0,0,0,0,0,0,0,1,3,3,3,219,219,1955,71350,35718478059915703894112095389302969934478,135,133,68,135
irregular-n08-t064-b00064-falternating-s17,Standard,1,true,2,3,1,0,1,0,0,0,0,0,0,0,128,384,225,225,7515,7515,42596,836381,39487265850285308513963395742160562393962,135,134,67,135
irregular-n08-t064-b00064-falternating-s17,Standard,2,true,3,4,2,0,2,0,0,0,0,0,0,0,8,32,32,32,1408,1408,8056,255107,42728562913777752340480947117467511129454,135,135,68,136
irregular-n08-t064-b00064-falternating-s17,Standard,3,true,4,5,3,0,3,0,0,0,0,0,0,0,32,160,160,160,6880,6880,42334,1141599,42036264443470762322089703876566037762074,135,135,68,136
irregular-n08-t064-b00064-falternating-s17,Accelerated,0,true,1,3,0,1,1,0,0,0,0,1,0,1,1,3,3,3,219,219,1955,70120,35718478059915703894112095389302969934478,135,131,68,135
irregular-n08-t064-b00064-falternating-s17,Accelerated,1,true,1,3,0,1,1,0,0,0,0,1,0,1,128,384,225,225,7515,7515,42596,826941,39487265850285308513963395742160562393962,135,134,67,135
irregular-n08-t064-b00064-falternating-s17,Accelerated,2,true,1,3,0,1,1,0,0,0,0,1,0,1,8,24,24,24,1056,1056,6262,192386,42728562913777752340480947117467511129454,135,133,68,135
irregular-n08-t064-b00064-falternating-s17,Accelerated,3,true,3,7,0,3,3,2,1,1,0,1,0,1,32,224,224,224,9632,9632,64358,1645148,56187480418903002224616794976639326066292299726649885012622535669516073494130144,265,264,134,265
irregular-n08-t064-b00064-falternating-s18,Standard,0,true,3,4,2,0,2,0,0,0,0,0,0,0,1,4,4,4,292,292,1903,51903,7467566188421711330484786409604864217328,133,130,66,133
irregular-n08-t064-b00064-falternating-s18,Standard,1,true,3,4,2,0,2,0,0,0,0,0,0,0,80,320,280,280,9160,9160,43327,735190,11879473597174309735570870565533441784012,134,132,67,134
irregular-n08-t064-b00064-falternating-s18,Standard,2,true,3,4,2,0,2,0,0,0,0,0,0,0,8,32,32,32,1408,1408,5496,142420,9168494168947086425560925307317465576582,133,133,67,133
irregular-n08-t064-b00064-falternating-s18,Standard,3,true,3,4,2,0,2,0,0,0,0,0,0,0,20,80,80,80,3440,3440,16112,370260,9245619204883779536824189352999730922280,133,132,67,133
irregular-n08-t064-b00064-falternating-s18,Accelerated,0,true,1,3,0,1,1,0,0,0,0,1,0,1,1,3,3,3,219,219,1363,34693,6672783613326186119963842448208284674320,133,127,66,133
irregular-n08-t064-b00064-falternating-s18,Accelerated,1,true,1,3,0,1,1,0,0,0,0,1,0,1,80,240,210,210,6870,6870,31974,524618,7335957371951697293900129384333661837600,133,131,67,133
irregular-n08-t064-b00064-falternating-s18,Accelerated,2,true,2,5,0,2,2,1,1,0,0,1,0,1,8,40,40,40,1760,1760,8639,216171,499275150606964049018107279773540981554602684861299387801976,199,196,131,199
irregular-n08-t064-b00064-falternating-s18,Accelerated,3,true,1,3,0,1,1,0,0,0,0,1,0,1,20,60,60,60,2580,2580,12333,274718,9245619204883779536824189352999730922280,133,131,67,133
irregular-n08-t064-b00064-falternating-s19,Standard,0,true,3,4,2,0,2,0,0,0,0,0,0,0,1,4,4,4,292,292,2910,108648,18142957616525375986158639413060378108818,134,133,67,134
irregular-n08-t064-b00064-falternating-s19,Standard,1,true,3,4,2,0,2,0,0,0,0,0,0,0,136,544,320,320,10544,10544,63380,1293955,18883282623741976069739777558242793396124,134,133,67,134
irregular-n08-t064-b00064-falternating-s19,Standard,2,true,3,4,2,0,2,0,0,0,0,0,0,0,8,32,32,32,1408,1408,8292,269132,23561608734765202146246443709014891571180,135,134,67,135
irregular-n08-t064-b00064-falternating-s19,Standard,3,true,4,5,3,0,3,0,0,0,0,0,0,0,34,170,170,170,7310,7310,47022,1323183,26493893219708411728157166142675550081502,135,134,67,135
irregular-n08-t064-b00064-falternating-s19,Accelerated,0,true,2,5,0,2,2,1,0,1,0,1,0,1,1,5,5,5,365,365,3607,132595,482756336015268720970311743226507353051259147129890150537552,199,196,132,199
irregular-n08-t064-b00064-falternating-s19,Accelerated,1,true,2,5,0,2,2,1,0,1,0,1,0,1,136,680,400,400,13180,13180,77970,1564134,276998786531219738493731529755831148357480843744115230655620,198,197,131,198
irregular-n08-t064-b00064-falternating-s19,Accelerated,2,true,1,3,0,1,1,0,0,0,0,1,0,1,8,24,24,24,1056,1056,6480,203350,23561608734765202146246443709014891571180,135,132,67,135
irregular-n08-t064-b00064-falternating-s19,Accelerated,3,true,2,5,0,2,2,1,0,1,0,1,0,1,34,170,170,170,7310,7310,49433,1315410,707763650323364489895973893899045264205994731135815627437184,199,198,69,199
irregular-n08-t064-b00064-falternating-s20,Standard,0,true,3,4,2,0,2,0,0,0,0,0,0,0,1,4,4,4,292,292,2254,67468,13636763326145700739472671133646555384600,134,132,67,134
irregular-n08-t064-b00064-falternating-s20,Standard,1,true,3,4,2,0,2,0,0,0,0,0,0,0,96,384,312,312,10248,10248,54209,1009549,26571944210867246454974353663987291497790,135,133,67,135
irregular-n08-t064-b00064-falternating-s20,Standard,2,true,4,5,3,0,3,0,0,0,0,0,0,0,8,40,40,40,1760,1760,8509,237931,19241282245198851670076817805467511131222,134,134,67,135
irregular-n08-t064-b00064-falternating-s20,Standard,3,true,4,5,3,0,3,0,0,0,0,0,0,0,24,120,120,120,5160,5160,28427,706921,21200263428690522551820121488125412839334,134,133,67,134
irregular-n08-t064-b00064-falternating-s20,Accelerated,0,true,1,3,0,1,1,0,0,0,0,1,0,1,1,3,3,3,219,219,1629,45895,10458121376030634424771418713560743047800,133,128,67,133
irregular-n08-t064-b00064-falternating-s20,Accelerated,1,true,1,3,0,1,1,0,0,0,0,1,0,1,96,288,234,234,7686,7686,39979,722783,22054706124767892210857281871437906220120,135,132,67,135
irregular-n08-t064-b00064-falternating-s20,Accelerated,2,true,2,5,0,2,2,1,1,0,0,1,0,1,8,40,40,40,1760,1760,9867,267747,2008527925339151128435751100127308389379287594629117972529920,201,198,133,201
irregular-n08-t064-b00064-falternating-s20,Accelerated,3,true,2,5,0,2,2,1,1,0,0,1,0,1,24,120,120,120,5160,5160,30403,722780,1562448044925414220467198250903997965053506769817370184691552,200,198,133,200
irregular-n08-t064-b00064-frandom-s01,Standard,0,true,2,3,1,0,1,0,0,0,0,0,0,0,1,3,3,3,219,219,1769,67636,12665845839396073601217655310154823034692,134,130,67,134
irregular-n08-t064-b00064-frandom-s01,Standard,1,true,3,4,2,0,2,0,0,0,0,0,0,0,256,1024,896,896,29312,29312,150953,3224043,21601957336569455162899396540339934886000,134,133,67,134
irregular-n08-t064-b00064-frandom-s01,Standard,2,true,2,3,1,0,1,0,0,0,0,0,0,0,8,24,24,24,1368,1368,6240,247112,16703997891704663092640239219179582937838,134,135,68,135
irregular-n08-t064-b00064-frandom-s01,Standard,3,true,3,4,2,0,2,0,0,0,0,0,0,0,32,128,128,128,5504,5504,30312,889334,23451255070621509112420017533302340213848,135,135,68,135
irregular-n08-t064-b00064-frandom-s01,Accelerated,0,true,1,3,0,1,1,0,0,0,0,1,0,1,1,3,3,3,219,219,1798,64482,12665845839396073601217655310154823034692,134,127,67,134
irregular-n08-t064-b00064-frandom-s01,Accelerated,1,true,2,5,0,2,2,1,0,1,0,1,0,1,256,1280,1120,1120,36640,36640,190845,3915497,216437059207891118879879207160316977400497515619359905157472,198,197,130,198
irregular-n08-t064-b00064-frandom-s01,Accelerated,2,true,0,2,0,0,0,0,0,0,0,0,1,0,8,16,16,16,912,912,4696,183320,16703997891704663092640239219179582937838,134,126,68,135
irregular-n08-t064-b00064-frandom-s01,Accelerated,3,true,2,5,0,2,2,1,0,1,0,1,0,1,32,160,160,160,6880,6880,42310,1204765,3125580227727744042036248712598962571326469256051875376331312,201,200,135,202
irregular-n08-t064-b00064-frandom-s02,Standard,0,true,2,3,1,0,1,0,0,0,0,0,0,0,1,3,3,3,219,219,1121,35107,8826540914419009023442124421946914445136,133,130,67,134
irregular-n08-t064-b00064-frandom-s02,Standard,1,true,2,3,1,0,1,0,0,0,0,0,0,0,192,576,504,504,16488,16488,71825,1393790,13026167600585328522651004918948401601872,134,133,67,135
irregular-n08-t064-b00064-frandom-s02,Standard,2,true,2,3,1,0,1,0,0,0,0,0,0,0,8,24,24,24,1368,1368,5941,199246,9692832491029863594822192896093371380964,133,133,67,134
irregular-n08-t064-b00064-frandom-s02,Standard,3,true,3,4,2,0,2,0,0,0,0,0,0,0,24,96,96,96,4128,4128,20162,507933,10815812580003686865148428421615584489046,133,133,67,134
irregular-n08-t064-b00064-frandom-s02,Accelerated,0,true,1,3,0,1,1,0,0,0,0,1,0,1,1,3,3,3,219,219,1164,36974,8826540914419009023442124421946914445136,133,130,67,134
irregular-n08-t064-b00064-frandom-s02,Accelerated,1,true,1,3,0,1,1,0,0,0,0,1,0,1,192,576,504,504,16488,16488,74017,1414738,13026167600585328522651004918948401601872,134,133,67,135
irregular-n08-t064-b00064-frandom-s02,Accelerated,2,true,0,2,0,0,0,0,0,0,0,0,1,0,8,16,16,16,912,912,4362,139902,9692832491029863594822192896093371380964,133,68,67,134
irregular-n08-t064-b00064-frandom-s02,Accelerated,3,true,1,3,0,1,1,0,0,0,0,1,0,1,24,72,72,72,3096,3096,15518,376081,10815812580003686865148428421615584489046,133,132,67,134
irregular-n08-t064-b00064-frandom-s03,Standard,0,true,3,4,2,0,2,0,0,0,0,0,0,0,1,4,4,4,292,292,2301,95675,27748487735507183294264623138914616620584,135,132,68,135
irregular-n08-t064-b00064-frandom-s03,Standard,1,true,3,4,2,0,2,0,0,0,0,0,0,0,256,1024,896,896,29312,29312,140671,3060839,46703074589240121546593395658310850148828,136,134,68,136
irregular-n08-t064-b00064-frandom-s03,Standard,2,true,2,3,1,0,1,0,0,0,0,0,0,0,8,24,24,24,1368,1368,6846,274107,38421739890665988572602498383798549701932,135,136,68,137
irregular-n08-t064-b00064-frandom-s03,Standard,3,true,3,4,2,0,2,0,0,0,0,0,0,0,32,128,128,128,5504,5504,30506,881181,49121673623165005762746079332514515451956,136,136,68,136
irregular-n08-t064-b00064-frandom-s03,Accelerated,0,true,0,2,0,0,0,0,0,0,0,0,1,0,1,2,2,2,146,146,1004,34026,4442632305801153802541762317809561268300,132,67,67,133
irregular-n08-t064-b00064-frandom-s03,Accelerated,1,true,2,5,0,2,2,1,0,1,0,1,0,1,256,1280,1120,1120,36640,36640,170862,3432622,1326673969659186782526842429315583272342382273557152645847064,200,200,129,201
irregular-n08-t064-b00064-frandom-s03,Accelerated,2,true,0,2,0,0,0,0,0,0,0,0,1,0,8,16,16,16,912,912,5248,208267,38421739890665988572602498383798549701932,135,69,68,137
irregular-n08-t064-b00064-frandom-s03,Accelerated,3,true,2,5,0,2,2,1,0,1,0,1,0,1,32,160,160,160,6880,6880,42705,1200315,9508613764725741143504994866284954337044476326368240877125688,203,202,135,204
irregular-n08-t064-b00064-frandom-s04,Standard,0,true,2,3,1,0,1,0,0,0,0,0,0,0,1,3,3,3,219,219,1563,61209,27193251399519952377071629472374615870396,135,132,68,135
irregular-n08-t064-b00064-frandom-s04,Standard,1,true,2,3,1,0,1,0,0,0,0,0,0,0,240,720,630,630,20610,20610,105235,2315465,42881005140891808801445936334000873879954,135,134,68,135
irregular-n08-t064-b00064-frandom-s04,Standard,2,true,3,4,2,0,2,0,0,0,0,0,0,0,8,32,32,32,1824,1824,11501,406403,25501775683057004091643122006159365609572,135,134,67,135
irregular-n08-t064-b00064-frandom-s04,Standard,3,true,4,5,3,0,3,0,0,0,0,0,0,0,30,150,150,150,6450,6450,39072,1068728,26726357973269118341685283792092723436224,135,133,67,135
irregular-n08-t064-b00064-frandom-s04,Accelerated,0,true,1,3,0,1,1,0,0,0,0,1,0,1,1,3,3,3,219,219,1702,66985,27193251399519952377071629472374615870396,135,131,68,135
irregular-n08-t064-b00064-frandom-s04,Accelerated,1,true,1,3,0,1,1,0,0,0,0,1,0,1,240,720,630,630,20610,20610,108956,2384904,42881005140891808801445936334000873879954,135,134,68,135
irregular-n08-t064-b00064-frandom-s04,Accelerated,2,true,1,3,0,1,1,0,0,0,0,1,0,1,8,24,24,24,1368,1368,9098,308296,25501775683057004091643122006159365609572,135,132,67,135
irregular-n08-t064-b00064-frandom-s04,Accelerated,3,true,2,5,0,2,2,1,0,1,0,1,0,1,30,150,150,150,6450,6450,39902,1044639,1131887729602605007078309327702166264279530222938063512564128,200,199,132,200
irregular-n08-t064-b00064-frandom-s05,Standard,0,true,2,3,1,0,1,0,0,0,0,0,0,0,1,3,3,3,219,219,1135,36979,5334058828366427403385901238871848984544,132,130,67,132
irregular-n08-t064-b00064-frandom-s05,Standard,1,true,3,4,2,0,2,0,0,0,0,0,0,0,176,704,616,616,20152,20152,87579,1702079,7938704010494327866941688162193616921870,133,132,67,133
irregular-n08-t064-b00064-frandom-s05,Standard,2,true,4,5,3,0,3,0,0,0,0,0,0,0,8,40,40,40,2280,2280,11767,350948,4388072079376950850044110123124297244864,132,131,66,133
irregular-n08-t064-b00064-frandom-s05,Standard,3,true,4,5,3,0,3,0,0,0,0,0,0,0,22,110,110,110,4730,4730,23082,540783,4619508715404394214165076325083891085518,132,131,66,133
irregular-n08-t064-b00064-frandom-s05,Accelerated,0,true,1,3,0,1,1,0,0,0,0,1,0,1,1,3,3,3,219,219,1141,37269,5334058828366427403385901238871848984544,132,130,67,132
irregular-n08-t064-b00064-frandom-s05,Accelerated,1,true,2,5,0,2,2,1,0,1,0,1,0,1,176,880,770,770,25190,25190,112792,2143540,206180840853637196550514178465898171214018805046946622306784,198,197,131,198
irregular-n08-t064-b00064-frandom-s05,Accelerated,2,true,2,5,0,2,2,1,1,0,0,1,0,1,8,40,40,40,2280,2280,12602,359031,182422564895312582171826614829865482275854838998820192662480,197,195,131,198
irregular-n08-t064-b00064-frandom-s05,Accelerated,3,true,2,5,0,2,2,1,0,1,0,1,0,1,22,110,110,110,4730,4730,23666,526094,143237723849084083746652139537367078204684555251334186668144,197,196,130,197
irregular-n08-t064-b00064-frandom-s06,Standard,0,true,3,4,2,0,2,0,0,0,0,0,0,0,1,4,4,4,292,292,1790,57475,13864964521673400074676740938735813400104,134,131,67,134
irregular-n08-t064-b00064-frandom-s06,Standard,1,true,4,5,3,0,3,0,0,0,0,0,0,0,176,880,770,770,25190,25190,108633,2059006,18756875703126328654084736880365696180122,134,133,67,134
irregular-n08-t064-b00064-frandom-s06,Standard,2,true,3,4,2,0,2,0,0,0,0,0,0,0,8,32,32,32,1824,1824,8188,254678,14489862130194235362970777120756753574940,134,133,67,134
irregular-n08-t064-b00064-frandom-s06,Standard,3,true,3,4,2,0,2,0,0,0,0,0,0,0,22,88,88,88,3784,3784,16880,406951,17126442072330075504123494906435465938324,134,134,67,135
irregular-n08-t064-b00064-frandom-s06,Accelerated,0,true,1,3,0,1,1,0,0,0,0,1,0,1,1,3,3,3,219,219,1348,40077,7172671103962495010526428318489366579544,133,128,66,133
irregular-n08-t064-b00064-frandom-s06,Accelerated,1,true,2,5,0,2,2,1,0,1,0,1,0,1,176,880,770,770,25190,25190,109422,2027265,612113983042791343507876791981874016621089500832125883410360,199,198,132,199
irregular-n08-t064-b00064-frandom-s06,Accelerated,2,true,1,3,0,1,1,0,0,0,0,1,0,1,8,24,24,24,1368,1368,6765,201958,14489862130194235362970777120756753574940,134,131,67,134
irregular-n08-t064-b00064-frandom-s06,Accelerated,3,true,1,3,0,1,1,0,0,0,0,1,0,1,22,66,66,66,2838,2838,13083,300771,17126442072330075504123494906435465938324,134,133,67,135
irregular-n08-t064-b00064-frandom-s07,Standard,0,true,3,4,2,0,2,0,0,0,0,0,0,0,1,4,4,4,292,292,1778,65545,3839829103769958697079356935312495299276,132,132,67,132
irregular-n08-t064-b00064-frandom-s07,Standard,1,true,2,3,1,0,1,0,0,0,0,0,0,0,192,576,489,489,16023,16023,69371,1450291,6677902483710315362455277568098686862582,133,132,67,133
irregular-n08-t064-b00064-frandom-s07,Standard,2,true,3,4,2,0,2,0,0,0,0,0,0,0,8,32,32,32,1824,1824,12069,343045,1514260222495906325140467535928623213652,131,129,65,131
irregular-n08-t064-b00064-frandom-s07,Standard,3,true,3,4,2,0,2,0,0,0,0,0,0,0,24,96,88,88,3784,3784,21298,520356,2643257432138609169624440289843471592516,131,129,65,131
irregular-n08-t064-b00064-frandom-s07,Accelerated,0,true,1,3,0,1,1,0,0,0,0,1,0,1,1,3,3,3,219,219,1513,53732,3040142609876528807483419348876182863552,132,127,67,132
irregular-n08-t064-b00064-frandom-s07,Accelerated,1,true,1,3,0,1,1,0,0,0,0,1,0,1,192,576,489,489,16023,16023,69391,1450619,6677902483710315362455277568098686862582,133,132,67,133
irregular-n08-t064-b00064-frandom-s07,Accelerated,2,true,2,5,0,2,2,1,1,0,0,1,0,1,8,40,40,40,2280,2280,15627,432729,19203457681874399019088081111075401102795809278003331637440,194,193,127,194
irregular-n08-t064-b00064-frandom-s07,Accelerated,3,true,1,3,0,1,1,0,0,0,0,1,0,1,24,72,66,66,2838,2838,15308,373819,2643257432138609169624440289843471592516,131,129,65,131
irregular-n08-t064-b00064-frandom-s08,Standard,0,true,2,3,1,0,1,0,0,0,0,0,0,0,1,3,3,3,219,219,1198,44980,10723575612085980955934805685588029362364,133,131,67,134
irregular-n08-t064-b00064-frandom-s08,Standard,1,true,3,4,2,0,2,0,0,0,0,0,0,0,224,896,784,784,25648,25648,119040,2488775,16885491086812913120122893199214137634864,134,133,67,134
irregular-n08-t064-b00064-frandom-s08,Standard,2,true,3,4,2,0,2,0,0,0,0,0,0,0,8,32,32,32,1824,1824,8943,305331,10679927941684327418305869866568104083766,133,134,67,135
irregular-n08-t064-b00064-frandom-s08,Standard,3,true,3,4,2,0,2,0,0,0,0,0,0,0,28,112,112,112,4816,4816,24129,689437,15933881003039001679421340213211380834600,134,134,67,135
irregular-n08-t064-b00064-frandom-s08,Accelerated,0,true,1,3,0,1,1,0,0,0,0,1,0,1,1,3,3,3,219,219,1268,48731,10723575612085980955934805685588029362364,133,130,67,134
irregular-n08-t064-b00064-frandom-s08,Accelerated,1,true,0,2,0,0,0,0,0,0,0,0,1,0,224,448,392,392,12824,12824,61113,1130695,3725786659794809268843654903514853285822,132,131,67,133
irregular-n08-t064-b00064-frandom-s08,Accelerated,2,true,1,3,0,1,1,0,0,0,0,1,0,1,8,24,24,24,1368,1368,7429,245351,10679927941684327418305869866568104083766,133,130,67,135
irregular-n08-t064-b00064-frandom-s08,Accelerated,3,true,1,3,0,1,1,0,0,0,0,1,0,1,28,84,84,84,3612,3612,18886,529615,14234281359758749667754555815257913378466,134,132,67,135
irregular-n08-t064-b00064-frandom-s09,Standard,0,true,3,4,2,0,2,0,0,0,0,0,0,0,1,4,4,4,292,292,2201,89154,22256546067830203120275337699487447914600,135,134,68,135
irregular-n08-t064-b00064-frandom-s09,Standard,1,true,3,4,2,0,2,0,0,0,0,0,0,0,272,1088,716,716,23588,23588,119541,2559798,30550559650051398689030172618838320318998,135,134,68,135
irregular-n08-t064-b00064-frandom-s09,Standard,2,true,2,3,1,0,1,0,0,0,0,0,0,0,8,24,24,24,1368,1368,7100,286327,31967949617335950486962665841547900425670,135,135,68,136
irregular-n08-t064-b00064-frandom-s09,Standard,3,true,3,4,2,0,2,0,0,0,0,0,0,0,34,136,136,136,5848,5848,33226,995387,32746534126205481774377778804800833218906,135,135,68,136
irregular-n08-t064-b00064-frandom-s09,Accelerated,0,true,2,5,0,2,2,1,0,1,0,1,0,1,1,5,5,5,365,365,2511,94015,489943157470560311085768000933306362067617041320002671850400,199,197,130,200
irregular-n08-t064-b00064-frandom-s09,Accelerated,1,true,2,5,0,2,2,1,0,1,0,1,0,1,272,1360,895,895,29485,29485,144094,2865281,223144828843219179070798378952655848160298805337863365943744,198,197,127,198
irregular-n08-t064-b00064-frandom-s09,Accelerated,2,true,0,2,0,0,0,0,0,0,0,0,1,0,8,16,16,16,912,912,5484,218103,31967949617335950486962665841547900425670,135,69,68,136
irregular-n08-t064-b00064-frandom-s09,Accelerated,3,true,1,3,0,1,1,0,0,0,0,1,0,1,34,102,102,102,4386,4386,26656,786582,30427921253654454998441152233911590848722,135,133,68,136
irregular-n08-t064-b00064-frandom-s10,Standard,0,true,3,4,2,0,2,0,0,0,0,0,0,0,1,4,4,4,292,292,1999,67799,2784541734724695691025927611882517618382,132,129,66,132
irregular-n08-t064-b00064-frandom-s10,Standard,1,true,3,4,2,0,2,0,0,0,0,0,0,0,192,768,672,672,21984,21984,96119,1863393,4405739857780836190708265376403175395650,132,132,66,132
irregular-n08-t064-b00064-frandom-s10,Standard,2,true,3,4,2,0,2,0,0,0,0,0,0,0,8,32,32,32,1824,1824,9113,301574,4312262480269800627783604288931752379736,132,132,66,133
irregular-n08-t064-b00064-frandom-s10,Standard,3,true,4,5,3,0,3,0,0,0,0,0,0,0,24,120,120,120,5160,5160,24792,603143,3926065638730769216228547290205555568720,132,131,66,132
irregular-n08-t064-b00064-frandom-s10,Accelerated,0,true,2,5,0,2,2,1,0,1,0,1,0,1,1,5,5,5,365,365,2414,76053,15999067168529127207477835364754622931056708996455831921600,194,191,129,194
irregular-n08-t064-b00064-frandom-s10,Accelerated,1,true,2,5,0,2,2,1,0,1,0,1,0,1,192,960,840,840,27480,27480,120388,2209406,25542169570816624093766211842677930217902728826377285246820,195,194,128,195
irregular-n08-t064-b00064-frandom-s10,Accelerated,2,true,1,3,0,1,1,0,0,0,0,1,0,1,8,24,24,24,1368,1368,7385,236408,4312262480269800627783604288931752379736,132,130,66,133
irregular-n08-t064-b00064-frandom-s10,Accelerated,3,true,2,5,0,2,2,1,0,1,0,1,0,1,24,120,120,120,5160,5160,25570,575959,101584301617033253096633224161625440921566052438375566777840,197,196,129,197
irregular-n08-t064-b00064-frandom-s11,Standard,0,true,2,3,1,0,1,0,0,0,0,0,0,0,1,3,3,3,219,219,918,17660,876584677286706553190058168190785295698,130,127,65,130
irregular-n08-t064-b00064-frandom-s11,Standard,1,true,3,4,2,0,2,0,0,0,0,0,0,0,160,640,560,560,18320,18320,70947,1259335,7369209891526377287301985669648345765036,133,132,67,133
irregular-n08-t064-b00064-frandom-s11,Standard,2,true,3,4,2,0,2,0,0,0,0,0,0,0,8,32,32,32,1824,1824,6842,218017,10973672798639543815142283755294272990704,134,135,68,135
irregular-n08-t064-b00064-frandom-s11,Standard,3,true,3,4,2,0,2,0,0,0,0,0,0,0,20,80,80,80,3440,3440,14118,352253,19157950109683506808296029378046632131608,134,135,68,135
irregular-n08-t064-b00064-frandom-s11,Accelerated,0,true,0,2,0,0,0,0,0,0,0,0,1,0,1,2,2,2,146,146,527,7681,834219915107783375586698871266084849652,130,65,65,130
irregular-n08-t064-b00064-frandom-s11,Accelerated,1,true,2,5,0,2,2,1,0,1,0,1,0,1,160,800,700,700,22900,22900,91300,1622928,39648531044060584054117125522086029649111175012846140378088,195,195,128,195
irregular-n08-t064-b00064-frandom-s11,Accelerated,2,true,1,3,0,1,1,0,0,0,0,1,0,1,8,24,24,24,1368,1368,5680,176917,7839610504293355457860284962768658334512,133,132,68,135
irregular-n08-t064-b00064-frandom-s11,Accelerated,3,true,1,3,0,1,1,0,0,0,0,1,0,1,20,60,60,60,2580,2580,11204,273659,12098222756983717456288805593276748429188,134,132,68,135
irregular-n08-t064-b00064-frandom-s12,Standard,0,true,2,3,1,0,1,0,0,0,0,0,0,0,1,3,3,3,219,219,1428,45082,3184131215243168828717659431600497967882,132,131,66,132
irregular-n08-t064-b00064-frandom-s12,Standard,1,true,3,4,2,0,2,0,0,0,0,0,0,0,224,896,784,784,25648,25648,118649,2381635,12081749303583891467080497170117731058840,134,133,67,134
irregular-n08-t064-b00064-frandom-s12,Standard,2,true,3,4,2,0,2,0,0,0,0,0,0,0,8,32,32,32,1824,1824,9057,285565,8336954819651745855802522995851197887240,133,134,67,135
irregular-n08-t064-b00064-frandom-s12,Standard,3,true,3,4,2,0,2,0,0,0,0,0,0,0,28,112,112,112,4816,4816,23606,576036,9955044003500170302350028548168403108992,133,133,67,134
irregular-n08-t064-b00064-frandom-s12,Accelerated,0,true,0,2,0,0,0,0,0,0,0,0,1,0,1,2,2,2,146,146,824,18278,2607788354721674426907615937832891677318,131,67,66,132
irregular-n08-t064-b00064-frandom-s12,Accelerated,1,true,2,5,0,2,2,1,0,1,0,1,0,1,224,1120,980,980,32060,32060,147650,2777353,66600235709484198590944153023834242600457726888181401181056,196,196,129,196
irregular-n08-t064-b00064-frandom-s12,Accelerated,2,true,1,3,0,1,1,0,0,0,0,1,0,1,8,24,24,24,1368,1368,7600,228405,8336954819651745855802522995851197887240,133,130,67,135
irregular-n08-t064-b00064-frandom-s12,Accelerated,3,true,1,3,0,1,1,0,0,0,0,1,0,1,28,84,84,84,3612,3612,18282,420006,9734058745258290379073403545109856403110,133,132,67,134
irregular-n08-t064-b00064-frandom-s13,Standard,0,true,3,4,2,0,2,0,0,0,0,0,0,0,1,4,4,4,292,292,2086,72467,13446397963408874958038642812721416825856,134,132,67,134
irregular-n08-t064-b00064-frandom-s13,Standard,1,true,3,4,2,0,2,0,0,0,0,0,0,0,224,896,784,784,25648,25648,123648,2460671,20680436679868816681180467762036627838230,134,133,67,134
irregular-n08-t064-b00064-frandom-s13,Standard,2,true,3,4,2,0,2,0,0,0,0,0,0,0,8,32,32,32,1824,1824,9331,321522,17736457178763221654779575123192017918760,134,135,68,136
irregular-n08-t064-b00064-frandom-s13,Standard,3,true,3,4,2,0,2,0,0,0,0,0,0,0,28,112,112,112,4816,4816,23944,624803,21375091086935465407851281195437839300540,134,134,68,135
irregular-n08-t064-b00064-frandom-s13,Accelerated,0,true,1,3,0,1,1,0,0,0,0,1,0,1,1,3,3,3,219,219,1476,44368,6836665515453859580165832199408543278090,133,129,66,133
irregular-n08-t064-b00064-frandom-s13,Accelerated,1,true,1,3,0,1,1,0,0,0,0,1,0,1,224,672,588,588,19236,19236,92131,1726389,5552467402137816298263218718248769044844,133,132,67,133
irregular-n08-t064-b00064-frandom-s13,Accelerated,2,true,1,3,0,1,1,0,0,0,0,1,0,1,8,24,24,24,1368,1368,7858,263184,17736457178763221654779575123192017918760,134,130,68,136
irregular-n08-t064-b00064-frandom-s13,Accelerated,3,true,1,3,0,1,1,0,0,0,0,1,0,1,28,84,84,84,3612,3612,18881,473930,18796363205674546624467985905993879973542,134,133,68,135
irregular-n08-t064-b00064-frandom-s14,Standard,0,true,2,3,1,0,1,0,0,0,0,0,0,0,1,3,3,3,219,219,1649,64269,18404273306243155162568451665396701188332,134,132,67,134
irregular-n08-t064-b00064-frandom-s14,Standard,1,true,3,4,2,0,2,0,0,0,0,0,0,0,224,896,784,784,25648,25648,123402,2600565,26500201879858547652141628615209029817280,135,134,67,135
irregular-n08-t064-b00064-frandom-s14,Standard,2,true,3,4,2,0,2,0,0,0,0,0,0,0,8,32,32,32,1824,1824,10426,372298,18657843227333436254886008322549486126164,134,134,67,135
irregular-n08-t064-b00064-frandom-s14,Standard,3,true,4,5,3,0,3,0,0,0,0,0,0,0,28,140,140,140,6020,6020,31889,874868,19995969256561435951182929177122658939640,134,134,67,135
irregular-n08-t064-b00064-frandom-s14,Accelerated,0,true,1,3,0,1,1,0,0,0,0,1,0,1,1,3,3,3,219,219,1770,65786,18404273306243155162568451665396701188332,134,129,67,134
irregular-n08-t064-b00064-frandom-s14,Accelerated,1,true,2,5,0,2,2,1,0,1,0,1,0,1,224,1120,980,980,32060,32060,149553,2914520,145549749559104063319147298813453905586667524793208876824000,197,197,129,197
irregular-n08-t064-b00064-frandom-s14,Accelerated,2,true,1,3,0,1,1,0,0,0,0,1,0,1,8,24,24,24,1368,1368,8650,302178,18657843227333436254886008322549486126164,134,130,67,135
irregular-n08-t064-b00064-frandom-s14,Accelerated,3,true,2,5,0,2,2,1,0,1,0,1,0,1,28,140,140,140,6020,6020,34519,898355,2032098307690954291914063148890946693574572078895270187675648,201,200,133,201
irregular-n08-t064-b00064-frandom-s15,Standard,0,true,3,4,2,0,2,0,0,0,0,0,0,0,1,4,4,4,292,292,2208,72535,14480140253475001660221749337629609492142,134,130,67,134
irregular-n08-t064-b00064-frandom-s15,Standard,1,true,3,4,2,0,2,0,0,0,0,0,0,0,208,832,728,728,23816,23816,118487,2351958,22385572992233753796211959944548847896640,135,133,67,135
irregular-n08-t064-b00064-frandom-s15,Standard,2,true,3,4,2,0,2,0,0,0,0,0,0,0,8,32,32,32,1824,1824,9785,321330,15976978270240082823899506584194985580102,134,134,67,135
irregular-n08-t064-b00064-frandom-s15,Standard,3,true,3,4,2,0,2,0,0,0,0,0,0,0,26,104,104,104,4472,4472,23635,615697,17755403893764002715027628486634699730942,134,133,67,134
irregular-n08-t064-b00064-frandom-s15,Accelerated,0,true,2,5,0,2,2,1,0,1,0,1,0,1,1,5,5,5,365,365,2734,86409,50036554737089093178303877279049662570670065113276661401480,195,191,129,196
irregular-n08-t064-b00064-frandom-s15,Accelerated,1,true,1,3,0,1,1,0,0,0,0,1,0,1,208,624,546,546,17862,17862,89418,1705561,15033138896001876011761738080765180649508,134,133,67,134
irregular-n08-t064-b00064-frandom-s15,Accelerated,2,true,1,3,0,1,1,0,0,0,0,1,0,1,8,24,24,24,1368,1368,8283,263368,15976978270240082823899506584194985580102,134,130,67,134
irregular-n08-t064-b00064-frandom-s15,Accelerated,3,true,1,3,0,1,1,0,0,0,0,1,0,1,26,78,78,78,3354,3354,18315,458689,17755403893764002715027628486634699730942,134,132,67,134
irregular-n08-t064-b00064-frandom-s16,Standard,0,true,3,4,2,0,2,0,0,0,0,0,0,0,1,4,4,4,292,292,2681,115777,21780336804069013999569212997563334486246,135,132,67,135
irregular-n08-t064-b00064-frandom-s16,Standard,1,true,3,4,2,0,2,0,0,0,0,0,0,0,272,1088,952,952,31144,31144,173082,3737550,27475154951836092371179556070278826377008,135,134,67,135
irregular-n08-t064-b00064-frandom-s16,Standard,2,true,4,5,3,0,3,0,0,0,0,0,0,0,8,40,40,40,2280,2280,16612,613977,20585937278465804550040060282301320805052,134,134,67,135
irregular-n08-t064-b00064-frandom-s16,Standard,3,true,3,4,2,0,2,0,0,0,0,0,0,0,34,136,136,136,5848,5848,36844,1020154,22344711179005858774105086404365261229008,135,133,67,135
irregular-n08-t064-b00064-frandom-s16,Accelerated,0,true,2,5,0,2,2,1,0,1,0,1,0,1,1,5,5,5,365,365,2993,117012,106852834386790407689080752417651600729600012798347514019680,197,195,130,197
irregular-n08-t064-b00064-frandom-s16,Accelerated,1,true,2,5,0,2,2,1,0,1,0,1,0,1,272,1360,1190,1190,38930,38930,217076,4575632,887200282547313518555393411288150284427206964265815131960944,200,199,132,200
irregular-n08-t064-b00064-frandom-s16,Accelerated,2,true,2,5,0,2,2,1,0,1,0,1,0,1,8,40,40,40,2280,2280,18215,650465,1362064256316910928233666737760373351130171421312411603894464,200,199,132,200
irregular-n08-t064-b00064-frandom-s16,Accelerated,3,true,1,3,0,1,1,0,0,0,0,1,0,1,34,102,102,102,4386,4386,27899,758448,22344711179005858774105086404365261229008,135,133,67,135
irregular-n08-t064-b00064-frandom-s17,Standard,0,true,3,4,2,0,2,0,0,0,0,0,0,0,1,4,4,4,292,292,2485,87742,23029234286863392657941426637194878469948,135,131,67,135
irregular-n08-t064-b00064-frandom-s17,Standard,1,true,3,4,2,0,2,0,0,0,0,0,0,0,256,1024,896,896,29312,29312,152107,3080122,36782603468076741128149515308621088398674,135,134,67,135
irregular-n08-t064-b00064-frandom-s17,Standard,2,true,4,5,3,0,3,0,0,0,0,0,0,0,8,40,40,40,2280,2280,14402,490263,28811262092788275934888219297066634418384,135,135,68,136
irregular-n08-t064-b00064-frandom-s17,Standard,3,true,3,4,2,0,2,0,0,0,0,0,0,0,32,128,128,128,5504,5504,30218,834069,41182120722822430795540542259928539610184,135,135,68,136
irregular-n08-t064-b00064-frandom-s17,Accelerated,0,true,1,3,0,1,1,0,0,0,0,1,0,1,1,3,3,3,219,219,1768,58294,9442832977007650748991582355336758960204,133,128,66,133
irregular-n08-t064-b00064-frandom-s17,Accelerated,1,true,2,5,0,2,2,1,0,1,0,1,0,1,256,1280,1120,1120,36640,36640,182244,3423093,472581614823656218930774257338370230769265700597315341360096,199,199,131,199
irregular-n08-t064-b00064-frandom-s17,Accelerated,2,true,2,5,0,2,2,1,1,0,0,1,0,1,8,40,40,40,2280,2280,16664,540634,1856147090703156431268243728489283783734517917656222294327668,201,200,133,201
irregular-n08-t064-b00064-frandom-s17,Accelerated,3,true,1,3,0,1,1,0,0,0,0,1,0,1,32,96,96,96,4128,4128,24133,646174,41182120722822430795540542259928539610184,135,134,68,136
irregular-n08-t064-b00064-frandom-s18,Standard,0,true,3,4,2,0,2,0,0,0,0,0,0,0,1,4,4,4,292,292,1492,47868,3130555333257061510874944875031133781810,132,129,67,132
irregular-n08-t064-b00064-frandom-s18,Standard,1,true,2,3,1,0,1,0,0,0,0,0,0,0,160,480,420,420,13740,13740,52252,958871,4452727705147582335767874333237172353918,132,131,66,133
irregular-n08-t064-b00064-frandom-s18,Standard,2,true,3,4,2,0,2,0,0,0,0,0,0,0,8,32,32,32,1824,1824,7331,228362,3637418424048328585681473246338710250280,132,132,66,133
irregular-n08-t064-b00064-frandom-s18,Standard,3,true,4,5,3,0,3,0,0,0,0,0,0,0,20,100,100,100,4300,4300,18442,448209,5472718522489752212995143749876328405170,133,132,66,133
irregular-n08-t064-b00064-frandom-s18,Accelerated,0,true,2,5,0,2,2,1,0,1,0,1,0,1,1,5,5,5,365,365,1916,58017,14811587495082621737121893513722532918853823747765355301456,194,191,129,195
irregular-n08-t064-b00064-frandom-s18,Accelerated,1,true,1,3,0,1,1,0,0,0,0,1,0,1,160,480,420,420,13740,13740,53708,981751,4452727705147582335767874333237172353918,132,131,66,133
irregular-n08-t064-b00064-frandom-s18,Accelerated,2,true,1,3,0,1,1,0,0,0,0,1,0,1,8,24,24,24,1368,1368,6053,182400,3637418424048328585681473246338710250280,132,129,66,133
irregular-n08-t064-b00064-frandom-s18,Accelerated,3,true,2,5,0,2,2,1,0,1,0,1,0,1,20,100,100,100,4300,4300,19520,450970,281196839913219958964062492515466284405619283693128052835900,198,197,132,199
irregular-n08-t064-b00064-frandom-s19,Standard,0,true,2,3,1,0,1,0,0,0,0,0,0,0,1,3,3,3,219,219,1722,77867,28130041755954808649024298001164041150380,135,134,68,135
irregular-n08-t064-b00064-frandom-s19,Standard,1,true,2,3,1,0,1,0,0,0,0,0,0,0,272,816,714,714,23358,23358,124241,2908428,41038760591970404722833502727372707436876,135,134,68,136
irregular-n08-t064-b00064-frandom-s19,Standard,2,true,3,4,2,0,2,0,0,0,0,0,0,0,8,32,32,32,1824,1824,12907,530423,21124031643348809166910507027640534285064,134,133,67,135
irregular-n08-t064-b00064-frandom-s19,Standard,3,true,4,5,3,0,3,0,0,0,0,0,0,0,34,170,170,170,7310,7310,48220,1470586,26378120980492054183854072820956622389584,135,134,67,135
irregular-n08-t064-b00064-frandom-s19,Accelerated,0,true,1,3,0,1,1,0,0,0,0,1,0,1,1,3,3,3,219,219,1881,85668,28130041755954808649024298001164041150380,135,132,68,135
irregular-n08-t064-b00064-frandom-s19,Accelerated,1,true,1,3,0,1,1,0,0,0,0,1,0,1,272,816,714,714,23358,23358,128819,3017907,41038760591970404722833502727372707436876,135,134,68,136
irregular-n08-t064-b00064-frandom-s19,Accelerated,2,true,1,3,0,1,1,0,0,0,0,1,0,1,8,24,24,24,1368,1368,9835,395761,21124031643348809166910507027640534285064,134,131,67,135
irregular-n08-t064-b00064-frandom-s19,Accelerated,3,true,2,5,0,2,2,1,0,1,0,1,0,1,34,170,170,170,7310,7310,49716,1464939,637604157766743686825285413757650847511139152173664534304244,199,198,131,199
irregular-n08-t064-b00064-frandom-s20,Standard,0,true,2,3,1,0,1,0,0,0,0,0,0,0,1,3,3,3,219,219,1173,38062,9614621492694983196597566206008524678172,133,130,67,134
irregular-n08-t064-b00064-frandom-s20,Standard,1,true,2,3,1,0,1,0,0,0,0,0,0,0,192,576,504,504,16488,16488,70410,1349320,16628038399608972063770847535722778576892,134,133,67,135
irregular-n08-t064-b00064-frandom-s20,Standard,2,true,2,3,1,0,1,0,0,0,0,0,0,0,8,24,24,24,1368,1368,5858,202058,10561334876014265129800026639745730051248,133,133,67,135
irregular-n08-t064-b00064-frandom-s20,Standard,3,true,2,3,1,0,1,0,0,0,0,0,0,0,24,72,72,72,3096,3096,13992,364134,18607623601679052003038322418425957831808,134,134,67,135
irregular-n08-t064-b00064-frandom-s20,Accelerated,0,true,1,3,0,1,1,0,0,0,0,1,0,1,1,3,3,3,219,219,1202,39098,9614621492694983196597566206008524678172,133,129,67,134
irregular-n08-t064-b00064-frandom-s20,Accelerated,1,true,1,3,0,1,1,0,0,0,0,1,0,1,192,576,504,504,16488,16488,71300,1365082,16628038399608972063770847535722778576892,134,133,67,135
irregular-n08-t064-b00064-frandom-s20,Accelerated,2,true,0,2,0,0,0,0,0,0,0,0,1,0,8,16,16,16,912,912,4452,149809,10561334876014265129800026639745730051248,133,129,67,135
irregular-n08-t064-b00064-frandom-s20,Accelerated,3,true,0,2,0,0,0,0,0,0,0,0,1,0,24,48,48,48,2064,2064,9697,244421,14898159348374987538283150162496997278104,134,133,67,135
irregular-n08-t128-b00001-falternating-s01,Standard,0,true,2,3,1,0,1,0,0,0,0,0,0,0,1,3,3,3,219,219,2100,82599,840,10,8,5,12
irregular-n08-t128-b00001-falternating-s01,Standard,1,true,2,3,1,0,1,0,0,0,0,0,0,0,152,456,363,363,11829,11829,70492,1474085,1422,11,10,5,12
irregular-n08-t128-b00001-falternating-s01,Standard,2,true,4,5,3,0,3,0,0,0,0,0,0,0,8,40,40,40,1760,1760,10942,379734,1232,11,11,6,12
irregular-n08-t128-b00001-falternating-s01,Standard,3,true,3,4,2,0,2,0,0,0,0,0,0,0,38,152,152,152,6536,6536,42119,1289079,1484,11,10,6,12
irregular-n08-t128-b00001-falternating-s01,Accelerated,0,true,1,3,0,1,1,0,0,0,0,1,0,1,1,3,3,3,219,219,2090,81727,840,10,6,5,12
irregular-n08-t128-b00001-falternating-s01,Accelerated,1,true,1,3,0,1,1,0,0,0,0,1,0,1,152,456,363,363,11829,11829,70337,1467098,1422,11,10,5,12
irregular-n08-t128-b00001-falternating-s01,Accelerated,2,true,2,5,0,2,2,1,1,0,0,1,0,1,8,40,40,40,1760,1760,12228,418484,26064,15,14,9,16
irregular-n08-t128-b00001-falternating-s01,Accelerated,3,true,1,3,0,1,1,0,0,0,0,1,0,1,38,114,114,114,4902,4902,33914,1013281,1484,11,9,6,12
irregular-n08-t128-b00001-falternating-s02,Standard,0,true,3,4,2,0,2,0,0,0,0,0,0,0,1,4,4,4,292,292,2797,104030,554,10,6,5,12
irregular-n08-t128-b00001-falternating-s02,Standard,1,true,3,4,2,0,2,0,0,0,0,0,0,0,144,576,512,512,16640,16640,96303,1928138,776,10,9,5,12
irregular-n08-t128-b00001-falternating-s02,Standard,2,true,4,5,3,0,3,0,0,0,0,0,0,0,8,40,40,40,1760,1760,10284,360573,700,10,11,6,12
irregular-n08-t128-b00001-falternating-s02,Standard,3,true,3,4,2,0,2,0,0,0,0,0,0,0,36,144,144,144,6192,6192,37956,1104144,966,10,10,6,12
irregular-n08-t128-b00001-falternating-s02,Accelerated,0,true,0,2,0,0,0,0,0,0,0,0,1,0,1,2,2,2,146,146,1130,35383,136,8,4,4,12
irregular-n08-t128-b00001-falternating-s02,Accelerated,1,true,0,2,0,0,0,0,0,0,0,0,1,0,144,288,256,256,8320,8320,44460,796054,336,9,8,5,12
irregular-n08-t128-b00001-falternating-s02,Accelerated,2,true,2,5,0,2,2,1,1,0,0,1,0,1,8,40,40,40,1760,1760,11966,414910,22376,15,11,10,16
irregular-n08-t128-b00001-falternating-s02,Accelerated,3,true,1,3,0,1,1,0,0,0,0,1,0,1,36,108,108,108,4644,4644,30796,870329,966,10,8,6,12
irregular-n08-t128-b00001-falternating-s03,Standard,0,true,3,4,2,0,2,0,0,0,0,0,0,0,1,4,4,4,292,292,3129,133219,786,10,8,5,12
irregular-n08-t128-b00001-falternating-s03,Standard,1,true,3,4,2,0,2,0,0,0,0,0,0,0,160,640,496,496,16288,16288,100518,2183051,1300,11,10,5,12
irregular-n08-t128-b00001-falternating-s03,Standard,2,true,3,4,2,0,2,0,0,0,0,0,0,0,8,32,32,32,1408,1408,8289,299996,1040,11,11,6,12
irregular-n08-t128-b00001-falternating-s03,Standard,3,true,3,4,2,0,2,0,0,0,0,0,0,0,40,160,160,160,6880,6880,44845,1380788,1480,11,11,6,12
irregular-n08-t128-b00001-falternating-s03,Accelerated,0,true,1,3,0,1,1,0,0,0,0,1,0,1,1,3,3,3,219,219,2198,90016,546,10,5,5,12
irregular-n08-t128-b00001-falternating-s03,Accelerated,1,true,1,3,0,1,1,0,0,0,0,1,0,1,160,480,372,372,12216,12216,73608,1552088,988,10,9,5,12
irregular-n08-t128-b00001-falternating-s03,Accelerated,2,true,2,5,0,2,2,1,1,0,0,1,0,1,8,40,40,40,1760,1760,12677,455706,42208,16,13,10,16
irregular-n08-t128-b00001-falternating-s03,Accelerated,3,true,1,3,0,1,1,0,0,0,0,1,0,1,40,120,120,120,5160,5160,36064,1083337,1480,11,9,6,12
irregular-n08-t128-b00001-falternating-s04,Standard,0,false,0,1,0,0,0,0,0,0,0,0,0,0,1,1,0,0,0,0,0,0,0,0,1,1,2
irregular-n08-t128-b00001-falternating-s04,Standard,1,true,3,4,2,0,2,0,0,0,0,0,0,0,160,640,564,564,18396,18396,111105,2321448,1192,11,9,5,12
irregular-n08-t128-b00001-falternating-s04,Standard,2,true,3,4,2,0,2,0,0,0,0,0,0,0,8,32,32,32,1408,1408,7970,287794,1140,11,11,6,12
irregular-n08-t128-b00001-falternating-s04,Standard,3,true,3,4,2,0,2,0,0,0,0,0,0,0,40,160,160,160,6880,6880,44201,1352776,1332,11,10,6,12
irregular-n08-t128-b00001-falternating-s04,Accelerated,0,false,0,1,0,0,0,0,0,0,0,0,0,0,1,1,0,0,0,0,0,0,0,0,1,1,2
irregular-n08-t128-b00001-falternating-s04,Accelerated,1,true,1,3,0,1,1,0,0,0,0,1,0,1,160,480,423,423,13797,13797,80966,1626056,956,10,9,5,12
irregular-n08-t128-b00001-falternating-s04,Accelerated,2,true,1,3,0,1,1,0,0,0,0,1,0,1,8,24,24,24,1056,1056,6734,238422,1140,11,9,6,12
irregular-n08-t128-b00001-falternating-s04,Accelerated,3,true,1,3,0,1,1,0,0,0,0,1,0,1,40,120,120,120,5160,5160,35799,1064373,1332,11,9,6,12
irregular-n08-t128-b00001-falternating-s05,Standard,0,true,3,4,2,0,2,0,0,0,0,0,0,0,1,4,4,4,292,292,2298,65850,328,9,6,4,12
irregular-n08-t128-b00001-falternating-s05,Standard,1,true,4,5,3,0,3,0,0,0,0,0,0,0,112,560,505,505,16315,16315,86272,1560570,402,9,8,4,12
irregular-n08-t128-b00001-falternating-s05,Standard,2,true,2,3,1,0,1,0,0,0,0,0,0,0,8,24,24,24,1056,1056,4229,137980,694,10,10,5,12
irregular-n08-t128-b00001-falternating-s05,Standard,3,true,3,4,2,0,2,0,0,0,0,0,0,0,28,112,112,112,4816,4816,25416,687636,790,10,10,5,12
irregular-n08-t128-b00001-falternating-s05,Accelerated,0,true,0,2,0,0,0,0,0,0,0,0,1,0,1,2,2,2,146,146,858,20213,100,7,4,3,12
irregular-n08-t128-b00001-falternating-s05,Accelerated,1,true,0,2,0,0,0,0,0,0,0,0,1,0,112,224,202,202,6526,6526,29921,463060,74,7,6,4,12
irregular-n08-t128-b00001-falternating-s05,Accelerated,2,true,0,2,0,0,0,0,0,0,0,0,1,0,8,16,16,16,704,704,3281,104615,694,10,6,5,12
irregular-n08-t128-b00001-falternating-s05,Accelerated,3,true,1,3,0,1,1,0,0,0,0,1,0,1,28,84,84,84,3612,3612,20552,539083,790,10,8,5,12
irregular-n08-t128-b00001-falternating-s06,Standard,0,true,2,3,1,0,1,0,0,0,0,0,0,0,1,3,3,3,219,219,1805,64198,578,10,7,5,12
irregular-n08-t128-b00001-falternating-s06,Standard,1,true,2,3,1,0,1,0,0,0,0,0,0,0,128,384,336,336,10992,10992,59800,1147275,730,10,8,5,12
irregular-n08-t128-b00001-falternating-s06,Standard,2,true,3,4,2,0,2,0,0,0,0,0,0,0,8,32,32,32,1408,1408,7084,229047,948,10,10,5,12
irregular-n08-t128-b00001-falternating-s06,Standard,3,true,3,4,2,0,2,0,0,0,0,0,0,0,32,128,128,128,5504,5504,31291,878666,960,10,10,5,12
irregular-n08-t128-b00001-falternating-s06,Accelerated,0,true,1,3,0,1,1,0,0,0,0,1,0,1,1,3,3,3,219,219,1818,63903,578,10,6,5,12
irregular-n08-t128-b00001-falternating-s06,Accelerated,1,true,1,3,0,1,1,0,0,0,0,1,0,1,128,384,336,336,10992,10992,59695,1133830,730,10,8,5,12
irregular-n08-t128-b00001-falternating-s06,Accelerated,2,true,1,3,0,1,1,0,0,0,0,1,0,1,8,24,24,24,1056,1056,5992,188378,948,10,7,5,12
irregular-n08-t128-b00001-falternating-s06,Accelerated,3,true,1,3,0,1,1,0,0,0,0,1,0,1,32,96,96,96,4128,4128,25279,696915,1040,11,8,5,12
irregular-n08-t128-b00001-falternating-s07,Standard,0,true,2,3,1,0,1,0,0,0,0,0,0,0,1,3,3,3,219,219,1669,55890,364,9,6,4,12
irregular-n08-t128-b00001-falternating-s07,Standard,1,true,2,3,1,0,1,0,0,0,0,0,0,0,128,384,303,303,9861,9861,51114,949392,640,10,8,5,12
irregular-n08-t128-b00001-falternating-s07,Standard,2,true,4,5,3,0,3,0,0,0,0,0,0,0,8,40,40,40,1760,1760,9429,320923,600,10,10,5,12
irregular-n08-t128-b00001-falternating-s07,Standard,3,true,3,4,2,0,2,0,0,0,0,0,0,0,32,128,128,128,5504,5504,31247,885448,774,10,10,5,12
irregular-n08-t128-b00001-falternating-s07,Accelerated,0,true,0,2,0,0,0,0,0,0,0,0,1,0,1,2,2,2,146,146,1001,29736,104,7,4,4,12
irregular-n08-t128-b00001-falternating-s07,Accelerated,1,true,0,2,0,0,0,0,0,0,0,0,1,0,128,256,202,202,6574,6574,32979,570807,160,8,6,5,12
irregular-n08-t128-b00001-falternating-s07,Accelerated,2,true,2,5,0,2,2,1,1,0,0,1,0,1,8,40,40,40,1760,1760,10843,363239,17640,15,11,10,15
irregular-n08-t128-b00001-falternating-s07,Accelerated,3,true,1,3,0,1,1,0,0,0,0,1,0,1,32,96,96,96,4128,4128,25214,694025,774,10,8,5,12
irregular-n08-t128-b00001-falternating-s08,Standard,0,true,2,3,1,0,1,0,0,0,0,0,0,0,1,3,3,3,219,219,2151,90520,1068,11,9,6,12
irregular-n08-t128-b00001-falternating-s08,Standard,1,true,3,4,2,0,2,0,0,0,0,0,0,0,168,672,380,380,12548,12548,77923,1723554,1134,11,9,5,12
irregular-n08-t128-b00001-falternating-s08,Standard,2,true,4,5,3,0,3,0,0,0,0,0,0,0,8,40,40,40,1760,1760,11302,414732,1376,11,11,6,12
irregular-n08-t128-b00001-falternating-s08,Standard,3,true,3,4,2,0,2,0,0,0,0,0,0,0,42,168,168,168,7224,7224,48593,1504179,1484,11,10,6,12
irregular-n08-t128-b00001-falternating-s08,Accelerated,0,true,1,3,0,1,1,0,0,0,0,1,0,1,1,3,3,3,219,219,2153,90447,1068,11,7,6,12
irregular-n08-t128-b00001-falternating-s08,Accelerated,1,true,2,5,0,2,2,1,0,1,0,1,0,1,168,840,475,475,15685,15685,98475,2207125,6612,13,12,8,13
irregular-n08-t128-b00001-falternating-s08,Accelerated,2,true,2,5,0,2,2,1,1,0,0,1,0,1,8,40,40,40,1760,1760,12907,466181,19200,15,13,9,16
irregular-n08-t128-b00001-falternating-s08,Accelerated,3,true,1,3,0,1,1,0,0,0,0,1,0,1,42,126,126,126,5418,5418,38118,1166433,1484,11,9,6,12
irregular-n08-t128-b00001-falternating-s09,Standard,0,true,3,4,2,0,2,0,0,0,0,0,0,0,1,4,4,4,292,292,3328,135322,828,10,7,5,12
irregular-n08-t128-b00001-falternating-s09,Standard,1,true,3,4,2,0,2,0,0,0,0,0,0,0,168,672,596,596,19388,19388,124159,2708349,840,10,9,5,12
irregular-n08-t128-b00001-falternating-s09,Standard,2,true,2,3,1,0,1,0,0,0,0,0,0,0,8,24,24,24,1056,1056,5637,216117,1376,11,11,6,12
irregular-n08-t128-b00001-falternating-s09,Standard,3,true,4,5,3,0,3,0,0,0,0,0,0,0,42,210,210,210,9030,9030,65103,2050184,1498,11,11,6,12
irregular-n08-t128-b00001-falternating-s09,Accelerated,0,true,0,2,0,0,0,0,0,0,0,0,1,0,1,2,2,2,146,146,1324,46371,222,8,5,5,12
irregular-n08-t128-b00001-falternating-s09,Accelerated,1,true,0,2,0,0,0,0,0,0,0,0,1,0,168,336,298,298,9694,9694,56513,1102885,204,8,7,5,12
irregular-n08-t128-b00001-falternating-s09,Accelerated,2,true,0,2,0,0,0,0,0,0,0,0,1,0,8,16,16,16,704,704,4361,165046,1376,11,6,6,12
irregular-n08-t128-b00001-falternating-s09,Accelerated,3,true,2,5,0,2,2,1,1,0,0,1,0,1,42,210,210,210,9030,9030,72255,2226827,53984,16,14,11,17
irregular-n08-t128-b00001-falternating-s10,Standard,0,true,3,4,2,0,2,0,0,0,0,0,0,0,1,4,4,4,292,292,2895,114209,720,10,7,5,12
irregular-n08-t128-b00001-falternating-s10,Standard,1,true,3,4,2,0,2,0,0,0,0,0,0,0,160,640,532,532,17356,17356,102804,2175371,1224,11,9,5,12
irregular-n08-t128-b00001-falternating-s10,Standard,2,true,3,4,2,0,2,0,0,0,0,0,0,0,8,32,32,32,1408,1408,8312,299217,1032,11,11,6,12
irregular-n08-t128-b00001-falternating-s10,Standard,3,true,4,5,3,0,3,0,0,0,0,0,0,0,40,200,200,200,8600,8600,57561,1753258,1224,11,11,6,12
irregular-n08-t128-b00001-falternating-s10,Accelerated,0,true,1,3,0,1,1,0,0,0,0,1,0,1,1,3,3,3,219,219,2039,76459,418,9,5,5,12
irregular-n08-t128-b00001-falternating-s10,Accelerated,1,true,1,3,0,1,1,0,0,0,0,1,0,1,160,480,399,399,13017,13017,75258,1543225,912,10,9,5,12
irregular-n08-t128-b00001-falternating-s10,Accelerated,2,true,2,5,0,2,2,1,1,0,0,1,0,1,8,40,40,40,1760,1760,12575,449290,42504,16,13,11,17
irregular-n08-t128-b00001-falternating-s10,Accelerated,3,true,2,5,0,2,2,1,1,0,0,1,0,1,40,200,200,200,8600,8600,61723,1855726,43200,16,14,10,16
irregular-n08-t128-b00001-falternating-s11,Standard,0,false,0,1,0,0,0,0,0,0,0,0,0,0,1,1,0,0,0,0,0,0,0,0,1,1,2
irregular-n08-t128-b00001-falternating-s11,Standard,1,true,3,4,2,0,2,0,0,0,0,0,0,0,128,512,452,452,14732,14732,85592,1700120,744,10,8,5,12
irregular-n08-t128-b00001-falternating-s11,Standard,2,true,3,4,2,0,2,0,0,0,0,0,0,0,8,32,32,32,1408,1408,7444,242438,638,10,10,5,12
irregular-n08-t128-b00001-falternating-s11,Standard,3,true,3,4,2,0,2,0,0,0,0,0,0,0,32,128,128,128,5504,5504,32540,907660,732,10,9,5,12
irregular-n08-t128-b00001-falternating-s11,Accelerated,0,false,0,1,0,0,0,0,0,0,0,0,0,0,1,1,0,0,0,0,0,0,0,0,1,1,2
irregular-n08-t128-b00001-falternating-s11,Accelerated,1,true,1,3,0,1,1,0,0,0,0,1,0,1,128,384,339,339,11049,11049,61197,1149077,412,9,8,5,12
irregular-n08-t128-b00001-falternating-s11,Accelerated,2,true,2,5,0,2,2,1,1,0,0,1,0,1,8,40,40,40,1760,1760,11523,370383,18260,15,12,10,15
irregular-n08-t128-b00001-falternating-s11,Accelerated,3,true,1,3,0,1,1,0,0,0,0,1,0,1,32,96,96,96,4128,4128,25997,700078,732,10,8,5,12
irregular-n08-t128-b00001-falternating-s12,Standard,0,true,3,4,2,0,2,0,0,0,0,0,0,0,1,4,4,4,292,292,2419,73140,426,9,6,5,12
irregular-n08-t128-b00001-falternating-s12,Standard,1,true,3,4,2,0,2,0,0,0,0,0,0,0,120,480,432,432,13968,13968,74105,1347964,426,9,8,4,12
irregular-n08-t128-b00001-falternating-s12,Standard,2,true,2,3,1,0,1,0,0,0,0,0,0,0,8,24,24,24,1056,1056,4473,145613,854,10,11,6,12
irregular-n08-t128-b00001-falternating-s12,Standard,3,true,3,4,2,0,2,0,0,0,0,0,0,0,30,120,120,120,5160,5160,28102,758215,996,10,11,6,12
irregular-n08-t128-b00001-falternating-s12,Accelerated,0,true,0,2,0,0,0,0,0,0,0,0,1,0,1,2,2,2,146,146,920,23051,116,7,5,5,12
irregular-n08-t128-b00001-falternating-s12,Accelerated,1,true,0,2,0,0,0,0,0,0,0,0,1,0,120,240,216,216,6984,6984,33129,528052,82,7,6,4,12
irregular-n08-t128-b00001-falternating-s12,Accelerated,2,true,0,2,0,0,0,0,0,0,0,0,1,0,8,16,16,16,704,704,3481,110904,854,10,6,6,12
irregular-n08-t128-b00001-falternating-s12,Accelerated,3,true,1,3,0,1,1,0,0,0,0,1,0,1,30,90,90,90,3870,3870,22728,596409,996,10,8,6,12
irregular-n08-t128-b00001-falternating-s13,Standard,0,true,2,3,1,0,1,0,0,0,0,0,0,0,1,3,3,3,219,219,1915,74029,604,10,7,5,12
irregular-n08-t128-b00001-falternating-s13,Standard,1,true,2,3,1,0,1,0,0,0,0,0,0,0,136,408,324,324,10728,10728,60948,1207798,906,10,9,5,12
irregular-n08-t128-b00001-falternating-s13,Standard,2,true,4,5,3,0,3,0,0,0,0,0,0,0,8,40,40,40,1760,1760,9985,334287,780,10,10,5,12
irregular-n08-t128-b00001-falternating-s13,Standard,3,true,3,4,2,0,2,0,0,0,0,0,0,0,34,136,136,136,5848,5848,35264,985438,924,10,9,5,12
irregular-n08-t128-b00001-falternating-s13,Accelerated,0,true,1,3,0,1,1,0,0,0,0,1,0,1,1,3,3,3,219,219,1934,74421,604,10,6,5,12
irregular-n08-t128-b00001-falternating-s13,Accelerated,1,true,1,3,0,1,1,0,0,0,0,1,0,1,136,408,324,324,10728,10728,60930,1198568,906,10,9,5,12
irregular-n08-t128-b00001-falternating-s13,Accelerated,2,true,2,5,0,2,2,1,1,0,0,1,0,1,8,40,40,40,1760,1760,11613,378691,9108,14,12,8,14
irregular-n08-t128-b00001-falternating-s13,Accelerated,3,true,1,3,0,1,1,0,0,0,0,1,0,1,34,102,102,102,4386,4386,27973,772469,924,10,9,5,12
irregular-n08-t128-b00001-falternating-s14,Standard,0,true,3,4,2,0,2,0,0,0,0,0,0,0,1,4,4,4,292,292,2892,111172,430,9,6,4,12
irregular-n08-t128-b00001-falternating-s14,Standard,1,true,3,4,2,0,2,0,0,0,0,0,0,0,160,640,524,524,16916,16916,98475,2039768,722,10,8,5,12
irregular-n08-t128-b00001-falternating-s14,Standard,2,true,3,4,2,0,2,0,0,0,0,0,0,0,8,32,32,32,1408,1408,7723,278435,726,10,11,6,12
irregular-n08-t128-b00001-falternating-s14,Standard,3,true,3,4,2,0,2,0,0,0,0,0,0,0,40,160,160,160,6880,6880,43458,1324941,920,10,10,6,12
irregular-n08-t128-b00001-falternating-s14,Accelerated,0,true,0,2,0,0,0,0,0,0,0,0,1,0,1,2,2,2,146,146,1147,36982,120,7,4,4,12
irregular-n08-t128-b00001-falternating-s14,Accelerated,1,true,0,2,0,0,0,0,0,0,0,0,1,0,160,320,262,262,8458,8458,45160,831534,176,8,7,5,12
irregular-n08-t128-b00001-falternating-s14,Accelerated,2,true,1,3,0,1,1,0,0,0,0,1,0,1,8,24,24,24,1056,1056,6467,229607,726,10,7,6,12
irregular-n08-t128-b00001-falternating-s14,Accelerated,3,true,1,3,0,1,1,0,0,0,0,1,0,1,40,120,120,120,5160,5160,35216,1046918,920,10,9,6,12
irregular-n08-t128-b00001-falternating-s15,Standard,0,true,2,3,1,0,1,0,0,0,0,0,0,0,1,3,3,3,219,219,2402,102535,900,10,8,5,12
irregular-n08-t128-b00001-falternating-s15,Standard,1,true,2,3,1,0,1,0,0,0,0,0,0,0,168,504,441,441,14427,14427,91597,1988181,930,10,9,5,12
irregular-n08-t128-b00001-falternating-s15,Standard,2,true,3,4,2,0,2,0,0,0,0,0,0,0,8,32,32,32,1408,1408,9017,334592,1266,11,10,5,12
irregular-n08-t128-b00001-falternating-s15,Standard,3,true,3,4,2,0,2,0,0,0,0,0,0,0,42,168,168,168,7224,7224,49501,1562482,1058,11,10,5,12
irregular-n08-t128-b00001-falternating-s15,Accelerated,0,true,1,3,0,1,1,0,0,0,0,1,0,1,1,3,3,3,219,219,2407,101931,900,10,6,5,12
irregular-n08-t128-b00001-falternating-s15,Accelerated,1,true,1,3,0,1,1,0,0,0,0,1,0,1,168,504,441,441,14427,14427,91422,1969202,930,10,9,5,12
irregular-n08-t128-b00001-falternating-s15,Accelerated,2,true,1,3,0,1,1,0,0,0,0,1,0,1,8,24,24,24,1056,1056,7617,277027,1266,11,7,5,12
irregular-n08-t128-b00001-falternating-s15,Accelerated,3,true,2,5,0,2,2,1,1,0,0,1,0,1,42,210,210,210,9030,9030,72629,2224806,34416,16,14,10,16
irregular-n08-t128-b00001-falternating-s16,Standard,0,true,2,3,1,0,1,0,0,0,0,0,0,0,1,3,3,3,219,219,2120,86938,856,10,8,5,12
irregular-n08-t128-b00001-falternating-s16,Standard,1,true,2,3,1,0,1,0,0,0,0,0,0,0,160,480,378,378,12366,12366,73692,1545931,1296,11,10,5,12
irregular-n08-t128-b00001-falternating-s16,Standard,2,true,3,4,2,0,2,0,0,0,0,0,0,0,8,32,32,32,1408,1408,8123,290557,1108,11,10,6,12
irregular-n08-t128-b00001-falternating-s16,Standard,3,true,3,4,2,0,2,0,0,0,0,0,0,0,40,160,160,160,6880,6880,45319,1386445,1072,11,9,6,12
irregular-n08-t128-b00001-falternating-s16,Accelerated,0,true,1,3,0,1,1,0,0,0,0,1,0,1,1,3,3,3,219,219,2141,87386,856,10,6,5,12
irregular-n08-t128-b00001-falternating-s16,Accelerated,1,true,1,3,0,1,1,0,0,0,0,1,0,1,160,480,378,378,12366,12366,73720,1539687,1296,11,10,5,12
irregular-n08-t128-b00001-falternating-s16,Accelerated,2,true,1,3,0,1,1,0,0,0,0,1,0,1,8,24,24,24,1056,1056,6834,239150,1108,11,8,6,12
irregular-n08-t128-b00001-falternating-s16,Accelerated,3,true,1,3,0,1,1,0,0,0,0,1,0,1,40,120,120,120,5160,5160,35337,1050606,1072,11,8,6,12
irregular-n08-t128-b00001-falternating-s17,Standard,0,true,3,4,2,0,2,0,0,0,0,0,0,0,1,4,4,4,292,292,3709,176684,1414,11,9,6,12
irregular-n08-t128-b00001-falternating-s17,Standard,1,true,3,4,2,0,2,0,0,0,0,0,0,0,192,768,436,436,14332,14332,97391,2325892,1416,11,9,5,12
irregular-n08-t128-b00001-falternating-s17,Standard,2,true,3,4,2,0,2,0,0,0,0,0,0,0,8,32,32,32,1408,1408,9616,382841,1858,11,11,6,12
irregular-n08-t128-b00001-falternating-s17,Standard,3,true,3,4,2,0,2,0,0,0,0,0,0,0,48,192,192,192,8256,8256,60872,2056831,1904,11,11,6,12
irregular-n08-t128-b00001-falternating-s17,Accelerated,0,true,1,3,0,1,1,0,0,0,0,1,0,1,1,3,3,3,219,219,2612,119904,1156,11,6,5,12
irregular-n08-t128-b00001-falternating-s17,Accelerated,1,true,1,3,0,1,1,0,0,0,0,1,0,1,192,576,327,327,10749,10749,71002,1646334,1024,11,9,5,12
irregular-n08-t128-b00001-falternating-s17,Accelerated,2,true,1,3,0,1,1,0,0,0,0,1,0,1,8,24,24,24,1056,1056,8179,320774,1858,11,8,6,12
irregular-n08-t128-b00001-falternating-s17,Accelerated,3,true,1,3,0,1,1,0,0,0,0,1,0,1,48,144,144,144,6192,6192,49344,1633223,1904,11,9,6,12
irregular-n08-t128-b00001-falternating-s18,Standard,0,true,2,3,1,0,1,0,0,0,0,0,0,0,1,3,3,3,219,219,1546,46851,364,9,6,4,12
irregular-n08-t128-b00001-falternating-s18,Standard,1,true,3,4,2,0,2,0,0,0,0,0,0,0,112,448,372,372,12156,12156,62234,1128619,624,10,8,5,12
irregular-n08-t128-b00001-falternating-s18,Standard,2,true,3,4,2,0,2,0,0,0,0,0,0,0,8,32,32,32,1408,1408,6461,202049,558,10,10,5,12
irregular-n08-t128-b00001-falternating-s18,Standard,3,true,4,5,3,0,3,0,0,0,0,0,0,0,28,140,140,140,6020,6020,33265,871230,708,10,10,5,12
irregular-n08-t128-b00001-falternating-s18,Accelerated,0,true,0,2,0,0,0,0,0,0,0,0,1,0,1,2,2,2,146,146,906,23593,104,7,4,4,12
irregular-n08-t128-b00001-falternating-s18,Accelerated,1,true,0,2,0,0,0,0,0,0,0,0,1,0,112,224,186,186,6078,6078,28974,468056,152,8,7,5,12
irregular-n08-t128-b00001-falternating-s18,Accelerated,2,true,1,3,0,1,1,0,0,0,0,1,0,1,8,24,24,24,1056,1056,5505,168026,558,10,6,5,12
irregular-n08-t128-b00001-falternating-s18,Accelerated,3,true,2,5,0,2,2,1,1,0,0,1,0,1,28,140,140,140,6020,6020,36477,921875,7824,13,12,8,14
irregular-n08-t128-b00001-falternating-s19,Standard,0,true,2,3,1,0,1,0,0,0,0,0,0,0,1,3,3,3,219,219,2293,94099,648,10,7,5,12
irregular-n08-t128-b00001-falternating-s19,Standard,1,true,2,3,1,0,1,0,0,0,0,0,0,0,168,504,444,444,14484,14484,89073,1887309,1056,11,9,5,12
irregular-n08-t128-b00001-falternating-s19,Standard,2,true,4,5,3,0,3,0,0,0,0,0,0,0,8,40,40,40,1760,1760,10864,409852,936,10,11,6,12
irregular-n08-t128-b00001-falternating-s19,Standard,3,true,4,5,3,0,3,0,0,0,0,0,0,0,42,210,210,210,9030,9030,65218,2054193,1284,11,11,6,12
irregular-n08-t128-b00001-falternating-s19,Accelerated,0,true,0,2,0,0,0,0,0,0,0,0,1,0,1,2,2,2,146,146,1335,49112,216,8,5,4,12
irregular-n08-t128-b00001-falternating-s19,Accelerated,1,true,0,2,0,0,0,0,0,0,0,0,1,0,168,336,296,296,9656,9656,56204,1109118,480,9,8,5,12
irregular-n08-t128-b00001-falternating-s19,Accelerated,2,true,2,5,0,2,2,1,1,0,0,1,0,1,8,40,40,40,1760,1760,12623,468842,35280,16,13,10,16
irregular-n08-t128-b00001-falternating-s19,Accelerated,3,true,2,5,0,2,2,1,0,1,0,1,0,1,42,210,210,210,9030,9030,72072,2206325,15576,14,13,9,14
irregular-n08-t128-b00001-falternating-s20,Standard,0,true,2,3,1,0,1,0,0,0,0,0,0,0,1,3,3,3,219,219,1750,54098,260,9,6,4,12
irregular-n08-t128-b00001-falternating-s20,Standard,1,true,3,4,2,0,2,0,0,0,0,0,0,0,128,512,428,428,13940,13940,76889,1442875,426,9,8,4,12
irregular-n08-t128-b00001-falternating-s20,Standard,2,true,2,3,1,0,1,0,0,0,0,0,0,0,8,24,24,24,1056,1056,4508,157017,516,10,10,5,12
irregular-n08-t128-b00001-falternating-s20,Standard,3,true,3,4,2,0,2,0,0,0,0,0,0,0,32,128,128,128,5504,5504,31111,832184,672,10,10,5,12
irregular-n08-t128-b00001-falternating-s20,Accelerated,0,true,0,2,0,0,0,0,0,0,0,0,1,0,1,2,2,2,146,146,950,24271,104,7,4,4,12
irregular-n08-t128-b00001-falternating-s20,Accelerated,1,true,0,2,0,0,0,0,0,0,0,0,1,0,128,256,214,214,6970,6970,34733,566426,68,7,5,4,12
irregular-n08-t128-b00001-falternating-s20,Accelerated,2,true,0,2,0,0,0,0,0,0,0,0,1,0,8,16,16,16,704,704,3468,119027,516,10,6,5,12
irregular-n08-t128-b00001-falternating-s20,Accelerated,3,true,1,3,0,1,1,0,0,0,0,1,0,1,32,96,96,96,4128,4128,25100,645715,672,10,8,5,12
irregular-n08-t128-b00001-frandom-s01,Standard,0,true,3,4,2,0,2,0,0,0,0,0,0,0,1,4,4,4,292,292,2555,96964,284,9,6,4,12
irregular-n08-t128-b00001-frandom-s01,Standard,1,true,4,5,3,0,3,0,0,0,0,0,0,0,190,950,785,785,25775,25775,147586,3053701,620,10,8,5,12
irregular-n08-t128-b00001-frandom-s01,Standard,2,true,3,4,2,0,2,0,0,0,0,0,0,0,8,32,32,32,1824,1824,10404,437435,466,9,10,6,12
irregular-n08-t128-b00001-frandom-s01,Standard,3,true,4,5,3,0,3,0,0,0,0,0,0,0,38,190,180,180,7740,7740,48604,1468830,842,10,11,6,12
irregular-n08-t128-b00001-frandom-s01,Accelerated,0,true,1,3,0,1,1,0,0,0,0,1,0,1,1,3,3,3,219,219,1846,64555,182,8,5,4,12
irregular-n08-t128-b00001-frandom-s01,Accelerated,1,true,0,2,0,0,0,0,0,0,0,0,1,0,190,380,314,314,10310,10310,53954,969326,152,8,7,5,12
irregular-n08-t128-b00001-frandom-s01,Accelerated,2,true,1,3,0,1,1,0,0,0,0,1,0,1,8,24,24,24,1368,1368,8644,359642,466,9,7,6,12
irregular-n08-t128-b00001-frandom-s01,Accelerated,3,true,2,5,0,2,2,1,0,1,0,1,0,1,38,190,180,180,7740,7740,52942,1542470,27660,15,14,10,16
irregular-n08-t128-b00001-frandom-s02,Standard,0,true,2,3,1,0,1,0,0,0,0,0,0,0,1,3,3,3,219,219,1543,47384,296,9,7,4,12
irregular-n08-t128-b00001-frandom-s02,Standard,1,true,3,4,2,0,2,0,0,0,0,0,0,0,252,1008,796,796,26116,26116,133410,2650196,814,10,9,5,12
irregular-n08-t128-b00001-frandom-s02,Standard,2,true,3,4,2,0,2,0,0,0,0,0,0,0,6,24,24,24,1368,1368,8464,320020,574,10,10,5,12
irregular-n08-t128-b00001-frandom-s02,Standard,3,true,3,4,2,0,2,0,0,0,0,0,0,0,36,144,144,144,6192,6192,34248,926320,792,10,10,5,12
irregular-n08-t128-b00001-frandom-s02,Accelerated,0,true,1,3,0,1,1,0,0,0,0,1,0,1,1,3,3,3,219,219,1511,38267,296,9,5,4,12
irregular-n08-t128-b00001-frandom-s02,Accelerated,1,true,2,5,0,2,2,1,0,1,0,1,0,1,252,1260,995,995,32645,32645,163855,3041412,1712,11,11,6,12
irregular-n08-t128-b00001-frandom-s02,Accelerated,2,true,1,3,0,1,1,0,0,0,0,1,0,1,6,18,18,18,1026,1026,7207,265111,574,10,7,5,12
irregular-n08-t128-b00001-frandom-s02,Accelerated,3,true,1,3,0,1,1,0,0,0,0,1,0,1,36,108,108,108,4644,4644,27060,691688,716,10,8,5,12
irregular-n08-t128-b00001-frandom-s03,Standard,0,true,2,3,1,0,1,0,0,0,0,0,0,0,1,3,3,3,219,219,1772,79614,506,9,7,5,12
irregular-n08-t128-b00001-frandom-s03,Standard,1,true,2,3,1,0,1,0,0,0,0,0,0,0,280,840,738,738,24102,24102,128867,2839321,652,10,9,5,12
irregular-n08-t128-b00001-frandom-s03,Standard,2,true,3,4,2,0,2,0,0,0,0,0,0,0,7,28,28,28,1596,1596,11048,461046,494,9,10,5,12
irregular-n08-t128-b00001-frandom-s03,Standard,3,true,3,4,2,0,2,0,0,0,0,0,0,0,40,160,160,160,6880,6880,41632,1260298,572,10,9,5,12
irregular-n08-t128-b00001-frandom-s03,Accelerated,0,true,1,3,0,1,1,0,0,0,0,1,0,1,1,3,3,3,219,219,1755,77004,506,9,6,5,12
irregular-n08-t128-b00001-frandom-s03,Accelerated,1,true,1,3,0,1,1,0,0,0,0,1,0,1,280,840,738,738,24102,24102,129062,2829692,652,10,9,5,12
irregular-n08-t128-b00001-frandom-s03,Accelerated,2,true,1,3,0,1,1,0,0,0,0,1,0,1,7,21,21,21,1197,1197,9245,380143,494,9,6,5,12
irregular-n08-t128-b00001-frandom-s03,Accelerated,3,true,1,3,0,1,1,0,0,0,0,1,0,1,40,120,120,120,5160,5160,32969,965563,572,10,8,5,12
irregular-n08-t128-b00001-frandom-s04,Standard,0,true,2,3,1,0,1,0,0,0,0,0,0,0,1,3,3,3,219,219,1315,56619,602,10,9,6,12
irregular-n08-t128-b00001-frandom-s04,Standard,1,true,3,4,2,0,2,0,0,0,0,0,0,0,320,1280,1120,1120,36640,36640,183301,4326212,810,10,9,6,12
irregular-n08-t128-b00001-frandom-s04,Standard,2,true,3,4,2,0,2,0,0,0,0,0,0,0,7,28,28,28,1596,1596,9102,393024,400,9,9,5,12
irregular-n08-t128-b00001-frandom-s04,Standard,3,true,2,3,1,0,1,0,0,0,0,0,0,0,40,120,120,120,5160,5160,29560,956517,580,10,9,5,12
irregular-n08-t128-b00001-frandom-s04,Accelerated,0,true,1,3,0,1,1,0,0,0,0,1,0,1,1,3,3,3,219,219,1316,56211,602,10,8,6,12
irregular-n08-t128-b00001-frandom-s04,Accelerated,1,true,1,3,0,1,1,0,0,0,0,1,0,1,320,960,840,840,27480,27480,137830,3096091,760,10,9,6,12
irregular-n08-t128-b00001-frandom-s04,Accelerated,2,true,1,3,0,1,1,0,0,0,0,1,0,1,7,21,21,21,1197,1197,7466,322490,422,9,7,5,12
irregular-n08-t128-b00001-frandom-s04,Accelerated,3,true,1,3,0,1,1,0,0,0,0,1,0,1,40,120,120,120,5160,5160,33028,1050846,580,10,8,5,12
irregular-n08-t128-b00001-frandom-s05,Standard,0,true,3,4,2,0,2,0,0,0,0,0,0,0,1,4,4,4,292,292,1941,72003,296,9,5,5,12
irregular-n08-t128-b00001-frandom-s05,Standard,1,true,3,4,2,0,2,0,0,0,0,0,0,0,196,784,684,684,22404,22404,105271,2124933,524,10,8,5,12
irregular-n08-t128-b00001-frandom-s05,Standard,2,true,3,4,2,0,2,0,0,0,0,0,0,0,6,24,24,24,1368,1368,6818,264289,368,9,9,5,12
irregular-n08-t128-b00001-frandom-s05,Standard,3,true,4,5,3,0,3,0,0,0,0,0,0,0,28,140,140,140,6020,6020,31383,860194,506,9,9,5,12
irregular-n08-t128-b00001-frandom-s05,Accelerated,0,true,0,2,0,0,0,0,0,0,0,0,1,0,1,2,2,2,146,146,758,19857,32,6,4,3,12
irregular-n08-t128-b00001-frandom-s05,Accelerated,1,true,0,2,0,0,0,0,0,0,0,0,1,0,196,392,342,342,11202,11202,50028,848050,112,7,6,5,12
irregular-n08-t128-b00001-frandom-s05,Accelerated,2,true,1,3,0,1,1,0,0,0,0,1,0,1,6,18,18,18,1026,1026,5756,221565,368,9,6,5,12
irregular-n08-t128-b00001-frandom-s05,Accelerated,3,true,2,5,0,2,2,1,1,0,0,1,0,1,28,140,140,140,6020,6020,34000,908935,7828,13,12,9,14
irregular-n08-t128-b00001-frandom-s06,Standard,0,true,3,4,2,0,2,0,0,0,0,0,0,0,1,4,4,4,292,292,2438,87945,624,10,8,5,12
irregular-n08-t128-b00001-frandom-s06,Standard,1,true,2,3,1,0,1,0,0,0,0,0,0,0,160,480,414,414,13626,13626,73192,1412514,924,10,9,5,12
irregular-n08-t128-b00001-frandom-s06,Standard,2,true,2,3,1,0,1,0,0,0,0,0,0,0,6,18,18,18,1026,1026,5539,215505,880,10,10,5,12
irregular-n08-t128-b00001-frandom-s06,Standard,3,true,4,5,3,0,3,0,0,0,0,0,0,0,32,160,160,160,6880,6880,40846,1077500,824,10,10,5,12
irregular-n08-t128-b00001-frandom-s06,Accelerated,0,true,1,3,0,1,1,0,0,0,0,1,0,1,1,3,3,3,219,219,1730,57620,330,9,5,4,12
irregular-n08-t128-b00001-frandom-s06,Accelerated,1,true,0,2,0,0,0,0,0,0,0,0,1,0,160,320,276,276,9084,9084,47067,841081,336,9,8,5,12
irregular-n08-t128-b00001-frandom-s06,Accelerated,2,true,0,2,0,0,0,0,0,0,0,0,1,0,6,12,12,12,684,684,4151,157671,880,10,6,5,12
irregular-n08-t128-b00001-frandom-s06,Accelerated,3,true,2,5,0,2,2,1,1,0,0,1,0,1,32,160,160,160,6880,6880,43556,1098097,16128,14,13,9,15
irregular-n08-t128-b00001-frandom-s07,Standard,0,true,4,5,3,0,3,0,0,0,0,0,0,0,1,5,5,5,365,365,2870,100779,642,10,8,5,12
irregular-n08-t128-b00001-frandom-s07,Standard,1,true,4,5,3,0,3,0,0,0,0,0,0,0,224,1120,985,985,32155,32155,169160,3425592,1040,11,9,5,12
irregular-n08-t128-b00001-frandom-s07,Standard,2,true,4,5,3,0,3,0,0,0,0,0,0,0,7,35,35,35,1995,1995,12072,445453,652,10,10,5,12
irregular-n08-t128-b00001-frandom-s07,Standard,3,true,3,4,2,0,2,0,0,0,0,0,0,0,32,128,128,128,5504,5504,30707,849338,1068,11,10,5,12
irregular-n08-t128-b00001-frandom-s07,Accelerated,0,true,3,7,0,3,3,2,0,2,0,1,0,1,1,7,7,7,511,511,3775,120763,6768,13,9,9,13
irregular-n08-t128-b00001-frandom-s07,Accelerated,1,true,3,7,0,3,3,2,0,2,0,1,0,1,224,1568,1379,1379,45017,45017,231842,4397863,16612,15,14,9,15
irregular-n08-t128-b00001-frandom-s07,Accelerated,2,true,2,5,0,2,2,1,1,0,0,1,0,1,7,35,35,35,1995,1995,13925,501255,19528,15,11,10,16
irregular-n08-t128-b00001-frandom-s07,Accelerated,3,true,1,3,0,1,1,0,0,0,0,1,0,1,32,96,96,96,4128,4128,24619,658319,1068,11,9,5,12
irregular-n08-t128-b00001-frandom-s08,Standard,0,true,3,4,2,0,2,0,0,0,0,0,0,0,1,4,4,4,292,292,2987,125405,612,10,6,5,12
irregular-n08-t128-b00001-frandom-s08,Standard,1,true,2,3,1,0,1,0,0,0,0,0,0,0,294,882,774,774,25290,25290,145212,3209795,994,10,9,6,12
irregular-n08-t128-b00001-frandom-s08,Standard,2,true,2,3,1,0,1,0,0,0,0,0,0,0,8,24,24,24,1368,1368,7829,340823,992,10,12,6,12
irregular-n08-t128-b00001-frandom-s08,Standard,3,true,2,3,1,0,1,0,0,0,0,0,0,0,42,126,111,111,4773,4773,27437,920195,1520,11,11,6,12
irregular-n08-t128-b00001-frandom-s08,Accelerated,0,true,0,2,0,0,0,0,0,0,0,0,1,0,1,2,2,2,146,146,1103,33741,158,8,5,5,12
irregular-n08-t128-b00001-frandom-s08,Accelerated,1,true,1,3,0,1,1,0,0,0,0,1,0,1,294,882,774,774,25290,25290,146394,3236689,994,10,9,6,12
irregular-n08-t128-b00001-frandom-s08,Accelerated,2,true,0,2,0,0,0,0,0,0,0,0,1,0,8,16,16,16,912,912,5925,254239,992,10,7,6,12
irregular-n08-t128-b00001-frandom-s08,Accelerated,3,true,0,2,0,0,0,0,0,0,0,0,1,0,42,84,74,74,3182,3182,19622,648484,1156,11,9,6,12
irregular-n08-t128-b00001-frandom-s09,Standard,0,true,4,5,3,0,3,0,0,0,0,0,0,0,1,5,5,5,365,365,3903,163233,506,9,7,5,12
irregular-n08-t128-b00001-frandom-s09,Standard,1,true,3,4,2,0,2,0,0,0,0,0,0,0,294,1176,1032,1032,33720,33720,193924,4020592,592,10,8,5,12
irregular-n08-t128-b00001-frandom-s09,Standard,2,true,3,4,2,0,2,0,0,0,0,0,0,0,7,28,28,28,1596,1596,8344,373236,736,10,11,6,12
irregular-n08-t128-b00001-frandom-s09,Standard,3,true,2,3,1,0,1,0,0,0,0,0,0,0,42,126,126,126,5418,5418,31501,1033010,1180,11,11,6,12
irregular-n08-t128-b00001-frandom-s09,Accelerated,0,true,2,5,0,2,2,1,0,1,0,1,0,1,1,5,5,5,365,365,3610,134013,864,10,8,6,12
irregular-n08-t128-b00001-frandom-s09,Accelerated,1,true,1,3,0,1,1,0,0,0,0,1,0,1,294,882,774,774,25290,25290,136958,2510180,164,8,7,5,12
irregular-n08-t128-b00001-frandom-s09,Accelerated,2,true,1,3,0,1,1,0,0,0,0,1,0,1,7,21,21,21,1197,1197,6681,297612,512,10,7,6,12
irregular-n08-t128-b00001-frandom-s09,Accelerated,3,true,0,2,0,0,0,0,0,0,0,0,1,0,42,84,84,84,3612,3612,22601,723593,932,10,9,6,12
irregular-n08-t128-b00001-frandom-s10,Standard,0,true,2,3,1,0,1,0,0,0,0,0,0,0,1,3,3,3,219,219,1791,62094,304,9,7,5,12
irregular-n08-t128-b00001-frandom-s10,Standard,1,true,3,4,2,0,2,0,0,0,0,0,0,0,280,1120,984,984,32136,32136,176925,3606508,544,10,9,5,12
irregular-n08-t128-b00001-frandom-s10,Standard,2,true,2,3,1,0,1,0,0,0,0,0,0,0,6,18,18,18,1026,1026,5466,242369,810,10,11,6,12
irregular-n08-t128-b00001-frandom-s10,Standard,3,true,3,4,2,0,2,0,0,0,0,0,0,0,40,160,152,152,6536,6536,39437,1187527,1002,10,11,6,12
irregular-n08-t128-b00001-frandom-s10,Accelerated,0,true,0,2,0,0,0,0,0,0,0,0,1,0,1,2,2,2,146,146,1005,27811,216,8,5,5,12
irregular-n08-t128-b00001-frandom-s10,Accelerated,1,true,0,2,0,0,0,0,0,0,0,0,1,0,280,560,492,492,16068,16068,82400,1448110,90,7,7,5,12
irregular-n08-t128-b00001-frandom-s10,Accelerated,2,true,0,2,0,0,0,0,0,0,0,0,1,0,6,12,12,12,684,684,4104,181262,810,10,6,6,12
irregular-n08-t128-b00001-frandom-s10,Accelerated,3,true,1,3,0,1,1,0,0,0,0,1,0,1,40,120,114,114,4902,4902,31622,921071,1002,10,9,6,12
irregular-n08-t128-b00001-frandom-s11,Standard,0,true,2,3,1,0,1,0,0,0,0,0,0,0,1,3,3,3,219,219,1447,53532,440,9,8,5,12
irregular-n08-t128-b00001-frandom-s11,Standard,1,true,3,4,2,0,2,0,0,0,0,0,0,0,192,768,492,492,16260,16260,80724,1661671,636,10,9,5,12
irregular-n08-t128-b00001-frandom-s11,Standard,2,true,3,4,2,0,2,0,0,0,0,0,0,0,6,24,24,24,1368,1368,8936,327158,498,9,9,5,12
irregular-n08-t128-b00001-frandom-s11,Standard,3,true,2,3,1,0,1,0,0,0,0,0,0,0,32,96,96,96,4128,4128,23018,619740,458,9,9,5,12
irregular-n08-t128-b00001-frandom-s11,Accelerated,0,true,1,3,0,1,1,0,0,0,0,1,0,1,1,3,3,3,219,219,1449,53173,440,9,7,5,12
irregular-n08-t128-b00001-frandom-s11,Accelerated,1,true,2,5,0,2,2,1,0,1,0,1,0,1,192,960,615,615,20325,20325,97907,1873183,1488,11,11,6,12
irregular-n08-t128-b00001-frandom-s11,Accelerated,2,true,1,3,0,1,1,0,0,0,0,1,0,1,6,18,18,18,1026,1026,6880,247396,498,9,6,5,12
irregular-n08-t128-b00001-frandom-s11,Accelerated,3,true,1,3,0,1,1,0,0,0,0,1,0,1,32,96,96,96,4128,4128,23824,609747,476,9,8,5,12
irregular-n08-t128-b00001-frandom-s12,Standard,0,true,4,5,3,0,3,0,0,0,0,0,0,0,1,5,5,5,365,365,2755,88065,326,9,7,4,12
irregular-n08-t128-b00001-frandom-s12,Standard,1,true,3,4,2,0,2,0,0,0,0,0,0,0,150,600,464,464,15200,15200,72862,1263227,456,9,8,4,12
irregular-n08-t128-b00001-frandom-s12,Standard,2,true,3,4,2,0,2,0,0,0,0,0,0,0,8,32,32,32,1824,1824,8198,309753,486,9,10,5,12
irregular-n08-t128-b00001-frandom-s12,Standard,3,true,2,3,1,0,1,0,0,0,0,0,0,0,30,90,90,90,3870,3870,18725,516790,840,10,10,6,12
irregular-n08-t128-b00001-frandom-s12,Accelerated,0,true,3,7,0,3,3,2,0,2,0,1,0,1,1,7,7,7,511,511,3569,105103,2764,12,9,7,12
irregular-n08-t128-b00001-frandom-s12,Accelerated,1,true,0,2,0,0,0,0,0,0,0,0,1,0,150,300,232,232,7600,7600,34342,528011,74,7,6,4,12
irregular-n08-t128-b00001-frandom-s12,Accelerated,2,true,1,3,0,1,1,0,0,0,0,1,0,1,8,24,24,24,1368,1368,6726,250836,474,9,6,5,12
irregular-n08-t128-b00001-frandom-s12,Accelerated,3,true,0,2,0,0,0,0,0,0,0,0,1,0,30,60,60,60,2580,2580,13327,354612,650,10,9,6,12
irregular-n08-t128-b00001-frandom-s13,Standard,0,true,3,4,2,0,2,0,0,0,0,0,0,0,1,4,4,4,292,292,2110,71143,324,9,6,4,12
irregular-n08-t128-b00001-frandom-s13,Standard,1,true,3,4,2,0,2,0,0,0,0,0,0,0,272,1088,952,952,31144,31144,149819,2977942,548,10,8,5,12
irregular-n08-t128-b00001-frandom-s13,Standard,2,true,4,5,3,0,3,0,0,0,0,0,0,0,7,35,35,35,1995,1995,10957,395291,434,9,10,5,12
irregular-n08-t128-b00001-frandom-s13,Standard,3,true,3,4,2,0,2,0,0,0,0,0,0,0,34,136,136,136,5848,5848,32131,897085,662,10,10,5,12
irregular-n08-t128-b00001-frandom-s13,Accelerated,0,true,0,2,0,0,0,0,0,0,0,0,1,0,1,2,2,2,146,146,866,21114,88,7,4,4,12
irregular-n08-t128-b00001-frandom-s13,Accelerated,1,true,2,5,0,2,2,1,0,1,0,1,0,1,272,1360,1190,1190,38930,38930,186094,3484249,1548,11,11,6,12
irregular-n08-t128-b00001-frandom-s13,Accelerated,2,true,2,5,0,2,2,1,1,0,0,1,0,1,7,35,35,35,1995,1995,12769,445956,7504,13,12,9,15
irregular-n08-t128-b00001-frandom-s13,Accelerated,3,true,1,3,0,1,1,0,0,0,0,1,0,1,34,102,102,102,4386,4386,25479,685110,660,10,8,5,12
irregular-n08-t128-b00001-frandom-s14,Standard,0,true,2,3,1,0,1,0,0,0,0,0,0,0,1,3,3,3,219,219,1779,86558,922,10,9,6,12
irregular-n08-t128-b00001-frandom-s14,Standard,1,true,2,3,1,0,1,0,0,0,0,0,0,0,280,840,729,729,23931,23931,130034,2945016,1332,11,10,6,12
irregular-n08-t128-b00001-frandom-s14,Standard,2,true,3,4,2,0,2,0,0,0,0,0,0,0,7,28,28,28,1596,1596,11796,523073,662,10,9,5,12
irregular-n08-t128-b00001-frandom-s14,Standard,3,true,2,3,1,0,1,0,0,0,0,0,0,0,40,120,120,120,5160,5160,33684,1090959,946,10,9,5,12
irregular-n08-t128-b00001-frandom-s14,Accelerated,0,true,1,3,0,1,1,0,0,0,0,1,0,1,1,3,3,3,219,219,1789,86262,922,10,8,6,12
irregular-n08-t128-b00001-frandom-s14,Accelerated,1,true,1,3,0,1,1,0,0,0,0,1,0,1,280,840,729,729,23931,23931,131110,2970190,1332,11,10,6,12
irregular-n08-t128-b00001-frandom-s14,Accelerated,2,true,1,3,0,1,1,0,0,0,0,1,0,1,7,21,21,21,1197,1197,9232,406521,662,10,7,5,12
irregular-n08-t128-b00001-frandom-s14,Accelerated,3,true,0,2,0,0,0,0,0,0,0,0,1,0,40,80,80,80,3440,3440,22046,703390,946,10,9,5,12
irregular-n08-t128-b00001-frandom-s15,Standard,0,true,3,4,2,0,2,0,0,0,0,0,0,0,1,4,4,4,292,292,2932,125694,870,10,9,6,12
irregular-n08-t128-b00001-frandom-s15,Standard,1,true,3,4,2,0,2,0,0,0,0,0,0,0,336,1344,1176,1176,38472,38472,218098,4918942,1170,11,9,5,12
irregular-n08-t128-b00001-frandom-s15,Standard,2,true,2,3,1,0,1,0,0,0,0,0,0,0,6,18,18,18,1026,1026,6511,274523,922,10,10,5,12
irregular-n08-t128-b00001-frandom-s15,Standard,3,true,3,4,2,0,2,0,0,0,0,0,0,0,42,168,168,168,7224,7224,45009,1307904,1014,10,10,5,12
irregular-n08-t128-b00001-frandom-s15,Accelerated,0,true,2,5,0,2,2,1,0,1,0,1,0,1,1,5,5,5,365,365,3908,159819,7008,13,8,9,13
irregular-n08-t128-b00001-frandom-s15,Accelerated,1,true,2,5,0,2,2,1,0,1,0,1,0,1,336,1680,1470,1470,48090,48090,265233,5555607,4920,13,13,7,13
irregular-n08-t128-b00001-frandom-s15,Accelerated,2,true,0,2,0,0,0,0,0,0,0,0,1,0,6,12,12,12,684,684,5030,207555,922,10,6,5,12
irregular-n08-t128-b00001-frandom-s15,Accelerated,3,true,1,3,0,1,1,0,0,0,0,1,0,1,42,126,126,126,5418,5418,35709,991572,1014,10,9,5,12
irregular-n08-t128-b00001-frandom-s16,Standard,0,true,3,4,2,0,2,0,0,0,0,0,0,0,1,4,4,4,292,292,2473,114534,740,10,8,5,12
irregular-n08-t128-b00001-frandom-s16,Standard,1,true,2,3,1,0,1,0,0,0,0,0,0,0,280,840,735,735,24045,24045,128100,2833949,1052,11,10,6,12
irregular-n08-t128-b00001-frandom-s16,Standard,2,true,3,4,2,0,2,0,0,0,0,0,0,0,7,28,28,28,1596,1596,10019,435307,632,10,10,5,12
irregular-n08-t128-b00001-frandom-s16,Standard,3,true,2,3,1,0,1,0,0,0,0,0,0,0,40,120,120,120,5160,5160,29742,947668,882,10,10,5,12
irregular-n08-t128-b00001-frandom-s16,Accelerated,0,true,0,2,0,0,0,0,0,0,0,0,1,0,1,2,2,2,146,146,1005,34074,200,8,5,4,12
irregular-n08-t128-b00001-frandom-s16,Accelerated,1,true,1,3,0,1,1,0,0,0,0,1,0,1,280,840,735,735,24045,24045,129002,2837491,1052,11,10,6,12
irregular-n08-t128-b00001-frandom-s16,Accelerated,2,true,1,3,0,1,1,0,0,0,0,1,0,1,7,21,21,21,1197,1197,7981,348228,630,10,8,5,12
irregular-n08-t128-b00001-frandom-s16,Accelerated,3,true,1,3,0,1,1,0,0,0,0,1,0,1,40,120,120,120,5160,5160,34213,1063628,918,10,9,5,12
irregular-n08-t128-b00001-frandom-s17,Standard,0,true,2,3,1,0,1,0,0,0,0,0,0,0,1,3,3,3,219,219,1611,66693,1080,11,9,6,12
irregular-n08-t128-b00001-frandom-s17,Standard,1,true,3,4,2,0,2,0,0,0,0,0,0,0,384,1536,1344,1344,43968,43968,241216,5800688,1338,11,10,6,12
irregular-n08-t128-b00001-frandom-s17,Standard,2,true,2,3,1,0,1,0,0,0,0,0,0,0,7,21,21,21,1197,1197,7290,326524,1224,11,11,6,12
irregular-n08-t128-b00001-frandom-s17,Standard,3,true,3,4,2,0,2,0,0,0,0,0,0,0,48,192,192,192,8256,8256,54710,1876474,1190,11,11,6,12
irregular-n08-t128-b00001-frandom-s17,Accelerated,0,true,1,3,0,1,1,0,0,0,0,1,0,1,1,3,3,3,219,219,1841,80594,1080,11,8,6,12
irregular-n08-t128-b00001-frandom-s17,Accelerated,1,true,2,5,0,2,2,1,0,1,0,1,0,1,384,1920,1680,1680,54960,54960,312297,7239499,5248,13,12,8,13
irregular-n08-t128-b00001-frandom-s17,Accelerated,2,true,0,2,0,0,0,0,0,0,0,0,1,0,7,14,14,14,798,798,5435,237035,1224,11,7,6,12
irregular-n08-t128-b00001-frandom-s17,Accelerated,3,true,1,3,0,1,1,0,0,0,0,1,0,1,48,144,144,144,6192,6192,44050,1484290,1190,11,9,6,12
irregular-n08-t128-b00001-frandom-s18,Standard,0,true,2,3,1,0,1,0,0,0,0,0,0,0,1,3,3,3,219,219,1351,50425,300,9,7,5,12
irregular-n08-t128-b00001-frandom-s18,Standard,1,true,3,4,2,0,2,0,0,0,0,0,0,0,196,784,688,688,22480,22480,105860,2162508,576,10,8,5,12
irregular-n08-t128-b00001-frandom-s18,Standard,2,true,3,4,2,0,2,0,0,0,0,0,0,0,6,24,24,24,1264,1264,5952,206379,324,9,9,5,12
irregular-n08-t128-b00001-frandom-s18,Standard,3,true,3,4,2,0,2,0,0,0,0,0,0,0,28,112,112,112,4816,4816,22655,590725,468,9,9,5,12
irregular-n08-t128-b00001-frandom-s18,Accelerated,0,true,1,3,0,1,1,0,0,0,0,1,0,1,1,3,3,3,219,219,1434,50569,300,9,6,5,12
irregular-n08-t128-b00001-frandom-s18,Accelerated,1,true,2,5,0,2,2,1,0,1,0,1,0,1,196,980,860,860,28100,28100,134959,2712306,1072,11,10,6,12
irregular-n08-t128-b00001-frandom-s18,Accelerated,2,true,1,3,0,1,1,0,0,0,0,1,0,1,6,18,18,18,948,948,5009,170014,324,9,7,5,12
irregular-n08-t128-b00001-frandom-s18,Accelerated,3,true,1,3,0,1,1,0,0,0,0,1,0,1,28,84,84,84,3612,3612,17562,439506,468,9,7,5,12
irregular-n08-t128-b00001-frandom-s19,Standard,0,true,2,3,1,0,1,0,0,0,0,0,0,0,1,3,3,3,219,219,1737,80263,706,10,8,6,12
irregular-n08-t128-b00001-frandom-s19,Standard,1,true,3,4,2,0,2,0,0,0,0,0,0,0,336,1344,1176,1176,38472,38472,214663,4933103,1066,11,9,6,12
irregular-n08-t128-b00001-frandom-s19,Standard,2,true,2,3,1,0,1,0,0,0,0,0,0,0,7,21,21,21,1197,1197,7182,320581,910,10,11,6,12
irregular-n08-t128-b00001-frandom-s19,Standard,3,true,2,3,1,0,1,0,0,0,0,0,0,0,42,126,126,126,5418,5418,31922,1059410,996,10,11,6,12
irregular-n08-t128-b00001-frandom-s19,Accelerated,0,true,1,3,0,1,1,0,0,0,0,1,0,1,1,3,3,3,219,219,1917,88348,706,10,7,6,12
irregular-n08-t128-b00001-frandom-s19,Accelerated,1,true,0,2,0,0,0,0,0,0,0,0,1,0,336,672,588,588,19236,19236,101455,1980710,222,8,7,6,12
irregular-n08-t128-b00001-frandom-s19,Accelerated,2,true,0,2,0,0,0,0,0,0,0,0,1,0,7,14,14,14,798,798,5517,244333,910,10,7,6,12
irregular-n08-t128-b00001-frandom-s19,Accelerated,3,true,1,3,0,1,1,0,0,0,0,1,0,1,42,126,126,126,5418,5418,37105,1192004,1004,10,9,6,12
irregular-n08-t128-b00001-frandom-s20,Standard,0,true,2,3,1,0,1,0,0,0,0,0,0,0,1,3,3,3,219,219,1433,58049,320,9,7,5,12
irregular-n08-t128-b00001-frandom-s20,Standard,1,true,3,4,2,0,2,0,0,0,0,0,0,0,224,896,760,760,24904,24904,121252,2431955,484,9,8,5,12
irregular-n08-t128-b00001-frandom-s20,Standard,2,true,2,3,1,0,1,0,0,0,0,0,0,0,7,21,21,21,1197,1197,5777,228000,368,9,9,5,12
irregular-n08-t128-b00001-frandom-s20,Standard,3,true,2,3,1,0,1,0,0,0,0,0,0,0,32,96,96,96,4128,4128,21641,619600,492,9,9,5,12
irregular-n08-t128-b00001-frandom-s20,Accelerated,0,true,1,3,0,1,1,0,0,0,0,1,0,1,1,3,3,3,219,219,1431,57477,320,9,7,5,12
irregular-n08-t128-b00001-frandom-s20,Accelerated,1,true,2,5,0,2,2,1,0,1,0,1,0,1,224,1120,950,950,31130,31130,152220,2869367,1040,11,10,6,12
irregular-n08-t128-b00001-frandom-s20,Accelerated,2,true,0,2,0,0,0,0,0,0,0,0,1,0,7,14,14,14,798,798,4378,170231,368,9,6,5,12
irregular-n08-t128-b00001-frandom-s20,Accelerated,3,true,0,2,0,0,0,0,0,0,0,0,1,0,32,64,64,64,2752,2752,15035,417864,386,9,8,5,12
irregular-n08-t128-b00008-falternating-s01,Standard,0,true,2,3,1,0,1,0,0,0,0,0,0,0,1,3,3,3,219,219,2246,88268,5219480,23,21,11,23
irregular-n08-t128-b00008-falternating-s01,Standard,1,true,2,3,1,0,1,0,0,0,0,0,0,0,152,456,363,363,11829,11829,73030,1562946,8818994,24,22,12,24
irregular-n08-t128-b00008-falternating-s01,Standard,2,true,3,4,2,0,2,0,0,0,0,0,0,0,8,32,32,32,1408,1408,8128,280410,7228176,23,23,12,24
irregular-n08-t128-b00008-falternating-s01,Standard,3,true,3,4,2,0,2,0,0,0,0,0,0,0,38,152,152,152,6536,6536,43783,1336312,8232524,23,22,12,23
irregular-n08-t128-b00008-falternating-s01,Accelerated,0,true,1,3,0,1,1,0,0,0,0,1,0,1,1,3,3,3,219,219,2246,88082,5219480,23,19,11,23
irregular-n08-t128-b00008-falternating-s01,Accelerated,1,true,1,3,0,1,1,0,0,0,0,1,0,1,152,456,363,363,11829,11829,73016,1561074,8818994,24,22,12,24
irregular-n08-t128-b00008-falternating-s01,Accelerated,2,true,2,5,0,2,2,1,1,0,0,1,0,1,8,40,40,40,1760,1760,12503,421691,10092403520,34,32,20,34
irregular-n08-t128-b00008-falternating-s01,Accelerated,3,true,1,3,0,1,1,0,0,0,0,1,0,1,38,114,114,114,4902,4902,33742,994043,8232524,23,21,12,23
irregular-n08-t128-b00008-falternating-s02,Standard,0,true,2,3,1,0,1,0,0,0,0,0,0,0,1,3,3,3,219,219,2117,80085,6497028,23,21,11,23
irregular-n08-t128-b00008-falternating-s02,Standard,1,true,3,4,2,0,2,0,0,0,0,0,0,0,144,576,512,512,16640,16640,98802,2042172,11936288,24,23,12,24
irregular-n08-t128-b00008-falternating-s02,Standard,2,true,3,4,2,0,2,0,0,0,0,0,0,0,8,32,32,32,1408,1408,7838,273040,9529692,24,24,12,24
irregular-n08-t128-b00008-falternating-s02,Standard,3,true,4,5,3,0,3,0,0,0,0,0,0,0,36,180,180,180,7740,7740,50963,1470531,11801322,24,23,12,24
irregular-n08-t128-b00008-falternating-s02,Accelerated,0,true,1,3,0,1,1,0,0,0,0,1,0,1,1,3,3,3,219,219,2117,79043,6497028,23,19,11,23
irregular-n08-t128-b00008-falternating-s02,Accelerated,1,true,0,2,0,0,0,0,0,0,0,0,1,0,144,288,256,256,8320,8320,47140,916350,5360076,23,22,12,23
irregular-n08-t128-b00008-falternating-s02,Accelerated,2,true,1,3,0,1,1,0,0,0,0,1,0,1,8,24,24,24,1056,1056,6694,228903,9529692,24,21,12,24
irregular-n08-t128-b00008-falternating-s02,Accelerated,3,true,2,5,0,2,2,1,0,1,0,1,0,1,36,180,180,180,7740,7740,55058,1528205,6676625696,33,32,14,33
irregular-n08-t128-b00008-falternating-s03,Standard,0,true,2,3,1,0,1,0,0,0,0,0,0,0,1,3,3,3,219,219,2313,98130,9392280,24,21,12,24
irregular-n08-t128-b00008-falternating-s03,Standard,1,true,3,4,2,0,2,0,0,0,0,0,0,0,160,640,496,496,16288,16288,103161,2290712,15399208,24,23,12,24
irregular-n08-t128-b00008-falternating-s03,Standard,2,true,3,4,2,0,2,0,0,0,0,0,0,0,8,32,32,32,1408,1408,8454,306243,10135332,24,24,12,24
irregular-n08-t128-b00008-falternating-s03,Standard,3,true,3,4,2,0,2,0,0,0,0,0,0,0,40,160,160,160,6880,6880,47919,1467752,14688604,24,23,12,24
irregular-n08-t128-b00008-falternating-s03,Accelerated,0,true,1,3,0,1,1,0,0,0,0,1,0,1,1,3,3,3,219,219,2313,98094,9392280,24,19,12,24
irregular-n08-t128-b00008-falternating-s03,Accelerated,1,true,2,5,0,2,2,1,0,1,0,1,0,1,160,800,620,620,20360,20360,129676,2881083,10990502400,34,33,22,34
irregular-n08-t128-b00008-falternating-s03,Accelerated,2,true,2,5,0,2,2,1,1,0,0,1,0,1,8,40,40,40,1760,1760,13021,465897,35402361552,36,33,23,36
irregular-n08-t128-b00008-falternating-s03,Accelerated,3,true,1,3,0,1,1,0,0,0,0,1,0,1,40,120,120,120,5160,5160,36436,1095791,14688604,24,22,12,24
irregular-n08-t128-b00008-falternating-s04,Standard,0,false,0,1,0,0,0,0,0,0,0,0,0,0,1,1,0,0,0,0,0,0,0,0,1,1,2
irregular-n08-t128-b00008-falternating-s04,Standard,1,true,3,4,2,0,2,0,0,0,0,0,0,0,160,640,564,564,18396,18396,114896,2471775,9328540,24,22,12,24
irregular-n08-t128-b00008-falternating-s04,Standard,2,true,4,5,3,0,3,0,0,0,0,0,0,0,8,40,40,40,1760,1760,11320,412015,6298668,23,23,12,24
irregular-n08-t128-b00008-falternating-s04,Standard,3,true,4,5,3,0,3,0,0,0,0,0,0,0,40,200,200,200,8600,8600,61156,1859339,8946764,24,23,12,24
irregular-n08-t128-b00008-falternating-s04,Accelerated,0,false,0,1,0,0,0,0,0,0,0,0,0,0,1,1,0,0,0,0,0,0,0,0,1,1,2
irregular-n08-t128-b00008-falternating-s04,Accelerated,1,true,2,5,0,2,2,1,0,1,0,1,0,1,160,800,705,705,22995,22995,142629,3031786,2710386240,32,31,20,32
irregular-n08-t128-b00008-falternating-s04,Accelerated,2,true,2,5,0,2,2,1,1,0,0,1,0,1,8,40,40,40,1760,1760,13029,462785,15759517248,34,32,22,35
irregular-n08-t128-b00008-falternating-s04,Accelerated,3,true,2,5,0,2,2,1,0,1,0,1,0,1,40,200,200,200,8600,8600,64755,1886726,3150527840,32,31,14,32
irregular-n08-t128-b00008-falternating-s05,Standard,0,true,3,4,2,0,2,0,0,0,0,0,0,0,1,4,4,4,292,292,2529,77234,4387892,23,19,11,23
irregular-n08-t128-b00008-falternating-s05,Standard,1,true,4,5,3,0,3,0,0,0,0,0,0,0,112,560,505,505,16315,16315,90509,1715421,4525804,23,21,11,23
irregular-n08-t128-b00008-falternating-s05,Standard,2,true,3,4,2,0,2,0,0,0,0,0,0,0,8,32,32,32,1408,1408,6977,212893,6076722,23,23,12,24
irregular-n08-t128-b00008-falternating-s05,Standard,3,true,3,4,2,0,2,0,0,0,0,0,0,0,28,112,112,112,4816,4816,26962,731324,6168458,23,23,12,23
irregular-n08-t128-b00008-falternating-s05,Accelerated,0,true,0,2,0,0,0,0,0,0,0,0,1,0,1,2,2,2,146,146,1073,28674,814674,20,10,10,20
irregular-n08-t128-b00008-falternating-s05,Accelerated,1,true,0,2,0,0,0,0,0,0,0,0,1,0,112,224,202,202,6526,6526,33326,579321,1109476,21,19,11,21
irregular-n08-t128-b00008-falternating-s05,Accelerated,2,true,1,3,0,1,1,0,0,0,0,1,0,1,8,24,24,24,1056,1056,5987,178248,6076722,23,18,12,24
irregular-n08-t128-b00008-falternating-s05,Accelerated,3,true,2,5,0,2,2,1,1,0,0,1,0,1,28,140,140,140,6020,6020,38620,1007704,15614959868,34,32,23,35
irregular-n08-t128-b00008-falternating-s06,Standard,0,true,3,4,2,0,2,0,0,0,0,0,0,0,1,4,4,4,292,292,2706,100540,3719588,22,20,11,22
irregular-n08-t128-b00008-falternating-s06,Standard,1,true,3,4,2,0,2,0,0,0,0,0,0,0,128,512,448,448,14656,14656,83056,1657613,3891730,22,21,11,22
irregular-n08-t128-b00008-falternating-s06,Standard,2,true,3,4,2,0,2,0,0,0,0,0,0,0,8,32,32,32,1408,1408,7267,233190,5411596,23,22,11,23
irregular-n08-t128-b00008-falternating-s06,Standard,3,true,4,5,3,0,3,0,0,0,0,0,0,0,32,160,160,160,6880,6880,41502,1149255,5749240,23,22,11,23
irregular-n08-t128-b00008-falternating-s06,Accelerated,0,true,2,5,0,2,2,1,0,1,0,1,0,1,1,5,5,5,365,365,3353,123238,1112072544,31,28,20,31
irregular-n08-t128-b00008-falternating-s06,Accelerated,1,true,1,3,0,1,1,0,0,0,0,1,0,1,128,384,336,336,10992,10992,61656,1208772,3214640,22,21,11,22
irregular-n08-t128-b00008-falternating-s06,Accelerated,2,true,1,3,0,1,1,0,0,0,0,1,0,1,8,24,24,24,1056,1056,6100,189546,5411596,23,20,11,23
irregular-n08-t128-b00008-falternating-s06,Accelerated,3,true,2,5,0,2,2,1,0,1,0,1,0,1,32,160,160,160,6880,6880,44068,1153144,2307295072,32,31,13,32
irregular-n08-t128-b00008-falternating-s07,Standard,0,true,3,4,2,0,2,0,0,0,0,0,0,0,1,4,4,4,292,292,2505,90275,3349948,22,20,11,22
irregular-n08-t128-b00008-falternating-s07,Standard,1,true,3,4,2,0,2,0,0,0,0,0,0,0,128,512,404,404,13148,13148,72036,1430993,5833832,23,22,11,23
irregular-n08-t128-b00008-falternating-s07,Standard,2,true,3,4,2,0,2,0,0,0,0,0,0,0,8,32,32,32,1408,1408,7233,231144,5574090,23,22,11,23
irregular-n08-t128-b00008-falternating-s07,Standard,3,true,4,5,3,0,3,0,0,0,0,0,0,0,32,160,160,160,6880,6880,41007,1113318,5327964,23,22,11,23
irregular-n08-t128-b00008-falternating-s07,Accelerated,0,true,2,5,0,2,2,1,0,1,0,1,0,1,1,5,5,5,365,365,3230,117301,1710616336,31,28,20,31
irregular-n08-t128-b00008-falternating-s07,Accelerated,1,true,2,5,0,2,2,1,0,1,0,1,0,1,128,640,505,505,16435,16435,89530,1756613,730141328,30,29,19,30
irregular-n08-t128-b00008-falternating-s07,Accelerated,2,true,1,3,0,1,1,0,0,0,0,1,0,1,8,24,24,24,1056,1056,6107,189297,5574090,23,21,11,23
irregular-n08-t128-b00008-falternating-s07,Accelerated,3,true,2,5,0,2,2,1,0,1,0,1,0,1,32,160,160,160,6880,6880,42468,1079173,2572014584,32,31,13,32
irregular-n08-t128-b00008-falternating-s08,Standard,0,true,2,3,1,0,1,0,0,0,0,0,0,0,1,3,3,3,219,219,2318,100511,6783088,23,21,12,23
irregular-n08-t128-b00008-falternating-s08,Standard,1,true,3,4,2,0,2,0,0,0,0,0,0,0,168,672,380,380,12548,12548,79898,1798912,7562576,23,22,11,23
irregular-n08-t128-b00008-falternating-s08,Standard,2,true,4,5,3,0,3,0,0,0,0,0,0,0,8,40,40,40,1760,1760,12104,451200,8496352,24,23,12,24
irregular-n08-t128-b00008-falternating-s08,Standard,3,true,3,4,2,0,2,0,0,0,0,0,0,0,42,168,168,168,7224,7224,51048,1617825,8505448,24,22,12,24
irregular-n08-t128-b00008-falternating-s08,Accelerated,0,true,1,3,0,1,1,0,0,0,0,1,0,1,1,3,3,3,219,219,2318,100511,6783088,23,20,12,23
irregular-n08-t128-b00008-falternating-s08,Accelerated,1,true,2,5,0,2,2,1,0,1,0,1,0,1,168,840,475,475,15685,15685,100530,2284553,3776896560,32,31,20,32
irregular-n08-t128-b00008-falternating-s08,Accelerated,2,true,2,5,0,2,2,1,1,0,0,1,0,1,8,40,40,40,1760,1760,13063,476836,9882768768,34,32,20,34
irregular-n08-t128-b00008-falternating-s08,Accelerated,3,true,1,3,0,1,1,0,0,0,0,1,0,1,42,126,126,126,5418,5418,38627,1198326,8505448,24,21,12,24
irregular-n08-t128-b00008-falternating-s09,Standard,0,true,3,4,2,0,2,0,0,0,0,0,0,0,1,4,4,4,292,292,3515,149192,6371944,23,21,12,23
irregular-n08-t128-b00008-falternating-s09,Standard,1,true,3,4,2,0,2,0,0,0,0,0,0,0,168,672,596,596,19388,19388,128170,2888786,7250126,23,22,11,23
irregular-n08-t128-b00008-falternating-s09,Standard,2,true,3,4,2,0,2,0,0,0,0,0,0,0,8,32,32,32,1408,1408,9025,327774,8868960,24,23,12,24
irregular-n08-t128-b00008-falternating-s09,Standard,3,true,4,5,3,0,3,0,0,0,0,0,0,0,42,210,210,210,9030,9030,66474,2086134,9589720,24,23,12,24
irregular-n08-t128-b00008-falternating-s09,Accelerated,0,true,2,5,0,2,2,1,0,1,0,1,0,1,1,5,5,5,365,365,4429,186444,3413458980,32,28,21,32
irregular-n08-t128-b00008-falternating-s09,Accelerated,1,true,1,3,0,1,1,0,0,0,0,1,0,1,168,504,447,447,14541,14541,94448,2085770,5455792,23,21,11,23
irregular-n08-t128-b00008-falternating-s09,Accelerated,2,true,1,3,0,1,1,0,0,0,0,1,0,1,8,24,24,24,1056,1056,7624,270298,8868960,24,20,12,24
irregular-n08-t128-b00008-falternating-s09,Accelerated,3,true,2,5,0,2,2,1,0,1,0,1,0,1,42,210,210,210,9030,9030,72808,2195673,4419509624,33,32,14,33
irregular-n08-t128-b00008-falternating-s10,Standard,0,true,2,3,1,0,1,0,0,0,0,0,0,0,1,3,3,3,219,219,2275,90014,7704600,23,21,12,23
irregular-n08-t128-b00008-falternating-s10,Standard,1,true,2,3,1,0,1,0,0,0,0,0,0,0,160,480,399,399,13017,13017,79398,1687964,12946612,24,23,12,24
irregular-n08-t128-b00008-falternating-s10,Standard,2,true,3,4,2,0,2,0,0,0,0,0,0,0,8,32,32,32,1408,1408,8422,292231,11627084,24,24,12,24
irregular-n08-t128-b00008-falternating-s10,Standard,3,true,3,4,2,0,2,0,0,0,0,0,0,0,40,160,160,160,6880,6880,44550,1356432,11116390,24,23,12,24
irregular-n08-t128-b00008-falternating-s10,Accelerated,0,true,1,3,0,1,1,0,0,0,0,1,0,1,1,3,3,3,219,219,2275,89714,7704600,23,19,12,23
irregular-n08-t128-b00008-falternating-s10,Accelerated,1,true,1,3,0,1,1,0,0,0,0,1,0,1,160,480,399,399,13017,13017,79398,1685324,12946612,24,23,12,24
irregular-n08-t128-b00008-falternating-s10,Accelerated,2,true,1,3,0,1,1,0,0,0,0,1,0,1,8,24,24,24,1056,1056,7174,242904,11627084,24,22,12,24
irregular-n08-t128-b00008-falternating-s10,Accelerated,3,true,1,3,0,1,1,0,0,0,0,1,0,1,40,120,120,120,5160,5160,35660,1051574,11116390,24,22,12,24
irregular-n08-t128-b00008-falternating-s11,Standard,0,false,0,1,0,0,0,0,0,0,0,0,0,0,1,1,0,0,0,0,0,0,0,0,1,1,2
irregular-n08-t128-b00008-falternating-s11,Standard,1,true,3,4,2,0,2,0,0,0,0,0,0,0,128,512,452,452,14732,14732,89421,1829264,9149400,24,22,12,24
irregular-n08-t128-b00008-falternating-s11,Standard,2,true,4,5,3,0,3,0,0,0,0,0,0,0,8,40,40,40,1760,1760,10264,328493,7395806,23,23,12,24
irregular-n08-t128-b00008-falternating-s11,Standard,3,true,4,5,3,0,3,0,0,0,0,0,0,0,32,160,160,160,6880,6880,44712,1254426,8311090,23,23,12,23
irregular-n08-t128-b00008-falternating-s11,Accelerated,0,false,0,1,0,0,0,0,0,0,0,0,0,0,1,1,0,0,0,0,0,0,0,0,1,1,2
irregular-n08-t128-b00008-falternating-s11,Accelerated,1,true,1,3,0,1,1,0,0,0,0,1,0,1,128,384,339,339,11049,11049,65718,1307789,4157532,22,21,12,22
irregular-n08-t128-b00008-falternating-s11,Accelerated,2,true,3,7,0,3,3,2,2,0,0,1,0,1,8,56,56,56,2464,2464,17095,541090,13553857756560,44,42,32,56
irregular-n08-t128-b00008-falternating-s11,Accelerated,3,true,2,5,0,2,2,1,1,0,0,1,0,1,32,160,160,160,6880,6880,48847,1325323,5561219660,33,31,20,33
irregular-n08-t128-b00008-falternating-s12,Standard,0,true,3,4,2,0,2,0,0,0,0,0,0,0,1,4,4,4,292,292,2727,86313,2974920,22,19,11,22
irregular-n08-t128-b00008-falternating-s12,Standard,1,true,4,5,3,0,3,0,0,0,0,0,0,0,120,600,540,540,17460,17460,99720,1930873,3262572,22,20,11,22
irregular-n08-t128-b00008-falternating-s12,Standard,2,true,3,4,2,0,2,0,0,0,0,0,0,0,8,32,32,32,1408,1408,7500,233170,4239278,23,22,11,23
irregular-n08-t128-b00008-falternating-s12,Standard,3,true,3,4,2,0,2,0,0,0,0,0,0,0,30,120,120,120,5160,5160,30107,810782,4449830,23,22,11,23
irregular-n08-t128-b00008-falternating-s12,Accelerated,0,true,0,2,0,0,0,0,0,0,0,0,1,0,1,2,2,2,146,146,1155,32531,684250,20,11,11,20
irregular-n08-t128-b00008-falternating-s12,Accelerated,1,true,0,2,0,0,0,0,0,0,0,0,1,0,120,240,216,216,6984,6984,36681,650942,708786,20,18,11,20
irregular-n08-t128-b00008-falternating-s12,Accelerated,2,true,1,3,0,1,1,0,0,0,0,1,0,1,8,24,24,24,1056,1056,6450,195666,4239278,23,17,11,23
irregular-n08-t128-b00008-falternating-s12,Accelerated,3,true,2,5,0,2,2,1,0,1,0,1,0,1,30,150,150,150,6450,6450,43668,1131064,9225377480,34,31,22,34
irregular-n08-t128-b00008-falternating-s13,Standard,0,true,2,3,1,0,1,0,0,0,0,0,0,0,1,3,3,3,219,219,2053,82162,4428732,23,18,11,23
irregular-n08-t128-b00008-falternating-s13,Standard,1,true,2,3,1,0,1,0,0,0,0,0,0,0,136,408,324,324,10728,10728,62773,1285027,6190738,23,22,11,23
irregular-n08-t128-b00008-falternating-s13,Standard,2,true,3,4,2,0,2,0,0,0,0,0,0,0,8,32,32,32,1408,1408,8447,281042,5430066,23,22,11,23
irregular-n08-t128-b00008-falternating-s13,Standard,3,true,4,5,3,0,3,0,0,0,0,0,0,0,34,170,170,170,7310,7310,47488,1289485,5482948,23,21,11,23
irregular-n08-t128-b00008-falternating-s13,Accelerated,0,true,1,3,0,1,1,0,0,0,0,1,0,1,1,3,3,3,219,219,2053,82122,4428732,23,16,11,23
irregular-n08-t128-b00008-falternating-s13,Accelerated,1,true,1,3,0,1,1,0,0,0,0,1,0,1,136,408,324,324,10728,10728,62773,1283895,6190738,23,22,11,23
irregular-n08-t128-b00008-falternating-s13,Accelerated,2,true,1,3,0,1,1,0,0,0,0,1,0,1,8,24,24,24,1056,1056,6452,209188,5430066,23,21,11,23
irregular-n08-t128-b00008-falternating-s13,Accelerated,3,true,2,5,0,2,2,1,0,1,0,1,0,1,34,170,170,170,7310,7310,48065,1243763,2191331544,32,31,13,32
irregular-n08-t128-b00008-falternating-s14,Standard,0,true,3,4,2,0,2,0,0,0,0,0,0,0,1,4,4,4,292,292,3079,123700,3871716,22,19,11,22
irregular-n08-t128-b00008-falternating-s14,Standard,1,true,3,4,2,0,2,0,0,0,0,0,0,0,160,640,524,524,16916,16916,102351,2182428,7192714,23,22,11,23
irregular-n08-t128-b00008-falternating-s14,Standard,2,true,3,4,2,0,2,0,0,0,0,0,0,0,8,32,32,32,1408,1408,8119,295749,6378042,23,23,12,24
irregular-n08-t128-b00008-falternating-s14,Standard,3,true,4,5,3,0,3,0,0,0,0,0,0,0,40,200,200,200,8600,8600,58477,1766503,7925948,23,23,12,23
irregular-n08-t128-b00008-falternating-s14,Accelerated,0,true,1,3,0,1,1,0,0,0,0,1,0,1,1,3,3,3,219,219,2223,86828,2396100,22,13,11,22
irregular-n08-t128-b00008-falternating-s14,Accelerated,1,true,2,5,0,2,2,1,0,1,0,1,0,1,160,800,655,655,21145,21145,129190,2774051,1749984288,31,30,19,31
irregular-n08-t128-b00008-falternating-s14,Accelerated,2,true,1,3,0,1,1,0,0,0,0,1,0,1,8,24,24,24,1056,1056,6863,246921,6378042,23,20,12,24
irregular-n08-t128-b00008-falternating-s14,Accelerated,3,true,2,5,0,2,2,1,0,1,0,1,0,1,40,200,200,200,8600,8600,63858,1869222,1440220144,31,30,14,31
irregular-n08-t128-b00008-falternating-s15,Standard,0,true,2,3,1,0,1,0,0,0,0,0,0,0,1,3,3,3,219,219,2595,113519,8505870,24,21,12,24
irregular-n08-t128-b00008-falternating-s15,Standard,1,true,2,3,1,0,1,0,0,0,0,0,0,0,168,504,441,441,14427,14427,95731,2136491,9313098,24,22,12,24
irregular-n08-t128-b00008-falternating-s15,Standard,2,true,4,5,3,0,3,0,0,0,0,0,0,0,8,40,40,40,1760,1760,12986,476059,10663614,24,23,12,24
irregular-n08-t128-b00008-falternating-s15,Standard,3,true,3,4,2,0,2,0,0,0,0,0,0,0,42,168,168,168,7224,7224,51353,1627964,10210572,24,23,12,24
irregular-n08-t128-b00008-falternating-s15,Accelerated,0,true,1,3,0,1,1,0,0,0,0,1,0,1,1,3,3,3,219,219,2595,113129,8505870,24,19,12,24
irregular-n08-t128-b00008-falternating-s15,Accelerated,1,true,1,3,0,1,1,0,0,0,0,1,0,1,168,504,441,441,14427,14427,95731,2133465,9313098,24,22,12,24
irregular-n08-t128-b00008-falternating-s15,Accelerated,2,true,2,5,0,2,2,1,1,0,0,1,0,1,8,40,40,40,1760,1760,14094,506353,12147615792,34,32,21,35
irregular-n08-t128-b00008-falternating-s15,Accelerated,3,true,1,3,0,1,1,0,0,0,0,1,0,1,42,126,126,126,5418,5418,41296,1287584,11188800,24,22,12,24
irregular-n08-t128-b00008-falternating-s16,Standard,0,true,2,3,1,0,1,0,0,0,0,0,0,0,1,3,3,3,219,219,2257,94888,8133124,23,21,12,23
irregular-n08-t128-b00008-falternating-s16,Standard,1,true,2,3,1,0,1,0,0,0,0,0,0,0,160,480,378,378,12366,12366,76047,1638291,13771484,24,23,12,24
irregular-n08-t128-b00008-falternating-s16,Standard,2,true,3,4,2,0,2,0,0,0,0,0,0,0,8,32,32,32,1408,1408,8909,322134,11115572,24,23,12,24
irregular-n08-t128-b00008-falternating-s16,Standard,3,true,4,5,3,0,3,0,0,0,0,0,0,0,40,200,200,200,8600,8600,58112,1757195,10213656,24,23,12,24
irregular-n08-t128-b00008-falternating-s16,Accelerated,0,true,1,3,0,1,1,0,0,0,0,1,0,1,1,3,3,3,219,219,2257,94758,8133124,23,20,12,23
irregular-n08-t128-b00008-falternating-s16,Accelerated,1,true,1,3,0,1,1,0,0,0,0,1,0,1,160,480,378,378,12366,12366,76047,1636941,13771484,24,23,12,24
irregular-n08-t128-b00008-falternating-s16,Accelerated,2,true,1,3,0,1,1,0,0,0,0,1,0,1,8,24,24,24,1056,1056,7041,249236,11115572,24,22,12,24
irregular-n08-t128-b00008-falternating-s16,Accelerated,3,true,3,7,0,3,3,2,1,1,0,1,0,1,40,280,280,280,12040,12040,90196,2632283,8512838562688,43,43,24,43
irregular-n08-t128-b00008-falternating-s17,Standard,0,true,3,4,2,0,2,0,0,0,0,0,0,0,1,4,4,4,292,292,3761,180339,9923256,24,22,12,24
irregular-n08-t128-b00008-falternating-s17,Standard,1,true,3,4,2,0,2,0,0,0,0,0,0,0,192,768,436,436,14332,14332,100556,2454422,10353596,24,23,11,24
irregular-n08-t128-b00008-falternating-s17,Standard,2,true,3,4,2,0,2,0,0,0,0,0,0,0,8,32,32,32,1408,1408,9516,366392,14164488,24,24,12,25
irregular-n08-t128-b00008-falternating-s17,Standard,3,true,4,5,3,0,3,0,0,0,0,0,0,0,48,240,240,240,10320,10320,78278,2569960,14822136,24,24,12,25
irregular-n08-t128-b00008-falternating-s17,Accelerated,0,true,1,3,0,1,1,0,0,0,0,1,0,1,1,3,3,3,219,219,2721,127427,8514640,24,20,12,24
irregular-n08-t128-b00008-falternating-s17,Accelerated,1,true,1,3,0,1,1,0,0,0,0,1,0,1,192,576,327,327,10749,10749,74164,1776803,8423548,24,22,11,24
irregular-n08-t128-b00008-falternating-s17,Accelerated,2,true,1,3,0,1,1,0,0,0,0,1,0,1,8,24,24,24,1056,1056,8064,303414,14164488,24,22,12,24
irregular-n08-t128-b00008-falternating-s17,Accelerated,3,true,2,5,0,2,2,1,0,1,0,1,0,1,48,240,240,240,10320,10320,84534,2637634,13706341840,34,33,14,34
irregular-n08-t128-b00008-falternating-s18,Standard,0,true,2,3,1,0,1,0,0,0,0,0,0,0,1,3,3,3,219,219,1715,53438,2065328,21,19,11,21
irregular-n08-t128-b00008-falternating-s18,Standard,1,true,3,4,2,0,2,0,0,0,0,0,0,0,112,448,372,372,12156,12156,63524,1174493,4078822,22,21,11,22
irregular-n08-t128-b00008-falternating-s18,Standard,2,true,3,4,2,0,2,0,0,0,0,0,0,0,8,32,32,32,1408,1408,6492,189807,3634134,22,22,11,23
irregular-n08-t128-b00008-falternating-s18,Standard,3,true,4,5,3,0,3,0,0,0,0,0,0,0,28,140,140,140,6020,6020,33439,847418,3912336,22,21,11,22
irregular-n08-t128-b00008-falternating-s18,Accelerated,0,true,1,3,0,1,1,0,0,0,0,1,0,1,1,3,3,3,219,219,1715,52048,2065328,21,18,11,21
irregular-n08-t128-b00008-falternating-s18,Accelerated,1,true,2,5,0,2,2,1,0,1,0,1,0,1,112,560,465,465,15195,15195,78847,1426098,1516547032,31,30,20,31
irregular-n08-t128-b00008-falternating-s18,Accelerated,2,true,1,3,0,1,1,0,0,0,0,1,0,1,8,24,24,24,1056,1056,5488,153890,3634134,22,21,11,22
irregular-n08-t128-b00008-falternating-s18,Accelerated,3,true,2,5,0,2,2,1,0,1,0,1,0,1,28,140,140,140,6020,6020,33573,777590,1578924416,31,30,13,31
irregular-n08-t128-b00008-falternating-s19,Standard,0,true,3,4,2,0,2,0,0,0,0,0,0,0,1,4,4,4,292,292,3480,152602,8997784,24,21,12,24
irregular-n08-t128-b00008-falternating-s19,Standard,1,true,2,3,1,0,1,0,0,0,0,0,0,0,168,504,444,444,14484,14484,93981,2081649,15479976,24,23,12,24
irregular-n08-t128-b00008-falternating-s19,Standard,2,true,4,5,3,0,3,0,0,0,0,0,0,0,8,40,40,40,1760,1760,11879,441417,11636976,24,24,12,24
irregular-n08-t128-b00008-falternating-s19,Standard,3,true,3,4,2,0,2,0,0,0,0,0,0,0,42,168,168,168,7224,7224,51127,1633670,14880652,24,23,12,24
irregular-n08-t128-b00008-falternating-s19,Accelerated,0,true,1,3,0,1,1,0,0,0,0,1,0,1,1,3,3,3,219,219,2497,106599,8123040,23,19,12,23
irregular-n08-t128-b00008-falternating-s19,Accelerated,1,true,1,3,0,1,1,0,0,0,0,1,0,1,168,504,444,444,14484,14484,93978,2078733,15479976,24,23,12,24
irregular-n08-t128-b00008-falternating-s19,Accelerated,2,true,2,5,0,2,2,1,1,0,0,1,0,1,8,40,40,40,1760,1760,13685,498296,30798756800,35,32,23,36
irregular-n08-t128-b00008-falternating-s19,Accelerated,3,true,1,3,0,1,1,0,0,0,0,1,0,1,42,126,126,126,5418,5418,40264,1251417,14880652,24,22,12,24
irregular-n08-t128-b00008-falternating-s20,Standard,0,true,3,4,2,0,2,0,0,0,0,0,0,0,1,4,4,4,292,292,2820,96224,5015964,23,20,11,23
irregular-n08-t128-b00008-falternating-s20,Standard,1,true,3,4,2,0,2,0,0,0,0,0,0,0,128,512,428,428,13940,13940,81140,1617412,8931580,24,22,11,24
irregular-n08-t128-b00008-falternating-s20,Standard,2,true,4,5,3,0,3,0,0,0,0,0,0,0,8,40,40,40,1760,1760,9927,322559,6924460,23,23,12,24
irregular-n08-t128-b00008-falternating-s20,Standard,3,true,3,4,2,0,2,0,0,0,0,0,0,0,32,128,128,128,5504,5504,33032,915805,9383280,24,23,12,24
irregular-n08-t128-b00008-falternating-s20,Accelerated,0,true,1,3,0,1,1,0,0,0,0,1,0,1,1,3,3,3,219,219,2020,65181,3712192,22,16,11,22
irregular-n08-t128-b00008-falternating-s20,Accelerated,1,true,1,3,0,1,1,0,0,0,0,1,0,1,128,384,321,321,10455,10455,59612,1153246,7201310,23,22,11,23
irregular-n08-t128-b00008-falternating-s20,Accelerated,2,true,2,5,0,2,2,1,1,0,0,1,0,1,8,40,40,40,1760,1760,11688,370280,5824535432,33,30,21,34
irregular-n08-t128-b00008-falternating-s20,Accelerated,3,true,1,3,0,1,1,0,0,0,0,1,0,1,32,96,96,96,4128,4128,26776,720557,9383280,24,22,12,24
irregular-n08-t128-b00008-frandom-s01,Standard,0,true,3,4,2,0,2,0,0,0,0,0,0,0,1,4,4,4,292,292,2674,109897,4247828,23,21,11,23
irregular-n08-t128-b00008-frandom-s01,Standard,1,true,3,4,2,0,2,0,0,0,0,0,0,0,304,1216,976,976,31984,31984,175013,3708979,6245884,23,22,11,23
irregular-n08-t128-b00008-frandom-s01,Standard,2,true,2,3,1,0,1,0,0,0,0,0,0,0,8,24,24,24,1368,1368,7266,304816,5129346,23,23,12,24
irregular-n08-t128-b00008-frandom-s01,Standard,3,true,2,3,1,0,1,0,0,0,0,0,0,0,38,114,108,108,4644,4644,26312,819909,6832684,23,23,12,24
irregular-n08-t128-b00008-frandom-s01,Accelerated,0,true,2,5,0,2,2,1,0,1,0,1,0,1,1,5,5,5,365,365,3091,119060,622608896,30,29,19,31
irregular-n08-t128-b00008-frandom-s01,Accelerated,1,true,2,5,0,2,2,1,0,1,0,1,0,1,304,1520,1220,1220,39980,39980,210986,4188163,899310560,30,30,17,30
irregular-n08-t128-b00008-frandom-s01,Accelerated,2,true,0,2,0,0,0,0,0,0,0,0,1,0,8,16,16,16,912,912,5506,227023,5129346,23,20,12,24
irregular-n08-t128-b00008-frandom-s01,Accelerated,3,true,0,2,0,0,0,0,0,0,0,0,1,0,38,76,72,72,3096,3096,18918,570963,6259886,23,22,12,24
irregular-n08-t128-b00008-frandom-s02,Standard,0,true,3,4,2,0,2,0,0,0,0,0,0,0,1,4,4,4,292,292,2809,132705,4418388,23,20,12,23
irregular-n08-t128-b00008-frandom-s02,Standard,1,true,3,4,2,0,2,0,0,0,0,0,0,0,288,1152,1008,1008,32976,32976,181618,4190459,6425964,23,22,12,24
irregular-n08-t128-b00008-frandom-s02,Standard,2,true,2,3,1,0,1,0,0,0,0,0,0,0,8,24,24,24,1368,1368,7657,324976,5847336,23,23,12,24
irregular-n08-t128-b00008-frandom-s02,Standard,3,true,3,4,2,0,2,0,0,0,0,0,0,0,36,144,144,144,6192,6192,38107,1156386,6322792,23,23,12,24
irregular-n08-t128-b00008-frandom-s02,Accelerated,0,true,2,5,0,2,2,1,0,1,0,1,0,1,1,5,5,5,365,365,3599,160689,936582912,30,28,20,31
irregular-n08-t128-b00008-frandom-s02,Accelerated,1,true,2,5,0,2,2,1,0,1,0,1,0,1,288,1440,1260,1260,41220,41220,220751,4741665,1611797312,31,31,19,31
irregular-n08-t128-b00008-frandom-s02,Accelerated,2,true,0,2,0,0,0,0,0,0,0,0,1,0,8,16,16,16,912,912,5842,244763,5847336,23,13,12,24
irregular-n08-t128-b00008-frandom-s02,Accelerated,3,true,2,5,0,2,2,1,0,1,0,1,0,1,36,180,180,180,7740,7740,53488,1569203,14396200568,34,33,23,35
irregular-n08-t128-b00008-frandom-s03,Standard,0,true,3,4,2,0,2,0,0,0,0,0,0,0,1,4,4,4,292,292,2294,99477,5595844,23,21,12,23
irregular-n08-t128-b00008-frandom-s03,Standard,1,true,3,4,2,0,2,0,0,0,0,0,0,0,320,1280,1120,1120,36640,36640,202461,4592083,8671792,24,22,12,24
irregular-n08-t128-b00008-frandom-s03,Standard,2,true,3,4,2,0,2,0,0,0,0,0,0,0,8,32,32,32,1824,1824,12600,511810,5252616,23,22,12,24
irregular-n08-t128-b00008-frandom-s03,Standard,3,true,2,3,1,0,1,0,0,0,0,0,0,0,40,120,120,120,5160,5160,30460,940013,6328956,23,23,12,24
irregular-n08-t128-b00008-frandom-s03,Accelerated,0,true,2,5,0,2,2,1,0,1,0,1,0,1,1,5,5,5,365,365,2638,104977,1476584520,31,28,18,33
irregular-n08-t128-b00008-frandom-s03,Accelerated,1,true,2,5,0,2,2,1,0,1,0,1,0,1,320,1600,1400,1400,45800,45800,255088,5499277,2316298400,32,31,20,32
irregular-n08-t128-b00008-frandom-s03,Accelerated,2,true,1,3,0,1,1,0,0,0,0,1,0,1,8,24,24,24,1368,1368,10532,417669,5252616,23,19,12,24
irregular-n08-t128-b00008-frandom-s03,Accelerated,3,true,1,3,0,1,1,0,0,0,0,1,0,1,40,120,120,120,5160,5160,33767,992444,6428960,23,22,12,24
irregular-n08-t128-b00008-frandom-s04,Standard,0,true,2,3,1,0,1,0,0,0,0,0,0,0,1,3,3,3,219,219,1643,70063,3598704,22,21,12,23
irregular-n08-t128-b00008-frandom-s04,Standard,1,true,2,3,1,0,1,0,0,0,0,0,0,0,320,960,840,840,27480,27480,142248,3249730,4782424,23,21,12,24
irregular-n08-t128-b00008-frandom-s04,Standard,2,true,2,3,1,0,1,0,0,0,0,0,0,0,8,24,24,24,1368,1368,7803,329907,3561186,22,23,12,24
irregular-n08-t128-b00008-frandom-s04,Standard,3,true,2,3,1,0,1,0,0,0,0,0,0,0,40,120,120,120,5160,5160,29890,977550,4142396,22,22,12,24
irregular-n08-t128-b00008-frandom-s04,Accelerated,0,true,1,3,0,1,1,0,0,0,0,1,0,1,1,3,3,3,219,219,1852,81422,3598704,22,19,12,23
irregular-n08-t128-b00008-frandom-s04,Accelerated,1,true,1,3,0,1,1,0,0,0,0,1,0,1,320,960,840,840,27480,27480,144149,3291477,4782424,23,21,12,24
irregular-n08-t128-b00008-frandom-s04,Accelerated,2,true,0,2,0,0,0,0,0,0,0,0,1,0,8,16,16,16,912,912,5951,246622,3561186,22,13,12,24
irregular-n08-t128-b00008-frandom-s04,Accelerated,3,true,0,2,0,0,0,0,0,0,0,0,1,0,40,80,80,80,3440,3440,21496,690017,4142396,22,21,12,24
irregular-n08-t128-b00008-frandom-s05,Standard,0,true,2,3,1,0,1,0,0,0,0,0,0,0,1,3,3,3,219,219,1400,54243,6333208,23,21,12,23
irregular-n08-t128-b00008-frandom-s05,Standard,1,true,2,3,1,0,1,0,0,0,0,0,0,0,224,672,588,588,19236,19236,90140,1921177,8893374,24,22,12,24
irregular-n08-t128-b00008-frandom-s05,Standard,2,true,4,5,3,0,3,0,0,0,0,0,0,0,8,40,40,40,2280,2280,14679,532324,4862878,23,22,11,23
irregular-n08-t128-b00008-frandom-s05,Standard,3,true,3,4,2,0,2,0,0,0,0,0,0,0,28,112,112,112,4816,4816,27088,751201,4713532,23,22,11,23
irregular-n08-t128-b00008-frandom-s05,Accelerated,0,true,1,3,0,1,1,0,0,0,0,1,0,1,1,3,3,3,219,219,1467,57986,6333208,23,20,12,23
irregular-n08-t128-b00008-frandom-s05,Accelerated,1,true,1,3,0,1,1,0,0,0,0,1,0,1,224,672,588,588,19236,19236,91276,1954103,8893374,24,22,12,24
irregular-n08-t128-b00008-frandom-s05,Accelerated,2,true,2,5,0,2,2,1,0,1,0,1,0,1,8,40,40,40,2280,2280,15714,543297,5523484752,33,31,20,33
irregular-n08-t128-b00008-frandom-s05,Accelerated,3,true,2,5,0,2,2,1,1,0,0,1,0,1,28,140,140,140,6020,6020,35955,978907,8517631248,33,32,21,34
irregular-n08-t128-b00008-frandom-s06,Standard,0,true,3,4,2,0,2,0,0,0,0,0,0,0,1,4,4,4,292,292,2178,86327,2267692,22,19,11,22
irregular-n08-t128-b00008-frandom-s06,Standard,1,true,3,4,2,0,2,0,0,0,0,0,0,0,256,1024,896,896,29312,29312,139956,3013529,2764250,22,21,11,22
irregular-n08-t128-b00008-frandom-s06,Standard,2,true,2,3,1,0,1,0,0,0,0,0,0,0,8,24,24,24,1368,1368,6481,250962,2888472,22,23,12,23
irregular-n08-t128-b00008-frandom-s06,Standard,3,true,2,3,1,0,1,0,0,0,0,0,0,0,32,96,96,96,4128,4128,20895,628276,4050684,22,23,11,23
irregular-n08-t128-b00008-frandom-s06,Accelerated,0,true,0,2,0,0,0,0,0,0,0,0,1,0,1,2,2,2,146,146,998,32364,309712,19,10,10,19
irregular-n08-t128-b00008-frandom-s06,Accelerated,1,true,2,5,0,2,2,1,0,1,0,1,0,1,256,1280,1120,1120,36640,36640,171817,3430332,415689400,29,29,18,29
irregular-n08-t128-b00008-frandom-s06,Accelerated,2,true,0,2,0,0,0,0,0,0,0,0,1,0,8,16,16,16,912,912,4912,185986,2888472,22,12,12,23
irregular-n08-t128-b00008-frandom-s06,Accelerated,3,true,1,3,0,1,1,0,0,0,0,1,0,1,32,96,96,96,4128,4128,23435,677744,3151484,22,21,11,23
irregular-n08-t128-b00008-frandom-s07,Standard,0,true,3,4,2,0,2,0,0,0,0,0,0,0,1,4,4,4,292,292,1847,74928,1850422,21,20,12,22
irregular-n08-t128-b00008-frandom-s07,Standard,1,true,2,3,1,0,1,0,0,0,0,0,0,0,256,768,672,672,21984,21984,104274,2148929,2679530,22,21,12,24
irregular-n08-t128-b00008-frandom-s07,Standard,2,true,2,3,1,0,1,0,0,0,0,0,0,0,8,24,24,24,1368,1368,6286,245660,3511428,22,23,12,24
irregular-n08-t128-b00008-frandom-s07,Standard,3,true,2,3,1,0,1,0,0,0,0,0,0,0,32,96,96,96,4128,4128,20717,600908,4863442,23,23,12,23
irregular-n08-t128-b00008-frandom-s07,Accelerated,0,true,2,5,0,2,2,1,0,1,0,1,0,1,1,5,5,5,365,365,2115,77694,201721752,28,22,12,30
irregular-n08-t128-b00008-frandom-s07,Accelerated,1,true,1,3,0,1,1,0,0,0,0,1,0,1,256,768,672,672,21984,21984,104274,2148329,2679530,22,21,12,24
irregular-n08-t128-b00008-frandom-s07,Accelerated,2,true,0,2,0,0,0,0,0,0,0,0,1,0,8,16,16,16,912,912,4742,181693,2889180,22,18,12,24
irregular-n08-t128-b00008-frandom-s07,Accelerated,3,true,0,2,0,0,0,0,0,0,0,0,1,0,32,64,64,64,2752,2752,14595,407124,3085822,22,21,12,23
irregular-n08-t128-b00008-frandom-s08,Standard,0,true,2,3,1,0,1,0,0,0,0,0,0,0,1,3,3,3,219,219,1929,89800,6383184,23,22,12,23
irregular-n08-t128-b00008-frandom-s08,Standard,1,true,3,4,2,0,2,0,0,0,0,0,0,0,336,1344,908,908,29924,29924,174669,4449560,8873004,24,22,12,24
irregular-n08-t128-b00008-frandom-s08,Standard,2,true,2,3,1,0,1,0,0,0,0,0,0,0,8,24,24,24,1368,1368,10413,433952,3399224,22,22,11,23
irregular-n08-t128-b00008-frandom-s08,Standard,3,true,3,4,2,0,2,0,0,0,0,0,0,0,42,168,168,168,7224,7224,52097,1638231,4374776,23,21,11,23
irregular-n08-t128-b00008-frandom-s08,Accelerated,0,true,1,3,0,1,1,0,0,0,0,1,0,1,1,3,3,3,219,219,2044,97071,6383184,23,20,12,23
irregular-n08-t128-b00008-frandom-s08,Accelerated,1,true,1,3,0,1,1,0,0,0,0,1,0,1,336,1008,681,681,22443,22443,132469,3296705,7803396,23,22,12,23
irregular-n08-t128-b00008-frandom-s08,Accelerated,2,true,1,3,0,1,1,0,0,0,0,1,0,1,8,24,24,24,1368,1368,11025,455631,4855328,23,21,11,23
irregular-n08-t128-b00008-frandom-s08,Accelerated,3,true,2,5,0,2,2,1,0,1,0,1,0,1,42,210,210,210,9030,9030,68175,2094660,3868805940,32,31,20,32
irregular-n08-t128-b00008-frandom-s09,Standard,0,true,2,3,1,0,1,0,0,0,0,0,0,0,1,3,3,3,219,219,1621,74266,4312640,23,21,12,23
irregular-n08-t128-b00008-frandom-s09,Standard,1,true,2,3,1,0,1,0,0,0,0,0,0,0,336,1008,882,882,28854,28854,154224,3760620,6469384,23,22,12,23
irregular-n08-t128-b00008-frandom-s09,Standard,2,true,4,5,3,0,3,0,0,0,0,0,0,0,8,40,40,40,2280,2280,20328,789574,2111918,22,20,11,22
irregular-n08-t128-b00008-frandom-s09,Standard,3,true,4,5,3,0,3,0,0,0,0,0,0,0,42,210,210,210,9030,9030,67858,1973912,3444924,22,20,11,22
irregular-n08-t128-b00008-frandom-s09,Accelerated,0,true,1,3,0,1,1,0,0,0,0,1,0,1,1,3,3,3,219,219,1645,75734,4312640,23,20,12,23
irregular-n08-t128-b00008-frandom-s09,Accelerated,1,true,1,3,0,1,1,0,0,0,0,1,0,1,336,1008,882,882,28854,28854,154224,3760620,6469384,23,22,12,23
irregular-n08-t128-b00008-frandom-s09,Accelerated,2,true,3,7,0,3,3,2,0,2,0,1,0,1,8,56,56,56,3192,3192,31116,1157316,2138347832,31,29,20,31
irregular-n08-t128-b00008-frandom-s09,Accelerated,3,true,2,5,0,2,2,1,0,1,0,1,0,1,42,210,210,210,9030,9030,66948,1838954,738008496,30,29,17,30
irregular-n08-t128-b00008-frandom-s10,Standard,0,true,2,3,1,0,1,0,0,0,0,0,0,0,1,3,3,3,219,219,1886,89662,12313392,24,22,12,24
irregular-n08-t128-b00008-frandom-s10,Standard,1,true,3,4,2,0,2,0,0,0,0,0,0,0,320,1280,1120,1120,36640,36640,216445,5277756,17294594,25,23,12,25
irregular-n08-t128-b00008-frandom-s10,Standard,2,true,3,4,2,0,2,0,0,0,0,0,0,0,8,32,32,32,1824,1824,13155,559141,12453736,24,24,12,25
irregular-n08-t128-b00008-frandom-s10,Standard,3,true,4,5,3,0,3,0,0,0,0,0,0,0,40,200,200,200,8600,8600,57355,1819653,12817728,24,24,12,24
irregular-n08-t128-b00008-frandom-s10,Accelerated,0,true,1,3,0,1,1,0,0,0,0,1,0,1,1,3,3,3,219,219,2067,100277,12313392,24,21,12,24
irregular-n08-t128-b00008-frandom-s10,Accelerated,1,true,2,5,0,2,2,1,0,1,0,1,0,1,320,1600,1400,1400,45800,45800,278096,6747518,11651838624,34,33,22,34
irregular-n08-t128-b00008-frandom-s10,Accelerated,2,true,1,3,0,1,1,0,0,0,0,1,0,1,8,24,24,24,1368,1368,10995,461624,12453736,24,20,12,25
irregular-n08-t128-b00008-frandom-s10,Accelerated,3,true,2,5,0,2,2,1,0,1,0,1,0,1,40,200,200,200,8600,8600,62438,1911767,8864386464,34,32,21,34
irregular-n08-t128-b00008-frandom-s11,Standard,0,true,3,4,2,0,2,0,0,0,0,0,0,0,1,4,4,4,292,292,2223,105721,1495372,21,19,11,21
irregular-n08-t128-b00008-frandom-s11,Standard,1,true,2,3,1,0,1,0,0,0,0,0,0,0,256,768,651,651,21333,21333,106540,2453985,2278204,22,20,11,22
irregular-n08-t128-b00008-frandom-s11,Standard,2,true,3,4,2,0,2,0,0,0,0,0,0,0,8,32,32,32,1824,1824,9970,429284,1313652,21,20,11,22
irregular-n08-t128-b00008-frandom-s11,Standard,3,true,3,4,2,0,2,0,0,0,0,0,0,0,32,128,120,120,5160,5160,29014,898938,1619816,21,21,11,22
irregular-n08-t128-b00008-frandom-s11,Accelerated,0,true,2,5,0,2,2,1,0,1,0,1,0,1,1,5,5,5,365,365,3003,139874,308675420,29,25,19,29
irregular-n08-t128-b00008-frandom-s11,Accelerated,1,true,1,3,0,1,1,0,0,0,0,1,0,1,256,768,651,651,21333,21333,108311,2490572,2278204,22,20,11,22
irregular-n08-t128-b00008-frandom-s11,Accelerated,2,true,1,3,0,1,1,0,0,0,0,1,0,1,8,24,24,24,1368,1368,8156,350885,1313652,21,16,11,22
irregular-n08-t128-b00008-frandom-s11,Accelerated,3,true,1,3,0,1,1,0,0,0,0,1,0,1,32,96,90,90,3870,3870,22848,702752,1760476,21,20,11,22
irregular-n08-t128-b00008-frandom-s12,Standard,0,true,3,4,2,0,2,0,0,0,0,0,0,0,1,4,4,4,292,292,2056,82927,3108384,22,20,11,22
irregular-n08-t128-b00008-frandom-s12,Standard,1,true,3,4,2,0,2,0,0,0,0,0,0,0,240,960,756,756,24780,24780,120748,2455920,4750704,23,21,11,23
irregular-n08-t128-b00008-frandom-s12,Standard,2,true,4,5,3,0,3,0,0,0,0,0,0,0,8,40,40,40,2280,2280,13202,477740,3290146,22,22,11,23
irregular-n08-t128-b00008-frandom-s12,Standard,3,true,3,4,2,0,2,0,0,0,0,0,0,0,30,120,120,120,5160,5160,27302,752626,4177000,22,22,11,23
irregular-n08-t128-b00008-frandom-s12,Accelerated,0,true,2,5,0,2,2,1,0,1,0,1,0,1,1,5,5,5,365,365,2340,87203,593294048,30,28,18,30
irregular-n08-t128-b00008-frandom-s12,Accelerated,1,true,2,5,0,2,2,1,0,1,0,1,0,1,240,1200,945,945,30975,30975,155078,3100727,766643136,30,30,19,30
irregular-n08-t128-b00008-frandom-s12,Accelerated,2,true,2,5,0,2,2,1,0,1,0,1,0,1,8,40,40,40,2280,2280,14922,518093,3589770120,32,31,21,33
irregular-n08-t128-b00008-frandom-s12,Accelerated,3,true,1,3,0,1,1,0,0,0,0,1,0,1,30,90,90,90,3870,3870,21354,577263,4085700,22,21,11,23
irregular-n08-t128-b00008-frandom-s13,Standard,0,true,2,3,1,0,1,0,0,0,0,0,0,0,1,3,3,3,219,219,1474,56040,4266028,23,21,12,23
irregular-n08-t128-b00008-frandom-s13,Standard,1,true,2,3,1,0,1,0,0,0,0,0,0,0,272,816,714,714,23358,23358,117971,2445201,6718732,23,22,12,24
irregular-n08-t128-b00008-frandom-s13,Standard,2,true,3,4,2,0,2,0,0,0,0,0,0,0,8,32,32,32,1824,1824,11149,414451,4438294,23,23,12,24
irregular-n08-t128-b00008-frandom-s13,Standard,3,true,3,4,2,0,2,0,0,0,0,0,0,0,34,136,136,136,5848,5848,32931,934526,5073924,23,23,12,23
irregular-n08-t128-b00008-frandom-s13,Accelerated,0,true,1,3,0,1,1,0,0,0,0,1,0,1,1,3,3,3,219,219,1519,58700,4266028,23,20,12,23
irregular-n08-t128-b00008-frandom-s13,Accelerated,1,true,1,3,0,1,1,0,0,0,0,1,0,1,272,816,714,714,23358,23358,122709,2452046,6718732,23,22,12,24
irregular-n08-t128-b00008-frandom-s13,Accelerated,2,true,1,3,0,1,1,0,0,0,0,1,0,1,8,24,24,24,1368,1368,9434,342702,4438294,23,16,12,24
irregular-n08-t128-b00008-frandom-s13,Accelerated,3,true,1,3,0,1,1,0,0,0,0,1,0,1,34,102,102,102,4386,4386,26021,723575,5361626,23,21,12,23
irregular-n08-t128-b00008-frandom-s14,Standard,0,true,4,5,3,0,3,0,0,0,0,0,0,0,1,5,5,5,365,365,3865,192700,4146432,22,20,11,22
irregular-n08-t128-b00008-frandom-s14,Standard,1,true,4,5,3,0,3,0,0,0,0,0,0,0,320,1600,1400,1400,45800,45800,262275,6361822,6078964,23,22,11,23
irregular-n08-t128-b00008-frandom-s14,Standard,2,true,3,4,2,0,2,0,0,0,0,0,0,0,8,32,32,32,1824,1824,10668,488542,4725100,23,23,12,24
irregular-n08-t128-b00008-frandom-s14,Standard,3,true,2,3,1,0,1,0,0,0,0,0,0,0,40,120,120,120,5160,5160,29660,977003,7113784,23,23,12,24
irregular-n08-t128-b00008-frandom-s14,Accelerated,0,true,2,5,0,2,2,1,0,1,0,1,0,1,1,5,5,5,365,365,3667,168883,887133256,30,28,19,30
irregular-n08-t128-b00008-frandom-s14,Accelerated,1,true,3,7,0,3,3,2,0,2,0,1,0,1,320,2240,1960,1960,64120,64120,356195,8129104,6268997104,33,33,21,33
irregular-n08-t128-b00008-frandom-s14,Accelerated,2,true,1,3,0,1,1,0,0,0,0,1,0,1,8,24,24,24,1368,1368,8836,406092,4725100,23,20,12,24
irregular-n08-t128-b00008-frandom-s14,Accelerated,3,true,0,2,0,0,0,0,0,0,0,0,1,0,40,80,80,80,3440,3440,21301,694467,6446320,23,22,12,24
irregular-n08-t128-b00008-frandom-s15,Standard,0,true,2,3,1,0,1,0,0,0,0,0,0,0,1,3,3,3,219,219,2156,106601,5373686,23,21,12,23
irregular-n08-t128-b00008-frandom-s15,Standard,1,true,2,3,1,0,1,0,0,0,0,0,0,0,336,1008,882,882,28854,28854,171811,4142187,7169706,23,22,12,23
irregular-n08-t128-b00008-frandom-s15,Standard,2,true,4,5,3,0,3,0,0,0,0,0,0,0,8,40,40,40,2280,2280,19484,781072,5008900,23,22,11,23
irregular-n08-t128-b00008-frandom-s15,Standard,3,true,3,4,2,0,2,0,0,0,0,0,0,0,42,168,168,168,7224,7224,49540,1562620,5503310,23,22,11,23
irregular-n08-t128-b00008-frandom-s15,Accelerated,0,true,1,3,0,1,1,0,0,0,0,1,0,1,1,3,3,3,219,219,2243,110493,5373686,23,20,12,23
irregular-n08-t128-b00008-frandom-s15,Accelerated,1,true,1,3,0,1,1,0,0,0,0,1,0,1,336,1008,882,882,28854,28854,177171,4229738,7169706,23,22,12,23
irregular-n08-t128-b00008-frandom-s15,Accelerated,2,true,2,5,0,2,2,1,1,0,0,1,0,1,8,40,40,40,2280,2280,20860,793318,4417538520,33,31,20,33
irregular-n08-t128-b00008-frandom-s15,Accelerated,3,true,1,3,0,1,1,0,0,0,0,1,0,1,42,126,126,126,5418,5418,39070,1198832,5503310,23,20,11,23
irregular-n08-t128-b00008-frandom-s16,Standard,0,true,2,3,1,0,1,0,0,0,0,0,0,0,1,3,3,3,219,219,1602,75104,6368720,23,21,12,24
irregular-n08-t128-b00008-frandom-s16,Standard,1,true,3,4,2,0,2,0,0,0,0,0,0,0,320,1280,1120,1120,36640,36640,191032,4710407,8472858,24,22,12,25
irregular-n08-t128-b00008-frandom-s16,Standard,2,true,2,3,1,0,1,0,0,0,0,0,0,0,8,24,24,24,1368,1368,7350,330048,6681152,23,24,12,25
irregular-n08-t128-b00008-frandom-s16,Standard,3,true,3,4,2,0,2,0,0,0,0,0,0,0,40,160,160,160,6880,6880,40822,1359134,11197620,24,24,12,25
irregular-n08-t128-b00008-frandom-s16,Accelerated,0,true,1,3,0,1,1,0,0,0,0,1,0,1,1,3,3,3,219,219,1852,89186,6368720,23,19,12,24
irregular-n08-t128-b00008-frandom-s16,Accelerated,1,true,2,5,0,2,2,1,0,1,0,1,0,1,320,1600,1400,1400,45800,45800,243714,5742362,3399209960,32,32,20,32
irregular-n08-t128-b00008-frandom-s16,Accelerated,2,true,0,2,0,0,0,0,0,0,0,0,1,0,8,16,16,16,912,912,5518,247817,6681152,23,13,12,25
irregular-n08-t128-b00008-frandom-s16,Accelerated,3,true,1,3,0,1,1,0,0,0,0,1,0,1,40,120,120,120,5160,5160,32554,1078393,8182830,23,22,12,25
irregular-n08-t128-b00008-frandom-s17,Standard,0,true,2,3,1,0,1,0,0,0,0,0,0,0,1,3,3,3,219,219,2513,129381,6619680,23,21,12,23
irregular-n08-t128-b00008-frandom-s17,Standard,1,true,3,4,2,0,2,0,0,0,0,0,0,0,384,1536,1344,1344,43968,43968,280132,6876788,10580920,24,23,12,24
irregular-n08-t128-b00008-frandom-s17,Standard,2,true,2,3,1,0,1,0,0,0,0,0,0,0,8,24,24,24,1368,1368,9506,444012,8883546,24,24,12,25
irregular-n08-t128-b00008-frandom-s17,Standard,3,true,2,3,1,0,1,0,0,0,0,0,0,0,48,144,144,144,6192,6192,39950,1388807,8619318,24,24,12,24
irregular-n08-t128-b00008-frandom-s17,Accelerated,0,true,1,3,0,1,1,0,0,0,0,1,0,1,1,3,3,3,219,219,2612,129709,6619680,23,18,12,23
irregular-n08-t128-b00008-frandom-s17,Accelerated,1,true,1,3,0,1,1,0,0,0,0,1,0,1,384,1152,1008,1008,32976,32976,206350,4885995,10213470,24,23,12,24
irregular-n08-t128-b00008-frandom-s17,Accelerated,2,true,0,2,0,0,0,0,0,0,0,0,1,0,8,16,16,16,912,912,7382,341584,8883546,24,13,12,25
irregular-n08-t128-b00008-frandom-s17,Accelerated,3,true,1,3,0,1,1,0,0,0,0,1,0,1,48,144,144,144,6192,6192,47404,1619612,9300120,24,22,12,24
irregular-n08-t128-b00008-frandom-s18,Standard,0,true,3,4,2,0,2,0,0,0,0,0,0,0,1,4,4,4,292,292,1970,72502,1681488,21,19,11,21
irregular-n08-t128-b00008-frandom-s18,Standard,1,true,3,4,2,0,2,0,0,0,0,0,0,0,224,896,784,784,25648,25648,121751,2428213,1869760,21,20,11,21
irregular-n08-t128-b00008-frandom-s18,Standard,2,true,3,4,2,0,2,0,0,0,0,0,0,0,8,32,32,32,1824,1824,8763,332304,2378088,22,23,12,23
irregular-n08-t128-b00008-frandom-s18,Standard,3,true,4,5,3,0,3,0,0,0,0,0,0,0,28,140,140,140,6020,6020,31076,884167,5081278,23,23,12,23
irregular-n08-t128-b00008-frandom-s18,Accelerated,0,true,2,5,0,2,2,1,0,1,0,1,0,1,1,5,5,5,365,365,2237,75709,116179584,27,26,17,28
irregular-n08-t128-b00008-frandom-s18,Accelerated,1,true,2,5,0,2,2,1,0,1,0,1,0,1,224,1120,980,980,32060,32060,148197,2751618,144850400,28,27,16,28
irregular-n08-t128-b00008-frandom-s18,Accelerated,2,true,1,3,0,1,1,0,0,0,0,1,0,1,8,24,24,24,1368,1368,7363,276188,1851980,21,17,12,23
irregular-n08-t128-b00008-frandom-s18,Accelerated,3,true,2,5,0,2,2,1,1,0,0,1,0,1,28,140,140,140,6020,6020,33453,927439,5969413960,33,32,23,34
irregular-n08-t128-b00008-frandom-s19,Standard,0,true,3,4,2,0,2,0,0,0,0,0,0,0,1,4,4,4,292,292,3209,166902,5039888,23,20,11,23
irregular-n08-t128-b00008-frandom-s19,Standard,1,true,3,4,2,0,2,0,0,0,0,0,0,0,336,1344,1176,1176,38472,38472,225780,5427665,6863448,23,22,12,23
irregular-n08-t128-b00008-frandom-s19,Standard,2,true,2,3,1,0,1,0,0,0,0,0,0,0,8,24,24,24,1368,1368,7002,325239,5263664,23,24,12,24
irregular-n08-t128-b00008-frandom-s19,Standard,3,true,2,3,1,0,1,0,0,0,0,0,0,0,42,126,126,126,5418,5418,32145,1084836,8345504,23,24,12,24
irregular-n08-t128-b00008-frandom-s19,Accelerated,0,true,2,5,0,2,2,1,0,1,0,1,0,1,1,5,5,5,365,365,4261,218925,1295117712,31,27,20,31
irregular-n08-t128-b00008-frandom-s19,Accelerated,1,true,1,3,0,1,1,0,0,0,0,1,0,1,336,1008,882,882,28854,28854,166713,3818861,6270920,23,22,12,23
irregular-n08-t128-b00008-frandom-s19,Accelerated,2,true,0,2,0,0,0,0,0,0,0,0,1,0,8,16,16,16,912,912,5098,237955,5263664,23,19,12,24
irregular-n08-t128-b00008-frandom-s19,Accelerated,3,true,0,2,0,0,0,0,0,0,0,0,1,0,42,84,84,84,3612,3612,23237,773519,7884840,23,22,12,24
irregular-n08-t128-b00008-frandom-s20,Standard,0,true,3,4,2,0,2,0,0,0,0,0,0,0,1,4,4,4,292,292,2379,97482,2650384,22,20,11,22
irregular-n08-t128-b00008-frandom-s20,Standard,1,true,3,4,2,0,2,0,0,0,0,0,0,0,256,1024,896,896,29312,29312,154923,3309427,3861962,22,21,11,22
irregular-n08-t128-b00008-frandom-s20,Standard,2,true,2,3,1,0,1,0,0,0,0,0,0,0,8,24,24,24,1368,1368,6927,270692,2643924,22,22,11,23
irregular-n08-t128-b00008-frandom-s20,Standard,3,true,4,5,3,0,3,0,0,0,0,0,0,0,32,160,160,160,6880,6880,39797,1143746,3982820,22,22,11,23
irregular-n08-t128-b00008-frandom-s20,Accelerated,0,true,2,5,0,2,2,1,0,1,0,1,0,1,1,5,5,5,365,365,2705,103962,285351760,29,27,17,30
irregular-n08-t128-b00008-frandom-s20,Accelerated,1,true,0,2,0,0,0,0,0,0,0,0,1,0,256,512,448,448,14656,14656,76323,1469703,696742,20,19,11,20
irregular-n08-t128-b00008-frandom-s20,Accelerated,2,true,0,2,0,0,0,0,0,0,0,0,1,0,8,16,16,16,912,912,5342,205212,2643924,22,19,11,23
irregular-n08-t128-b00008-frandom-s20,Accelerated,3,true,2,5,0,2,2,1,0,1,0,1,0,1,32,160,160,160,6880,6880,42962,1201374,7434826320,33,32,22,34
irregular-n08-t128-b00064-falternating-s01,Standard,0,true,2,3,1,0,1,0,0,0,0,0,0,0,1,3,3,3,219,219,2265,89763,29511040486289352897948058827742326452648,135,133,67,135
irregular-n08-t128-b00064-falternating-s01,Standard,1,true,2,3,1,0,1,0,0,0,0,0,0,0,152,456,363,363,11829,11829,73434,1585692,52674267184392900264406892587388455657918,136,134,68,136
irregular-n08-t128-b00064-falternating-s01,Standard,2,true,4,5,3,0,3,0,0,0,0,0,0,0,8,40,40,40,1760,1760,11145,383949,44175164066503639850507128263695287871960,136,135,68,136
irregular-n08-t128-b00064-falternating-s01,Standard,3,true,3,4,2,0,2,0,0,0,0,0,0,0,38,152,152,152,6536,6536,44324,1349417,48675498295827160893222707573981289948928,136,134,68,136
irregular-n08-t128-b00064-falternating-s01,Accelerated,0,true,1,3,0,1,1,0,0,0,0,1,0,1,1,3,3,3,219,219,2265,89577,29511040486289352897948058827742326452648,135,131,67,135
irregular-n08-t128-b00064-falternating-s01,Accelerated,1,true,1,3,0,1,1,0,0,0,0,1,0,1,152,456,363,363,11829,11829,73434,1584200,52674267184392900264406892587388455657918,136,134,68,136
irregular-n08-t128-b00064-falternating-s01,Accelerated,2,true,2,5,0,2,2,1,1,0,0,1,0,1,8,40,40,40,1760,1760,12547,421533,3013941758395840054096113969278123539060453593928767012740592,201,200,132,202
irregular-n08-t128-b00064-falternating-s01,Accelerated,3,true,1,3,0,1,1,0,0,0,0,1,0,1,38,114,114,114,4902,4902,33843,999077,48675498295827160893222707573981289948928,136,134,68,136
irregular-n08-t128-b00064-falternating-s02,Standard,0,true,3,4,2,0,2,0,0,0,0,0,0,0,1,4,4,4,292,292,2985,114244,25845021586858243214095092137207299693326,135,132,67,135
irregular-n08-t128-b00064-falternating-s02,Standard,1,true,3,4,2,0,2,0,0,0,0,0,0,0,144,576,512,512,16640,16640,99147,2030862,41059347455074813266509343131750634015620,135,134,67,135
irregular-n08-t128-b00064-falternating-s02,Standard,2,true,4,5,3,0,3,0,0,0,0,0,0,0,8,40,40,40,1760,1760,10652,368013,32461817476978429623930974376599085808092,135,135,68,136
irregular-n08-t128-b00064-falternating-s02,Standard,3,true,4,5,3,0,3,0,0,0,0,0,0,0,36,180,180,180,7740,7740,51515,1479419,41719055503632381587691645257874127726242,135,135,68,135
irregular-n08-t128-b00064-falternating-s02,Accelerated,0,true,1,3,0,1,1,0,0,0,0,1,0,1,1,3,3,3,219,219,2132,79063,24485391730891764676342664106298898383464,135,130,67,135
irregular-n08-t128-b00064-falternating-s02,Accelerated,1,true,2,5,0,2,2,1,0,1,0,1,0,1,144,720,640,640,20800,20800,124501,2552946,2307130930043975462137580089047551792187911890226153750968840,201,200,133,201
irregular-n08-t128-b00064-falternating-s02,Accelerated,2,true,2,5,0,2,2,1,1,0,0,1,0,1,8,40,40,40,1760,1760,12253,410665,6221852884047607721270785194352390487711846091826558461597216,202,199,135,203
irregular-n08-t128-b00064-falternating-s02,Accelerated,3,true,2,5,0,2,2,1,0,1,0,1,0,1,36,180,180,180,7740,7740,54969,1513210,1077235530299156967207486354117827858830196566539572891559920,200,199,70,200
irregular-n08-t128-b00064-falternating-s03,Standard,0,true,2,3,1,0,1,0,0,0,0,0,0,0,1,3,3,3,219,219,2404,101491,42908526556258063359961076800457526964516,135,133,68,135
irregular-n08-t128-b00064-falternating-s03,Standard,1,true,2,3,1,0,1,0,0,0,0,0,0,0,160,480,372,372,12216,12216,76515,1660604,65357445325491474237549540037257212797736,136,135,68,136
irregular-n08-t128-b00064-falternating-s03,Standard,2,true,3,4,2,0,2,0,0,0,0,0,0,0,8,32,32,32,1408,1408,8562,303378,46662289122230174995942895849935824327972,136,135,68,136
irregular-n08-t128-b00064-falternating-s03,Standard,3,true,3,4,2,0,2,0,0,0,0,0,0,0,40,160,160,160,6880,6880,48279,1470931,56856975389018892063733760479117918098108,136,135,68,136
irregular-n08-t128-b00064-falternating-s03,Accelerated,0,true,1,3,0,1,1,0,0,0,0,1,0,1,1,3,3,3,219,219,2404,101455,42908526556258063359961076800457526964516,135,131,68,135
irregular-n08-t128-b00064-falternating-s03,Accelerated,1,true,1,3,0,1,1,0,0,0,0,1,0,1,160,480,372,372,12216,12216,76515,1660016,65357445325491474237549540037257212797736,136,135,68,136
irregular-n08-t128-b00064-falternating-s03,Accelerated,2,true,2,5,0,2,2,1,1,0,0,1,0,1,8,40,40,40,1760,1760,13114,457208,5074953402948902881541907098704785471561502385789261389622640,202,201,133,203
irregular-n08-t128-b00064-falternating-s03,Accelerated,3,true,1,3,0,1,1,0,0,0,0,1,0,1,40,120,120,120,5160,5160,36315,1075772,56856975389018892063733760479117918098108,136,134,68,136
irregular-n08-t128-b00064-falternating-s04,Standard,0,false,0,1,0,0,0,0,0,0,0,0,0,0,1,1,0,0,0,0,0,0,0,0,1,1,2
irregular-n08-t128-b00064-falternating-s04,Standard,1,true,3,4,2,0,2,0,0,0,0,0,0,0,160,640,564,564,18396,18396,115717,2506361,51587231450122716297502906361897561379012,136,134,68,136
irregular-n08-t128-b00064-falternating-s04,Standard,2,true,3,4,2,0,2,0,0,0,0,0,0,0,8,32,32,32,1408,1408,8354,307835,44397005497333203115610599551802454012760,136,136,68,136
irregular-n08-t128-b00064-falternating-s04,Standard,3,true,3,4,2,0,2,0,0,0,0,0,0,0,40,160,160,160,6880,6880,45639,1415456,51591841553995067886406383969326162858692,136,135,68,136
irregular-n08-t128-b00064-falternating-s04,Accelerated,0,false,0,1,0,0,0,0,0,0,0,0,0,0,1,1,0,0,0,0,0,0,0,0,1,1,2
irregular-n08-t128-b00064-falternating-s04,Accelerated,1,true,1,3,0,1,1,0,0,0,0,1,0,1,160,480,423,423,13797,13797,85805,1820349,37908405994749338133141590163872408074852,135,134,68,135
irregular-n08-t128-b00064-falternating-s04,Accelerated,2,true,1,3,0,1,1,0,0,0,0,1,0,1,8,24,24,24,1056,1056,7118,258463,44397005497333203115610599551802454012760,136,133,68,136
irregular-n08-t128-b00064-falternating-s04,Accelerated,3,true,1,3,0,1,1,0,0,0,0,1,0,1,40,120,120,120,5160,5160,36852,1112690,51591841553995067886406383969326162858692,136,133,68,136
irregular-n08-t128-b00064-falternating-s05,Standard,0,true,3,4,2,0,2,0,0,0,0,0,0,0,1,4,4,4,292,292,2530,76587,16084691807828251899326140748457094744106,134,131,67,134
irregular-n08-t128-b00064-falternating-s05,Standard,1,true,3,4,2,0,2,0,0,0,0,0,0,0,112,448,404,404,13052,13052,71497,1347813,17296895548285337036482577814687462869880,134,133,66,134
irregular-n08-t128-b00064-falternating-s05,Standard,2,true,2,3,1,0,1,0,0,0,0,0,0,0,8,24,24,24,1056,1056,4370,141062,24100269206619751946431889390963240524518,135,135,68,135
irregular-n08-t128-b00064-falternating-s05,Standard,3,true,3,4,2,0,2,0,0,0,0,0,0,0,28,112,112,112,4816,4816,26372,732345,25027626305264689817767887178004296825828,135,135,68,135
irregular-n08-t128-b00064-falternating-s05,Accelerated,0,true,0,2,0,0,0,0,0,0,0,0,1,0,1,2,2,2,146,146,1074,28779,3359220310062812869021896317353215350550,132,67,67,132
irregular-n08-t128-b00064-falternating-s05,Accelerated,1,true,0,2,0,0,0,0,0,0,0,0,1,0,112,224,202,202,6526,6526,33375,582631,6808248602805403897691987588602353996564,133,131,66,133
irregular-n08-t128-b00064-falternating-s05,Accelerated,2,true,0,2,0,0,0,0,0,0,0,0,1,0,8,16,16,16,704,704,3422,107697,24100269206619751946431889390963240524518,135,68,68,135
irregular-n08-t128-b00064-falternating-s05,Accelerated,3,true,1,3,0,1,1,0,0,0,0,1,0,1,28,84,84,84,3612,3612,21504,583676,25027626305264689817767887178004296825828,135,132,68,135
irregular-n08-t128-b00064-falternating-s06,Standard,0,true,2,3,1,0,1,0,0,0,0,0,0,0,1,3,3,3,219,219,1922,68925,26758243423746429192636346456988424809568,135,132,67,135
irregular-n08-t128-b00064-falternating-s06,Standard,1,true,2,3,1,0,1,0,0,0,0,0,0,0,128,384,336,336,10992,10992,61542,1215038,33179267578689398677356388662119427410696,135,134,67,135
irregular-n08-t128-b00064-falternating-s06,Standard,2,true,3,4,2,0,2,0,0,0,0,0,0,0,8,32,32,32,1408,1408,7279,228505,40768144197668041730456073263314817089920,135,135,68,136
irregular-n08-t128-b00064-falternating-s06,Standard,3,true,3,4,2,0,2,0,0,0,0,0,0,0,32,128,128,128,5504,5504,31553,884056,42520930420101099595504295386358522749910,135,135,68,136
irregular-n08-t128-b00064-falternating-s06,Accelerated,0,true,1,3,0,1,1,0,0,0,0,1,0,1,1,3,3,3,219,219,1922,68757,26758243423746429192636346456988424809568,135,130,67,135
irregular-n08-t128-b00064-falternating-s06,Accelerated,1,true,1,3,0,1,1,0,0,0,0,1,0,1,128,384,336,336,10992,10992,61558,1213213,33179267578689398677356388662119427410696,135,134,67,135
irregular-n08-t128-b00064-falternating-s06,Accelerated,2,true,1,3,0,1,1,0,0,0,0,1,0,1,8,24,24,24,1056,1056,6140,185898,40768144197668041730456073263314817089920,135,133,68,135
irregular-n08-t128-b00064-falternating-s06,Accelerated,3,true,1,3,0,1,1,0,0,0,0,1,0,1,32,96,96,96,4128,4128,25202,687860,45710940361828602561408030340774811721566,136,133,68,136
irregular-n08-t128-b00064-falternating-s07,Standard,0,true,2,3,1,0,1,0,0,0,0,0,0,0,1,3,3,3,219,219,1827,64042,18319687134904034848966010940376938221888,134,131,67,134
irregular-n08-t128-b00064-falternating-s07,Standard,1,true,3,4,2,0,2,0,0,0,0,0,0,0,128,512,404,404,13148,13148,72229,1428420,30389778554882689355491445765682718351908,135,134,67,135
irregular-n08-t128-b00064-falternating-s07,Standard,2,true,3,4,2,0,2,0,0,0,0,0,0,0,8,32,32,32,1408,1408,7114,227760,27607042796770959021415205884968606088212,135,135,68,135
irregular-n08-t128-b00064-falternating-s07,Standard,3,true,4,5,3,0,3,0,0,0,0,0,0,0,32,160,160,160,6880,6880,41633,1145290,30258386164558907728822193274406128165980,135,134,68,135
irregular-n08-t128-b00064-falternating-s07,Accelerated,0,true,1,3,0,1,1,0,0,0,0,1,0,1,1,3,3,3,219,219,1827,63764,18319687134904034848966010940376938221888,134,129,67,134
irregular-n08-t128-b00064-falternating-s07,Accelerated,1,true,2,5,0,2,2,1,0,1,0,1,0,1,128,640,505,505,16435,16435,90031,1764707,699900775454550707778713103624596906541011086993213002800832,199,199,132,199
irregular-n08-t128-b00064-falternating-s07,Accelerated,2,true,1,3,0,1,1,0,0,0,0,1,0,1,8,24,24,24,1056,1056,5995,186288,27607042796770959021415205884968606088212,135,133,68,135
irregular-n08-t128-b00064-falternating-s07,Accelerated,3,true,2,5,0,2,2,1,0,1,0,1,0,1,32,160,160,160,6880,6880,42894,1102862,995594277628227498366202241296212791089275802020691936515216,200,199,69,200
irregular-n08-t128-b00064-falternating-s08,Standard,0,true,2,3,1,0,1,0,0,0,0,0,0,0,1,3,3,3,219,219,2387,104076,26653642018685208093274375521390475581564,135,133,68,135
irregular-n08-t128-b00064-falternating-s08,Standard,1,true,2,3,1,0,1,0,0,0,0,0,0,0,168,504,285,285,9411,9411,60055,1348112,33367229439641359819114678100540073832548,135,134,67,135
irregular-n08-t128-b00064-falternating-s08,Standard,2,true,3,4,2,0,2,0,0,0,0,0,0,0,8,32,32,32,1408,1408,9406,353341,36038454699635406257196232447586630118852,135,134,67,136
irregular-n08-t128-b00064-falternating-s08,Standard,3,true,3,4,2,0,2,0,0,0,0,0,0,0,42,168,168,168,7224,7224,51933,1642784,32861783808880814368858373571954956859908,135,134,67,135
irregular-n08-t128-b00064-falternating-s08,Accelerated,0,true,1,3,0,1,1,0,0,0,0,1,0,1,1,3,3,3,219,219,2387,104076,26653642018685208093274375521390475581564,135,131,68,135
irregular-n08-t128-b00064-falternating-s08,Accelerated,1,true,1,3,0,1,1,0,0,0,0,1,0,1,168,504,285,285,9411,9411,60055,1348028,33367229439641359819114678100540073832548,135,134,67,135
irregular-n08-t128-b00064-falternating-s08,Accelerated,2,true,1,3,0,1,1,0,0,0,0,1,0,1,8,24,24,24,1056,1056,7245,264921,36038454699635406257196232447586630118852,135,133,67,135
irregular-n08-t128-b00064-falternating-s08,Accelerated,3,true,1,3,0,1,1,0,0,0,0,1,0,1,42,126,126,126,5418,5418,38530,1187576,36747109595401456215632716632212743638548,135,133,67,135
irregular-n08-t128-b00064-falternating-s09,Standard,0,true,3,4,2,0,2,0,0,0,0,0,0,0,1,4,4,4,292,292,3526,148699,50156124174244822922212433290491809012850,136,133,68,136
irregular-n08-t128-b00064-falternating-s09,Standard,1,true,3,4,2,0,2,0,0,0,0,0,0,0,168,672,596,596,19388,19388,128689,2902621,56230166305879745930610973082915320305438,136,134,68,136
irregular-n08-t128-b00064-falternating-s09,Standard,2,true,3,4,2,0,2,0,0,0,0,0,0,0,8,32,32,32,1408,1408,9084,329893,59395743462386739168559721387727427112596,136,135,68,136
irregular-n08-t128-b00064-falternating-s09,Standard,3,true,4,5,3,0,3,0,0,0,0,0,0,0,42,210,210,210,9030,9030,66337,2065362,59404922755299193636128313188361871573800,136,136,68,136
irregular-n08-t128-b00064-falternating-s09,Accelerated,0,true,2,5,0,2,2,1,0,1,0,1,0,1,1,5,5,5,365,365,4441,186150,1563658225512507200056164473744124093535849532720204091237000,200,197,133,200
irregular-n08-t128-b00064-falternating-s09,Accelerated,1,true,2,5,0,2,2,1,0,1,0,1,0,1,168,840,745,745,24235,24235,162112,3675683,2694547207697505040262534215306248319405829601060797183575524,201,200,133,201
irregular-n08-t128-b00064-falternating-s09,Accelerated,2,true,1,3,0,1,1,0,0,0,0,1,0,1,8,24,24,24,1056,1056,7662,271617,59395743462386739168559721387727427112596,136,133,68,136
irregular-n08-t128-b00064-falternating-s09,Accelerated,3,true,3,7,0,3,3,2,1,1,0,1,0,1,42,294,294,294,12642,12642,105014,3170104,133995564134254549148021654251245428133999794614225555902045431523157683818513184,267,266,135,267
irregular-n08-t128-b00064-falternating-s10,Standard,0,true,3,4,2,0,2,0,0,0,0,0,0,0,1,4,4,4,292,292,3178,128322,27973156205877315256632124497834455277560,135,132,67,135
irregular-n08-t128-b00064-falternating-s10,Standard,1,true,2,3,1,0,1,0,0,0,0,0,0,0,160,480,399,399,13017,13017,78418,1662340,51173360197660379876982136942453403591068,136,134,68,136
irregular-n08-t128-b00064-falternating-s10,Standard,2,true,3,4,2,0,2,0,0,0,0,0,0,0,8,32,32,32,1408,1408,8427,297911,39523661278463569658566857933540500249340,135,135,68,136
irregular-n08-t128-b00064-falternating-s10,Standard,3,true,4,5,3,0,3,0,0,0,0,0,0,0,40,200,200,200,8600,8600,56986,1684184,37879641455338995229552093112078372426284,135,135,68,136
irregular-n08-t128-b00064-falternating-s10,Accelerated,0,true,2,5,0,2,2,1,0,1,0,1,0,1,1,5,5,5,365,365,3908,155719,575685075006673125385360819707226969443545236881877634549440,199,196,132,199
irregular-n08-t128-b00064-falternating-s10,Accelerated,1,true,1,3,0,1,1,0,0,0,0,1,0,1,160,480,399,399,13017,13017,78418,1659700,51173360197660379876982136942453403591068,136,134,68,136
irregular-n08-t128-b00064-falternating-s10,Accelerated,2,true,1,3,0,1,1,0,0,0,0,1,0,1,8,24,24,24,1056,1056,7071,248619,43771996616864878640979112138501834454044,136,133,68,136
irregular-n08-t128-b00064-falternating-s10,Accelerated,3,true,3,7,0,3,3,2,1,1,0,1,0,1,40,280,280,280,12040,12040,88649,2556537,172344685012143654557381563089882075576418034687265748784348041450750897862543840,267,266,136,267
irregular-n08-t128-b00064-falternating-s11,Standard,0,false,0,1,0,0,0,0,0,0,0,0,0,0,1,1,0,0,0,0,0,0,0,0,1,1,2
irregular-n08-t128-b00064-falternating-s11,Standard,1,true,3,4,2,0,2,0,0,0,0,0,0,0,128,512,452,452,14732,14732,89173,1817977,27092419706162282256496746533568582363812,135,133,67,135
irregular-n08-t128-b00064-falternating-s11,Standard,2,true,4,5,3,0,3,0,0,0,0,0,0,0,8,40,40,40,1760,1760,10393,332260,19085556649293382021372161474176813804752,134,134,67,135
irregular-n08-t128-b00064-falternating-s11,Standard,3,true,4,5,3,0,3,0,0,0,0,0,0,0,32,160,160,160,6880,6880,45720,1276529,24096962643405000743485272801253141041142,135,134,67,135
irregular-n08-t128-b00064-falternating-s11,Accelerated,0,false,0,1,0,0,0,0,0,0,0,0,0,0,1,1,0,0,0,0,0,0,0,0,1,1,2
irregular-n08-t128-b00064-falternating-s11,Accelerated,1,true,1,3,0,1,1,0,0,0,0,1,0,1,128,384,339,339,11049,11049,65538,1301236,17024365452980590349381952251347322309920,134,132,67,134
irregular-n08-t128-b00064-falternating-s11,Accelerated,2,true,2,5,0,2,2,1,1,0,0,1,0,1,8,40,40,40,1760,1760,11908,380324,2712298330178165124660442672001140797344132492766772384263840,201,197,134,202
irregular-n08-t128-b00064-falternating-s11,Accelerated,3,true,2,5,0,2,2,1,1,0,0,1,0,1,32,160,160,160,6880,6880,48729,1313713,1753564419846182196916023907386567214530674295085583576334488,201,198,133,201
irregular-n08-t128-b00064-falternating-s12,Standard,0,true,3,4,2,0,2,0,0,0,0,0,0,0,1,4,4,4,292,292,2721,86932,22892278672498901402583945466812049560008,135,131,67,135
irregular-n08-t128-b00064-falternating-s12,Standard,1,true,4,5,3,0,3,0,0,0,0,0,0,0,120,600,540,540,17460,17460,99656,1928844,26710146181105060040055826938155705397936,135,133,67,135
irregular-n08-t128-b00064-falternating-s12,Standard,2,true,2,3,1,0,1,0,0,0,0,0,0,0,8,24,24,24,1056,1056,4702,152458,33400885607965314718267428091751097396090,135,135,68,136
irregular-n08-t128-b00064-falternating-s12,Standard,3,true,5,6,4,0,4,0,0,0,0,0,0,0,30,180,180,180,7740,7740,48386,1297972,36346842499256601331561002988918760010176,135,135,68,136
irregular-n08-t128-b00064-falternating-s12,Accelerated,0,true,0,2,0,0,0,0,0,0,0,0,1,0,1,2,2,2,146,146,1149,32398,3870704084687807203884187045717417453274,132,67,67,132
irregular-n08-t128-b00064-falternating-s12,Accelerated,1,true,0,2,0,0,0,0,0,0,0,0,1,0,120,240,216,216,6984,6984,36617,648913,5971165938101040717851986544527746263130,133,131,67,133
irregular-n08-t128-b00064-falternating-s12,Accelerated,2,true,0,2,0,0,0,0,0,0,0,0,1,0,8,16,16,16,704,704,3683,116532,33400885607965314718267428091751097396090,135,68,68,136
irregular-n08-t128-b00064-falternating-s12,Accelerated,3,true,3,7,0,3,3,2,0,2,0,1,0,1,30,210,210,210,9030,9030,61935,1603671,6367115694093155415158589317652119078800037367386554570767744,202,200,135,203
irregular-n08-t128-b00064-falternating-s13,Standard,0,true,2,3,1,0,1,0,0,0,0,0,0,0,1,3,3,3,219,219,2033,80277,26761210786060647285971967790488592685900,135,132,68,135
irregular-n08-t128-b00064-falternating-s13,Standard,1,true,2,3,1,0,1,0,0,0,0,0,0,0,136,408,324,324,10728,10728,63329,1297870,40980722563324204823164737326773740002322,135,134,68,135
irregular-n08-t128-b00064-falternating-s13,Standard,2,true,3,4,2,0,2,0,0,0,0,0,0,0,8,32,32,32,1408,1408,8597,286056,22633784191071193439704227372964625642204,135,134,67,135
irregular-n08-t128-b00064-falternating-s13,Standard,3,true,3,4,2,0,2,0,0,0,0,0,0,0,34,136,136,136,5848,5848,38367,1063848,29263153153450244525468870439328111179620,135,133,67,135
irregular-n08-t128-b00064-falternating-s13,Accelerated,0,true,1,3,0,1,1,0,0,0,0,1,0,1,1,3,3,3,219,219,2033,80237,26761210786060647285971967790488592685900,135,130,68,135
irregular-n08-t128-b00064-falternating-s13,Accelerated,1,true,1,3,0,1,1,0,0,0,0,1,0,1,136,408,324,324,10728,10728,63329,1296738,40980722563324204823164737326773740002322,135,134,68,135
irregular-n08-t128-b00064-falternating-s13,Accelerated,2,true,1,3,0,1,1,0,0,0,0,1,0,1,8,24,24,24,1056,1056,6398,206655,26106833267988351707653465805025760272178,135,133,67,135
irregular-n08-t128-b00064-falternating-s13,Accelerated,3,true,1,3,0,1,1,0,0,0,0,1,0,1,34,102,102,102,4386,4386,27495,751265,29263153153450244525468870439328111179620,135,133,67,135
irregular-n08-t128-b00064-falternating-s14,Standard,0,true,3,4,2,0,2,0,0,0,0,0,0,0,1,4,4,4,292,292,3119,124995,26808632556620163132683138448986690899136,135,132,67,135
irregular-n08-t128-b00064-falternating-s14,Standard,1,true,3,4,2,0,2,0,0,0,0,0,0,0,160,640,524,524,16916,16916,102850,2212507,48021403446502670153718419763456355497940,136,134,68,136
irregular-n08-t128-b00064-falternating-s14,Standard,2,true,3,4,2,0,2,0,0,0,0,0,0,0,8,32,32,32,1408,1408,8479,301604,34213397943801028870955014321459637509386,135,135,68,136
irregular-n08-t128-b00064-falternating-s14,Standard,3,true,4,5,3,0,3,0,0,0,0,0,0,0,40,200,200,200,8600,8600,60727,1819037,47090161797543649511718632603477357525788,136,135,68,136
irregular-n08-t128-b00064-falternating-s14,Accelerated,0,true,1,3,0,1,1,0,0,0,0,1,0,1,1,3,3,3,219,219,2260,88185,18590613829342540098699321261387774439716,134,130,67,134
irregular-n08-t128-b00064-falternating-s14,Accelerated,1,true,1,3,0,1,1,0,0,0,0,1,0,1,160,480,393,393,12687,12687,76413,1614364,35817335316756514951420720225130502973580,135,134,68,135
irregular-n08-t128-b00064-falternating-s14,Accelerated,2,true,1,3,0,1,1,0,0,0,0,1,0,1,8,24,24,24,1056,1056,7215,252451,34213397943801028870955014321459637509386,135,133,68,135
irregular-n08-t128-b00064-falternating-s14,Accelerated,3,true,2,5,0,2,2,1,0,1,0,1,0,1,40,200,200,200,8600,8600,62478,1772255,1776426751083839509222057853318219318788226648265236807443728,201,200,70,201
irregular-n08-t128-b00064-falternating-s15,Standard,0,true,2,3,1,0,1,0,0,0,0,0,0,0,1,3,3,3,219,219,2527,111134,49483571088549507302463785896633658949550,136,133,68,136
irregular-n08-t128-b00064-falternating-s15,Standard,1,true,2,3,1,0,1,0,0,0,0,0,0,0,168,504,441,441,14427,14427,94415,2113256,54263108613186840823288633024789826784642,136,134,68,136
irregular-n08-t128-b00064-falternating-s15,Standard,2,true,3,4,2,0,2,0,0,0,0,0,0,0,8,32,32,32,1408,1408,10029,371115,56649667891880013365286343433299928564646,136,135,68,136
irregular-n08-t128-b00064-falternating-s15,Standard,3,true,3,4,2,0,2,0,0,0,0,0,0,0,42,168,168,168,7224,7224,55638,1744094,53686790462580530467920693522890093636496,136,134,68,136
irregular-n08-t128-b00064-falternating-s15,Accelerated,0,true,1,3,0,1,1,0,0,0,0,1,0,1,1,3,3,3,219,219,2527,110744,49483571088549507302463785896633658949550,136,132,68,136
irregular-n08-t128-b00064-falternating-s15,Accelerated,1,true,1,3,0,1,1,0,0,0,0,1,0,1,168,504,441,441,14427,14427,94415,2110230,54263108613186840823288633024789826784642,136,134,68,136
irregular-n08-t128-b00064-falternating-s15,Accelerated,2,true,1,3,0,1,1,0,0,0,0,1,0,1,8,24,24,24,1056,1056,7697,278138,56649667891880013365286343433299928564646,136,133,68,136
irregular-n08-t128-b00064-falternating-s15,Accelerated,3,true,1,3,0,1,1,0,0,0,0,1,0,1,42,126,126,126,5418,5418,40808,1260347,53686790462580530467920693522890093636496,136,133,68,136
irregular-n08-t128-b00064-falternating-s16,Standard,0,true,2,3,1,0,1,0,0,0,0,0,0,0,1,3,3,3,219,219,2249,93941,38976259030230856345911425677969295853300,135,133,68,135
irregular-n08-t128-b00064-falternating-s16,Standard,1,true,2,3,1,0,1,0,0,0,0,0,0,0,160,480,378,378,12366,12366,75697,1634289,59488067233684985338956482295109314350460,136,135,68,136
irregular-n08-t128-b00064-falternating-s16,Standard,2,true,3,4,2,0,2,0,0,0,0,0,0,0,8,32,32,32,1408,1408,8986,313254,48761146174642115802845388830674379452580,136,135,68,136
irregular-n08-t128-b00064-falternating-s16,Standard,3,true,3,4,2,0,2,0,0,0,0,0,0,0,40,160,160,160,6880,6880,44817,1369374,45064145695780208904762054729704502075672,136,135,68,136
irregular-n08-t128-b00064-falternating-s16,Accelerated,0,true,1,3,0,1,1,0,0,0,0,1,0,1,1,3,3,3,219,219,2249,93811,38976259030230856345911425677969295853300,135,131,68,135
irregular-n08-t128-b00064-falternating-s16,Accelerated,1,true,1,3,0,1,1,0,0,0,0,1,0,1,160,480,378,378,12366,12366,75697,1632939,59488067233684985338956482295109314350460,136,135,68,136
irregular-n08-t128-b00064-falternating-s16,Accelerated,2,true,1,3,0,1,1,0,0,0,0,1,0,1,8,24,24,24,1056,1056,6962,234296,48761146174642115802845388830674379452580,136,134,68,136
irregular-n08-t128-b00064-falternating-s16,Accelerated,3,true,1,3,0,1,1,0,0,0,0,1,0,1,40,120,120,120,5160,5160,35538,1064675,51836536441746222784100411807121681929368,136,134,68,136
irregular-n08-t128-b00064-falternating-s17,Standard,0,true,2,3,1,0,1,0,0,0,0,0,0,0,1,3,3,3,219,219,2774,131938,68246483911032049702447570603184150711862,136,135,68,136
irregular-n08-t128-b00064-falternating-s17,Standard,1,true,3,4,2,0,2,0,0,0,0,0,0,0,192,768,436,436,14332,14332,100476,2451648,68301234560872473528042746808159222365856,136,135,68,136
irregular-n08-t128-b00064-falternating-s17,Standard,2,true,3,4,2,0,2,0,0,0,0,0,0,0,8,32,32,32,1408,1408,10045,387029,85438669296762306372855125437037946561758,136,136,68,137
irregular-n08-t128-b00064-falternating-s17,Standard,3,true,3,4,2,0,2,0,0,0,0,0,0,0,48,192,192,192,8256,8256,60918,2038573,89655941111092385581605639098297904175662,137,136,68,137
irregular-n08-t128-b00064-falternating-s17,Accelerated,0,true,1,3,0,1,1,0,0,0,0,1,0,1,1,3,3,3,219,219,2774,131806,68246483911032049702447570603184150711862,136,133,68,136
irregular-n08-t128-b00064-falternating-s17,Accelerated,1,true,1,3,0,1,1,0,0,0,0,1,0,1,192,576,327,327,10749,10749,74181,1776527,57726208844648399608194659383985318494946,136,134,68,136
irregular-n08-t128-b00064-falternating-s17,Accelerated,2,true,1,3,0,1,1,0,0,0,0,1,0,1,8,24,24,24,1056,1056,8132,306015,85438669296762306372855125437037946561758,136,134,68,136
irregular-n08-t128-b00064-falternating-s17,Accelerated,3,true,1,3,0,1,1,0,0,0,0,1,0,1,48,144,144,144,6192,6192,48885,1595566,100766697335278519642630057637959762641260,137,135,68,137
irregular-n08-t128-b00064-falternating-s18,Standard,0,true,3,4,2,0,2,0,0,0,0,0,0,0,1,4,4,4,292,292,2382,76290,17696932651151416245186988948060148566216,134,130,67,134
irregular-n08-t128-b00064-falternating-s18,Standard,1,true,3,4,2,0,2,0,0,0,0,0,0,0,112,448,372,372,12156,12156,63591,1172851,27664512781054996270659800913646703960592,135,133,67,135
irregular-n08-t128-b00064-falternating-s18,Standard,2,true,3,4,2,0,2,0,0,0,0,0,0,0,8,32,32,32,1408,1408,6605,200529,31147118475066898284123592782821992342250,135,135,68,136
irregular-n08-t128-b00064-falternating-s18,Standard,3,true,4,5,3,0,3,0,0,0,0,0,0,0,28,140,140,140,6020,6020,32959,846849,29121801658427160970136309715651232736356,135,135,68,135
irregular-n08-t128-b00064-falternating-s18,Accelerated,0,true,2,5,0,2,2,1,0,1,0,1,0,1,1,5,5,5,365,365,3048,96289,138314338675885985914411601378530053164800640055652134570880,197,191,130,197
irregular-n08-t128-b00064-falternating-s18,Accelerated,1,true,2,5,0,2,2,1,0,1,0,1,0,1,112,560,465,465,15195,15195,80038,1471917,656678502106554062294033116656399099108721383208965331498176,199,198,132,199
irregular-n08-t128-b00064-falternating-s18,Accelerated,2,true,1,3,0,1,1,0,0,0,0,1,0,1,8,24,24,24,1056,1056,5649,166506,31147118475066898284123592782821992342250,135,132,68,136
irregular-n08-t128-b00064-falternating-s18,Accelerated,3,true,3,7,0,3,3,2,1,1,0,1,0,1,28,196,196,196,8428,8428,51001,1263041,78475875798996524766224543749584862456287823745948011597763868125890051988746240,266,265,137,266
irregular-n08-t128-b00064-falternating-s19,Standard,0,true,2,3,1,0,1,0,0,0,0,0,0,0,1,3,3,3,219,219,2466,105503,53392150411508332945891876548124877886332,136,133,68,136
irregular-n08-t128-b00064-falternating-s19,Standard,1,true,2,3,1,0,1,0,0,0,0,0,0,0,168,504,444,444,14484,14484,93869,2080956,90672024494832630648656230581721852724856,137,135,68,137
irregular-n08-t128-b00064-falternating-s19,Standard,2,true,4,5,3,0,3,0,0,0,0,0,0,0,8,40,40,40,1760,1760,11820,437694,74551834519374923843429237570038931487456,136,136,68,137
irregular-n08-t128-b00064-falternating-s19,Standard,3,true,3,4,2,0,2,0,0,0,0,0,0,0,42,168,168,168,7224,7224,51136,1634777,82983963550973368021275796025937360901224,136,135,68,136
irregular-n08-t128-b00064-falternating-s19,Accelerated,0,true,1,3,0,1,1,0,0,0,0,1,0,1,1,3,3,3,219,219,2466,105237,53392150411508332945891876548124877886332,136,131,68,136
irregular-n08-t128-b00064-falternating-s19,Accelerated,1,true,1,3,0,1,1,0,0,0,0,1,0,1,168,504,444,444,14484,14484,93795,2077067,90672024494832630648656230581721852724856,137,135,68,137
irregular-n08-t128-b00064-falternating-s19,Accelerated,2,true,2,5,0,2,2,1,1,0,0,1,0,1,8,40,40,40,1760,1760,13626,494573,13589763407444573686841370128654685023918184359312382751293760,204,201,135,204
irregular-n08-t128-b00064-falternating-s19,Accelerated,3,true,1,3,0,1,1,0,0,0,0,1,0,1,42,126,126,126,5418,5418,40253,1253922,82983963550973368021275796025937360901224,136,134,68,136
irregular-n08-t128-b00064-falternating-s20,Standard,0,true,3,4,2,0,2,0,0,0,0,0,0,0,1,4,4,4,292,292,2825,95154,17418164964570188419480370898875257768926,134,132,67,134
irregular-n08-t128-b00064-falternating-s20,Standard,1,true,3,4,2,0,2,0,0,0,0,0,0,0,128,512,428,428,13940,13940,81145,1612332,32023067472760225315978728665541567927944,135,134,67,135
irregular-n08-t128-b00064-falternating-s20,Standard,2,true,4,5,3,0,3,0,0,0,0,0,0,0,8,40,40,40,1760,1760,9992,302073,27668872318050364485811101916728098931604,135,134,67,135
irregular-n08-t128-b00064-falternating-s20,Standard,3,true,3,4,2,0,2,0,0,0,0,0,0,0,32,128,128,128,5504,5504,33118,875598,29962246309202836914045207865319009691384,135,134,67,135
irregular-n08-t128-b00064-falternating-s20,Accelerated,0,true,1,3,0,1,1,0,0,0,0,1,0,1,1,3,3,3,219,219,2023,64572,15533307676440214858490870237971253702944,134,130,67,134
irregular-n08-t128-b00064-falternating-s20,Accelerated,1,true,1,3,0,1,1,0,0,0,0,1,0,1,128,384,321,321,10455,10455,59976,1161500,29660712241743988388387774312209334766260,135,134,67,135
irregular-n08-t128-b00064-falternating-s20,Accelerated,2,true,2,5,0,2,2,1,1,0,0,1,0,1,8,40,40,40,1760,1760,11447,333609,1781010437496328996203818559678306561272583238212748608348736,201,199,132,201
irregular-n08-t128-b00064-falternating-s20,Accelerated,3,true,1,3,0,1,1,0,0,0,0,1,0,1,32,96,96,96,4128,4128,25108,636099,29962246309202836914045207865319009691384,135,133,67,135
irregular-n08-t128-b00064-frandom-s01,Standard,0,true,2,3,1,0,1,0,0,0,0,0,0,0,1,3,3,3,219,219,1647,68218,37043919681882946439101669745325469207724,135,134,68,135
irregular-n08-t128-b00064-frandom-s01,Standard,1,true,4,5,3,0,3,0,0,0,0,0,0,0,304,1520,1220,1220,39980,39980,237419,5461053,55030616213874015886763538578431714006064,136,134,68,136
irregular-n08-t128-b00064-frandom-s01,Standard,2,true,3,4,2,0,2,0,0,0,0,0,0,0,8,32,32,32,1824,1824,10537,461349,30656433338443319640651514755507965962442,135,136,68,136
irregular-n08-t128-b00064-frandom-s01,Standard,3,true,3,4,2,0,2,0,0,0,0,0,0,0,38,152,152,152,6536,6536,42125,1320696,55912054711044348829311674498707110399312,136,136,68,136
irregular-n08-t128-b00064-frandom-s01,Accelerated,0,true,1,3,0,1,1,0,0,0,0,1,0,1,1,3,3,3,219,219,1647,68218,37043919681882946439101669745325469207724,135,134,68,135
irregular-n08-t128-b00064-frandom-s01,Accelerated,1,true,3,7,0,3,3,2,0,2,0,1,0,1,304,2128,1708,1708,55972,55972,323981,7073046,7197339573840655597959450354953065931457338901722217212789408,203,202,134,203
irregular-n08-t128-b00064-frandom-s01,Accelerated,2,true,1,3,0,1,1,0,0,0,0,1,0,1,8,24,24,24,1368,1368,8777,383556,30656433338443319640651514755507965962442,135,131,68,136
irregular-n08-t128-b00064-frandom-s01,Accelerated,3,true,1,3,0,1,1,0,0,0,0,1,0,1,38,114,114,114,4902,4902,34283,1056188,55912054711044348829311674498707110399312,136,134,68,136
irregular-n08-t128-b00064-frandom-s02,Standard,0,true,3,4,2,0,2,0,0,0,0,0,0,0,1,4,4,4,292,292,2269,96245,20563190822178427446792709842628638122014,134,133,68,134
irregular-n08-t128-b00064-frandom-s02,Standard,1,true,3,4,2,0,2,0,0,0,0,0,0,0,288,1152,1008,1008,32976,32976,174211,3907731,27883208953884319468275001090478603617834,135,133,67,135
irregular-n08-t128-b00064-frandom-s02,Standard,2,true,2,3,1,0,1,0,0,0,0,0,0,0,8,24,24,24,1368,1368,7333,302760,20404447238434746670098061824919226948042,134,134,67,136
irregular-n08-t128-b00064-frandom-s02,Standard,3,true,4,5,3,0,3,0,0,0,0,0,0,0,36,180,180,180,7740,7740,46969,1352405,22779015452486889175332743743186480038798,135,134,67,135
irregular-n08-t128-b00064-frandom-s02,Accelerated,0,true,2,5,0,2,2,1,0,1,0,1,0,1,1,5,5,5,365,365,2585,101057,193591146193841714512709413828647185255280210426109443100320,197,196,130,199
irregular-n08-t128-b00064-frandom-s02,Accelerated,1,true,2,5,0,2,2,1,0,1,0,1,0,1,288,1440,1260,1260,41220,41220,221068,4713410,458049249023466931795484401288816581655969403913035394344192,199,199,131,199
irregular-n08-t128-b00064-frandom-s02,Accelerated,2,true,0,2,0,0,0,0,0,0,0,0,1,0,8,16,16,16,912,912,5519,223807,20404447238434746670098061824919226948042,134,69,67,136
irregular-n08-t128-b00064-frandom-s02,Accelerated,3,true,2,5,0,2,2,1,0,1,0,1,0,1,36,180,180,180,7740,7740,49630,1331770,961164314787365667029216066465373716422707959607582571167584,200,199,132,200
irregular-n08-t128-b00064-frandom-s03,Standard,0,true,2,3,1,0,1,0,0,0,0,0,0,0,1,3,3,3,219,219,1643,62676,23376545454360638189349114622211886310920,135,132,68,135
irregular-n08-t128-b00064-frandom-s03,Standard,1,true,2,3,1,0,1,0,0,0,0,0,0,0,320,960,840,840,27480,27480,155468,3001455,12428389705996668948237265769605137615934,134,133,68,135
irregular-n08-t128-b00064-frandom-s03,Standard,2,true,2,3,1,0,1,0,0,0,0,0,0,0,8,24,24,24,1368,1368,7936,327666,35718502352897442261441732368812621065734,135,136,68,137
irregular-n08-t128-b00064-frandom-s03,Standard,3,true,2,3,1,0,1,0,0,0,0,0,0,0,40,120,120,120,5160,5160,29767,933537,47917276567915540119018421602462021775470,136,136,68,136
irregular-n08-t128-b00064-frandom-s03,Accelerated,0,true,1,3,0,1,1,0,0,0,0,1,0,1,1,3,3,3,219,219,1667,64184,23376545454360638189349114622211886310920,135,132,68,135
irregular-n08-t128-b00064-frandom-s03,Accelerated,1,true,0,2,0,0,0,0,0,0,0,0,1,0,320,640,560,560,18320,18320,98121,1674010,11258851208418955918077042574439048433428,134,133,68,135
irregular-n08-t128-b00064-frandom-s03,Accelerated,2,true,0,2,0,0,0,0,0,0,0,0,1,0,8,16,16,16,912,912,6088,245856,35718502352897442261441732368812621065734,135,69,68,137
irregular-n08-t128-b00064-frandom-s03,Accelerated,3,true,0,2,0,0,0,0,0,0,0,0,1,0,40,80,80,80,3440,3440,21421,652150,38024418296079123786236312740154750255424,135,134,68,136
irregular-n08-t128-b00064-frandom-s04,Standard,0,true,3,4,2,0,2,0,0,0,0,0,0,0,1,4,4,4,292,292,3351,172980,24826926286692862789743313645593649522958,135,132,68,135
irregular-n08-t128-b00064-frandom-s04,Standard,1,true,2,3,1,0,1,0,0,0,0,0,0,0,320,960,840,840,27480,27480,162220,3986140,35303004107227018982614068801894750602384,135,134,67,135
irregular-n08-t128-b00064-frandom-s04,Standard,2,true,5,6,4,0,4,0,0,0,0,0,0,0,8,48,48,48,2736,2736,22347,1003528,24659155115667225193213450116513684396696,135,134,67,135
irregular-n08-t128-b00064-frandom-s04,Standard,3,true,3,4,2,0,2,0,0,0,0,0,0,0,40,160,160,160,6880,6880,45569,1520456,29048729389147624058942584814952414642078,135,135,68,135
irregular-n08-t128-b00064-frandom-s04,Accelerated,0,true,2,5,0,2,2,1,0,1,0,1,0,1,1,5,5,5,365,365,4612,238438,607387552854457305116101546003273796138959874553056151386488,199,194,132,199
irregular-n08-t128-b00064-frandom-s04,Accelerated,1,true,1,3,0,1,1,0,0,0,0,1,0,1,320,960,840,840,27480,27480,163999,4008181,35303004107227018982614068801894750602384,135,134,67,135
irregular-n08-t128-b00064-frandom-s04,Accelerated,2,true,3,7,0,3,3,2,0,2,0,1,0,1,8,56,56,56,3192,3192,30160,1343267,3404923048293801439771257342066211810337469781547198154129596,202,198,134,202
irregular-n08-t128-b00064-frandom-s04,Accelerated,3,true,1,3,0,1,1,0,0,0,0,1,0,1,40,120,120,120,5160,5160,36916,1222448,29048729389147624058942584814952414642078,135,133,68,135
irregular-n08-t128-b00064-frandom-s05,Standard,0,true,2,3,1,0,1,0,0,0,0,0,0,0,1,3,3,3,219,219,1185,40668,15546228697892007875877617441873320986542,134,131,68,134
irregular-n08-t128-b00064-frandom-s05,Standard,1,true,2,3,1,0,1,0,0,0,0,0,0,0,224,672,588,588,19236,19236,84980,1764000,24928735784772768400466144584623260013600,135,134,68,135
irregular-n08-t128-b00064-frandom-s05,Standard,2,true,3,4,2,0,2,0,0,0,0,0,0,0,8,32,32,32,1824,1824,11261,385231,11560569151016014182044449152631962249396,134,133,67,134
irregular-n08-t128-b00064-frandom-s05,Standard,3,true,2,3,1,0,1,0,0,0,0,0,0,0,28,84,84,84,3612,3612,19971,525941,13476722097640168209979298296380950916012,134,132,66,134
irregular-n08-t128-b00064-frandom-s05,Accelerated,0,true,1,3,0,1,1,0,0,0,0,1,0,1,1,3,3,3,219,219,1185,40668,15546228697892007875877617441873320986542,134,131,68,134
irregular-n08-t128-b00064-frandom-s05,Accelerated,1,true,1,3,0,1,1,0,0,0,0,1,0,1,224,672,588,588,19236,19236,85110,1766470,24928735784772768400466144584623260013600,135,134,68,135
irregular-n08-t128-b00064-frandom-s05,Accelerated,2,true,1,3,0,1,1,0,0,0,0,1,0,1,8,24,24,24,1368,1368,8556,286628,11560569151016014182044449152631962249396,134,129,67,134
irregular-n08-t128-b00064-frandom-s05,Accelerated,3,true,0,2,0,0,0,0,0,0,0,0,1,0,28,56,56,56,2408,2408,12616,331568,13476722097640168209979298296380950916012,134,132,66,134
irregular-n08-t128-b00064-frandom-s06,Standard,0,true,2,3,1,0,1,0,0,0,0,0,0,0,1,3,3,3,219,219,1463,57193,29150215425898994048438640881827555472052,135,134,68,135
irregular-n08-t128-b00064-frandom-s06,Standard,1,true,3,4,2,0,2,0,0,0,0,0,0,0,256,1024,896,896,29312,29312,145059,3328120,33393341504708429351001209965148010044700,135,133,68,135
irregular-n08-t128-b00064-frandom-s06,Standard,2,true,3,4,2,0,2,0,0,0,0,0,0,0,8,32,32,32,1824,1824,12141,443262,23414321231080971294454649739373243450116,135,133,67,135
irregular-n08-t128-b00064-frandom-s06,Standard,3,true,5,6,4,0,4,0,0,0,0,0,0,0,32,192,192,192,8256,8256,52287,1439877,24048280938718414762066816554586337644362,135,133,67,135
irregular-n08-t128-b00064-frandom-s06,Accelerated,0,true,1,3,0,1,1,0,0,0,0,1,0,1,1,3,3,3,219,219,1567,62940,29150215425898994048438640881827555472052,135,133,68,135
irregular-n08-t128-b00064-frandom-s06,Accelerated,1,true,2,5,0,2,2,1,0,1,0,1,0,1,256,1280,1120,1120,36640,36640,186606,4121833,606338396778902651484600940846212291090175807691119343690184,199,199,132,199
irregular-n08-t128-b00064-frandom-s06,Accelerated,2,true,1,3,0,1,1,0,0,0,0,1,0,1,8,24,24,24,1368,1368,9168,324675,23414321231080971294454649739373243450116,135,132,67,135
irregular-n08-t128-b00064-frandom-s06,Accelerated,3,true,2,5,0,2,2,1,1,0,0,1,0,1,32,160,160,160,6880,6880,43912,1179783,890291149666212044951572742199671542715041963451395610382432,200,199,131,200
irregular-n08-t128-b00064-frandom-s07,Standard,0,true,2,3,1,0,1,0,0,0,0,0,0,0,1,3,3,3,219,219,1705,72936,26352141102287926256653336114437646406508,135,133,68,135
irregular-n08-t128-b00064-frandom-s07,Standard,1,true,3,4,2,0,2,0,0,0,0,0,0,0,256,1024,896,896,29312,29312,151622,3374637,36942259323169977177077534166562079239636,135,134,68,136
irregular-n08-t128-b00064-frandom-s07,Standard,2,true,4,5,3,0,3,0,0,0,0,0,0,0,8,40,40,40,2280,2280,14235,557256,21402135614355609762175657560207734360320,134,134,68,135
irregular-n08-t128-b00064-frandom-s07,Standard,3,true,3,4,2,0,2,0,0,0,0,0,0,0,32,128,128,128,5504,5504,30844,916521,31361294424808303863727689961144536809664,135,135,68,136
irregular-n08-t128-b00064-frandom-s07,Accelerated,0,true,1,3,0,1,1,0,0,0,0,1,0,1,1,3,3,3,219,219,1815,76558,26352141102287926256653336114437646406508,135,131,68,135
irregular-n08-t128-b00064-frandom-s07,Accelerated,1,true,2,5,0,2,2,1,0,1,0,1,0,1,256,1280,1120,1120,36640,36640,190039,3985788,1021223369113826839439151501393335747793318499478564384709096,200,199,132,200
irregular-n08-t128-b00064-frandom-s07,Accelerated,2,true,2,5,0,2,2,1,0,1,0,1,0,1,8,40,40,40,2280,2280,16279,627967,3073478388025650808321596037875158676207137097854068149792640,201,198,134,202
irregular-n08-t128-b00064-frandom-s07,Accelerated,3,true,1,3,0,1,1,0,0,0,0,1,0,1,32,96,96,96,4128,4128,24714,721756,31361294424808303863727689961144536809664,135,132,68,136
irregular-n08-t128-b00064-frandom-s08,Standard,0,true,4,5,3,0,3,0,0,0,0,0,0,0,1,5,5,5,365,365,4103,218204,29616012373591345426009032492746272111688,135,133,67,135
irregular-n08-t128-b00064-frandom-s08,Standard,1,true,3,4,2,0,2,0,0,0,0,0,0,0,336,1344,1176,1176,38472,38472,223986,5445168,36702282177926143518987840495928055918938,135,134,67,136
irregular-n08-t128-b00064-frandom-s08,Standard,2,true,2,3,1,0,1,0,0,0,0,0,0,0,8,24,24,24,1368,1368,7804,353272,37147959821573409066280575703413412073816,135,136,68,137
irregular-n08-t128-b00064-frandom-s08,Standard,3,true,2,3,1,0,1,0,0,0,0,0,0,0,42,126,108,108,4644,4644,27272,941914,60007978619961485756984247910367598607816,136,136,68,137
irregular-n08-t128-b00064-frandom-s08,Accelerated,0,true,2,5,0,2,2,1,0,1,0,1,0,1,1,5,5,5,365,365,4101,204061,692176684697955797900090100141901167056570778232994845578620,199,196,132,199
irregular-n08-t128-b00064-frandom-s08,Accelerated,1,true,0,2,0,0,0,0,0,0,0,0,1,0,336,672,588,588,19236,19236,107239,2256190,7567323367959619999587451686974312463858,133,132,67,133
irregular-n08-t128-b00064-frandom-s08,Accelerated,2,true,0,2,0,0,0,0,0,0,0,0,1,0,8,16,16,16,912,912,5900,266688,37147959821573409066280575703413412073816,135,69,68,137
irregular-n08-t128-b00064-frandom-s08,Accelerated,3,true,0,2,0,0,0,0,0,0,0,0,1,0,42,84,72,72,3096,3096,19627,674737,45668468937795302652618999085130434008978,136,134,68,137
irregular-n08-t128-b00064-frandom-s09,Standard,0,true,3,4,2,0,2,0,0,0,0,0,0,0,1,4,4,4,292,292,2984,148143,18048995799677758712184001343539736324462,134,132,67,134
irregular-n08-t128-b00064-frandom-s09,Standard,1,true,2,3,1,0,1,0,0,0,0,0,0,0,336,1008,882,882,28854,28854,159544,3880034,23979664513874853454265944676715802084898,135,133,68,135
irregular-n08-t128-b00064-frandom-s09,Standard,2,true,2,3,1,0,1,0,0,0,0,0,0,0,8,24,24,24,1368,1368,7889,360595,17877479303984345319872689045960434250240,134,135,68,135
irregular-n08-t128-b00064-frandom-s09,Standard,3,true,3,4,2,0,2,0,0,0,0,0,0,0,42,168,168,168,7224,7224,46244,1541067,26994329642675441850579782567888019482024,135,135,68,136
irregular-n08-t128-b00064-frandom-s09,Accelerated,0,true,0,2,0,0,0,0,0,0,0,0,1,0,1,2,2,2,146,146,1308,51181,3619687200015108357173595316463236709292,132,66,65,132
irregular-n08-t128-b00064-frandom-s09,Accelerated,1,true,1,3,0,1,1,0,0,0,0,1,0,1,336,1008,882,882,28854,28854,163052,3964953,23979664513874853454265944676715802084898,135,133,68,135
irregular-n08-t128-b00064-frandom-s09,Accelerated,2,true,1,3,0,1,1,0,0,0,0,1,0,1,8,24,24,24,1368,1368,9520,441704,15583734956184760636606877649220436638724,134,132,68,135
irregular-n08-t128-b00064-frandom-s09,Accelerated,3,true,1,3,0,1,1,0,0,0,0,1,0,1,42,126,126,126,5418,5418,37179,1224708,23714572243913222995753445187040052424062,135,133,68,136
irregular-n08-t128-b00064-frandom-s10,Standard,0,true,3,4,2,0,2,0,0,0,0,0,0,0,1,4,4,4,292,292,2548,123742,56722481596629671879039389584947682343082,136,135,69,136
irregular-n08-t128-b00064-frandom-s10,Standard,1,true,2,3,1,0,1,0,0,0,0,0,0,0,320,960,840,840,27480,27480,146246,3498263,78651040301676870333121135696081616237122,136,135,68,136
irregular-n08-t128-b00064-frandom-s10,Standard,2,true,3,4,2,0,2,0,0,0,0,0,0,0,8,32,32,32,1824,1824,14194,580356,37191432797789026934261096179814992409980,135,135,67,136
irregular-n08-t128-b00064-frandom-s10,Standard,3,true,5,6,4,0,4,0,0,0,0,0,0,0,40,240,240,240,10320,10320,72089,2043816,46375046309338471389379876091577011883414,136,134,67,136
irregular-n08-t128-b00064-frandom-s10,Accelerated,0,true,2,5,0,2,2,1,0,1,0,1,0,1,1,5,5,5,365,365,3020,135972,1737421741366907286309375273826347063152840909332829106438700,201,200,134,201
irregular-n08-t128-b00064-frandom-s10,Accelerated,1,true,1,3,0,1,1,0,0,0,0,1,0,1,320,960,840,840,27480,27480,146829,3517322,78651040301676870333121135696081616237122,136,135,68,136
irregular-n08-t128-b00064-frandom-s10,Accelerated,2,true,1,3,0,1,1,0,0,0,0,1,0,1,8,24,24,24,1368,1368,10292,416940,50134770217714682948045049101259119175070,136,134,67,136
irregular-n08-t128-b00064-frandom-s10,Accelerated,3,true,2,5,0,2,2,1,1,0,0,1,0,1,40,200,200,200,8600,8600,59710,1648568,4388069590072812974403336529705704746489894574037802005832440,202,201,133,202
irregular-n08-t128-b00064-frandom-s11,Standard,0,true,3,4,2,0,2,0,0,0,0,0,0,0,1,4,4,4,292,292,2362,106705,17507648810991113978299014318533825246532,134,132,67,134
irregular-n08-t128-b00064-frandom-s11,Standard,1,true,4,5,3,0,3,0,0,0,0,0,0,0,256,1280,1085,1085,35555,35555,180397,4183947,26773050695009126634352464944293005287938,135,133,67,135
irregular-n08-t128-b00064-frandom-s11,Standard,2,true,4,5,3,0,3,0,0,0,0,0,0,0,8,40,40,40,2280,2280,13630,547149,13791583983803926421410537831946944711294,134,134,67,135
irregular-n08-t128-b00064-frandom-s11,Standard,3,true,2,3,1,0,1,0,0,0,0,0,0,0,32,96,90,90,3870,3870,20318,629047,23667060812643202050504286987078592564232,135,134,67,135
irregular-n08-t128-b00064-frandom-s11,Accelerated,0,true,2,5,0,2,2,1,0,1,0,1,0,1,1,5,5,5,365,365,2800,116828,117536454824663938527737085456566018006290376187748273742736,197,195,130,198
irregular-n08-t128-b00064-frandom-s11,Accelerated,1,true,2,5,0,2,2,1,0,1,0,1,0,1,256,1280,1085,1085,35555,35555,183530,4159600,743424824120848691461272091454960955854756986933612147168736,199,198,132,199
irregular-n08-t128-b00064-frandom-s11,Accelerated,2,true,2,5,0,2,2,1,1,0,0,1,0,1,8,40,40,40,2280,2280,15799,621102,2158896401331259461724165304349676970421860702901032582762488,201,200,134,202
irregular-n08-t128-b00064-frandom-s11,Accelerated,3,true,0,2,0,0,0,0,0,0,0,0,1,0,32,64,60,60,2580,2580,14141,429712,23667060812643202050504286987078592564232,135,133,67,135
irregular-n08-t128-b00064-frandom-s12,Standard,0,true,2,3,1,0,1,0,0,0,0,0,0,0,1,3,3,3,219,219,1370,52122,22315911679847005265946150492715235129944,135,133,68,135
irregular-n08-t128-b00064-frandom-s12,Standard,1,true,2,3,1,0,1,0,0,0,0,0,0,0,240,720,630,630,20610,20610,99894,2027565,34660895753203806057369074143872296539472,135,134,68,136
irregular-n08-t128-b00064-frandom-s12,Standard,2,true,2,3,1,0,1,0,0,0,0,0,0,0,8,24,24,24,1368,1368,6458,242693,26714686851295606951146854926996900211074,135,135,68,136
irregular-n08-t128-b00064-frandom-s12,Standard,3,true,3,4,2,0,2,0,0,0,0,0,0,0,30,120,120,120,5160,5160,27548,765792,32129030584901431283907116471392969068826,135,135,68,136
irregular-n08-t128-b00064-frandom-s12,Accelerated,0,true,1,3,0,1,1,0,0,0,0,1,0,1,1,3,3,3,219,219,1409,53493,22315911679847005265946150492715235129944,135,133,68,135
irregular-n08-t128-b00064-frandom-s12,Accelerated,1,true,1,3,0,1,1,0,0,0,0,1,0,1,240,720,630,630,20610,20610,102187,2039057,34660895753203806057369074143872296539472,135,134,68,136
irregular-n08-t128-b00064-frandom-s12,Accelerated,2,true,0,2,0,0,0,0,0,0,0,0,1,0,8,16,16,16,912,912,4843,177443,26714686851295606951146854926996900211074,135,69,68,136
irregular-n08-t128-b00064-frandom-s12,Accelerated,3,true,1,3,0,1,1,0,0,0,0,1,0,1,30,90,90,90,3870,3870,21767,591956,32129030584901431283907116471392969068826,135,133,68,136
irregular-n08-t128-b00064-frandom-s13,Standard,0,true,2,3,1,0,1,0,0,0,0,0,0,0,1,3,3,3,219,219,1599,66623,14919940805646126583320148246418705055778,134,131,67,134
irregular-n08-t128-b00064-frandom-s13,Standard,1,true,2,3,1,0,1,0,0,0,0,0,0,0,272,816,714,714,23358,23358,118151,2537170,25541348209683617146802987341526903964080,135,133,67,135
irregular-n08-t128-b00064-frandom-s13,Standard,2,true,3,4,2,0,2,0,0,0,0,0,0,0,8,32,32,32,1824,1824,11396,436167,15061150144290958103155825518358149359656,134,134,67,135
irregular-n08-t128-b00064-frandom-s13,Standard,3,true,3,4,2,0,2,0,0,0,0,0,0,0,34,136,136,136,5848,5848,34138,988628,18933035330926674393917510013242896951940,134,134,67,135
irregular-n08-t128-b00064-frandom-s13,Accelerated,0,true,1,3,0,1,1,0,0,0,0,1,0,1,1,3,3,3,219,219,1624,68155,14919940805646126583320148246418705055778,134,130,67,134
irregular-n08-t128-b00064-frandom-s13,Accelerated,1,true,1,3,0,1,1,0,0,0,0,1,0,1,272,816,714,714,23358,23358,119146,2553656,25541348209683617146802987341526903964080,135,133,67,135
irregular-n08-t128-b00064-frandom-s13,Accelerated,2,true,1,3,0,1,1,0,0,0,0,1,0,1,8,24,24,24,1368,1368,9289,351014,15061150144290958103155825518358149359656,134,130,67,135
irregular-n08-t128-b00064-frandom-s13,Accelerated,3,true,1,3,0,1,1,0,0,0,0,1,0,1,34,102,102,102,4386,4386,26499,749692,18933035330926674393917510013242896951940,134,132,67,135
irregular-n08-t128-b00064-frandom-s14,Standard,0,true,2,3,1,0,1,0,0,0,0,0,0,0,1,3,3,3,219,219,1830,79938,29784961995346929354223790936165735357706,135,133,68,135
irregular-n08-t128-b00064-frandom-s14,Standard,1,true,3,4,2,0,2,0,0,0,0,0,0,0,320,1280,1120,1120,36640,36640,198659,4473706,41510589852443392767100885858095053297324,135,134,68,135
irregular-n08-t128-b00064-frandom-s14,Standard,2,true,3,4,2,0,2,0,0,0,0,0,0,0,8,32,32,32,1824,1824,12174,471912,28380942215409871143460981593458021325900,135,135,68,136
irregular-n08-t128-b00064-frandom-s14,Standard,3,true,4,5,3,0,3,0,0,0,0,0,0,0,40,200,200,200,8600,8600,55054,1650200,36800588099263389941541636408201475053580,135,135,68,136
irregular-n08-t128-b00064-frandom-s14,Accelerated,0,true,1,3,0,1,1,0,0,0,0,1,0,1,1,3,3,3,219,219,2088,87106,29784961995346929354223790936165735357706,135,130,68,135
irregular-n08-t128-b00064-frandom-s14,Accelerated,1,true,2,5,0,2,2,1,0,1,0,1,0,1,320,1600,1400,1400,45800,45800,255659,5507620,692640350039176257836407762341598210459867126282388453847468,199,199,132,199
irregular-n08-t128-b00064-frandom-s14,Accelerated,2,true,1,3,0,1,1,0,0,0,0,1,0,1,8,24,24,24,1368,1368,10308,387844,28380942215409871143460981593458021325900,135,132,68,136
irregular-n08-t128-b00064-frandom-s14,Accelerated,3,true,2,5,0,2,2,1,0,1,0,1,0,1,40,200,200,200,8600,8600,59303,1715842,6405813761841205176162135958834988141450750094133872495559584,202,201,135,203
irregular-n08-t128-b00064-frandom-s15,Standard,0,true,3,4,2,0,2,0,0,0,0,0,0,0,1,4,4,4,292,292,3062,157533,23784965750560216352655686183633317323768,135,132,68,135
irregular-n08-t128-b00064-frandom-s15,Standard,1,true,3,4,2,0,2,0,0,0,0,0,0,0,336,1344,1176,1176,38472,38472,220541,5278661,33280090222646800238764050593530492256034,135,134,68,135
irregular-n08-t128-b00064-frandom-s15,Standard,2,true,2,3,1,0,1,0,0,0,0,0,0,0,8,24,24,24,1368,1368,7664,351349,26863048584024536549710516555785084495706,135,135,68,136
irregular-n08-t128-b00064-frandom-s15,Standard,3,true,2,3,1,0,1,0,0,0,0,0,0,0,42,126,126,126,5418,5418,31823,1074625,39406918721679278104474517610040208836848,135,135,68,136
irregular-n08-t128-b00064-frandom-s15,Accelerated,0,true,2,5,0,2,2,1,0,1,0,1,0,1,1,5,5,5,365,365,3551,168638,127513409944371698778759185709929567864591152006525608512256,197,195,130,198
irregular-n08-t128-b00064-frandom-s15,Accelerated,1,true,2,5,0,2,2,1,0,1,0,1,0,1,336,1680,1470,1470,48090,48090,271975,6116589,515143243567884594060213973955591535435895341834118050176040,199,199,131,199
irregular-n08-t128-b00064-frandom-s15,Accelerated,2,true,0,2,0,0,0,0,0,0,0,0,1,0,8,16,16,16,912,912,5760,265368,26863048584024536549710516555785084495706,135,129,68,136
irregular-n08-t128-b00064-frandom-s15,Accelerated,3,true,0,2,0,0,0,0,0,0,0,0,1,0,42,84,84,84,3612,3612,22899,763896,35723730393239574114995173367851144981818,135,134,68,136
irregular-n08-t128-b00064-frandom-s16,Standard,0,true,3,4,2,0,2,0,0,0,0,0,0,0,1,4,4,4,292,292,3100,138352,19766629056144512297645394060731821512156,134,131,67,134
irregular-n08-t128-b00064-frandom-s16,Standard,1,true,3,4,2,0,2,0,0,0,0,0,0,0,320,1280,1120,1120,36640,36640,216317,5011387,26350087239545676715813912879576651551242,135,134,67,135
irregular-n08-t128-b00064-frandom-s16,Standard,2,true,2,3,1,0,1,0,0,0,0,0,0,0,8,24,24,24,1368,1368,7800,336387,21010917618427285707568338405558265572132,134,135,68,135
irregular-n08-t128-b00064-frandom-s16,Standard,3,true,3,4,2,0,2,0,0,0,0,0,0,0,40,160,160,160,6880,6880,43288,1352256,28035656605467561827016447661966667586420,135,135,68,135
irregular-n08-t128-b00064-frandom-s16,Accelerated,0,true,0,2,0,0,0,0,0,0,0,0,1,0,1,2,2,2,146,146,1235,43400,6616046283573153340050865995910105271922,133,67,66,133
irregular-n08-t128-b00064-frandom-s16,Accelerated,1,true,2,5,0,2,2,1,0,1,0,1,0,1,320,1600,1400,1400,45800,45800,271425,6074187,234888914710493103047442309185492556964577849662619717090160,198,197,130,198
irregular-n08-t128-b00064-frandom-s16,Accelerated,2,true,1,3,0,1,1,0,0,0,0,1,0,1,8,24,24,24,1368,1368,9746,418040,19556590473585556937391399775375645823918,134,132,68,135
irregular-n08-t128-b00064-frandom-s16,Accelerated,3,true,1,3,0,1,1,0,0,0,0,1,0,1,40,120,120,120,5160,5160,34618,1057243,25657439963058809351793147790452068436224,135,133,68,135
irregular-n08-t128-b00064-frandom-s17,Standard,0,true,2,3,1,0,1,0,0,0,0,0,0,0,1,3,3,3,219,219,2064,113664,49328017973981993824538274759962059309288,136,134,68,136
irregular-n08-t128-b00064-frandom-s17,Standard,1,true,3,4,2,0,2,0,0,0,0,0,0,0,384,1536,1344,1344,43968,43968,271530,7311536,70866410962078737663385384945020470476568,136,135,68,136
irregular-n08-t128-b00064-frandom-s17,Standard,2,true,3,4,2,0,2,0,0,0,0,0,0,0,8,32,32,32,1824,1824,16211,787371,44937599394152490873313479849185202106156,136,135,68,136
irregular-n08-t128-b00064-frandom-s17,Standard,3,true,3,4,2,0,2,0,0,0,0,0,0,0,48,192,192,192,8256,8256,60701,2174159,52180472253733552961525092924522864548936,136,135,68,136
irregular-n08-t128-b00064-frandom-s17,Accelerated,0,true,1,3,0,1,1,0,0,0,0,1,0,1,1,3,3,3,219,219,2070,114194,49328017973981993824538274759962059309288,136,134,68,136
irregular-n08-t128-b00064-frandom-s17,Accelerated,1,true,2,5,0,2,2,1,0,1,0,1,0,1,384,1920,1680,1680,54960,54960,327334,8114876,2641599225720604643963280159857983539808117001580773342580080,201,201,133,201
irregular-n08-t128-b00064-frandom-s17,Accelerated,2,true,1,3,0,1,1,0,0,0,0,1,0,1,8,24,24,24,1368,1368,12634,601120,44937599394152490873313479849185202106156,136,133,68,136
irregular-n08-t128-b00064-frandom-s17,Accelerated,3,true,1,3,0,1,1,0,0,0,0,1,0,1,48,144,144,144,6192,6192,47479,1666720,52180472253733552961525092924522864548936,136,133,68,136
irregular-n08-t128-b00064-frandom-s18,Standard,0,true,3,4,2,0,2,0,0,0,0,0,0,0,1,4,4,4,292,292,1984,78563,15009033394836719355263368533166989244584,134,132,68,134
irregular-n08-t128-b00064-frandom-s18,Standard,1,true,3,4,2,0,2,0,0,0,0,0,0,0,224,896,712,712,23320,23320,111509,2258600,18399827518926562848262602425180933189152,134,133,68,136
irregular-n08-t128-b00064-frandom-s18,Standard,2,true,2,3,1,0,1,0,0,0,0,0,0,0,8,24,24,24,1368,1368,5796,223511,22099708306397443804003433587973562961828,135,135,68,136
irregular-n08-t128-b00064-frandom-s18,Standard,3,true,2,3,1,0,1,0,0,0,0,0,0,0,28,84,84,84,3612,3612,16968,505285,37108578799284340949657684531166801106760,135,135,68,136
irregular-n08-t128-b00064-frandom-s18,Accelerated,0,true,2,5,0,2,2,1,0,1,0,1,0,1,1,5,5,5,365,365,2244,81713,66581217133606222062492575162270445296151797778472879681856,196,194,129,197
irregular-n08-t128-b00064-frandom-s18,Accelerated,1,true,1,3,0,1,1,0,0,0,0,1,0,1,224,672,534,534,17490,17490,84733,1637572,16653322233162516972658260112871447484698,134,133,68,136
irregular-n08-t128-b00064-frandom-s18,Accelerated,2,true,0,2,0,0,0,0,0,0,0,0,1,0,8,16,16,16,912,912,4371,166509,17556912933036750213034267780993954537262,134,132,68,136
irregular-n08-t128-b00064-frandom-s18,Accelerated,3,true,0,2,0,0,0,0,0,0,0,0,1,0,28,56,56,56,2408,2408,12135,357213,24542820374394661899629750914744533340476,135,134,68,136
irregular-n08-t128-b00064-frandom-s19,Standard,0,true,3,4,2,0,2,0,0,0,0,0,0,0,1,4,4,4,292,292,2548,109764,17971275201445629070382231376171452193160,134,133,69,136
irregular-n08-t128-b00064-frandom-s19,Standard,1,true,3,4,2,0,2,0,0,0,0,0,0,0,336,1344,1176,1176,38472,38472,207523,4539888,28811656362930724749853704473900351490866,135,134,69,137
irregular-n08-t128-b00064-frandom-s19,Standard,2,true,2,3,1,0,1,0,0,0,0,0,0,0,8,24,24,24,1368,1368,6937,305375,34593283409447617828390490194373570621536,135,136,68,137
irregular-n08-t128-b00064-frandom-s19,Standard,3,true,2,3,1,0,1,0,0,0,0,0,0,0,42,126,126,126,5418,5418,31158,1019156,69563114246432849241281170301319847286550,136,137,69,137
irregular-n08-t128-b00064-frandom-s19,Accelerated,0,true,2,5,0,2,2,1,0,1,0,1,0,1,1,5,5,5,365,365,2906,115632,168725869894299107574358113209307811203214823848827384645800,197,196,129,199
irregular-n08-t128-b00064-frandom-s19,Accelerated,1,true,2,5,0,2,2,1,0,1,0,1,0,1,336,1680,1470,1470,48090,48090,251462,5131176,287056348858936403802283686775610367641924508737199868470832,198,198,129,198
irregular-n08-t128-b00064-frandom-s19,Accelerated,2,true,0,2,0,0,0,0,0,0,0,0,1,0,8,16,16,16,912,912,5033,218091,25854039192301119028885813161208401536428,135,131,68,137
irregular-n08-t128-b00064-frandom-s19,Accelerated,3,true,0,2,0,0,0,0,0,0,0,0,1,0,42,84,84,84,3612,3612,22250,707839,46881566179987957720388809721458517122890,136,135,69,137
irregular-n08-t128-b00064-frandom-s20,Standard,0,true,2,3,1,0,1,0,0,0,0,0,0,0,1,3,3,3,219,219,1386,54207,22016358027395157207940446360472545723440,135,134,68,135
irregular-n08-t128-b00064-frandom-s20,Standard,1,true,3,4,2,0,2,0,0,0,0,0,0,0,256,1024,896,896,29312,29312,142580,3192001,34893110690489852425357306507403736069576,135,133,68,135
irregular-n08-t128-b00064-frandom-s20,Standard,2,true,3,4,2,0,2,0,0,0,0,0,0,0,8,32,32,32,1824,1824,12517,465338,17572643533617037342042905921416036123140,134,133,67,135
irregular-n08-t128-b00064-frandom-s20,Standard,3,true,2,3,1,0,1,0,0,0,0,0,0,0,32,96,96,96,4128,4128,24427,685706,15376402236769513038774678956709572730920,134,132,67,134
irregular-n08-t128-b00064-frandom-s20,Accelerated,0,true,1,3,0,1,1,0,0,0,0,1,0,1,1,3,3,3,219,219,1550,62123,22016358027395157207940446360472545723440,135,133,68,135
irregular-n08-t128-b00064-frandom-s20,Accelerated,1,true,2,5,0,2,2,1,0,1,0,1,0,1,256,1280,1120,1120,36640,36640,182138,3865851,609059764997059302537744663956759024849315826461038684505820,199,199,132,199
irregular-n08-t128-b00064-frandom-s20,Accelerated,2,true,1,3,0,1,1,0,0,0,0,1,0,1,8,24,24,24,1368,1368,8933,326469,17572643533617037342042905921416036123140,134,132,67,134
irregular-n08-t128-b00064-frandom-s20,Accelerated,3,true,1,3,0,1,1,0,0,0,0,1,0,1,32,96,96,96,4128,4128,24503,684212,17787709160339501817878106100575830880296,134,132,67,134
irregular-n12-t064-b00001-falternating-s01,Standard,0,true,3,4,2,0,2,0,0,0,0,0,0,0,1,4,4,4,628,628,9291,539635,1358,11,7,6,16
irregular-n12-t064-b00001-falternating-s01,Standard,1,true,4,5,3,0,3,0,0,0,0,0,0,0,288,1440,1315,1315,122165,122165,1431491,54236752,1828,11,9,6,16
irregular-n12-t064-b00001-falternating-s01,Standard,2,true,3,4,2,0,2,0,0,0,0,0,0,0,26,104,104,104,10472,10472,86492,4189689,1560,11,11,6,16
irregular-n12-t064-b00001-falternating-s01,Standard,3,true,3,4,2,0,2,0,0,0,0,0,0,0,48,192,192,192,21312,21312,212479,10644782,1856,11,11,6,16
irregular-n12-t064-b00001-falternating-s01,Accelerated,0,true,0,2,0,0,0,0,0,0,0,0,1,0,1,2,2,2,314,314,3434,169487,168,8,5,4,16
irregular-n12-t064-b00001-falternating-s01,Accelerated,1,true,1,3,0,1,1,0,0,0,0,1,0,1,288,864,789,789,73299,73299,776344,27058791,698,10,8,6,16
irregular-n12-t064-b00001-falternating-s01,Accelerated,2,true,2,5,0,2,2,1,1,0,0,1,0,1,26,130,130,130,13090,13090,147088,7139247,65472,16,13,11,17
irregular-n12-t064-b00001-falternating-s01,Accelerated,3,true,1,3,0,1,1,0,0,0,0,1,0,1,48,144,144,144,15984,15984,174534,8370160,1856,11,9,6,16
irregular-n12-t064-b00001-falternating-s02,Standard,0,true,3,4,2,0,2,0,0,0,0,0,0,0,1,4,4,4,628,628,7797,389531,968,10,7,5,16
irregular-n12-t064-b00001-falternating-s02,Standard,1,true,3,4,2,0,2,0,0,0,0,0,0,0,252,1008,924,924,85764,85764,867294,29539174,1118,11,9,5,16
irregular-n12-t064-b00001-falternating-s02,Standard,2,true,3,4,2,0,2,0,0,0,0,0,0,0,26,104,104,104,10472,10472,80622,3653047,1292,11,11,6,16
irregular-n12-t064-b00001-falternating-s02,Standard,3,true,4,5,3,0,3,0,0,0,0,0,0,0,42,210,210,210,23310,23310,218610,10004996,1452,11,11,6,16
irregular-n12-t064-b00001-falternating-s02,Accelerated,0,true,1,3,0,1,1,0,0,0,0,1,0,1,1,3,3,3,471,471,4924,211786,474,9,5,5,16
irregular-n12-t064-b00001-falternating-s02,Accelerated,1,true,0,2,0,0,0,0,0,0,0,0,1,0,252,504,462,462,42882,42882,365026,10424519,90,7,6,5,16
irregular-n12-t064-b00001-falternating-s02,Accelerated,2,true,1,3,0,1,1,0,0,0,0,1,0,1,26,78,78,78,7854,7854,72025,3163269,1292,11,7,6,16
irregular-n12-t064-b00001-falternating-s02,Accelerated,3,true,2,5,0,2,2,1,1,0,0,1,0,1,42,210,210,210,23310,23310,253418,11221650,48000,16,14,11,17
irregular-n12-t064-b00001-falternating-s03,Standard,0,true,3,4,2,0,2,0,0,0,0,0,0,0,1,4,4,4,628,628,9141,514116,1380,11,7,5,16
irregular-n12-t064-b00001-falternating-s03,Standard,1,true,4,5,3,0,3,0,0,0,0,0,0,0,336,1680,1555,1555,144005,144005,1716284,66143556,2010,11,10,6,16
irregular-n12-t064-b00001-falternating-s03,Standard,2,true,4,5,3,0,3,0,0,0,0,0,0,0,26,130,130,130,13090,13090,129399,6665426,2192,12,12,6,16
irregular-n12-t064-b00001-falternating-s03,Standard,3,true,4,5,3,0,3,0,0,0,0,0,0,0,56,280,280,280,31080,31080,346763,17754571,2570,12,12,6,16
irregular-n12-t064-b00001-falternating-s03,Accelerated,0,true,1,3,0,1,1,0,0,0,0,1,0,1,1,3,3,3,471,471,6289,326089,580,10,5,4,16
irregular-n12-t064-b00001-falternating-s03,Accelerated,1,true,2,5,0,2,2,1,0,1,0,1,0,1,336,1680,1555,1555,144005,144005,1659352,61218500,8752,14,12,8,16
irregular-n12-t064-b00001-falternating-s03,Accelerated,2,true,2,5,0,2,2,1,1,0,0,1,0,1,26,130,130,130,13090,13090,154110,7509744,31456,15,13,10,16
irregular-n12-t064-b00001-falternating-s03,Accelerated,3,true,2,5,0,2,2,1,0,1,0,1,0,1,56,280,280,280,31080,31080,390907,18875285,17184,15,13,8,16
irregular-n12-t064-b00001-falternating-s04,Standard,0,true,3,4,2,0,2,0,0,0,0,0,0,0,1,4,4,4,628,628,6733,334015,722,10,7,5,16
irregular-n12-t064-b00001-falternating-s04,Standard,1,true,3,4,2,0,2,0,0,0,0,0,0,0,228,912,828,828,77028,77028,698830,22339540,786,10,9,5,16
irregular-n12-t064-b00001-falternating-s04,Standard,2,true,4,5,3,0,3,0,0,0,0,0,0,0,26,130,130,130,13090,13090,94760,3833710,970,10,10,5,16
irregular-n12-t064-b00001-falternating-s04,Standard,3,true,4,5,3,0,3,0,0,0,0,0,0,0,38,190,190,190,21090,21090,179573,7825083,1012,10,10,5,16
irregular-n12-t064-b00001-falternating-s04,Accelerated,0,true,1,3,0,1,1,0,0,0,0,1,0,1,1,3,3,3,471,471,4613,213949,396,9,5,5,16
irregular-n12-t064-b00001-falternating-s04,Accelerated,1,true,1,3,0,1,1,0,0,0,0,1,0,1,228,684,621,621,57771,57771,501806,15143968,630,10,8,5,16
irregular-n12-t064-b00001-falternating-s04,Accelerated,2,true,2,5,0,2,2,1,1,0,0,1,0,1,26,130,130,130,13090,13090,113627,4386168,12700,14,12,9,16
irregular-n12-t064-b00001-falternating-s04,Accelerated,3,true,2,5,0,2,2,1,0,1,0,1,0,1,38,190,190,190,21090,21090,198681,8089601,7952,13,12,8,16
irregular-n12-t064-b00001-falternating-s05,Standard,0,true,3,4,2,0,2,0,0,0,0,0,0,0,1,4,4,4,628,628,9640,592061,1472,11,8,6,16
irregular-n12-t064-b00001-falternating-s05,Standard,1,true,3,4,2,0,2,0,0,0,0,0,0,0,336,1344,1232,1232,114352,114352,1366106,53781182,1724,11,9,6,16
irregular-n12-t064-b00001-falternating-s05,Standard,2,true,4,5,3,0,3,0,0,0,0,0,0,0,26,130,130,130,13090,13090,126707,6123055,1932,11,11,6,16
irregular-n12-t064-b00001-falternating-s05,Standard,3,true,3,4,2,0,2,0,0,0,0,0,0,0,56,224,224,224,24864,24864,266747,14323730,2128,12,11,6,16
irregular-n12-t064-b00001-falternating-s05,Accelerated,0,true,2,5,0,2,2,1,0,1,0,1,0,1,1,5,5,5,785,785,12398,736162,3864,12,8,7,16
irregular-n12-t064-b00001-falternating-s05,Accelerated,1,true,1,3,0,1,1,0,0,0,0,1,0,1,336,1008,924,924,85764,85764,972672,36378868,1446,11,9,6,16
irregular-n12-t064-b00001-falternating-s05,Accelerated,2,true,2,5,0,2,2,1,1,0,0,1,0,1,26,130,130,130,13090,13090,151474,7019808,21936,15,13,9,16
irregular-n12-t064-b00001-falternating-s05,Accelerated,3,true,1,3,0,1,1,0,0,0,0,1,0,1,56,168,168,168,18648,18648,220143,11305015,2128,12,9,6,16
irregular-n12-t064-b00001-falternating-s06,Standard,0,true,3,4,2,0,2,0,0,0,0,0,0,0,1,4,4,4,628,628,9306,490247,1266,11,7,5,16
irregular-n12-t064-b00001-falternating-s06,Standard,1,true,3,4,2,0,2,0,0,0,0,0,0,0,312,1248,1156,1156,107036,107036,1247432,46176192,1324,11,9,5,16
irregular-n12-t064-b00001-falternating-s06,Standard,2,true,3,4,2,0,2,0,0,0,0,0,0,0,26,104,104,104,10472,10472,91488,4513914,1878,11,12,6,16
irregular-n12-t064-b00001-falternating-s06,Standard,3,true,3,4,2,0,2,0,0,0,0,0,0,0,52,208,208,208,23088,23088,230048,11463434,1938,11,12,6,16
irregular-n12-t064-b00001-falternating-s06,Accelerated,0,true,0,2,0,0,0,0,0,0,0,0,1,0,1,2,2,2,314,314,3349,141421,156,8,5,5,16
irregular-n12-t064-b00001-falternating-s06,Accelerated,1,true,1,3,0,1,1,0,0,0,0,1,0,1,312,936,867,867,80277,80277,850354,28650430,504,9,8,5,16
irregular-n12-t064-b00001-falternating-s06,Accelerated,2,true,1,3,0,1,1,0,0,0,0,1,0,1,26,78,78,78,7854,7854,81809,3919031,1878,11,7,6,16
irregular-n12-t064-b00001-falternating-s06,Accelerated,3,true,2,5,0,2,2,1,1,0,0,1,0,1,52,260,260,260,28860,28860,373754,18071967,92532,17,15,11,18
irregular-n12-t064-b00001-falternating-s07,Standard,0,true,2,3,1,0,1,0,0,0,0,0,0,0,1,3,3,3,471,471,6878,407781,1066,11,8,5,16
irregular-n12-t064-b00001-falternating-s07,Standard,1,true,3,4,2,0,2,0,0,0,0,0,0,0,348,1392,1252,1252,116092,116092,1399225,55099811,1800,11,10,6,16
irregular-n12-t064-b00001-falternating-s07,Standard,2,true,3,4,2,0,2,0,0,0,0,0,0,0,26,104,104,104,10472,10472,93552,4937948,2110,12,12,6,16
irregular-n12-t064-b00001-falternating-s07,Standard,3,true,4,5,3,0,3,0,0,0,0,0,0,0,58,290,290,290,32190,32190,367606,19210287,2532,12,12,6,16
irregular-n12-t064-b00001-falternating-s07,Accelerated,0,true,1,3,0,1,1,0,0,0,0,1,0,1,1,3,3,3,471,471,6561,361543,1066,11,6,5,16
irregular-n12-t064-b00001-falternating-s07,Accelerated,1,true,1,3,0,1,1,0,0,0,0,1,0,1,348,1044,939,939,87069,87069,989196,36670804,810,10,9,6,16
irregular-n12-t064-b00001-falternating-s07,Accelerated,2,true,1,3,0,1,1,0,0,0,0,1,0,1,26,78,78,78,7854,7854,83148,4276992,2110,12,8,6,16
irregular-n12-t064-b00001-falternating-s07,Accelerated,3,true,2,5,0,2,2,1,0,1,0,1,0,1,58,290,290,290,32190,32190,415164,20537405,14928,14,13,8,16
irregular-n12-t064-b00001-falternating-s08,Standard,0,true,3,4,2,0,2,0,0,0,0,0,0,0,1,4,4,4,628,628,8504,489748,772,10,8,5,16
irregular-n12-t064-b00001-falternating-s08,Standard,1,true,3,4,2,0,2,0,0,0,0,0,0,0,276,1104,964,964,89884,89884,977665,35960876,1164,11,9,5,16
irregular-n12-t064-b00001-falternating-s08,Standard,2,true,4,5,3,0,3,0,0,0,0,0,0,0,26,130,130,130,13090,13090,120929,5345154,950,10,10,5,16
irregular-n12-t064-b00001-falternating-s08,Standard,3,true,3,4,2,0,2,0,0,0,0,0,0,0,46,184,184,184,20424,20424,205869,9951693,1098,11,10,5,16
irregular-n12-t064-b00001-falternating-s08,Accelerated,0,true,1,3,0,1,1,0,0,0,0,1,0,1,1,3,3,3,471,471,5735,312869,704,10,6,5,16
irregular-n12-t064-b00001-falternating-s08,Accelerated,1,true,1,3,0,1,1,0,0,0,0,1,0,1,276,828,723,723,67413,67413,696405,24293046,1080,11,9,5,16
irregular-n12-t064-b00001-falternating-s08,Accelerated,2,true,2,5,0,2,2,1,0,1,0,1,0,1,26,130,130,130,13090,13090,132960,5496333,5976,13,12,7,16
irregular-n12-t064-b00001-falternating-s08,Accelerated,3,true,1,3,0,1,1,0,0,0,0,1,0,1,46,138,138,138,15318,15318,159734,7372935,1098,11,8,5,16
irregular-n12-t064-b00001-falternating-s09,Standard,0,true,3,4,2,0,2,0,0,0,0,0,0,0,1,4,4,4,628,628,8445,502459,1062,11,7,5,16
irregular-n12-t064-b00001-falternating-s09,Standard,1,true,3,4,2,0,2,0,0,0,0,0,0,0,348,1392,1256,1256,116536,116536,1275553,48794987,1568,11,10,5,16
irregular-n12-t064-b00001-falternating-s09,Standard,2,true,4,5,3,0,3,0,0,0,0,0,0,0,26,130,130,130,13090,13090,120222,5915824,1840,11,11,6,16
irregular-n12-t064-b00001-falternating-s09,Standard,3,true,3,4,2,0,2,0,0,0,0,0,0,0,58,232,232,232,25752,25752,254002,13564091,2058,12,11,6,16
irregular-n12-t064-b00001-falternating-s09,Accelerated,0,true,1,3,0,1,1,0,0,0,0,1,0,1,1,3,3,3,471,471,5723,316327,776,10,6,5,16
irregular-n12-t064-b00001-falternating-s09,Accelerated,1,true,1,3,0,1,1,0,0,0,0,1,0,1,348,1044,942,942,87402,87402,906963,32880962,1218,11,9,5,16
irregular-n12-t064-b00001-falternating-s09,Accelerated,2,true,2,5,0,2,2,1,0,1,0,1,0,1,26,130,130,130,13090,13090,142117,6614432,16928,15,13,8,16
irregular-n12-t064-b00001-falternating-s09,Accelerated,3,true,1,3,0,1,1,0,0,0,0,1,0,1,58,174,174,174,19314,19314,211185,10836650,2058,12,9,6,16
irregular-n12-t064-b00001-falternating-s10,Standard,0,true,3,4,2,0,2,0,0,0,0,0,0,0,1,4,4,4,628,628,6748,297072,500,9,6,5,16
irregular-n12-t064-b00001-falternating-s10,Standard,1,true,4,5,3,0,3,0,0,0,0,0,0,0,228,1140,1045,1045,96995,96995,930450,29921900,752,10,8,5,16
irregular-n12-t064-b00001-falternating-s10,Standard,2,true,3,4,2,0,2,0,0,0,0,0,0,0,26,104,104,104,10472,10472,70604,3294794,768,10,11,6,16
irregular-n12-t064-b00001-falternating-s10,Standard,3,true,4,5,3,0,3,0,0,0,0,0,0,0,38,190,190,190,21090,21090,180004,7872503,888,10,10,6,16
irregular-n12-t064-b00001-falternating-s10,Accelerated,0,true,0,2,0,0,0,0,0,0,0,0,1,0,1,2,2,2,314,314,2384,79708,96,7,4,3,16
irregular-n12-t064-b00001-falternating-s10,Accelerated,1,true,0,2,0,0,0,0,0,0,0,0,1,0,228,456,418,418,38798,38798,303780,7825565,68,7,5,4,16
irregular-n12-t064-b00001-falternating-s10,Accelerated,2,true,2,5,0,2,2,1,0,1,0,1,0,1,26,130,130,130,13090,13090,118390,5395344,26016,15,12,10,16
irregular-n12-t064-b00001-falternating-s10,Accelerated,3,true,2,5,0,2,2,1,1,0,0,1,0,1,38,190,190,190,21090,21090,208669,8778192,22080,15,13,10,16
irregular-n12-t064-b00001-falternating-s11,Standard,0,true,4,5,3,0,3,0,0,0,0,0,0,0,1,5,5,5,785,785,13700,961448,1836,11,9,6,16
irregular-n12-t064-b00001-falternating-s11,Standard,1,true,3,4,2,0,2,0,0,0,0,0,0,0,360,1440,1272,1272,118312,118312,1512872,64874955,2612,12,10,6,16
irregular-n12-t064-b00001-falternating-s11,Standard,2,true,4,5,3,0,3,0,0,0,0,0,0,0,26,130,130,130,13090,13090,132045,6871912,2132,12,12,6,16
irregular-n12-t064-b00001-falternating-s11,Standard,3,true,5,6,4,0,4,0,0,0,0,0,0,0,60,360,360,360,39960,39960,525634,30045950,2664,12,11,6,16
irregular-n12-t064-b00001-falternating-s11,Accelerated,0,true,2,5,0,2,2,1,0,1,0,1,0,1,1,5,5,5,785,785,13467,921681,7200,13,10,8,16
irregular-n12-t064-b00001-falternating-s11,Accelerated,1,true,1,3,0,1,1,0,0,0,0,1,0,1,360,1080,954,954,88734,88734,1094212,45358992,2204,12,10,6,16
irregular-n12-t064-b00001-falternating-s11,Accelerated,2,true,2,5,0,2,2,1,0,1,0,1,0,1,26,130,130,130,13090,13090,158594,7928424,23440,15,14,8,16
irregular-n12-t064-b00001-falternating-s11,Accelerated,3,true,2,5,0,2,2,1,1,0,0,1,0,1,60,300,300,300,33300,33300,466692,26005984,43200,16,14,9,17
irregular-n12-t064-b00001-falternating-s12,Standard,0,true,3,4,2,0,2,0,0,0,0,0,0,0,1,4,4,4,628,628,8921,572406,1110,11,7,5,16
irregular-n12-t064-b00001-falternating-s12,Standard,1,true,3,4,2,0,2,0,0,0,0,0,0,0,336,1344,1228,1228,114068,114068,1270743,49823559,1572,11,10,5,16
irregular-n12-t064-b00001-falternating-s12,Standard,2,true,3,4,2,0,2,0,0,0,0,0,0,0,26,104,104,104,10472,10472,86973,4547605,1640,11,12,6,16
irregular-n12-t064-b00001-falternating-s12,Standard,3,true,4,5,3,0,3,0,0,0,0,0,0,0,56,280,280,280,31080,31080,329150,17570001,2080,12,11,6,16
irregular-n12-t064-b00001-falternating-s12,Accelerated,0,true,1,3,0,1,1,0,0,0,0,1,0,1,1,3,3,3,471,471,6096,373325,860,10,6,5,16
irregular-n12-t064-b00001-falternating-s12,Accelerated,1,true,1,3,0,1,1,0,0,0,0,1,0,1,336,1008,921,921,85551,85551,909948,34134648,1332,11,10,5,16
irregular-n12-t064-b00001-falternating-s12,Accelerated,2,true,1,3,0,1,1,0,0,0,0,1,0,1,26,78,78,78,7854,7854,76991,3923032,1640,11,9,6,16
irregular-n12-t064-b00001-falternating-s12,Accelerated,3,true,2,5,0,2,2,1,0,1,0,1,0,1,56,280,280,280,31080,31080,374919,19199321,22320,15,14,9,16
irregular-n12-t064-b00001-falternating-s13,Standard,0,true,3,4,2,0,2,0,0,0,0,0,0,0,1,4,4,4,628,628,7899,379379,552,10,6,5,16
irregular-n12-t064-b00001-falternating-s13,Standard,1,true,3,4,2,0,2,0,0,0,0,0,0,0,276,1104,1024,1024,94784,94784,971002,33142857,868,10,8,5,16
irregular-n12-t064-b00001-falternating-s13,Standard,2,true,3,4,2,0,2,0,0,0,0,0,0,0,26,104,104,104,10472,10472,82288,4475332,1338,11,11,6,16
irregular-n12-t064-b00001-falternating-s13,Standard,3,true,4,5,3,0,3,0,0,0,0,0,0,0,46,230,230,230,25530,25530,248064,11451599,1522,11,11,6,16
irregular-n12-t064-b00001-falternating-s13,Accelerated,0,true,0,2,0,0,0,0,0,0,0,0,1,0,1,2,2,2,314,314,2819,106524,128,8,4,4,16
irregular-n12-t064-b00001-falternating-s13,Accelerated,1,true,0,2,0,0,0,0,0,0,0,0,1,0,276,552,512,512,47392,47392,408048,11603159,92,7,6,5,16
irregular-n12-t064-b00001-falternating-s13,Accelerated,2,true,1,3,0,1,1,0,0,0,0,1,0,1,26,78,78,78,7854,7854,73478,3964424,1338,11,7,6,16
irregular-n12-t064-b00001-falternating-s13,Accelerated,3,true,2,5,0,2,2,1,1,0,0,1,0,1,46,230,230,230,25530,25530,285476,12577486,10620,14,12,8,16
irregular-n12-t064-b00001-falternating-s14,Standard,0,true,4,5,3,0,3,0,0,0,0,0,0,0,1,5,5,5,785,785,9721,476374,778,10,7,5,16
irregular-n12-t064-b00001-falternating-s14,Standard,1,true,3,4,2,0,2,0,0,0,0,0,0,0,264,1056,944,944,87584,87584,901913,31379604,1336,11,9,5,16
irregular-n12-t064-b00001-falternating-s14,Standard,2,true,5,6,4,0,4,0,0,0,0,0,0,0,26,156,156,156,15708,15708,137209,6112444,1258,11,11,6,16
irregular-n12-t064-b00001-falternating-s14,Standard,3,true,5,6,4,0,4,0,0,0,0,0,0,0,44,264,264,264,29304,29304,284949,13443203,1546,11,11,6,16
irregular-n12-t064-b00001-falternating-s14,Accelerated,0,true,1,3,0,1,1,0,0,0,0,1,0,1,1,3,3,3,471,471,4872,208623,220,8,4,4,16
irregular-n12-t064-b00001-falternating-s14,Accelerated,1,true,0,2,0,0,0,0,0,0,0,0,1,0,264,528,472,472,43792,43792,389180,11567114,200,8,6,5,16
irregular-n12-t064-b00001-falternating-s14,Accelerated,2,true,2,5,0,2,2,1,1,0,0,1,0,1,26,130,130,130,13090,13090,129784,5769304,41760,16,13,10,17
irregular-n12-t064-b00001-falternating-s14,Accelerated,3,true,2,5,0,2,2,1,1,0,0,1,0,1,44,220,220,220,24420,24420,259384,11916456,61696,16,14,11,17
irregular-n12-t064-b00001-falternating-s15,Standard,0,true,3,4,2,0,2,0,0,0,0,0,0,0,1,4,4,4,628,628,8994,496396,1258,11,8,5,16
irregular-n12-t064-b00001-falternating-s15,Standard,1,true,3,4,2,0,2,0,0,0,0,0,0,0,288,1152,1052,1052,97732,97732,1102426,40893779,1272,11,9,5,16
irregular-n12-t064-b00001-falternating-s15,Standard,2,true,3,4,2,0,2,0,0,0,0,0,0,0,26,104,104,104,10472,10472,89481,4551147,1602,11,11,6,16
irregular-n12-t064-b00001-falternating-s15,Standard,3,true,3,4,2,0,2,0,0,0,0,0,0,0,48,192,192,192,21312,21312,214165,10816295,1764,11,11,6,16
irregular-n12-t064-b00001-falternating-s15,Accelerated,0,true,0,2,0,0,0,0,0,0,0,0,1,0,1,2,2,2,314,314,3391,157861,246,8,5,4,16
irregular-n12-t064-b00001-falternating-s15,Accelerated,1,true,0,2,0,0,0,0,0,0,0,0,1,0,288,576,526,526,48866,48866,475297,15094553,204,8,7,5,16
irregular-n12-t064-b00001-falternating-s15,Accelerated,2,true,1,3,0,1,1,0,0,0,0,1,0,1,26,78,78,78,7854,7854,80413,4017434,1602,11,7,6,16
irregular-n12-t064-b00001-falternating-s15,Accelerated,3,true,1,3,0,1,1,0,0,0,0,1,0,1,48,144,144,144,15984,15984,180727,8826666,1764,11,9,6,16
irregular-n12-t064-b00001-falternating-s16,Standard,0,true,4,5,3,0,3,0,0,0,0,0,0,0,1,5,5,5,785,785,11255,622433,1192,11,7,5,16
irregular-n12-t064-b00001-falternating-s16,Standard,1,true,3,4,2,0,2,0,0,0,0,0,0,0,324,1296,1204,1204,111404,111404,1206825,44732573,1368,11,9,5,16
irregular-n12-t064-b00001-falternating-s16,Standard,2,true,3,4,2,0,2,0,0,0,0,0,0,0,26,104,104,104,10472,10472,83535,4104606,1964,11,12,6,16
irregular-n12-t064-b00001-falternating-s16,Standard,3,true,5,6,4,0,4,0,0,0,0,0,0,0,54,324,324,324,35964,35964,390931,19494878,2210,12,12,6,16
irregular-n12-t064-b00001-falternating-s16,Accelerated,0,true,1,3,0,1,1,0,0,0,0,1,0,1,1,3,3,3,471,471,5731,285017,612,10,5,5,16
irregular-n12-t064-b00001-falternating-s16,Accelerated,1,true,1,3,0,1,1,0,0,0,0,1,0,1,324,972,903,903,83553,83553,859899,30003619,636,10,9,5,16
irregular-n12-t064-b00001-falternating-s16,Accelerated,2,true,1,3,0,1,1,0,0,0,0,1,0,1,26,78,78,78,7854,7854,73417,3477235,1964,11,8,6,16
irregular-n12-t064-b00001-falternating-s16,Accelerated,3,true,2,5,0,2,2,1,1,0,0,1,0,1,54,270,270,270,29970,29970,356244,17315214,36296,16,14,10,17
irregular-n12-t064-b00001-falternating-s17,Standard,0,true,3,4,2,0,2,0,0,0,0,0,0,0,1,4,4,4,628,628,10015,635785,1516,11,9,6,16
irregular-n12-t064-b00001-falternating-s17,Standard,1,true,3,4,2,0,2,0,0,0,0,0,0,0,360,1440,996,996,92476,92476,1152002,48268369,1708,11,9,5,16
irregular-n12-t064-b00001-falternating-s17,Standard,2,true,4,5,3,0,3,0,0,0,0,0,0,0,26,130,130,130,13090,13090,132462,6791189,2516,12,12,6,16
irregular-n12-t064-b00001-falternating-s17,Standard,3,true,3,4,2,0,2,0,0,0,0,0,0,0,60,240,240,240,26640,26640,299288,16787027,2834,12,12,6,16
irregular-n12-t064-b00001-falternating-s17,Accelerated,0,true,1,3,0,1,1,0,0,0,0,1,0,1,1,3,3,3,471,471,6876,411573,1212,11,6,5,16
irregular-n12-t064-b00001-falternating-s17,Accelerated,1,true,1,3,0,1,1,0,0,0,0,1,0,1,360,1080,747,747,69357,69357,821690,32910036,812,10,8,5,16
irregular-n12-t064-b00001-falternating-s17,Accelerated,2,true,2,5,0,2,2,1,1,0,0,1,0,1,26,130,130,130,13090,13090,158790,7873375,59320,16,14,11,17
irregular-n12-t064-b00001-falternating-s17,Accelerated,3,true,1,3,0,1,1,0,0,0,0,1,0,1,60,180,180,180,19980,19980,254253,13821674,2834,12,9,6,16
irregular-n12-t064-b00001-falternating-s18,Standard,0,true,3,4,2,0,2,0,0,0,0,0,0,0,1,4,4,4,628,628,9413,507422,1466,11,8,6,16
irregular-n12-t064-b00001-falternating-s18,Standard,1,true,3,4,2,0,2,0,0,0,0,0,0,0,300,1200,1108,1108,102668,102668,1189031,44073113,1706,11,9,5,16
irregular-n12-t064-b00001-falternating-s18,Standard,2,true,3,4,2,0,2,0,0,0,0,0,0,0,26,104,104,104,10472,10472,90534,4363751,2096,12,12,6,16
irregular-n12-t064-b00001-falternating-s18,Standard,3,true,3,4,2,0,2,0,0,0,0,0,0,0,50,200,200,200,22200,22200,218624,10742558,2200,12,12,6,16
irregular-n12-t064-b00001-falternating-s18,Accelerated,0,true,0,2,0,0,0,0,0,0,0,0,1,0,1,2,2,2,314,314,3410,151245,164,8,5,5,16
irregular-n12-t064-b00001-falternating-s18,Accelerated,1,true,1,3,0,1,1,0,0,0,0,1,0,1,300,900,831,831,77001,77001,809245,27631611,856,10,9,5,16
irregular-n12-t064-b00001-falternating-s18,Accelerated,2,true,1,3,0,1,1,0,0,0,0,1,0,1,26,78,78,78,7854,7854,81219,3809679,2096,12,7,6,16
irregular-n12-t064-b00001-falternating-s18,Accelerated,3,true,2,5,0,2,2,1,1,0,0,1,0,1,50,250,250,250,27750,27750,351704,16599270,76680,17,14,11,17
irregular-n12-t064-b00001-falternating-s19,Standard,0,true,4,5,3,0,3,0,0,0,0,0,0,0,1,5,5,5,785,785,9386,462164,638,10,6,5,16
irregular-n12-t064-b00001-falternating-s19,Standard,1,true,3,4,2,0,2,0,0,0,0,0,0,0,264,1056,968,968,89848,89848,865507,27931640,758,10,8,5,16
irregular-n12-t064-b00001-falternating-s19,Standard,2,true,4,5,3,0,3,0,0,0,0,0,0,0,26,130,130,130,13090,13090,103028,4333611,1068,11,11,6,16
irregular-n12-t064-b00001-falternating-s19,Standard,3,true,4,5,3,0,3,0,0,0,0,0,0,0,44,220,220,220,24420,24420,214720,9418274,1186,11,11,6,16
irregular-n12-t064-b00001-falternating-s19,Accelerated,0,true,2,5,0,2,2,1,0,1,0,1,0,1,1,5,5,5,785,785,9176,432235,868,10,5,6,16
irregular-n12-t064-b00001-falternating-s19,Accelerated,1,true,1,3,0,1,1,0,0,0,0,1,0,1,264,792,726,726,67386,67386,608773,18410327,446,9,8,5,16
irregular-n12-t064-b00001-falternating-s19,Accelerated,2,true,2,5,0,2,2,1,1,0,0,1,0,1,26,130,130,130,13090,13090,123907,4939423,15360,14,12,9,16
irregular-n12-t064-b00001-falternating-s19,Accelerated,3,true,2,5,0,2,2,1,0,1,0,1,0,1,44,220,220,220,24420,24420,238336,9610244,6736,13,12,8,16
irregular-n12-t064-b00001-falternating-s20,Standard,0,true,2,3,1,0,1,0,0,0,0,0,0,0,1,3,3,3,471,471,5187,252908,720,10,7,5,16
irregular-n12-t064-b00001-falternating-s20,Standard,1,true,3,4,2,0,2,0,0,0,0,0,0,0,276,1104,960,960,88880,88880,872240,29133721,1056,11,9,5,16
irregular-n12-t064-b00001-falternating-s20,Standard,2,true,4,5,3,0,3,0,0,0,0,0,0,0,26,130,130,130,13090,13090,107272,4873615,1286,11,11,6,16
irregular-n12-t064-b00001-falternating-s20,Standard,3,true,4,5,3,0,3,0,0,0,0,0,0,0,46,230,230,230,25530,25530,235876,10946631,1602,11,11,6,16
irregular-n12-t064-b00001-falternating-s20,Accelerated,0,true,0,2,0,0,0,0,0,0,0,0,1,0,1,2,2,2,314,314,2893,123634,144,8,5,5,16
irregular-n12-t064-b00001-falternating-s20,Accelerated,1,true,1,3,0,1,1,0,0,0,0,1,0,1,276,828,720,720,66660,66660,624759,19718029,448,9,8,5,16
irregular-n12-t064-b00001-falternating-s20,Accelerated,2,true,2,5,0,2,2,1,1,0,0,1,0,1,26,130,130,130,13090,13090,129340,5631105,35872,16,14,10,17
irregular-n12-t064-b00001-falternating-s20,Accelerated,3,true,2,5,0,2,2,1,1,0,0,1,0,1,46,230,230,230,25530,25530,269310,11796968,26864,15,14,10,16
irregular-n12-t064-b00001-frandom-s01,Standard,0,true,2,3,1,0,1,0,0,0,0,0,0,0,1,3,3,3,471,471,4441,292158,756,10,8,6,16
irregular-n12-t064-b00001-frandom-s01,Standard,1,true,3,4,2,0,2,0,0,0,0,0,0,0,528,2112,1936,1936,179696,179696,1564450,59621691,958,10,9,6,16
irregular-n12-t064-b00001-frandom-s01,Standard,2,true,2,3,1,0,1,0,0,0,0,0,0,0,10,30,30,30,3864,3864,26926,1808204,840,10,11,6,16
irregular-n12-t064-b00001-frandom-s01,Standard,3,true,4,5,3,0,3,0,0,0,0,0,0,0,48,240,240,240,26640,26640,237135,12106412,1048,11,11,6,16
irregular-n12-t064-b00001-frandom-s01,Accelerated,0,true,1,3,0,1,1,0,0,0,0,1,0,1,1,3,3,3,471,471,4485,292833,756,10,7,6,16
irregular-n12-t064-b00001-frandom-s01,Accelerated,1,true,0,2,0,0,0,0,0,0,0,0,1,0,528,1056,968,968,89848,89848,702029,19685478,76,7,7,6,16
irregular-n12-t064-b00001-frandom-s01,Accelerated,2,true,0,2,0,0,0,0,0,0,0,0,1,0,10,20,20,20,2576,2576,21914,1457065,840,10,7,6,16
irregular-n12-t064-b00001-frandom-s01,Accelerated,3,true,2,5,0,2,2,1,1,0,0,1,0,1,48,240,240,240,26640,26640,272359,13843675,42416,16,14,11,17
irregular-n12-t064-b00001-frandom-s02,Standard,0,true,3,4,2,0,2,0,0,0,0,0,0,0,1,4,4,4,628,628,5381,238306,534,10,7,5,16
irregular-n12-t064-b00001-frandom-s02,Standard,1,true,3,4,2,0,2,0,0,0,0,0,0,0,420,1680,1532,1532,142372,142372,1111689,34168249,960,10,9,5,16
irregular-n12-t064-b00001-frandom-s02,Standard,2,true,4,5,3,0,3,0,0,0,0,0,0,0,10,50,50,50,6650,6650,52927,2680978,872,10,11,6,16
irregular-n12-t064-b00001-frandom-s02,Standard,3,true,3,4,2,0,2,0,0,0,0,0,0,0,42,168,168,168,18648,18648,144225,6470679,988,10,11,6,16
irregular-n12-t064-b00001-frandom-s02,Accelerated,0,true,0,2,0,0,0,0,0,0,0,0,1,0,1,2,2,2,314,314,2019,60796,80,7,4,4,16
irregular-n12-t064-b00001-frandom-s02,Accelerated,1,true,0,2,0,0,0,0,0,0,0,0,1,0,420,840,766,766,71186,71186,513459,12589562,144,8,7,5,16
irregular-n12-t064-b00001-frandom-s02,Accelerated,2,true,2,5,0,2,2,1,0,1,0,1,0,1,10,50,50,50,6650,6650,63548,3000287,22400,15,13,10,16
irregular-n12-t064-b00001-frandom-s02,Accelerated,3,true,1,3,0,1,1,0,0,0,0,1,0,1,42,126,126,126,13986,13986,117775,4982020,988,10,8,6,16
irregular-n12-t064-b00001-frandom-s03,Standard,0,true,2,3,1,0,1,0,0,0,0,0,0,0,1,3,3,3,471,471,5778,339109,982,10,8,5,16
irregular-n12-t064-b00001-frandom-s03,Standard,1,true,3,4,2,0,2,0,0,0,0,0,0,0,560,2240,2052,2052,190492,190492,2006695,77638819,1806,11,10,6,16
irregular-n12-t064-b00001-frandom-s03,Standard,2,true,4,5,3,0,3,0,0,0,0,0,0,0,26,130,130,130,13090,13090,117890,5663253,1664,11,11,6,16
irregular-n12-t064-b00001-frandom-s03,Standard,3,true,4,5,3,0,3,0,0,0,0,0,0,0,56,280,280,280,31080,31080,320829,16595472,2124,12,11,6,16
irregular-n12-t064-b00001-frandom-s03,Accelerated,0,true,1,3,0,1,1,0,0,0,0,1,0,1,1,3,3,3,471,471,5784,324716,982,10,6,5,16
irregular-n12-t064-b00001-frandom-s03,Accelerated,1,true,2,5,0,2,2,1,0,1,0,1,0,1,560,2800,2565,2565,238115,238115,2561187,98485797,9792,14,13,8,16
irregular-n12-t064-b00001-frandom-s03,Accelerated,2,true,2,5,0,2,2,1,0,1,0,1,0,1,26,130,130,130,13090,13090,138856,6115423,17104,15,13,8,16
irregular-n12-t064-b00001-frandom-s03,Accelerated,3,true,2,5,0,2,2,1,0,1,0,1,0,1,56,280,280,280,31080,31080,357532,16964622,21168,15,14,8,16
irregular-n12-t064-b00001-frandom-s04,Standard,0,true,3,4,2,0,2,0,0,0,0,0,0,0,1,4,4,4,628,628,5697,279318,732,10,7,5,16
irregular-n12-t064-b00001-frandom-s04,Standard,1,true,4,5,3,0,3,0,0,0,0,0,0,0,304,1520,1380,1380,128380,128380,1100492,35846772,928,10,9,5,16
irregular-n12-t064-b00001-frandom-s04,Standard,2,true,2,3,1,0,1,0,0,0,0,0,0,0,10,30,30,30,3990,3990,24276,1417428,912,10,11,6,16
irregular-n12-t064-b00001-frandom-s04,Standard,3,true,3,4,2,0,2,0,0,0,0,0,0,0,38,152,152,152,16872,16872,121634,5245264,1050,11,11,6,16
irregular-n12-t064-b00001-frandom-s04,Accelerated,0,true,2,5,0,2,2,1,0,1,0,1,0,1,1,5,5,5,785,785,7430,339768,1032,11,7,6,16
irregular-n12-t064-b00001-frandom-s04,Accelerated,1,true,2,5,0,2,2,1,0,1,0,1,0,1,304,1520,1380,1380,128380,128380,1046228,31427296,1308,11,10,6,16
irregular-n12-t064-b00001-frandom-s04,Accelerated,2,true,0,2,0,0,0,0,0,0,0,0,1,0,10,20,20,20,2660,2660,19625,1111434,912,10,6,6,16
irregular-n12-t064-b00001-frandom-s04,Accelerated,3,true,1,3,0,1,1,0,0,0,0,1,0,1,38,114,114,114,12654,12654,99759,4043471,1050,11,9,6,16
irregular-n12-t064-b00001-frandom-s05,Standard,0,true,3,4,2,0,2,0,0,0,0,0,0,0,1,4,4,4,628,628,7173,475498,1318,11,8,6,16
irregular-n12-t064-b00001-frandom-s05,Standard,1,true,3,4,2,0,2,0,0,0,0,0,0,0,616,2464,2260,2260,209740,209740,2103730,84773721,1750,11,10,6,16
irregular-n12-t064-b00001-frandom-s05,Standard,2,true,4,5,3,0,3,0,0,0,0,0,0,0,10,50,50,50,6650,6650,72750,4848413,1706,11,12,6,16
irregular-n12-t064-b00001-frandom-s05,Standard,3,true,3,4,2,0,2,0,0,0,0,0,0,0,56,224,224,224,24864,24864,235753,12750828,1794,11,12,6,16
irregular-n12-t064-b00001-frandom-s05,Accelerated,0,true,2,5,0,2,2,1,0,1,0,1,0,1,1,5,5,5,785,785,8257,512098,1416,11,10,7,16
irregular-n12-t064-b00001-frandom-s05,Accelerated,1,true,0,2,0,0,0,0,0,0,0,0,1,0,616,1232,1130,1130,104870,104870,930192,29739238,98,7,6,6,16
irregular-n12-t064-b00001-frandom-s05,Accelerated,2,true,2,5,0,2,2,1,1,0,0,1,0,1,10,50,50,50,6650,6650,88495,5849563,32292,15,13,10,17
irregular-n12-t064-b00001-frandom-s05,Accelerated,3,true,1,3,0,1,1,0,0,0,0,1,0,1,56,168,168,168,18648,18648,195392,10192376,1794,11,9,6,16
irregular-n12-t064-b00001-frandom-s06,Standard,0,true,3,4,2,0,2,0,0,0,0,0,0,0,1,4,4,4,628,628,7699,578048,1156,11,8,6,16
irregular-n12-t064-b00001-frandom-s06,Standard,1,true,2,3,1,0,1,0,0,0,0,0,0,0,468,1404,1278,1278,118818,118818,1131758,46777124,1510,11,10,6,16
irregular-n12-t064-b00001-frandom-s06,Standard,2,true,3,4,2,0,2,0,0,0,0,0,0,0,12,48,48,48,5712,5712,52685,3443286,1180,11,11,6,16
irregular-n12-t064-b00001-frandom-s06,Standard,3,true,4,5,3,0,3,0,0,0,0,0,0,0,52,260,260,260,28860,28860,305371,17161745,1360,11,11,6,16
irregular-n12-t064-b00001-frandom-s06,Accelerated,0,true,1,3,0,1,1,0,0,0,0,1,0,1,1,3,3,3,471,471,5296,377056,866,10,6,5,16
irregular-n12-t064-b00001-frandom-s06,Accelerated,1,true,1,3,0,1,1,0,0,0,0,1,0,1,468,1404,1278,1278,118818,118818,1144766,46550863,1510,11,10,6,16
irregular-n12-t064-b00001-frandom-s06,Accelerated,2,true,1,3,0,1,1,0,0,0,0,1,0,1,12,36,36,36,4284,4284,43728,2821228,1180,11,8,6,16
irregular-n12-t064-b00001-frandom-s06,Accelerated,3,true,2,5,0,2,2,1,0,1,0,1,0,1,52,260,260,260,28860,28860,335210,18145615,36364,16,14,10,16
irregular-n12-t064-b00001-frandom-s07,Standard,0,true,3,4,2,0,2,0,0,0,0,0,0,0,1,4,4,4,628,628,8233,466864,806,10,8,5,16
irregular-n12-t064-b00001-frandom-s07,Standard,1,true,3,4,2,0,2,0,0,0,0,0,0,0,522,2088,1908,1908,177228,177228,1904393,71472808,1432,11,10,5,16
irregular-n12-t064-b00001-frandom-s07,Standard,2,true,3,4,2,0,2,0,0,0,0,0,0,0,10,40,40,40,5320,5320,56502,3911272,1844,11,12,6,16
irregular-n12-t064-b00001-frandom-s07,Standard,3,true,3,4,2,0,2,0,0,0,0,0,0,0,58,232,232,232,25752,25752,238956,12371961,2100,12,12,6,16
irregular-n12-t064-b00001-frandom-s07,Accelerated,0,true,2,5,0,2,2,1,0,1,0,1,0,1,1,5,5,5,785,785,9651,496848,2200,12,10,7,16
irregular-n12-t064-b00001-frandom-s07,Accelerated,1,true,1,3,0,1,1,0,0,0,0,1,0,1,522,1566,1431,1431,132921,132921,1297109,42310665,618,10,9,5,16
irregular-n12-t064-b00001-frandom-s07,Accelerated,2,true,1,3,0,1,1,0,0,0,0,1,0,1,10,30,30,30,3990,3990,50472,3443998,1844,11,7,6,16
irregular-n12-t064-b00001-frandom-s07,Accelerated,3,true,1,3,0,1,1,0,0,0,0,1,0,1,58,174,174,174,19314,19314,197866,9725803,2100,12,10,6,16
irregular-n12-t064-b00001-frandom-s08,Standard,0,true,3,4,2,0,2,0,0,0,0,0,0,0,1,4,4,4,628,628,6158,349025,798,10,8,6,16
irregular-n12-t064-b00001-frandom-s08,Standard,1,true,2,3,1,0,1,0,0,0,0,0,0,0,460,1380,1260,1260,117060,117060,984356,37077313,1164,11,9,6,16
irregular-n12-t064-b00001-frandom-s08,Standard,2,true,3,4,2,0,2,0,0,0,0,0,0,0,11,44,44,44,5852,5852,53295,3263007,1008,10,11,6,16
irregular-n12-t064-b00001-frandom-s08,Standard,3,true,2,3,1,0,1,0,0,0,0,0,0,0,46,138,138,138,15318,15318,120645,6204584,1152,11,11,6,16
irregular-n12-t064-b00001-frandom-s08,Accelerated,0,true,2,5,0,2,2,1,0,1,0,1,0,1,1,5,5,5,785,785,6795,348039,976,10,9,7,16
irregular-n12-t064-b00001-frandom-s08,Accelerated,1,true,1,3,0,1,1,0,0,0,0,1,0,1,460,1380,1260,1260,117060,117060,987333,36366230,1164,11,9,6,16
irregular-n12-t064-b00001-frandom-s08,Accelerated,2,true,1,3,0,1,1,0,0,0,0,1,0,1,11,33,33,33,4389,4389,47074,2819049,1008,10,7,6,16
irregular-n12-t064-b00001-frandom-s08,Accelerated,3,true,0,2,0,0,0,0,0,0,0,0,1,0,46,92,92,92,10212,10212,88940,4338303,1152,11,9,6,16
irregular-n12-t064-b00001-frandom-s09,Standard,0,true,3,4,2,0,2,0,0,0,0,0,0,0,1,4,4,4,628,628,9336,721309,2102,12,9,6,16
irregular-n12-t064-b00001-frandom-s09,Standard,1,true,3,4,2,0,2,0,0,0,0,0,0,0,522,2088,1900,1900,176660,176660,2013138,89871096,2820,12,10,6,16
irregular-n12-t064-b00001-frandom-s09,Standard,2,true,4,5,3,0,3,0,0,0,0,0,0,0,10,50,50,50,6440,6440,74783,4940327,2180,12,11,6,16
irregular-n12-t064-b00001-frandom-s09,Standard,3,true,3,4,2,0,2,0,0,0,0,0,0,0,58,232,232,232,25752,25752,282119,15623177,2460,12,11,6,16
irregular-n12-t064-b00001-frandom-s09,Accelerated,0,true,2,5,0,2,2,1,0,1,0,1,0,1,1,5,5,5,785,785,10770,772215,3808,12,11,8,16
irregular-n12-t064-b00001-frandom-s09,Accelerated,1,true,1,3,0,1,1,0,0,0,0,1,0,1,522,1566,1425,1425,132495,132495,1454416,60902026,2442,12,10,6,16
irregular-n12-t064-b00001-frandom-s09,Accelerated,2,true,2,5,0,2,2,1,1,0,0,1,0,1,10,50,50,50,6440,6440,84507,5336649,40628,16,14,10,17
irregular-n12-t064-b00001-frandom-s09,Accelerated,3,true,1,3,0,1,1,0,0,0,0,1,0,1,58,174,174,174,19314,19314,216083,11387096,2460,12,9,6,16
irregular-n12-t064-b00001-frandom-s10,Standard,0,true,2,3,1,0,1,0,0,0,0,0,0,0,1,3,3,3,471,471,3540,177181,536,10,8,5,16
irregular-n12-t064-b00001-frandom-s10,Standard,1,true,3,4,2,0,2,0,0,0,0,0,0,0,380,1520,1392,1392,129232,129232,954959,31581565,934,10,9,5,16
irregular-n12-t064-b00001-frandom-s10,Standard,2,true,4,5,3,0,3,0,0,0,0,0,0,0,26,130,130,130,13090,13090,76404,3212021,762,10,10,5,16
irregular-n12-t064-b00001-frandom-s10,Standard,3,true,4,5,3,0,3,0,0,0,0,0,0,0,38,190,190,190,21090,21090,149867,6625011,924,10,10,5,16
irregular-n12-t064-b00001-frandom-s10,Accelerated,0,true,1,3,0,1,1,0,0,0,0,1,0,1,1,3,3,3,471,471,3651,177736,536,10,6,5,16
irregular-n12-t064-b00001-frandom-s10,Accelerated,1,true,1,3,0,1,1,0,0,0,0,1,0,1,380,1140,1044,1044,96924,96924,705362,21668479,764,10,9,5,16
irregular-n12-t064-b00001-frandom-s10,Accelerated,2,true,2,5,0,2,2,1,0,1,0,1,0,1,26,130,130,130,13090,13090,93172,3585089,13920,14,13,9,16
irregular-n12-t064-b00001-frandom-s10,Accelerated,3,true,2,5,0,2,2,1,0,1,0,1,0,1,38,190,190,190,21090,21090,165896,6606892,16272,14,13,9,16
irregular-n12-t064-b00001-frandom-s11,Standard,0,true,2,3,1,0,1,0,0,0,0,0,0,0,1,3,3,3,471,471,3892,261082,1426,11,9,6,16
irregular-n12-t064-b00001-frandom-s11,Standard,1,true,2,3,1,0,1,0,0,0,0,0,0,0,720,2160,1980,1980,183780,183780,1784444,86805918,2078,12,10,6,16
irregular-n12-t064-b00001-frandom-s11,Standard,2,true,2,3,1,0,1,0,0,0,0,0,0,0,12,36,36,36,4788,4788,37518,3004576,1370,11,11,6,16
irregular-n12-t064-b00001-frandom-s11,Standard,3,true,2,3,1,0,1,0,0,0,0,0,0,0,60,180,180,180,19980,19980,173563,10428536,1806,11,11,6,16
irregular-n12-t064-b00001-frandom-s11,Accelerated,0,true,1,3,0,1,1,0,0,0,0,1,0,1,1,3,3,3,471,471,3932,265667,1426,11,9,6,16
irregular-n12-t064-b00001-frandom-s11,Accelerated,1,true,1,3,0,1,1,0,0,0,0,1,0,1,720,2160,1980,1980,183780,183780,1906108,93728819,2078,12,10,6,16
irregular-n12-t064-b00001-frandom-s11,Accelerated,2,true,0,2,0,0,0,0,0,0,0,0,1,0,12,24,24,24,3192,3192,29870,2403055,1370,11,7,6,16
irregular-n12-t064-b00001-frandom-s11,Accelerated,3,true,0,2,0,0,0,0,0,0,0,0,1,0,60,120,120,120,13320,13320,127836,7454983,1806,11,9,6,16
irregular-n12-t064-b00001-frandom-s12,Standard,0,true,2,3,1,0,1,0,0,0,0,0,0,0,1,3,3,3,471,471,4646,325759,1152,11,9,6,16
irregular-n12-t064-b00001-frandom-s12,Standard,1,true,2,3,1,0,1,0,0,0,0,0,0,0,616,1848,1689,1689,156879,156879,1469119,63903368,1856,11,10,6,16
irregular-n12-t064-b00001-frandom-s12,Standard,2,true,3,4,2,0,2,0,0,0,0,0,0,0,10,40,40,40,5320,5320,56554,4106483,1332,11,11,6,16
irregular-n12-t064-b00001-frandom-s12,Standard,3,true,3,4,2,0,2,0,0,0,0,0,0,0,56,224,224,224,24864,24864,269331,15327152,1366,11,11,6,16
irregular-n12-t064-b00001-frandom-s12,Accelerated,0,true,1,3,0,1,1,0,0,0,0,1,0,1,1,3,3,3,471,471,4846,342755,1152,11,8,6,16
irregular-n12-t064-b00001-frandom-s12,Accelerated,1,true,1,3,0,1,1,0,0,0,0,1,0,1,616,1848,1689,1689,156879,156879,1505385,65699653,1856,11,10,6,16
irregular-n12-t064-b00001-frandom-s12,Accelerated,2,true,1,3,0,1,1,0,0,0,0,1,0,1,10,30,30,30,3990,3990,47872,3426533,1332,11,7,6,16
irregular-n12-t064-b00001-frandom-s12,Accelerated,3,true,1,3,0,1,1,0,0,0,0,1,0,1,56,168,168,168,18648,18648,216997,11931790,1366,11,9,6,16
irregular-n12-t064-b00001-frandom-s13,Standard,0,true,3,4,2,0,2,0,0,0,0,0,0,0,1,4,4,4,628,628,5366,246233,376,9,6,5,16
irregular-n12-t064-b00001-frandom-s13,Standard,1,true,4,5,3,0,3,0,0,0,0,0,0,0,368,1840,1685,1685,156435,156435,1405470,48222021,612,10,8,5,16
irregular-n12-t064-b00001-frandom-s13,Standard,2,true,2,3,1,0,1,0,0,0,0,0,0,0,10,30,30,30,3990,3990,24310,1533286,820,10,11,6,16
irregular-n12-t064-b00001-frandom-s13,Standard,3,true,3,4,2,0,2,0,0,0,0,0,0,0,46,184,184,184,20424,20424,177321,9126131,1022,10,11,6,16
irregular-n12-t064-b00001-frandom-s13,Accelerated,0,true,0,2,0,0,0,0,0,0,0,0,1,0,1,2,2,2,314,314,1743,39635,36,6,4,4,16
irregular-n12-t064-b00001-frandom-s13,Accelerated,1,true,3,7,0,3,3,2,0,2,0,1,0,1,368,2576,2359,2359,219009,219009,2020122,68318363,5636,13,12,8,16
irregular-n12-t064-b00001-frandom-s13,Accelerated,2,true,0,2,0,0,0,0,0,0,0,0,1,0,10,20,20,20,2660,2660,19280,1181727,820,10,6,6,16
irregular-n12-t064-b00001-frandom-s13,Accelerated,3,true,1,3,0,1,1,0,0,0,0,1,0,1,46,138,138,138,15318,15318,149675,7537697,1022,10,9,6,16
irregular-n12-t064-b00001-frandom-s14,Standard,0,true,3,4,2,0,2,0,0,0,0,0,0,0,1,4,4,4,628,628,5806,243342,458,9,7,5,16
irregular-n12-t064-b00001-frandom-s14,Standard,1,true,3,4,2,0,2,0,0,0,0,0,0,0,440,1760,1620,1620,150220,150220,1280534,41810661,980,10,9,5,16
irregular-n12-t064-b00001-frandom-s14,Standard,2,true,4,5,3,0,3,0,0,0,0,0,0,0,12,60,60,60,7140,7140,53935,2524893,992,10,11,6,16
irregular-n12-t064-b00001-frandom-s14,Standard,3,true,3,4,2,0,2,0,0,0,0,0,0,0,44,176,176,176,19536,19536,147846,6723901,1362,11,11,6,16
irregular-n12-t064-b00001-frandom-s14,Accelerated,0,true,2,5,0,2,2,1,0,1,0,1,0,1,1,5,5,5,785,785,7163,269901,1688,11,7,7,16
irregular-n12-t064-b00001-frandom-s14,Accelerated,1,true,2,5,0,2,2,1,0,1,0,1,0,1,440,2200,2025,2025,187775,187775,1505043,43943669,1560,11,11,6,16
irregular-n12-t064-b00001-frandom-s14,Accelerated,2,true,2,5,0,2,2,1,1,0,0,1,0,1,12,60,60,60,7140,7140,66437,3267077,45040,16,13,11,17
irregular-n12-t064-b00001-frandom-s14,Accelerated,3,true,1,3,0,1,1,0,0,0,0,1,0,1,44,132,132,132,14652,14652,122051,5212805,1362,11,8,6,16
irregular-n12-t064-b00001-frandom-s15,Standard,0,true,2,3,1,0,1,0,0,0,0,0,0,0,1,3,3,3,471,471,3973,242777,660,10,6,5,16
irregular-n12-t064-b00001-frandom-s15,Standard,1,true,2,3,1,0,1,0,0,0,0,0,0,0,480,1440,1311,1311,121881,121881,979849,35387990,1008,10,9,5,16
irregular-n12-t064-b00001-frandom-s15,Standard,2,true,3,4,2,0,2,0,0,0,0,0,0,0,10,40,40,40,5320,5320,40846,2671470,932,10,11,6,16
irregular-n12-t064-b00001-frandom-s15,Standard,3,true,3,4,2,0,2,0,0,0,0,0,0,0,48,192,192,192,21312,21312,178486,9252602,970,10,11,6,16
irregular-n12-t064-b00001-frandom-s15,Accelerated,0,true,0,2,0,0,0,0,0,0,0,0,1,0,1,2,2,2,314,314,2339,112336,44,6,5,4,16
irregular-n12-t064-b00001-frandom-s15,Accelerated,1,true,0,2,0,0,0,0,0,0,0,0,1,0,480,960,874,874,81254,81254,628869,19198375,144,8,7,5,16
irregular-n12-t064-b00001-frandom-s15,Accelerated,2,true,1,3,0,1,1,0,0,0,0,1,0,1,10,30,30,30,3990,3990,35149,2262175,932,10,7,6,16
irregular-n12-t064-b00001-frandom-s15,Accelerated,3,true,1,3,0,1,1,0,0,0,0,1,0,1,48,144,144,144,15984,15984,144175,7197767,970,10,9,6,16
irregular-n12-t064-b00001-frandom-s16,Standard,0,true,4,5,3,0,3,0,0,0,0,0,0,0,1,5,5,5,785,785,9675,521370,996,10,8,5,16
irregular-n12-t064-b00001-frandom-s16,Standard,1,true,4,5,3,0,3,0,0,0,0,0,0,0,486,2430,2235,2235,207285,207285,2185596,87224209,1692,11,10,5,16
irregular-n12-t064-b00001-frandom-s16,Standard,2,true,3,4,2,0,2,0,0,0,0,0,0,0,10,40,40,40,5320,5320,45213,3227203,1296,11,12,6,16
irregular-n12-t064-b00001-frandom-s16,Standard,3,true,2,3,1,0,1,0,0,0,0,0,0,0,54,162,162,162,17982,17982,157905,9146341,1688,11,11,6,16
irregular-n12-t064-b00001-frandom-s16,Accelerated,0,true,0,2,0,0,0,0,0,0,0,0,1,0,1,2,2,2,314,314,2526,87300,116,7,4,4,16
irregular-n12-t064-b00001-frandom-s16,Accelerated,1,true,3,7,0,3,3,2,1,1,0,1,0,1,486,3402,3129,3129,290199,290199,2996186,114219650,31400,15,14,10,16
irregular-n12-t064-b00001-frandom-s16,Accelerated,2,true,1,3,0,1,1,0,0,0,0,1,0,1,10,30,30,30,3990,3990,39543,2802172,1296,11,8,6,16
irregular-n12-t064-b00001-frandom-s16,Accelerated,3,true,0,2,0,0,0,0,0,0,0,0,1,0,54,108,108,108,11988,11988,121063,6833096,1688,11,9,6,16
irregular-n12-t064-b00001-frandom-s17,Standard,0,true,4,5,3,0,3,0,0,0,0,0,0,0,1,5,5,5,785,785,11981,924728,2040,11,8,6,16
irregular-n12-t064-b00001-frandom-s17,Standard,1,true,4,5,3,0,3,0,0,0,0,0,0,0,660,3300,3025,3025,280775,280775,3192908,153160039,2944,12,11,6,16
irregular-n12-t064-b00001-frandom-s17,Standard,2,true,3,4,2,0,2,0,0,0,0,0,0,0,10,40,40,40,5320,5320,57369,4133669,2346,12,12,6,16
irregular-n12-t064-b00001-frandom-s17,Standard,3,true,4,5,3,0,3,0,0,0,0,0,0,0,60,300,300,300,33300,33300,346248,18750087,2436,12,12,6,16
irregular-n12-t064-b00001-frandom-s17,Accelerated,0,true,2,5,0,2,2,1,0,1,0,1,0,1,1,5,5,5,785,785,9814,686975,1878,11,9,7,16
irregular-n12-t064-b00001-frandom-s17,Accelerated,1,true,2,5,0,2,2,1,0,1,0,1,0,1,660,3300,3025,3025,280775,280775,2881675,123715940,8968,14,13,8,16
irregular-n12-t064-b00001-frandom-s17,Accelerated,2,true,1,3,0,1,1,0,0,0,0,1,0,1,10,30,30,30,3990,3990,49363,3472966,2346,12,9,6,16
irregular-n12-t064-b00001-frandom-s17,Accelerated,3,true,2,5,0,2,2,1,1,0,0,1,0,1,60,300,300,300,33300,33300,410920,22490749,76144,17,15,11,18
irregular-n12-t064-b00001-frandom-s18,Standard,0,true,3,4,2,0,2,0,0,0,0,0,0,0,1,4,4,4,628,628,7557,507103,1008,10,8,6,16
irregular-n12-t064-b00001-frandom-s18,Standard,1,true,3,4,2,0,2,0,0,0,0,0,0,0,450,1800,1644,1644,152724,152724,1495017,58218684,1446,11,10,6,16
irregular-n12-t064-b00001-frandom-s18,Standard,2,true,3,4,2,0,2,0,0,0,0,0,0,0,10,40,40,40,5320,5320,46061,2887091,992,10,11,6,16
irregular-n12-t064-b00001-frandom-s18,Standard,3,true,4,5,3,0,3,0,0,0,0,0,0,0,50,250,250,250,27750,27750,288852,14383020,1312,11,11,6,16
irregular-n12-t064-b00001-frandom-s18,Accelerated,0,true,2,5,0,2,2,1,0,1,0,1,0,1,1,5,5,5,785,785,8236,513147,1296,11,10,7,16
irregular-n12-t064-b00001-frandom-s18,Accelerated,1,true,2,5,0,2,2,1,0,1,0,1,0,1,450,2250,2055,2055,190905,190905,1828181,66322145,4416,13,12,8,16
irregular-n12-t064-b00001-frandom-s18,Accelerated,2,true,1,3,0,1,1,0,0,0,0,1,0,1,10,30,30,30,3990,3990,40604,2499877,992,10,8,6,16
irregular-n12-t064-b00001-frandom-s18,Accelerated,3,true,2,5,0,2,2,1,0,1,0,1,0,1,50,250,250,250,27750,27750,314514,14805246,23736,15,14,10,16
irregular-n12-t064-b00001-frandom-s19,Standard,0,true,3,4,2,0,2,0,0,0,0,0,0,0,1,4,4,4,628,628,6322,370488,594,10,7,5,16
irregular-n12-t064-b00001-frandom-s19,Standard,1,true,3,4,2,0,2,0,0,0,0,0,0,0,440,1760,1608,1608,149368,149368,1265036,45301166,792,10,8,5,16
irregular-n12-t064-b00001-frandom-s19,Standard,2,true,2,3,1,0,1,0,0,0,0,0,0,0,10,30,30,30,3864,3864,25635,1621174,742,10,11,6,16
irregular-n12-t064-b00001-frandom-s19,Standard,3,true,3,4,2,0,2,0,0,0,0,0,0,0,44,176,176,176,19536,19536,152301,7028390,892,10,11,6,16
irregular-n12-t064-b00001-frandom-s19,Accelerated,0,true,2,5,0,2,2,1,0,1,0,1,0,1,1,5,5,5,785,785,8078,434419,868,10,8,6,16
irregular-n12-t064-b00001-frandom-s19,Accelerated,1,true,0,2,0,0,0,0,0,0,0,0,1,0,440,880,804,804,74684,74684,557332,14795041,66,7,6,5,16
irregular-n12-t064-b00001-frandom-s19,Accelerated,2,true,0,2,0,0,0,0,0,0,0,0,1,0,10,20,20,20,2576,2576,20702,1283294,742,10,6,6,16
irregular-n12-t064-b00001-frandom-s19,Accelerated,3,true,1,3,0,1,1,0,0,0,0,1,0,1,44,132,132,132,14652,14652,124564,5434182,892,10,8,6,16
irregular-n12-t064-b00001-frandom-s20,Standard,0,true,2,3,1,0,1,0,0,0,0,0,0,0,1,3,3,3,471,471,3323,126937,132,8,5,4,16
irregular-n12-t064-b00001-frandom-s20,Standard,1,true,3,4,2,0,2,0,0,0,0,0,0,0,506,2024,1860,1860,172540,172540,1412648,51844842,902,10,9,5,16
irregular-n12-t064-b00001-frandom-s20,Standard,2,true,2,3,1,0,1,0,0,0,0,0,0,0,10,30,30,30,3990,3990,26539,1719251,900,10,12,6,16
irregular-n12-t064-b00001-frandom-s20,Standard,3,true,3,4,2,0,2,0,0,0,0,0,0,0,46,184,184,184,20424,20424,164728,8471074,1322,11,12,6,16
irregular-n12-t064-b00001-frandom-s20,Accelerated,0,true,0,2,0,0,0,0,0,0,0,0,1,0,1,2,2,2,314,314,1687,34088,44,6,5,4,16
irregular-n12-t064-b00001-frandom-s20,Accelerated,1,true,1,3,0,1,1,0,0,0,0,1,0,1,506,1518,1395,1395,129405,129405,1056425,34406822,236,8,8,5,16
irregular-n12-t064-b00001-frandom-s20,Accelerated,2,true,0,2,0,0,0,0,0,0,0,0,1,0,10,20,20,20,2660,2660,21529,1370476,900,10,7,6,16
irregular-n12-t064-b00001-frandom-s20,Accelerated,3,true,1,3,0,1,1,0,0,0,0,1,0,1,46,138,138,138,15318,15318,136939,6857518,1150,11,9,6,16
irregular-n12-t064-b00008-falternating-s01,Standard,0,true,3,4,2,0,2,0,0,0,0,0,0,0,1,4,4,4,628,628,9954,583154,8213610,23,20,12,23
irregular-n12-t064-b00008-falternating-s01,Standard,1,true,4,5,3,0,3,0,0,0,0,0,0,0,288,1440,1315,1315,122165,122165,1503664,58124991,12116780,24,22,12,24
irregular-n12-t064-b00008-falternating-s01,Standard,2,true,4,5,3,0,3,0,0,0,0,0,0,0,26,130,130,130,13090,13090,125547,6015564,9448632,24,24,12,24
irregular-n12-t064-b00008-falternating-s01,Standard,3,true,5,6,4,0,4,0,0,0,0,0,0,0,48,288,288,288,31968,31968,388333,19346649,11588512,24,23,12,24
irregular-n12-t064-b00008-falternating-s01,Accelerated,0,true,2,5,0,2,2,1,0,1,0,1,0,1,1,5,5,5,785,785,12548,721841,2258002728,32,27,20,32
irregular-n12-t064-b00008-falternating-s01,Accelerated,1,true,2,5,0,2,2,1,0,1,0,1,0,1,288,1440,1315,1315,122165,122165,1469255,55289562,2449042176,32,30,20,32
irregular-n12-t064-b00008-falternating-s01,Accelerated,2,true,2,5,0,2,2,1,1,0,0,1,0,1,26,130,130,130,13090,13090,151166,7086755,24844437568,35,32,23,36
irregular-n12-t064-b00008-falternating-s01,Accelerated,3,true,3,7,0,3,3,2,1,1,0,1,0,1,48,336,336,336,37296,37296,500179,23855635,3978082210656,42,42,25,42
irregular-n12-t064-b00008-falternating-s02,Standard,0,true,4,5,3,0,3,0,0,0,0,0,0,0,1,5,5,5,785,785,11261,584261,7270750,23,19,12,23
irregular-n12-t064-b00008-falternating-s02,Standard,1,true,4,5,3,0,3,0,0,0,0,0,0,0,252,1260,1155,1155,107205,107205,1184316,42303273,9155910,24,22,12,24
irregular-n12-t064-b00008-falternating-s02,Standard,2,true,5,6,4,0,4,0,0,0,0,0,0,0,26,156,156,156,15708,15708,143927,6179620,9186814,24,23,12,24
irregular-n12-t064-b00008-falternating-s02,Standard,3,true,5,6,4,0,4,0,0,0,0,0,0,0,42,252,252,252,27972,27972,287183,12971344,10636102,24,23,12,24
irregular-n12-t064-b00008-falternating-s02,Accelerated,0,true,2,5,0,2,2,1,0,1,0,1,0,1,1,5,5,5,785,785,11013,545804,803766040,30,25,19,30
irregular-n12-t064-b00008-falternating-s02,Accelerated,1,true,3,7,0,3,3,2,1,1,0,1,0,1,252,1764,1617,1617,150087,150087,1694477,60679410,17875146744,35,33,23,35
irregular-n12-t064-b00008-falternating-s02,Accelerated,2,true,3,7,0,3,3,2,1,1,0,1,0,1,26,182,182,182,18326,18326,197370,8091062,1845413400176,41,40,23,41
irregular-n12-t064-b00008-falternating-s02,Accelerated,3,true,3,7,0,3,3,2,1,1,0,1,0,1,42,294,294,294,32634,32634,371922,15947168,1384509427808,41,40,23,41
irregular-n12-t064-b00008-falternating-s03,Standard,0,true,3,4,2,0,2,0,0,0,0,0,0,0,1,4,4,4,628,628,10017,582861,11204084,24,21,12,24
irregular-n12-t064-b00008-falternating-s03,Standard,1,true,3,4,2,0,2,0,0,0,0,0,0,0,336,1344,1244,1244,115204,115204,1419408,55637453,16474470,24,23,12,24
irregular-n12-t064-b00008-falternating-s03,Standard,2,true,4,5,3,0,3,0,0,0,0,0,0,0,26,130,130,130,13090,13090,126411,5949043,14624452,24,24,12,25
irregular-n12-t064-b00008-falternating-s03,Standard,3,true,3,4,2,0,2,0,0,0,0,0,0,0,56,224,224,224,24864,24864,275693,14829056,16164982,24,24,12,25
irregular-n12-t064-b00008-falternating-s03,Accelerated,0,true,2,5,0,2,2,1,0,1,0,1,0,1,1,5,5,5,785,785,12691,723782,3113594272,32,28,20,32
irregular-n12-t064-b00008-falternating-s03,Accelerated,1,true,2,5,0,2,2,1,0,1,0,1,0,1,336,1680,1555,1555,144005,144005,1777348,68396025,5502899744,33,32,21,33
irregular-n12-t064-b00008-falternating-s03,Accelerated,2,true,3,7,0,3,3,2,1,1,0,1,0,1,26,182,182,182,18326,18326,224750,10257958,5246517554304,43,42,23,43
irregular-n12-t064-b00008-falternating-s03,Accelerated,3,true,1,3,0,1,1,0,0,0,0,1,0,1,56,168,168,168,18648,18648,223904,11389085,16164982,24,22,12,24
irregular-n12-t064-b00008-falternating-s04,Standard,0,true,3,4,2,0,2,0,0,0,0,0,0,0,1,4,4,4,628,628,7045,349585,5629864,23,20,12,23
irregular-n12-t064-b00008-falternating-s04,Standard,1,true,4,5,3,0,3,0,0,0,0,0,0,0,228,1140,1035,1035,96285,96285,914049,29826636,7356484,23,22,12,23
irregular-n12-t064-b00008-falternating-s04,Standard,2,true,4,5,3,0,3,0,0,0,0,0,0,0,26,130,130,130,13090,13090,113258,4467252,6144354,23,22,11,23
irregular-n12-t064-b00008-falternating-s04,Standard,3,true,4,5,3,0,3,0,0,0,0,0,0,0,38,190,190,190,21090,21090,197887,8343286,6838658,23,22,11,23
irregular-n12-t064-b00008-falternating-s04,Accelerated,0,true,2,5,0,2,2,1,0,1,0,1,0,1,1,5,5,5,785,785,8522,403781,914762044,30,28,20,30
irregular-n12-t064-b00008-falternating-s04,Accelerated,1,true,3,7,0,3,3,2,0,2,0,1,0,1,228,1596,1449,1449,134799,134799,1260502,40261039,14448152704,34,33,23,34
irregular-n12-t064-b00008-falternating-s04,Accelerated,2,true,2,5,0,2,2,1,0,1,0,1,0,1,26,130,130,130,13090,13090,109577,3782293,3771342896,32,32,13,32
irregular-n12-t064-b00008-falternating-s04,Accelerated,3,true,2,5,0,2,2,1,0,1,0,1,0,1,38,190,190,190,21090,21090,192772,7458528,3461080796,32,32,14,32
irregular-n12-t064-b00008-falternating-s05,Standard,0,true,3,4,2,0,2,0,0,0,0,0,0,0,1,4,4,4,628,628,10428,655028,15190572,24,20,12,24
irregular-n12-t064-b00008-falternating-s05,Standard,1,true,3,4,2,0,2,0,0,0,0,0,0,0,336,1344,1232,1232,114352,114352,1431388,58283988,19211118,25,23,12,25
irregular-n12-t064-b00008-falternating-s05,Standard,2,true,5,6,4,0,4,0,0,0,0,0,0,0,26,156,156,156,15708,15708,177376,8522474,16501878,24,24,12,25
irregular-n12-t064-b00008-falternating-s05,Standard,3,true,4,5,3,0,3,0,0,0,0,0,0,0,56,280,280,280,31080,31080,381051,19859655,18721748,25,24,12,25
irregular-n12-t064-b00008-falternating-s05,Accelerated,0,true,2,5,0,2,2,1,0,1,0,1,0,1,1,5,5,5,785,785,13076,807063,2017780200,31,26,20,31
irregular-n12-t064-b00008-falternating-s05,Accelerated,1,true,2,5,0,2,2,1,0,1,0,1,0,1,336,1680,1540,1540,142940,142940,1808458,73716163,8503269192,33,32,21,33
irregular-n12-t064-b00008-falternating-s05,Accelerated,2,true,3,7,0,3,3,2,1,1,0,1,0,1,26,182,182,182,18326,18326,225774,10232960,2651812802544,42,41,22,42
irregular-n12-t064-b00008-falternating-s05,Accelerated,3,true,2,5,0,2,2,1,0,1,0,1,0,1,56,280,280,280,31080,31080,405084,19594728,11821108476,34,33,15,34
irregular-n12-t064-b00008-falternating-s06,Standard,0,true,3,4,2,0,2,0,0,0,0,0,0,0,1,4,4,4,628,628,10110,540115,14044626,24,21,12,24
irregular-n12-t064-b00008-falternating-s06,Standard,1,true,3,4,2,0,2,0,0,0,0,0,0,0,312,1248,1156,1156,107036,107036,1329155,50372039,16212006,24,23,12,24
irregular-n12-t064-b00008-falternating-s06,Standard,2,true,4,5,3,0,3,0,0,0,0,0,0,0,26,130,130,130,13090,13090,131770,6075997,19805218,25,25,13,25
irregular-n12-t064-b00008-falternating-s06,Standard,3,true,4,5,3,0,3,0,0,0,0,0,0,0,52,260,260,260,28860,28860,335570,16724277,20540754,25,25,13,25
irregular-n12-t064-b00008-falternating-s06,Accelerated,0,true,1,3,0,1,1,0,0,0,0,1,0,1,1,3,3,3,471,471,7086,350238,6728364,23,17,11,23
irregular-n12-t064-b00008-falternating-s06,Accelerated,1,true,1,3,0,1,1,0,0,0,0,1,0,1,312,936,867,867,80277,80277,961702,34838204,6944650,23,22,12,23
irregular-n12-t064-b00008-falternating-s06,Accelerated,2,true,2,5,0,2,2,1,1,0,0,1,0,1,26,130,130,130,13090,13090,158826,7010774,22835394604,35,33,22,36
irregular-n12-t064-b00008-falternating-s06,Accelerated,3,true,2,5,0,2,2,1,1,0,0,1,0,1,52,260,260,260,28860,28860,388434,18490622,25749122112,35,33,22,36
irregular-n12-t064-b00008-falternating-s07,Standard,0,true,3,4,2,0,2,0,0,0,0,0,0,0,1,4,4,4,628,628,10494,644076,21604238,25,22,12,25
irregular-n12-t064-b00008-falternating-s07,Standard,1,true,3,4,2,0,2,0,0,0,0,0,0,0,348,1392,1252,1252,116092,116092,1493428,61215452,32195732,25,24,13,25
irregular-n12-t064-b00008-falternating-s07,Standard,2,true,5,6,4,0,4,0,0,0,0,0,0,0,26,156,156,156,15708,15708,171097,8544641,30092346,25,25,13,26
irregular-n12-t064-b00008-falternating-s07,Standard,3,true,5,6,4,0,4,0,0,0,0,0,0,0,58,348,348,348,38628,38628,493506,26229551,34469358,26,25,13,26
irregular-n12-t064-b00008-falternating-s07,Accelerated,0,true,1,3,0,1,1,0,0,0,0,1,0,1,1,3,3,3,471,471,7328,429279,16202798,24,20,12,24
irregular-n12-t064-b00008-falternating-s07,Accelerated,1,true,2,5,0,2,2,1,0,1,0,1,0,1,348,1740,1565,1565,145115,145115,1881722,76963493,13061240000,34,33,21,34
irregular-n12-t064-b00008-falternating-s07,Accelerated,2,true,3,7,0,3,3,2,1,1,0,1,0,1,26,182,182,182,18326,18326,234220,11229385,13990844895840,44,43,24,44
irregular-n12-t064-b00008-falternating-s07,Accelerated,3,true,3,7,0,3,3,2,1,1,0,1,0,1,58,406,406,406,45066,45066,637801,32321955,12607966756576,44,43,24,44
irregular-n12-t064-b00008-falternating-s08,Standard,0,true,3,4,2,0,2,0,0,0,0,0,0,0,1,4,4,4,628,628,9075,534603,8258786,23,21,12,23
irregular-n12-t064-b00008-falternating-s08,Standard,1,true,4,5,3,0,3,0,0,0,0,0,0,0,276,1380,1205,1205,112355,112355,1307784,50116019,13465768,24,22,12,24
irregular-n12-t064-b00008-falternating-s08,Standard,2,true,4,5,3,0,3,0,0,0,0,0,0,0,26,130,130,130,13090,13090,128501,5933611,10249090,24,23,12,24
irregular-n12-t064-b00008-falternating-s08,Standard,3,true,4,5,3,0,3,0,0,0,0,0,0,0,46,230,230,230,25530,25530,285573,14032323,10934364,24,23,12,24
irregular-n12-t064-b00008-falternating-s08,Accelerated,0,true,2,5,0,2,2,1,0,1,0,1,0,1,1,5,5,5,785,785,11426,658234,3892811472,32,29,21,32
irregular-n12-t064-b00008-falternating-s08,Accelerated,1,true,3,7,0,3,3,2,1,1,0,1,0,1,276,1932,1687,1687,157297,157297,1856549,71485057,32827619416,35,34,23,35
irregular-n12-t064-b00008-falternating-s08,Accelerated,2,true,2,5,0,2,2,1,0,1,0,1,0,1,26,130,130,130,13090,13090,138720,6049926,4098059536,32,32,14,32
irregular-n12-t064-b00008-falternating-s08,Accelerated,3,true,2,5,0,2,2,1,0,1,0,1,0,1,46,230,230,230,25530,25530,304168,14370058,3905212320,32,31,14,32
irregular-n12-t064-b00008-falternating-s09,Standard,0,true,3,4,2,0,2,0,0,0,0,0,0,0,1,4,4,4,628,628,9227,573818,10066642,24,21,12,24
irregular-n12-t064-b00008-falternating-s09,Standard,1,true,3,4,2,0,2,0,0,0,0,0,0,0,348,1392,1256,1256,116536,116536,1361702,54731278,16024368,24,23,12,24
irregular-n12-t064-b00008-falternating-s09,Standard,2,true,4,5,3,0,3,0,0,0,0,0,0,0,26,130,130,130,13090,13090,120048,5873655,14881540,24,24,12,25
irregular-n12-t064-b00008-falternating-s09,Standard,3,true,3,4,2,0,2,0,0,0,0,0,0,0,58,232,232,232,25752,25752,275124,15158829,15940394,24,24,12,25
irregular-n12-t064-b00008-falternating-s09,Accelerated,0,true,1,3,0,1,1,0,0,0,0,1,0,1,1,3,3,3,471,471,6663,399577,7704484,23,19,12,23
irregular-n12-t064-b00008-falternating-s09,Accelerated,1,true,1,3,0,1,1,0,0,0,0,1,0,1,348,1044,942,942,87402,87402,1007090,39493861,13150836,24,23,12,24
irregular-n12-t064-b00008-falternating-s09,Accelerated,2,true,2,5,0,2,2,1,0,1,0,1,0,1,26,130,130,130,13090,13090,136980,6169647,12594452192,34,33,14,34
irregular-n12-t064-b00008-falternating-s09,Accelerated,3,true,1,3,0,1,1,0,0,0,0,1,0,1,58,174,174,174,19314,19314,217319,11286834,15940394,24,22,12,24
irregular-n12-t064-b00008-falternating-s10,Standard,0,true,3,4,2,0,2,0,0,0,0,0,0,0,1,4,4,4,628,628,7331,341320,5559224,23,20,11,23
irregular-n12-t064-b00008-falternating-s10,Standard,1,true,3,4,2,0,2,0,0,0,0,0,0,0,228,912,836,836,77596,77596,770638,25567681,8632388,24,22,12,24
irregular-n12-t064-b00008-falternating-s10,Standard,2,true,5,6,4,0,4,0,0,0,0,0,0,0,26,156,156,156,15708,15708,130882,5285923,7287316,23,23,12,24
irregular-n12-t064-b00008-falternating-s10,Standard,3,true,5,6,4,0,4,0,0,0,0,0,0,0,38,228,228,228,25308,25308,237622,10323551,8869048,24,23,12,24
irregular-n12-t064-b00008-falternating-s10,Accelerated,0,true,2,5,0,2,2,1,0,1,0,1,0,1,1,5,5,5,785,785,9160,410537,1400030272,31,26,20,31
irregular-n12-t064-b00008-falternating-s10,Accelerated,1,true,1,3,0,1,1,0,0,0,0,1,0,1,228,684,627,627,58197,58197,560947,17842309,5851508,23,22,12,23
irregular-n12-t064-b00008-falternating-s10,Accelerated,2,true,3,7,0,3,3,2,1,1,0,1,0,1,26,182,182,182,18326,18326,176634,6732591,3058955121664,42,41,24,42
irregular-n12-t064-b00008-falternating-s10,Accelerated,3,true,3,7,0,3,3,2,1,1,0,1,0,1,38,266,266,266,29526,29526,299633,12104931,2395911339072,42,41,23,42
irregular-n12-t064-b00008-falternating-s11,Standard,0,true,3,4,2,0,2,0,0,0,0,0,0,0,1,4,4,4,628,628,10857,734157,13958606,24,21,12,24
irregular-n12-t064-b00008-falternating-s11,Standard,1,true,3,4,2,0,2,0,0,0,0,0,0,0,360,1440,1272,1272,118312,118312,1567219,67373157,20720238,25,23,12,25
irregular-n12-t064-b00008-falternating-s11,Standard,2,true,4,5,3,0,3,0,0,0,0,0,0,0,26,130,130,130,13090,13090,130879,6566346,16619282,24,24,12,25
irregular-n12-t064-b00008-falternating-s11,Standard,3,true,4,5,3,0,3,0,0,0,0,0,0,0,60,300,300,300,33300,33300,427117,24188776,18766576,25,24,12,25
irregular-n12-t064-b00008-falternating-s11,Accelerated,0,true,2,5,0,2,2,1,0,1,0,1,0,1,1,5,5,5,785,785,13660,917676,4047045368,32,29,21,32
irregular-n12-t064-b00008-falternating-s11,Accelerated,1,true,2,5,0,2,2,1,0,1,0,1,0,1,360,1800,1590,1590,147890,147890,1972251,84851281,5349198288,33,32,21,33
irregular-n12-t064-b00008-falternating-s11,Accelerated,2,true,3,7,0,3,3,2,1,1,0,1,0,1,26,182,182,182,18326,18326,229146,11066589,9317212638048,44,43,24,44
irregular-n12-t064-b00008-falternating-s11,Accelerated,3,true,2,5,0,2,2,1,0,1,0,1,0,1,60,300,300,300,33300,33300,455042,24085599,11355570612,34,33,15,34
irregular-n12-t064-b00008-falternating-s12,Standard,0,true,3,4,2,0,2,0,0,0,0,0,0,0,1,4,4,4,628,628,9282,596582,13995574,24,22,12,24
irregular-n12-t064-b00008-falternating-s12,Standard,1,true,3,4,2,0,2,0,0,0,0,0,0,0,336,1344,1228,1228,114068,114068,1339980,53962948,20248320,25,23,12,25
irregular-n12-t064-b00008-falternating-s12,Standard,2,true,3,4,2,0,2,0,0,0,0,0,0,0,26,104,104,104,10472,10472,88058,4430383,13748060,24,24,12,25
irregular-n12-t064-b00008-falternating-s12,Standard,3,true,4,5,3,0,3,0,0,0,0,0,0,0,56,280,280,280,31080,31080,368184,19755914,19277128,25,24,12,25
irregular-n12-t064-b00008-falternating-s12,Accelerated,0,true,1,3,0,1,1,0,0,0,0,1,0,1,1,3,3,3,471,471,6625,411419,11821352,24,20,12,24
irregular-n12-t064-b00008-falternating-s12,Accelerated,1,true,1,3,0,1,1,0,0,0,0,1,0,1,336,1008,921,921,85551,85551,989008,38857435,17270696,25,23,12,25
irregular-n12-t064-b00008-falternating-s12,Accelerated,2,true,1,3,0,1,1,0,0,0,0,1,0,1,26,78,78,78,7854,7854,76495,3707185,15693330,24,23,12,25
irregular-n12-t064-b00008-falternating-s12,Accelerated,3,true,2,5,0,2,2,1,0,1,0,1,0,1,56,280,280,280,31080,31080,368269,18169412,19304178936,35,34,15,35
irregular-n12-t064-b00008-falternating-s13,Standard,0,true,3,4,2,0,2,0,0,0,0,0,0,0,1,4,4,4,628,628,8507,427508,6194768,23,20,11,23
irregular-n12-t064-b00008-falternating-s13,Standard,1,true,3,4,2,0,2,0,0,0,0,0,0,0,276,1104,1024,1024,94784,94784,1018507,35841091,11321132,24,23,12,24
irregular-n12-t064-b00008-falternating-s13,Standard,2,true,4,5,3,0,3,0,0,0,0,0,0,0,26,130,130,130,13090,13090,117160,5253201,12083366,24,24,12,25
irregular-n12-t064-b00008-falternating-s13,Standard,3,true,4,5,3,0,3,0,0,0,0,0,0,0,46,230,230,230,25530,25530,253895,11697960,14788956,24,24,12,25
irregular-n12-t064-b00008-falternating-s13,Accelerated,0,true,2,5,0,2,2,1,0,1,0,1,0,1,1,5,5,5,785,785,10563,504235,1178163264,31,27,19,31
irregular-n12-t064-b00008-falternating-s13,Accelerated,1,true,1,3,0,1,1,0,0,0,0,1,0,1,276,828,768,768,71088,71088,732596,24517550,3108104,22,21,12,22
irregular-n12-t064-b00008-falternating-s13,Accelerated,2,true,2,5,0,2,2,1,1,0,0,1,0,1,26,130,130,130,13090,13090,141839,6110718,9597480880,34,32,20,35
irregular-n12-t064-b00008-falternating-s13,Accelerated,3,true,2,5,0,2,2,1,1,0,0,1,0,1,46,230,230,230,25530,25530,292520,12928596,9378305568,34,32,20,34
irregular-n12-t064-b00008-falternating-s14,Standard,0,true,3,4,2,0,2,0,0,0,0,0,0,0,1,4,4,4,628,628,8355,415831,6464534,23,20,12,23
irregular-n12-t064-b00008-falternating-s14,Standard,1,true,3,4,2,0,2,0,0,0,0,0,0,0,264,1056,944,944,87584,87584,955210,33851290,9423296,24,22,12,24
irregular-n12-t064-b00008-falternating-s14,Standard,2,true,4,5,3,0,3,0,0,0,0,0,0,0,26,130,130,130,13090,13090,113615,4940421,7569268,23,23,12,24
irregular-n12-t064-b00008-falternating-s14,Standard,3,true,4,5,3,0,3,0,0,0,0,0,0,0,44,220,220,220,24420,24420,247867,11336402,8359324,23,23,12,24
irregular-n12-t064-b00008-falternating-s14,Accelerated,0,true,1,3,0,1,1,0,0,0,0,1,0,1,1,3,3,3,471,471,5859,268459,3117266,22,17,11,22
irregular-n12-t064-b00008-falternating-s14,Accelerated,1,true,2,5,0,2,2,1,0,1,0,1,0,1,264,1320,1180,1180,109480,109480,1200766,41884024,1696662400,31,30,19,31
irregular-n12-t064-b00008-falternating-s14,Accelerated,2,true,2,5,0,2,2,1,1,0,0,1,0,1,26,130,130,130,13090,13090,135353,5591903,4749284480,33,31,20,33
irregular-n12-t064-b00008-falternating-s14,Accelerated,3,true,3,7,0,3,3,2,1,1,0,1,0,1,44,308,308,308,34188,34188,404345,17661316,2935079797376,42,41,24,42
irregular-n12-t064-b00008-falternating-s15,Standard,0,true,3,4,2,0,2,0,0,0,0,0,0,0,1,4,4,4,628,628,9858,576965,9953672,24,21,12,24
irregular-n12-t064-b00008-falternating-s15,Standard,1,true,4,5,3,0,3,0,0,0,0,0,0,0,288,1440,1315,1315,122165,122165,1484441,58059356,11887950,24,22,12,24
irregular-n12-t064-b00008-falternating-s15,Standard,2,true,5,6,4,0,4,0,0,0,0,0,0,0,26,156,156,156,15708,15708,159207,7365172,13580416,24,24,12,25
irregular-n12-t064-b00008-falternating-s15,Standard,3,true,5,6,4,0,4,0,0,0,0,0,0,0,48,288,288,288,31968,31968,369307,18152270,15091148,24,24,12,25
irregular-n12-t064-b00008-falternating-s15,Accelerated,0,true,0,2,0,0,0,0,0,0,0,0,1,0,1,2,2,2,314,314,4120,213345,2203256,22,11,10,22
irregular-n12-t064-b00008-falternating-s15,Accelerated,1,true,2,5,0,2,2,1,0,1,0,1,0,1,288,1440,1315,1315,122165,122165,1470803,56400696,1776755064,31,30,19,31
irregular-n12-t064-b00008-falternating-s15,Accelerated,2,true,3,7,0,3,3,2,1,1,0,1,0,1,26,182,182,182,18326,18326,215508,9440631,5550304231808,43,42,24,43
irregular-n12-t064-b00008-falternating-s15,Accelerated,3,true,3,7,0,3,3,2,1,1,0,1,0,1,48,336,336,336,37296,37296,474836,22078087,2986691059200,42,41,23,42
irregular-n12-t064-b00008-falternating-s16,Standard,0,true,3,4,2,0,2,0,0,0,0,0,0,0,1,4,4,4,628,628,8992,493506,10676340,24,21,12,24
irregular-n12-t064-b00008-falternating-s16,Standard,1,true,3,4,2,0,2,0,0,0,0,0,0,0,324,1296,1204,1204,111404,111404,1277544,48996404,12765844,24,23,12,24
irregular-n12-t064-b00008-falternating-s16,Standard,2,true,5,6,4,0,4,0,0,0,0,0,0,0,26,156,156,156,15708,15708,152281,6852912,15178330,24,24,12,25
irregular-n12-t064-b00008-falternating-s16,Standard,3,true,4,5,3,0,3,0,0,0,0,0,0,0,54,270,270,270,29970,29970,326257,16864979,16325148,24,24,12,25
irregular-n12-t064-b00008-falternating-s16,Accelerated,0,true,1,3,0,1,1,0,0,0,0,1,0,1,1,3,3,3,471,471,6409,333223,6556804,23,19,12,23
irregular-n12-t064-b00008-falternating-s16,Accelerated,1,true,2,5,0,2,2,1,0,1,0,1,0,1,324,1620,1505,1505,139255,139255,1597096,60322529,4016070848,32,32,20,32
irregular-n12-t064-b00008-falternating-s16,Accelerated,2,true,3,7,0,3,3,2,1,1,0,1,0,1,26,182,182,182,18326,18326,201013,8437621,7088323620240,43,42,24,43
irregular-n12-t064-b00008-falternating-s16,Accelerated,3,true,2,5,0,2,2,1,1,0,0,1,0,1,54,270,270,270,29970,29970,368488,18215549,32657450328,35,33,23,36
irregular-n12-t064-b00008-falternating-s17,Standard,0,true,3,4,2,0,2,0,0,0,0,0,0,0,1,4,4,4,628,628,10732,695367,14356530,24,22,12,24
irregular-n12-t064-b00008-falternating-s17,Standard,1,true,3,4,2,0,2,0,0,0,0,0,0,0,360,1440,996,996,92476,92476,1205544,51923843,15751052,24,23,12,24
irregular-n12-t064-b00008-falternating-s17,Standard,2,true,5,6,4,0,4,0,0,0,0,0,0,0,26,156,156,156,15708,15708,176194,8990016,18853440,25,24,12,25
irregular-n12-t064-b00008-falternating-s17,Standard,3,true,4,5,3,0,3,0,0,0,0,0,0,0,60,300,300,300,33300,33300,414755,23227806,20928074,25,24,12,25
irregular-n12-t064-b00008-falternating-s17,Accelerated,0,true,1,3,0,1,1,0,0,0,0,1,0,1,1,3,3,3,471,471,7585,472521,11022552,24,19,12,24
irregular-n12-t064-b00008-falternating-s17,Accelerated,1,true,1,3,0,1,1,0,0,0,0,1,0,1,360,1080,747,747,69357,69357,875412,36586835,11287190,24,22,12,24
irregular-n12-t064-b00008-falternating-s17,Accelerated,2,true,3,7,0,3,3,2,1,1,0,1,0,1,26,182,182,182,18326,18326,238481,11704870,4779154556544,43,42,24,43
irregular-n12-t064-b00008-falternating-s17,Accelerated,3,true,2,5,0,2,2,1,1,0,0,1,0,1,60,300,300,300,33300,33300,474767,25762758,63349998316,36,34,24,37
irregular-n12-t064-b00008-falternating-s18,Standard,0,true,3,4,2,0,2,0,0,0,0,0,0,0,1,4,4,4,628,628,10042,552127,11905088,24,20,12,24
irregular-n12-t064-b00008-falternating-s18,Standard,1,true,3,4,2,0,2,0,0,0,0,0,0,0,300,1200,1108,1108,102668,102668,1253508,47368768,14935366,24,22,12,24
irregular-n12-t064-b00008-falternating-s18,Standard,2,true,4,5,3,0,3,0,0,0,0,0,0,0,26,130,130,130,13090,13090,130509,6084028,16010356,24,24,12,25
irregular-n12-t064-b00008-falternating-s18,Standard,3,true,5,6,4,0,4,0,0,0,0,0,0,0,50,300,300,300,33300,33300,403398,19461245,17784526,25,24,12,25
irregular-n12-t064-b00008-falternating-s18,Accelerated,0,true,2,5,0,2,2,1,0,1,0,1,0,1,1,5,5,5,785,785,13062,690189,1614643764,31,22,19,31
irregular-n12-t064-b00008-falternating-s18,Accelerated,1,true,1,3,0,1,1,0,0,0,0,1,0,1,300,900,831,831,77001,77001,904451,32665887,7467226,23,21,12,23
irregular-n12-t064-b00008-falternating-s18,Accelerated,2,true,2,5,0,2,2,1,1,0,0,1,0,1,26,130,130,130,13090,13090,157865,7071225,8837877840,34,31,21,34
irregular-n12-t064-b00008-falternating-s18,Accelerated,3,true,2,5,0,2,2,1,1,0,0,1,0,1,50,250,250,250,27750,27750,367989,17305690,47666877076,36,34,24,37
irregular-n12-t064-b00008-falternating-s19,Standard,0,true,3,4,2,0,2,0,0,0,0,0,0,0,1,4,4,4,628,628,8119,430313,11177616,24,20,12,24
irregular-n12-t064-b00008-falternating-s19,Standard,1,true,3,4,2,0,2,0,0,0,0,0,0,0,264,1056,968,968,89848,89848,944340,33379802,14285790,24,22,12,24
irregular-n12-t064-b00008-falternating-s19,Standard,2,true,4,5,3,0,3,0,0,0,0,0,0,0,26,130,130,130,13090,13090,117815,5071961,13620776,24,24,12,25
irregular-n12-t064-b00008-falternating-s19,Standard,3,true,4,5,3,0,3,0,0,0,0,0,0,0,44,220,220,220,24420,24420,241096,11314454,15940664,24,24,12,25
irregular-n12-t064-b00008-falternating-s19,Accelerated,0,true,1,3,0,1,1,0,0,0,0,1,0,1,1,3,3,3,471,471,5729,288787,9787344,24,18,12,24
irregular-n12-t064-b00008-falternating-s19,Accelerated,1,true,1,3,0,1,1,0,0,0,0,1,0,1,264,792,726,726,67386,67386,690894,23564400,12412632,24,22,12,24
irregular-n12-t064-b00008-falternating-s19,Accelerated,2,true,2,5,0,2,2,1,0,1,0,1,0,1,26,130,130,130,13090,13090,127699,5047703,6648973712,33,32,14,33
irregular-n12-t064-b00008-falternating-s19,Accelerated,3,true,2,5,0,2,2,1,1,0,0,1,0,1,44,220,220,220,24420,24420,268855,11997154,10171987664,34,32,20,35
irregular-n12-t064-b00008-falternating-s20,Standard,0,true,3,4,2,0,2,0,0,0,0,0,0,0,1,4,4,4,628,628,8081,421940,6251580,23,20,12,23
irregular-n12-t064-b00008-falternating-s20,Standard,1,true,4,5,3,0,3,0,0,0,0,0,0,0,276,1380,1200,1200,111100,111100,1199128,42765602,10092642,24,22,12,24
irregular-n12-t064-b00008-falternating-s20,Standard,2,true,5,6,4,0,4,0,0,0,0,0,0,0,26,156,156,156,15708,15708,139511,6031865,10732466,24,24,12,25
irregular-n12-t064-b00008-falternating-s20,Standard,3,true,6,7,5,0,5,0,0,0,0,0,0,0,46,322,322,322,35742,35742,370972,16867313,12608298,24,24,12,25
irregular-n12-t064-b00008-falternating-s20,Accelerated,0,true,2,5,0,2,2,1,0,1,0,1,0,1,1,5,5,5,785,785,10593,552176,1784944512,31,26,20,31
irregular-n12-t064-b00008-falternating-s20,Accelerated,1,true,2,5,0,2,2,1,0,1,0,1,0,1,276,1380,1200,1200,111100,111100,1181446,41231274,1519805520,31,30,19,31
irregular-n12-t064-b00008-falternating-s20,Accelerated,2,true,3,7,0,3,3,2,1,1,0,1,0,1,26,182,182,182,18326,18326,189012,7713401,1191498897152,41,40,22,41
irregular-n12-t064-b00008-falternating-s20,Accelerated,3,true,4,9,0,4,4,3,1,2,0,1,0,1,46,414,414,414,45954,45954,527011,22710990,1121755303704,41,40,22,41
irregular-n12-t064-b00008-frandom-s01,Standard,0,true,2,3,1,0,1,0,0,0,0,0,0,0,1,3,3,3,471,471,4563,308676,7218114,23,21,12,24
irregular-n12-t064-b00008-frandom-s01,Standard,1,true,2,3,1,0,1,0,0,0,0,0,0,0,576,1728,1584,1584,147024,147024,1209023,49906807,10625156,24,22,12,25
irregular-n12-t064-b00008-frandom-s01,Standard,2,true,2,3,1,0,1,0,0,0,0,0,0,0,12,36,36,36,4788,4788,36119,2487501,7368014,23,24,12,25
irregular-n12-t064-b00008-frandom-s01,Standard,3,true,2,3,1,0,1,0,0,0,0,0,0,0,48,144,144,144,15984,15984,136647,7526043,8012824,23,23,12,25
irregular-n12-t064-b00008-frandom-s01,Accelerated,0,true,1,3,0,1,1,0,0,0,0,1,0,1,1,3,3,3,471,471,5366,363139,7218114,23,18,12,24
irregular-n12-t064-b00008-frandom-s01,Accelerated,1,true,1,3,0,1,1,0,0,0,0,1,0,1,576,1728,1584,1584,147024,147024,1238136,51152335,10625156,24,22,12,25
irregular-n12-t064-b00008-frandom-s01,Accelerated,2,true,0,2,0,0,0,0,0,0,0,0,1,0,12,24,24,24,3192,3192,27898,1902601,7368014,23,13,12,25
irregular-n12-t064-b00008-frandom-s01,Accelerated,3,true,0,2,0,0,0,0,0,0,0,0,1,0,48,96,96,96,10656,10656,98046,5242897,8012824,23,22,12,25
irregular-n12-t064-b00008-frandom-s02,Standard,0,true,3,4,2,0,2,0,0,0,0,0,0,0,1,4,4,4,628,628,6859,443429,6911736,23,20,12,23
irregular-n12-t064-b00008-frandom-s02,Standard,1,true,3,4,2,0,2,0,0,0,0,0,0,0,504,2016,1848,1848,171528,171528,1447256,58945318,10124840,24,22,12,24
irregular-n12-t064-b00008-frandom-s02,Standard,2,true,4,5,3,0,3,0,0,0,0,0,0,0,12,60,60,60,7980,7980,72687,4318650,6492000,23,23,12,24
irregular-n12-t064-b00008-frandom-s02,Standard,3,true,4,5,3,0,3,0,0,0,0,0,0,0,42,210,210,210,23310,23310,204699,10293524,9164976,24,23,12,24
irregular-n12-t064-b00008-frandom-s02,Accelerated,0,true,2,5,0,2,2,1,0,1,0,1,0,1,1,5,5,5,785,785,7733,465579,452042200,29,27,19,30
irregular-n12-t064-b00008-frandom-s02,Accelerated,1,true,2,5,0,2,2,1,0,1,0,1,0,1,504,2520,2310,2310,214410,214410,1706555,63647020,1595921068,31,31,19,31
irregular-n12-t064-b00008-frandom-s02,Accelerated,2,true,2,5,0,2,2,1,0,1,0,1,0,1,12,60,60,60,7980,7980,86524,4978372,13172829096,34,32,22,34
irregular-n12-t064-b00008-frandom-s02,Accelerated,3,true,2,5,0,2,2,1,0,1,0,1,0,1,42,210,210,210,23310,23310,225896,10984408,18434584128,35,33,23,35
irregular-n12-t064-b00008-frandom-s03,Standard,0,true,2,3,1,0,1,0,0,0,0,0,0,0,1,3,3,3,471,471,5433,428816,9201640,24,21,13,24
irregular-n12-t064-b00008-frandom-s03,Standard,1,true,2,3,1,0,1,0,0,0,0,0,0,0,672,2016,1848,1848,171528,171528,1730203,79864600,14066028,24,23,13,25
irregular-n12-t064-b00008-frandom-s03,Standard,2,true,4,5,3,0,3,0,0,0,0,0,0,0,11,55,55,55,7315,7315,84246,6029965,9164876,24,23,12,25
irregular-n12-t064-b00008-frandom-s03,Standard,3,true,3,4,2,0,2,0,0,0,0,0,0,0,56,224,224,224,24864,24864,266411,15575144,10097840,24,23,12,25
irregular-n12-t064-b00008-frandom-s03,Accelerated,0,true,1,3,0,1,1,0,0,0,0,1,0,1,1,3,3,3,471,471,5483,429260,9201640,24,20,13,24
irregular-n12-t064-b00008-frandom-s03,Accelerated,1,true,1,3,0,1,1,0,0,0,0,1,0,1,672,2016,1848,1848,171528,171528,1798913,82572521,14066028,24,23,13,25
irregular-n12-t064-b00008-frandom-s03,Accelerated,2,true,2,5,0,2,2,1,0,1,0,1,0,1,11,55,55,55,7315,7315,94349,6539609,19357079672,35,32,23,35
irregular-n12-t064-b00008-frandom-s03,Accelerated,3,true,1,3,0,1,1,0,0,0,0,1,0,1,56,168,168,168,18648,18648,205248,11606811,10848280,24,22,12,25
irregular-n12-t064-b00008-frandom-s04,Standard,0,true,2,3,1,0,1,0,0,0,0,0,0,0,1,3,3,3,471,471,3294,195485,3955748,22,20,12,23
irregular-n12-t064-b00008-frandom-s04,Standard,1,true,2,3,1,0,1,0,0,0,0,0,0,0,456,1368,1254,1254,116394,116394,844905,32336905,6029488,23,22,12,23
irregular-n12-t064-b00008-frandom-s04,Standard,2,true,3,4,2,0,2,0,0,0,0,0,0,0,12,48,48,48,6384,6384,48892,2958790,3215078,22,22,11,23
irregular-n12-t064-b00008-frandom-s04,Standard,3,true,3,4,2,0,2,0,0,0,0,0,0,0,38,152,152,152,16872,16872,135934,6650640,3936160,22,22,11,23
irregular-n12-t064-b00008-frandom-s04,Accelerated,0,true,1,3,0,1,1,0,0,0,0,1,0,1,1,3,3,3,471,471,3388,203502,3955748,22,20,12,23
irregular-n12-t064-b00008-frandom-s04,Accelerated,1,true,1,3,0,1,1,0,0,0,0,1,0,1,456,1368,1254,1254,116394,116394,883988,34161754,6029488,23,22,12,23
irregular-n12-t064-b00008-frandom-s04,Accelerated,2,true,1,3,0,1,1,0,0,0,0,1,0,1,12,36,36,36,4788,4788,39700,2339293,3215078,22,20,11,23
irregular-n12-t064-b00008-frandom-s04,Accelerated,3,true,1,3,0,1,1,0,0,0,0,1,0,1,38,114,114,114,12654,12654,104577,4940760,3936160,22,20,11,23
irregular-n12-t064-b00008-frandom-s05,Standard,0,true,3,4,2,0,2,0,0,0,0,0,0,0,1,4,4,4,628,628,8239,659398,15293640,24,22,13,24
irregular-n12-t064-b00008-frandom-s05,Standard,1,true,3,4,2,0,2,0,0,0,0,0,0,0,672,2688,2464,2464,228704,228704,2463457,116754059,19869776,25,24,13,25
irregular-n12-t064-b00008-frandom-s05,Standard,2,true,5,6,4,0,4,0,0,0,0,0,0,0,12,72,72,72,9576,9576,122700,8233852,12829190,24,24,12,25
irregular-n12-t064-b00008-frandom-s05,Standard,3,true,4,5,3,0,3,0,0,0,0,0,0,0,56,280,280,280,31080,31080,341675,18629914,16525508,24,24,12,25
irregular-n12-t064-b00008-frandom-s05,Accelerated,0,true,2,5,0,2,2,1,0,1,0,1,0,1,1,5,5,5,785,785,9183,691866,3073539052,32,30,20,34
irregular-n12-t064-b00008-frandom-s05,Accelerated,1,true,2,5,0,2,2,1,0,1,0,1,0,1,672,3360,3080,3080,285880,285880,3022937,132642990,4635280648,33,32,21,33
irregular-n12-t064-b00008-frandom-s05,Accelerated,2,true,2,5,0,2,2,1,1,0,0,1,0,1,12,60,60,60,7980,7980,110645,7172025,34384212100,36,34,23,36
irregular-n12-t064-b00008-frandom-s05,Accelerated,3,true,2,5,0,2,2,1,1,0,0,1,0,1,56,280,280,280,31080,31080,365712,18624076,32642807096,35,34,23,36
irregular-n12-t064-b00008-frandom-s06,Standard,0,true,2,3,1,0,1,0,0,0,0,0,0,0,1,3,3,3,471,471,4629,312555,6207988,23,20,12,23
irregular-n12-t064-b00008-frandom-s06,Standard,1,true,2,3,1,0,1,0,0,0,0,0,0,0,624,1872,1716,1716,159276,159276,1526776,64942969,9477688,24,22,12,24
irregular-n12-t064-b00008-frandom-s06,Standard,2,true,4,5,3,0,3,0,0,0,0,0,0,0,12,60,60,60,7980,7980,92130,5624868,5565476,23,22,12,24
irregular-n12-t064-b00008-frandom-s06,Standard,3,true,3,4,2,0,2,0,0,0,0,0,0,0,52,208,208,208,23088,23088,240356,12926147,6253166,23,23,11,24
irregular-n12-t064-b00008-frandom-s06,Accelerated,0,true,1,3,0,1,1,0,0,0,0,1,0,1,1,3,3,3,471,471,4812,329278,6207988,23,20,12,23
irregular-n12-t064-b00008-frandom-s06,Accelerated,1,true,1,3,0,1,1,0,0,0,0,1,0,1,624,1872,1716,1716,159276,159276,1620481,69119825,9477688,24,22,12,24
irregular-n12-t064-b00008-frandom-s06,Accelerated,2,true,2,5,0,2,2,1,1,0,0,1,0,1,12,60,60,60,7980,7980,103263,5992833,7794544464,33,32,22,34
irregular-n12-t064-b00008-frandom-s06,Accelerated,3,true,1,3,0,1,1,0,0,0,0,1,0,1,52,156,156,156,17316,17316,188835,9934757,6465112,23,21,11,24
irregular-n12-t064-b00008-frandom-s07,Standard,0,true,2,3,1,0,1,0,0,0,0,0,0,0,1,3,3,3,471,471,4892,382962,17769264,25,22,13,25
irregular-n12-t064-b00008-frandom-s07,Standard,1,true,2,3,1,0,1,0,0,0,0,0,0,0,696,2088,1914,1914,177654,177654,1740801,82800820,26297934,25,23,13,25
irregular-n12-t064-b00008-frandom-s07,Standard,2,true,5,6,4,0,4,0,0,0,0,0,0,0,12,72,72,72,9576,9576,118507,7676652,14325082,24,24,12,25
irregular-n12-t064-b00008-frandom-s07,Standard,3,true,5,6,4,0,4,0,0,0,0,0,0,0,58,348,348,348,38628,38628,458379,24606576,17928324,25,24,12,25
irregular-n12-t064-b00008-frandom-s07,Accelerated,0,true,1,3,0,1,1,0,0,0,0,1,0,1,1,3,3,3,471,471,5551,451164,17769264,25,21,13,25
irregular-n12-t064-b00008-frandom-s07,Accelerated,1,true,1,3,0,1,1,0,0,0,0,1,0,1,696,2088,1914,1914,177654,177654,1862388,89983343,26297934,25,23,13,25
irregular-n12-t064-b00008-frandom-s07,Accelerated,2,true,2,5,0,2,2,1,1,0,0,1,0,1,12,60,60,60,7980,7980,104967,6559406,37177863908,36,34,23,36
irregular-n12-t064-b00008-frandom-s07,Accelerated,3,true,2,5,0,2,2,1,1,0,0,1,0,1,58,290,290,290,32190,32190,387770,19690535,30687506660,35,34,22,36
irregular-n12-t064-b00008-frandom-s08,Standard,0,true,2,3,1,0,1,0,0,0,0,0,0,0,1,3,3,3,471,471,4047,246934,4475296,23,20,12,23
irregular-n12-t064-b00008-frandom-s08,Standard,1,true,2,3,1,0,1,0,0,0,0,0,0,0,552,1656,1518,1518,140898,140898,1181003,48825251,6658276,23,21,12,24
irregular-n12-t064-b00008-frandom-s08,Standard,2,true,2,3,1,0,1,0,0,0,0,0,0,0,12,36,36,36,4788,4788,37537,2472294,3746072,22,22,11,24
irregular-n12-t064-b00008-frandom-s08,Standard,3,true,3,4,2,0,2,0,0,0,0,0,0,0,46,184,184,184,20424,20424,189602,10126655,4917162,23,22,11,24
irregular-n12-t064-b00008-frandom-s08,Accelerated,0,true,1,3,0,1,1,0,0,0,0,1,0,1,1,3,3,3,471,471,4148,255360,4475296,23,20,12,23
irregular-n12-t064-b00008-frandom-s08,Accelerated,1,true,1,3,0,1,1,0,0,0,0,1,0,1,552,1656,1518,1518,140898,140898,1256731,51987964,6658276,23,21,12,24
irregular-n12-t064-b00008-frandom-s08,Accelerated,2,true,0,2,0,0,0,0,0,0,0,0,1,0,12,24,24,24,3192,3192,27322,1753781,3746072,22,17,11,24
irregular-n12-t064-b00008-frandom-s08,Accelerated,3,true,1,3,0,1,1,0,0,0,0,1,0,1,46,138,138,138,15318,15318,151208,7836526,4917162,23,21,11,24
irregular-n12-t064-b00008-frandom-s09,Standard,0,true,4,5,3,0,3,0,0,0,0,0,0,0,1,5,5,5,785,785,10631,829977,14961820,24,22,13,24
irregular-n12-t064-b00008-frandom-s09,Standard,1,true,3,4,2,0,2,0,0,0,0,0,0,0,696,2784,2552,2552,236872,236872,2615530,123325976,19785248,25,23,13,25
irregular-n12-t064-b00008-frandom-s09,Standard,2,true,4,5,3,0,3,0,0,0,0,0,0,0,12,60,60,60,7980,7980,95977,6535430,16159440,24,24,12,25
irregular-n12-t064-b00008-frandom-s09,Standard,3,true,4,5,3,0,3,0,0,0,0,0,0,0,58,290,290,290,32190,32190,357100,19768565,18749878,25,24,12,25
irregular-n12-t064-b00008-frandom-s09,Accelerated,0,true,3,7,0,3,3,2,0,2,0,1,0,1,1,7,7,7,1099,1099,14388,1079165,56939455200,36,32,25,36
irregular-n12-t064-b00008-frandom-s09,Accelerated,1,true,2,5,0,2,2,1,0,1,0,1,0,1,696,3480,3190,3190,296090,296090,3110466,134883174,4357317696,33,32,20,33
irregular-n12-t064-b00008-frandom-s09,Accelerated,2,true,2,5,0,2,2,1,0,1,0,1,0,1,12,60,60,60,7980,7980,109173,6801933,26578218980,35,34,22,35
irregular-n12-t064-b00008-frandom-s09,Accelerated,3,true,2,5,0,2,2,1,1,0,0,1,0,1,58,290,290,290,32190,32190,392222,20272424,30952763424,35,34,23,36
irregular-n12-t064-b00008-frandom-s10,Standard,0,true,4,5,3,0,3,0,0,0,0,0,0,0,1,5,5,5,785,785,7874,373716,2992654,22,18,11,22
irregular-n12-t064-b00008-frandom-s10,Standard,1,true,4,5,3,0,3,0,0,0,0,0,0,0,456,2280,2090,2090,193990,193990,1544549,56008628,5922674,23,22,11,23
irregular-n12-t064-b00008-frandom-s10,Standard,2,true,5,6,4,0,4,0,0,0,0,0,0,0,12,72,72,72,9576,9576,85573,4715636,4737394,23,23,12,24
irregular-n12-t064-b00008-frandom-s10,Standard,3,true,5,6,4,0,4,0,0,0,0,0,0,0,38,228,228,228,25308,25308,214184,9910364,6070374,23,23,12,24
irregular-n12-t064-b00008-frandom-s10,Accelerated,0,true,0,2,0,0,0,0,0,0,0,0,1,0,1,2,2,2,314,314,2406,88138,385552,19,10,10,19
irregular-n12-t064-b00008-frandom-s10,Accelerated,1,true,3,7,0,3,3,2,0,2,0,1,0,1,456,3192,2926,2926,271586,271586,2076558,69121389,6280045120,33,33,22,33
irregular-n12-t064-b00008-frandom-s10,Accelerated,2,true,3,7,0,3,3,2,0,2,0,1,0,1,12,84,84,84,11172,11172,117034,6253767,7022825940,33,31,22,34
irregular-n12-t064-b00008-frandom-s10,Accelerated,3,true,3,7,0,3,3,2,0,2,0,1,0,1,38,266,266,266,29526,29526,279936,12316611,10708728940,34,32,23,35
irregular-n12-t064-b00008-frandom-s11,Standard,0,true,3,4,2,0,2,0,0,0,0,0,0,0,1,4,4,4,628,628,8768,551487,11560170,24,21,12,24
irregular-n12-t064-b00008-frandom-s11,Standard,1,true,3,4,2,0,2,0,0,0,0,0,0,0,720,2880,2640,2640,245040,245040,2538643,107785550,15256062,24,23,12,25
irregular-n12-t064-b00008-frandom-s11,Standard,2,true,2,3,1,0,1,0,0,0,0,0,0,0,12,36,36,36,4788,4788,39858,2880249,14225730,24,25,13,26
irregular-n12-t064-b00008-frandom-s11,Standard,3,true,2,3,1,0,1,0,0,0,0,0,0,0,60,180,180,180,19980,19980,183964,11251780,18085880,25,25,13,26
irregular-n12-t064-b00008-frandom-s11,Accelerated,0,true,1,3,0,1,1,0,0,0,0,1,0,1,1,3,3,3,471,471,5787,282328,1814388,21,17,11,22
irregular-n12-t064-b00008-frandom-s11,Accelerated,1,true,2,5,0,2,2,1,0,1,0,1,0,1,720,3600,3300,3300,306300,306300,3001145,118261918,2451074152,32,32,19,32
irregular-n12-t064-b00008-frandom-s11,Accelerated,2,true,0,2,0,0,0,0,0,0,0,0,1,0,12,24,24,24,3192,3192,32406,2298017,14225730,24,14,13,26
irregular-n12-t064-b00008-frandom-s11,Accelerated,3,true,0,2,0,0,0,0,0,0,0,0,1,0,60,120,120,120,13320,13320,140305,8373570,16218476,24,23,13,26
irregular-n12-t064-b00008-frandom-s12,Standard,0,true,3,4,2,0,2,0,0,0,0,0,0,0,1,4,4,4,628,628,8393,642220,9273446,24,20,12,24
irregular-n12-t064-b00008-frandom-s12,Standard,1,true,3,4,2,0,2,0,0,0,0,0,0,0,672,2688,2464,2464,228704,228704,2410199,113935010,12472920,24,23,12,24
irregular-n12-t064-b00008-frandom-s12,Standard,2,true,4,5,3,0,3,0,0,0,0,0,0,0,12,60,60,60,7980,7980,95833,6241637,8521684,24,23,12,24
irregular-n12-t064-b00008-frandom-s12,Standard,3,true,4,5,3,0,3,0,0,0,0,0,0,0,56,280,280,280,31080,31080,353288,19712697,10349064,24,23,12,24
irregular-n12-t064-b00008-frandom-s12,Accelerated,0,true,2,5,0,2,2,1,0,1,0,1,0,1,1,5,5,5,785,785,9266,666127,757943028,30,27,18,31
irregular-n12-t064-b00008-frandom-s12,Accelerated,1,true,2,5,0,2,2,1,0,1,0,1,0,1,672,3360,3080,3080,285880,285880,2838777,123514492,3357554760,32,32,20,32
irregular-n12-t064-b00008-frandom-s12,Accelerated,2,true,2,5,0,2,2,1,0,1,0,1,0,1,12,60,60,60,7980,7980,110599,6718292,7926299712,33,33,21,33
irregular-n12-t064-b00008-frandom-s12,Accelerated,3,true,2,5,0,2,2,1,0,1,0,1,0,1,56,280,280,280,31080,31080,385221,20416856,13631064320,34,33,22,34
irregular-n12-t064-b00008-frandom-s13,Standard,0,true,3,4,2,0,2,0,0,0,0,0,0,0,1,4,4,4,628,628,6692,448563,4548978,23,20,12,23
irregular-n12-t064-b00008-frandom-s13,Standard,1,true,3,4,2,0,2,0,0,0,0,0,0,0,552,2208,2024,2024,187864,187864,1512472,59752216,6338744,23,22,12,25
irregular-n12-t064-b00008-frandom-s13,Standard,2,true,2,3,1,0,1,0,0,0,0,0,0,0,12,36,36,36,4788,4788,29398,2020275,6760776,23,24,12,25
irregular-n12-t064-b00008-frandom-s13,Standard,3,true,3,4,2,0,2,0,0,0,0,0,0,0,46,184,184,184,20424,20424,177122,9272457,11590004,24,24,12,25
irregular-n12-t064-b00008-frandom-s13,Accelerated,0,true,2,5,0,2,2,1,0,1,0,1,0,1,1,5,5,5,785,785,7445,466038,252440708,28,26,17,30
irregular-n12-t064-b00008-frandom-s13,Accelerated,1,true,2,5,0,2,2,1,0,1,0,1,0,1,552,2760,2530,2530,234830,234830,1792674,64413658,1088469244,31,30,16,31
irregular-n12-t064-b00008-frandom-s13,Accelerated,2,true,0,2,0,0,0,0,0,0,0,0,1,0,12,24,24,24,3192,3192,23201,1582644,6341680,23,19,12,25
irregular-n12-t064-b00008-frandom-s13,Accelerated,3,true,1,3,0,1,1,0,0,0,0,1,0,1,46,138,138,138,15318,15318,148582,7618867,8705664,24,22,12,25
irregular-n12-t064-b00008-frandom-s14,Standard,0,true,3,4,2,0,2,0,0,0,0,0,0,0,1,4,4,4,628,628,5496,274190,5935176,23,21,12,23
irregular-n12-t064-b00008-frandom-s14,Standard,1,true,3,4,2,0,2,0,0,0,0,0,0,0,528,2112,1936,1936,179696,179696,1690397,61899616,7748340,23,22,12,23
irregular-n12-t064-b00008-frandom-s14,Standard,2,true,4,5,3,0,3,0,0,0,0,0,0,0,12,60,60,60,7980,7980,73159,3680611,6771696,23,23,12,24
irregular-n12-t064-b00008-frandom-s14,Standard,3,true,4,5,3,0,3,0,0,0,0,0,0,0,44,220,220,220,24420,24420,214023,9435548,7170206,23,23,12,24
irregular-n12-t064-b00008-frandom-s14,Accelerated,0,true,2,5,0,2,2,1,0,1,0,1,0,1,1,5,5,5,785,785,6124,282552,896789760,30,27,17,33
irregular-n12-t064-b00008-frandom-s14,Accelerated,1,true,2,5,0,2,2,1,0,1,0,1,0,1,528,2640,2420,2420,224620,224620,2153582,75340857,1449952448,31,30,19,31
irregular-n12-t064-b00008-frandom-s14,Accelerated,2,true,2,5,0,2,2,1,0,1,0,1,0,1,12,60,60,60,7980,7980,83619,3800424,5254068528,33,31,21,33
irregular-n12-t064-b00008-frandom-s14,Accelerated,3,true,3,7,0,3,3,2,1,1,0,1,0,1,44,308,308,308,34188,34188,341755,13824624,9178351603200,44,42,32,44
irregular-n12-t064-b00008-frandom-s15,Standard,0,true,3,4,2,0,2,0,0,0,0,0,0,0,1,4,4,4,628,628,7532,479633,8140376,23,21,12,23
irregular-n12-t064-b00008-frandom-s15,Standard,1,true,3,4,2,0,2,0,0,0,0,0,0,0,576,2304,2112,2112,196032,196032,1853345,74367766,13170468,24,23,12,24
irregular-n12-t064-b00008-frandom-s15,Standard,2,true,4,5,3,0,3,0,0,0,0,0,0,0,12,60,60,60,7980,7980,75666,4640812,11300096,24,24,12,25
irregular-n12-t064-b00008-frandom-s15,Standard,3,true,3,4,2,0,2,0,0,0,0,0,0,0,48,192,192,192,21312,21312,186177,9678966,12486770,24,24,12,25
irregular-n12-t064-b00008-frandom-s15,Accelerated,0,true,2,5,0,2,2,1,0,1,0,1,0,1,1,5,5,5,785,785,8325,498338,905946016,30,28,19,31
irregular-n12-t064-b00008-frandom-s15,Accelerated,1,true,1,3,0,1,1,0,0,0,0,1,0,1,576,1728,1584,1584,147024,147024,1367377,52130388,10450702,24,23,12,24
irregular-n12-t064-b00008-frandom-s15,Accelerated,2,true,2,5,0,2,2,1,0,1,0,1,0,1,12,60,60,60,7980,7980,89398,5221289,14908259712,34,33,22,34
irregular-n12-t064-b00008-frandom-s15,Accelerated,3,true,1,3,0,1,1,0,0,0,0,1,0,1,48,144,144,144,15984,15984,151982,7650885,12486770,24,22,12,25
irregular-n12-t064-b00008-frandom-s16,Standard,0,true,2,3,1,0,1,0,0,0,0,0,0,0,1,3,3,3,471,471,5239,378647,9675708,24,21,12,24
irregular-n12-t064-b00008-frandom-s16,Standard,1,true,4,5,3,0,3,0,0,0,0,0,0,0,648,3240,2970,2970,275670,275670,2985434,137609197,13214546,24,23,12,24
irregular-n12-t064-b00008-frandom-s16,Standard,2,true,3,4,2,0,2,0,0,0,0,0,0,0,12,48,48,48,6384,6384,63767,4518201,9895908,24,24,12,25
irregular-n12-t064-b00008-frandom-s16,Standard,3,true,3,4,2,0,2,0,0,0,0,0,0,0,54,216,216,216,23976,23976,240909,13786872,11553154,24,24,12,25
irregular-n12-t064-b00008-frandom-s16,Accelerated,0,true,1,3,0,1,1,0,0,0,0,1,0,1,1,3,3,3,471,471,5630,411994,9675708,24,20,12,24
irregular-n12-t064-b00008-frandom-s16,Accelerated,1,true,3,7,0,3,3,2,0,2,0,1,0,1,648,4536,4158,4158,385938,385938,4381795,196346735,18374437340,35,34,23,35
irregular-n12-t064-b00008-frandom-s16,Accelerated,2,true,1,3,0,1,1,0,0,0,0,1,0,1,12,36,36,36,4788,4788,56623,3974115,9895908,24,17,12,25
irregular-n12-t064-b00008-frandom-s16,Accelerated,3,true,1,3,0,1,1,0,0,0,0,1,0,1,54,162,162,162,17982,17982,201217,11385771,11829728,24,22,12,25
irregular-n12-t064-b00008-frandom-s17,Standard,0,true,2,3,1,0,1,0,0,0,0,0,0,0,1,3,3,3,471,471,5545,436693,14537316,24,22,13,24
irregular-n12-t064-b00008-frandom-s17,Standard,1,true,3,4,2,0,2,0,0,0,0,0,0,0,720,2880,2640,2640,245040,245040,2730822,137916638,20170224,25,23,13,25
irregular-n12-t064-b00008-frandom-s17,Standard,2,true,3,4,2,0,2,0,0,0,0,0,0,0,12,48,48,48,6384,6384,68600,5300334,12672060,24,24,12,25
irregular-n12-t064-b00008-frandom-s17,Standard,3,true,4,5,3,0,3,0,0,0,0,0,0,0,60,300,300,300,33300,33300,399987,23567245,18487444,25,24,12,25
irregular-n12-t064-b00008-frandom-s17,Accelerated,0,true,1,3,0,1,1,0,0,0,0,1,0,1,1,3,3,3,471,471,5740,453028,14537316,24,21,13,24
irregular-n12-t064-b00008-frandom-s17,Accelerated,1,true,2,5,0,2,2,1,0,1,0,1,0,1,720,3600,3300,3300,306300,306300,3735447,189508466,4238437804,32,31,20,32
irregular-n12-t064-b00008-frandom-s17,Accelerated,2,true,1,3,0,1,1,0,0,0,0,1,0,1,12,36,36,36,4788,4788,60694,4669985,12672060,24,22,12,25
irregular-n12-t064-b00008-frandom-s17,Accelerated,3,true,2,5,0,2,2,1,1,0,0,1,0,1,60,300,300,300,33300,33300,456431,26452971,50048451728,36,34,24,37
irregular-n12-t064-b00008-frandom-s18,Standard,0,true,2,3,1,0,1,0,0,0,0,0,0,0,1,3,3,3,471,471,4152,306094,7100770,23,21,12,24
irregular-n12-t064-b00008-frandom-s18,Standard,1,true,2,3,1,0,1,0,0,0,0,0,0,0,600,1800,1650,1650,153150,153150,1322811,57997018,11377492,24,23,12,24
irregular-n12-t064-b00008-frandom-s18,Standard,2,true,3,4,2,0,2,0,0,0,0,0,0,0,12,48,48,48,6384,6384,61930,4511512,6412630,23,23,12,24
irregular-n12-t064-b00008-frandom-s18,Standard,3,true,3,4,2,0,2,0,0,0,0,0,0,0,50,200,200,200,22200,22200,221976,12820104,8374038,23,23,12,24
irregular-n12-t064-b00008-frandom-s18,Accelerated,0,true,1,3,0,1,1,0,0,0,0,1,0,1,1,3,3,3,471,471,4325,324875,7100770,23,20,12,24
irregular-n12-t064-b00008-frandom-s18,Accelerated,1,true,1,3,0,1,1,0,0,0,0,1,0,1,600,1800,1650,1650,153150,153150,1344573,59481457,11377492,24,23,12,24
irregular-n12-t064-b00008-frandom-s18,Accelerated,2,true,1,3,0,1,1,0,0,0,0,1,0,1,12,36,36,36,4788,4788,49688,3550583,6412630,23,21,12,24
irregular-n12-t064-b00008-frandom-s18,Accelerated,3,true,1,3,0,1,1,0,0,0,0,1,0,1,50,150,150,150,16650,16650,171347,9620052,8374038,23,21,12,24
irregular-n12-t064-b00008-frandom-s19,Standard,0,true,3,4,2,0,2,0,0,0,0,0,0,0,1,4,4,4,628,628,5895,331625,6238342,23,22,12,23
irregular-n12-t064-b00008-frandom-s19,Standard,1,true,4,5,3,0,3,0,0,0,0,0,0,0,528,2640,2420,2420,224620,224620,1927159,70033440,9142732,24,22,12,24
irregular-n12-t064-b00008-frandom-s19,Standard,2,true,4,5,3,0,3,0,0,0,0,0,0,0,12,60,60,60,7980,7980,63009,3024396,7194516,23,24,12,25
irregular-n12-t064-b00008-frandom-s19,Standard,3,true,5,6,4,0,4,0,0,0,0,0,0,0,44,264,264,264,29304,29304,241689,10166108,8298330,23,24,12,24
irregular-n12-t064-b00008-frandom-s19,Accelerated,0,true,2,5,0,2,2,1,0,1,0,1,0,1,1,5,5,5,785,785,6523,340157,332781152,29,26,17,31
irregular-n12-t064-b00008-frandom-s19,Accelerated,1,true,3,7,0,3,3,2,0,2,0,1,0,1,528,3696,3388,3388,314468,314468,2607131,85612353,15231704704,34,34,23,34
irregular-n12-t064-b00008-frandom-s19,Accelerated,2,true,2,5,0,2,2,1,1,0,0,1,0,1,12,60,60,60,7980,7980,72916,3176040,9231734432,34,32,22,35
irregular-n12-t064-b00008-frandom-s19,Accelerated,3,true,3,7,0,3,3,2,0,2,0,1,0,1,44,308,308,308,34188,34188,300570,11296432,13229423616,34,33,22,34
irregular-n12-t064-b00008-frandom-s20,Standard,0,true,3,4,2,0,2,0,0,0,0,0,0,0,1,4,4,4,628,628,7250,465071,12708544,24,21,12,24
irregular-n12-t064-b00008-frandom-s20,Standard,1,true,3,4,2,0,2,0,0,0,0,0,0,0,552,2208,2024,2024,187864,187864,1746614,69116753,17606720,25,23,13,25
irregular-n12-t064-b00008-frandom-s20,Standard,2,true,6,7,5,0,5,0,0,0,0,0,0,0,11,77,77,77,10241,10241,104120,5487102,14382118,24,24,12,25
irregular-n12-t064-b00008-frandom-s20,Standard,3,true,4,5,3,0,3,0,0,0,0,0,0,0,46,230,230,230,25530,25530,237014,11496119,15388168,24,24,12,25
irregular-n12-t064-b00008-frandom-s20,Accelerated,0,true,2,5,0,2,2,1,0,1,0,1,0,1,1,5,5,5,785,785,9060,549881,1571549988,31,28,20,31
irregular-n12-t064-b00008-frandom-s20,Accelerated,1,true,2,5,0,2,2,1,0,1,0,1,0,1,552,2760,2530,2530,234830,234830,2167516,81005016,9257195616,34,33,22,34
irregular-n12-t064-b00008-frandom-s20,Accelerated,2,true,2,5,0,2,2,1,1,0,0,1,0,1,11,55,55,55,7315,7315,78163,4084669,20550802944,35,34,22,36
irregular-n12-t064-b00008-frandom-s20,Accelerated,3,true,2,5,0,2,2,1,1,0,0,1,0,1,46,230,230,230,25530,25530,258133,11932811,25000230760,35,34,22,36
irregular-n12-t064-b00064-falternating-s01,Standard,0,true,4,5,3,0,3,0,0,0,0,0,0,0,1,5,5,5,785,785,13154,777644,37505134017779601333821745531606166212930,135,132,68,135
irregular-n12-t064-b00064-falternating-s01,Standard,1,true,3,4,2,0,2,0,0,0,0,0,0,0,288,1152,1052,1052,97732,97732,1201212,46462517,52742745000443384751125290536677867011660,136,134,68,136
irregular-n12-t064-b00064-falternating-s01,Standard,2,true,4,5,3,0,3,0,0,0,0,0,0,0,26,130,130,130,13090,13090,126122,6053611,41740748727487201863396405297291158082448,135,135,68,136
irregular-n12-t064-b00064-falternating-s01,Standard,3,true,5,6,4,0,4,0,0,0,0,0,0,0,48,288,288,288,31968,31968,389307,19439273,53038632792006039583894446873286251880300,136,135,68,136
irregular-n12-t064-b00064-falternating-s01,Accelerated,0,true,2,5,0,2,2,1,0,1,0,1,0,1,1,5,5,5,785,785,13079,752912,400696071468092771654148972988068002072464084326604372034136,198,193,131,198
irregular-n12-t064-b00064-falternating-s01,Accelerated,1,true,1,3,0,1,1,0,0,0,0,1,0,1,288,864,789,789,73299,73299,870117,32442252,24772449271771835420517935767125687582728,135,133,68,135
irregular-n12-t064-b00064-falternating-s01,Accelerated,2,true,2,5,0,2,2,1,1,0,0,1,0,1,26,130,130,130,13090,13090,153907,7181324,5121295737023267164349562006066595061463287054055804586463040,202,199,134,203
irregular-n12-t064-b00064-falternating-s01,Accelerated,3,true,3,7,0,3,3,2,1,1,0,1,0,1,48,336,336,336,37296,37296,509329,24456761,52984224241121907337595755752355866240204473900152671239851826081043002351397280,265,265,136,265
irregular-n12-t064-b00064-falternating-s02,Standard,0,true,3,4,2,0,2,0,0,0,0,0,0,0,1,4,4,4,628,628,8408,418182,54003572826482058889853863897042940812538,136,133,68,136
irregular-n12-t064-b00064-falternating-s02,Standard,1,true,3,4,2,0,2,0,0,0,0,0,0,0,252,1008,924,924,85764,85764,920388,31964495,59787338274778886618756282676215414704912,136,134,68,136
irregular-n12-t064-b00064-falternating-s02,Standard,2,true,5,6,4,0,4,0,0,0,0,0,0,0,26,156,156,156,15708,15708,146160,6264741,64245366000415600834374502308047119345414,136,136,68,137
irregular-n12-t064-b00064-falternating-s02,Standard,3,true,5,6,4,0,4,0,0,0,0,0,0,0,42,252,252,252,27972,27972,289960,13162113,70359039529122438112382656582455636893994,136,136,68,137
irregular-n12-t064-b00064-falternating-s02,Accelerated,0,true,2,5,0,2,2,1,0,1,0,1,0,1,1,5,5,5,785,785,10887,533195,938988412830032223456075423079749387732884496323391600970776,200,194,132,200
irregular-n12-t064-b00064-falternating-s02,Accelerated,1,true,2,5,0,2,2,1,1,0,0,1,0,1,252,1260,1155,1155,107205,107205,1172824,40747901,1554004896807003313704806481516760527336723484283298629482480,200,199,132,200
irregular-n12-t064-b00064-falternating-s02,Accelerated,2,true,3,7,0,3,3,2,1,1,0,1,0,1,26,182,182,182,18326,18326,202040,8328233,72176881605116346948104682377539998900524751932067281173889604890526705219815568,266,265,137,266
irregular-n12-t064-b00064-falternating-s02,Accelerated,3,true,3,7,0,3,3,2,1,1,0,1,0,1,42,294,294,294,32634,32634,383864,16670027,54845182466285950096216121576924959038533178936523264195110278645393154492375216,265,264,136,265
irregular-n12-t064-b00064-falternating-s03,Standard,0,true,3,4,2,0,2,0,0,0,0,0,0,0,1,4,4,4,628,628,9729,564766,67808418777202067864049022577550448938212,136,133,68,136
irregular-n12-t064-b00064-falternating-s03,Standard,1,true,3,4,2,0,2,0,0,0,0,0,0,0,336,1344,1244,1244,115204,115204,1392587,54501042,105059246517923745070979752137298144894694,137,135,68,137
irregular-n12-t064-b00064-falternating-s03,Standard,2,true,5,6,4,0,4,0,0,0,0,0,0,0,26,156,156,156,15708,15708,161298,7549933,92626772273572768933156032362583761197600,137,136,68,137
irregular-n12-t064-b00064-falternating-s03,Standard,3,true,3,4,2,0,2,0,0,0,0,0,0,0,56,224,224,224,24864,24864,280949,14965250,100750333222637611954359227963410631322432,137,136,68,137
irregular-n12-t064-b00064-falternating-s03,Accelerated,0,true,2,5,0,2,2,1,0,1,0,1,0,1,1,5,5,5,785,785,11777,655891,1332872668443443606380583301525849321298420951330355208451008,200,197,133,200
irregular-n12-t064-b00064-falternating-s03,Accelerated,1,true,1,3,0,1,1,0,0,0,0,1,0,1,336,1008,933,933,86403,86403,1022128,38624132,72966224216244551749569112279026039033660,136,135,68,136
irregular-n12-t064-b00064-falternating-s03,Accelerated,2,true,3,7,0,3,3,2,1,1,0,1,0,1,26,182,182,182,18326,18326,214551,9387064,274146068661251711542159659379963593635066456352353829388103335843177215537634560,268,267,136,268
irregular-n12-t064-b00064-falternating-s03,Accelerated,3,true,1,3,0,1,1,0,0,0,0,1,0,1,56,168,168,168,18648,18648,218185,10977799,100750333222637611954359227963410631322432,137,135,68,137
irregular-n12-t064-b00064-falternating-s04,Standard,0,true,3,4,2,0,2,0,0,0,0,0,0,0,1,4,4,4,628,628,7152,351898,49054945231158158078192406488501630963376,136,133,68,136
irregular-n12-t064-b00064-falternating-s04,Standard,1,true,3,4,2,0,2,0,0,0,0,0,0,0,228,912,828,828,77028,77028,736370,24016083,57152975576075734566608847448451711527038,136,134,68,136
irregular-n12-t064-b00064-falternating-s04,Standard,2,true,4,5,3,0,3,0,0,0,0,0,0,0,26,130,130,130,13090,13090,107904,4311039,53450248599839540682431653233229418762850,136,135,68,136
irregular-n12-t064-b00064-falternating-s04,Standard,3,true,4,5,3,0,3,0,0,0,0,0,0,0,38,190,190,190,21090,21090,183380,7966260,53141336466719473670623374467288890763146,136,135,68,136
irregular-n12-t064-b00064-falternating-s04,Accelerated,0,true,2,5,0,2,2,1,0,1,0,1,0,1,1,5,5,5,785,785,9003,432220,838583052012407211349738275104340250643675540615239615860688,200,196,132,200
irregular-n12-t064-b00064-falternating-s04,Accelerated,1,true,2,5,0,2,2,1,0,1,0,1,0,1,228,1140,1035,1035,96285,96285,904014,28762396,1133722657059802974911728186370574651423035706436996363623440,200,199,132,200
irregular-n12-t064-b00064-falternating-s04,Accelerated,2,true,2,5,0,2,2,1,0,1,0,1,0,1,26,130,130,130,13090,13090,111967,4009675,2311711467180856529093930489297769831896559349636159235981072,201,200,70,201
irregular-n12-t064-b00064-falternating-s04,Accelerated,3,true,3,7,0,3,3,2,1,1,0,1,0,1,38,266,266,266,29526,29526,290940,11836256,183241829336608280656059606629326548732874713569951154243650231064898265104650048,267,266,137,267
irregular-n12-t064-b00064-falternating-s05,Standard,0,true,3,4,2,0,2,0,0,0,0,0,0,0,1,4,4,4,628,628,10478,647241,86500882476033771586619696527312079717356,136,133,68,136
irregular-n12-t064-b00064-falternating-s05,Standard,1,true,4,5,3,0,3,0,0,0,0,0,0,0,336,1680,1540,1540,142940,142940,1833646,74681819,109763682650589400521210187012557213323194,137,135,68,137
irregular-n12-t064-b00064-falternating-s05,Standard,2,true,5,6,4,0,4,0,0,0,0,0,0,0,26,156,156,156,15708,15708,166923,8123439,104613634100844040284182429999300148639886,137,136,68,137
irregular-n12-t064-b00064-falternating-s05,Standard,3,true,5,6,4,0,4,0,0,0,0,0,0,0,56,336,336,336,37296,37296,470095,24637922,120637426780784096535552047377799166790988,137,136,68,137
irregular-n12-t064-b00064-falternating-s05,Accelerated,0,true,2,5,0,2,2,1,0,1,0,1,0,1,1,5,5,5,785,785,13459,824912,1471012995337848840669614039501575293877467541892037840997560,200,195,132,200
irregular-n12-t064-b00064-falternating-s05,Accelerated,1,true,3,7,0,3,3,2,0,2,0,1,0,1,336,2352,2156,2156,200116,200116,2615833,107053446,22400042676939869735803453682857597368646481347706008543804168,204,202,136,204
irregular-n12-t064-b00064-falternating-s05,Accelerated,2,true,3,7,0,3,3,2,1,1,0,1,0,1,26,182,182,182,18326,18326,226551,10531015,61915427693519003440655171616202405809355922687327616370262939987321272419806192,266,265,134,266
irregular-n12-t064-b00064-falternating-s05,Accelerated,3,true,3,7,0,3,3,2,0,2,0,1,0,1,56,392,392,392,43512,43512,603098,29976537,4123938602084439782841861369506353159509330077303080942489140,202,201,71,202
irregular-n12-t064-b00064-falternating-s06,Standard,0,true,3,4,2,0,2,0,0,0,0,0,0,0,1,4,4,4,628,628,9779,518873,53028416678232207273710036211354516063442,136,132,68,136
irregular-n12-t064-b00064-falternating-s06,Standard,1,true,3,4,2,0,2,0,0,0,0,0,0,0,312,1248,1156,1156,107036,107036,1296366,48625480,57293102420656003198968938203587294284686,136,134,68,136
irregular-n12-t064-b00064-falternating-s06,Standard,2,true,4,5,3,0,3,0,0,0,0,0,0,0,26,130,130,130,13090,13090,131296,6125884,72449513936416420728179329407833438259450,136,136,68,137
irregular-n12-t064-b00064-falternating-s06,Standard,3,true,4,5,3,0,3,0,0,0,0,0,0,0,52,260,260,260,28860,28860,335851,16660343,76347366528090826054931933976680202965250,136,136,68,137
irregular-n12-t064-b00064-falternating-s06,Accelerated,0,true,1,3,0,1,1,0,0,0,0,1,0,1,1,3,3,3,471,471,6939,340824,27913190771173484872085840396955811567004,135,128,67,135
irregular-n12-t064-b00064-falternating-s06,Accelerated,1,true,1,3,0,1,1,0,0,0,0,1,0,1,312,936,867,867,80277,80277,944383,33937465,26101757084107215052999739147015453542986,135,133,68,135
irregular-n12-t064-b00064-falternating-s06,Accelerated,2,true,2,5,0,2,2,1,1,0,0,1,0,1,26,130,130,130,13090,13090,158570,7078977,5586508580807516365214974592977071026676935975793485998523940,202,200,134,203
irregular-n12-t064-b00064-falternating-s06,Accelerated,3,true,2,5,0,2,2,1,1,0,0,1,0,1,52,260,260,260,28860,28860,387738,18368373,8155298001096550911173883953778046848554036874730473897992760,203,201,134,204
irregular-n12-t064-b00064-falternating-s07,Standard,0,true,3,4,2,0,2,0,0,0,0,0,0,0,1,4,4,4,628,628,10707,657571,50238703645109822348055954641520870625808,136,133,68,136
irregular-n12-t064-b00064-falternating-s07,Standard,1,true,3,4,2,0,2,0,0,0,0,0,0,0,348,1392,1252,1252,116092,116092,1510369,62449627,81328289012158643227974627648178584346580,136,135,68,136
irregular-n12-t064-b00064-falternating-s07,Standard,2,true,4,5,3,0,3,0,0,0,0,0,0,0,26,130,130,130,13090,13090,131175,6361696,76385449352775112685068770978942512940050,136,136,68,137
irregular-n12-t064-b00064-falternating-s07,Standard,3,true,4,5,3,0,3,0,0,0,0,0,0,0,58,290,290,290,32190,32190,397566,21369551,79568607636253397049648532092914129730992,136,136,68,137
irregular-n12-t064-b00064-falternating-s07,Accelerated,0,true,1,3,0,1,1,0,0,0,0,1,0,1,1,3,3,3,471,471,7528,441490,48295858999350327982183340569418503773566,136,131,68,136
irregular-n12-t064-b00064-falternating-s07,Accelerated,1,true,1,3,0,1,1,0,0,0,0,1,0,1,348,1044,939,939,87069,87069,1099381,43971386,78811077250218174028858897589926173091960,136,135,68,136
irregular-n12-t064-b00064-falternating-s07,Accelerated,2,true,2,5,0,2,2,1,0,1,0,1,0,1,26,130,130,130,13090,13090,152245,6852258,3427344315562013984843419712931612341398697954188245617282248,202,201,70,202
irregular-n12-t064-b00064-falternating-s07,Accelerated,3,true,2,5,0,2,2,1,1,0,0,1,0,1,58,290,290,290,32190,32190,440280,22540464,5850745685759713054843896291601557768940114235470895259504832,202,201,133,203
irregular-n12-t064-b00064-falternating-s08,Standard,0,true,3,4,2,0,2,0,0,0,0,0,0,0,1,4,4,4,628,628,9169,537087,35442867626307877944823321566908395468060,135,133,68,135
irregular-n12-t064-b00064-falternating-s08,Standard,1,true,3,4,2,0,2,0,0,0,0,0,0,0,276,1104,964,964,89884,89884,1043718,39533388,58008154641450428821826564361778985104180,136,134,68,136
irregular-n12-t064-b00064-falternating-s08,Standard,2,true,4,5,3,0,3,0,0,0,0,0,0,0,26,130,130,130,13090,13090,134582,6129087,35454844488294626070765357897545810408768,135,134,67,136
irregular-n12-t064-b00064-falternating-s08,Standard,3,true,4,5,3,0,3,0,0,0,0,0,0,0,46,230,230,230,25530,25530,299697,14495479,41506254733652197611352647871903686562898,135,134,67,136
irregular-n12-t064-b00064-falternating-s08,Accelerated,0,true,2,5,0,2,2,1,0,1,0,1,0,1,1,5,5,5,785,785,10785,602722,593269459043733846405774269180827087598080238397119180052320,199,197,133,199
irregular-n12-t064-b00064-falternating-s08,Accelerated,1,true,2,5,0,2,2,1,0,1,0,1,0,1,276,1380,1205,1205,112355,112355,1288444,47797003,1402520618727688427035578864805719032013880737519981277876800,200,199,133,200
irregular-n12-t064-b00064-falternating-s08,Accelerated,2,true,2,5,0,2,2,1,0,1,0,1,0,1,26,130,130,130,13090,13090,128629,5201984,1621544793120340750067673830955916474034930933430662114621944,201,200,69,201
irregular-n12-t064-b00064-falternating-s08,Accelerated,3,true,2,5,0,2,2,1,0,1,0,1,0,1,46,230,230,230,25530,25530,289541,13054784,1571700797804742324020439275271470483956339002415081120302516,200,200,70,200
irregular-n12-t064-b00064-falternating-s09,Standard,0,true,3,4,2,0,2,0,0,0,0,0,0,0,1,4,4,4,628,628,9696,606971,48616502598208210319861638681555038937810,136,132,68,136
irregular-n12-t064-b00064-falternating-s09,Standard,1,true,3,4,2,0,2,0,0,0,0,0,0,0,348,1392,1256,1256,116536,116536,1398422,56444260,79376957451817897011720311282117236605936,136,135,68,136
irregular-n12-t064-b00064-falternating-s09,Standard,2,true,4,5,3,0,3,0,0,0,0,0,0,0,26,130,130,130,13090,13090,125937,6416438,84457167704440304561106301166487349915260,136,137,69,137
irregular-n12-t064-b00064-falternating-s09,Standard,3,true,3,4,2,0,2,0,0,0,0,0,0,0,58,232,232,232,25752,25752,269521,14812506,101947683449090419842021888807672485350866,137,136,69,137
irregular-n12-t064-b00064-falternating-s09,Accelerated,0,true,1,3,0,1,1,0,0,0,0,1,0,1,1,3,3,3,471,471,6917,417893,38155053961521366809377452514197366602396,135,130,68,135
irregular-n12-t064-b00064-falternating-s09,Accelerated,1,true,1,3,0,1,1,0,0,0,0,1,0,1,348,1044,942,942,87402,87402,1027798,40427242,64301774964649346901050535673018078878336,136,134,68,136
irregular-n12-t064-b00064-falternating-s09,Accelerated,2,true,2,5,0,2,2,1,0,1,0,1,0,1,26,130,130,130,13090,13090,147243,7015723,4875321361053177193917286761040383818210251138043576863312104,202,201,71,202
irregular-n12-t064-b00064-falternating-s09,Accelerated,3,true,1,3,0,1,1,0,0,0,0,1,0,1,58,174,174,174,19314,19314,224622,11928455,101947683449090419842021888807672485350866,137,134,69,137
irregular-n12-t064-b00064-falternating-s10,Standard,0,true,3,4,2,0,2,0,0,0,0,0,0,0,1,4,4,4,628,628,7304,349061,37765587979033526727607958608156334587832,135,133,68,135
irregular-n12-t064-b00064-falternating-s10,Standard,1,true,3,4,2,0,2,0,0,0,0,0,0,0,228,912,836,836,77596,77596,767935,25603413,64110438073267115949076975550371959706836,136,134,68,136
irregular-n12-t064-b00064-falternating-s10,Standard,2,true,4,5,3,0,3,0,0,0,0,0,0,0,26,130,130,130,13090,13090,110581,4440314,51659005774117243282533178516947762813924,136,135,68,136
irregular-n12-t064-b00064-falternating-s10,Standard,3,true,4,5,3,0,3,0,0,0,0,0,0,0,38,190,190,190,21090,21090,192747,8191207,60903258682290468120051147341850020994912,136,135,68,136
irregular-n12-t064-b00064-falternating-s10,Accelerated,0,true,2,5,0,2,2,1,0,1,0,1,0,1,1,5,5,5,785,785,8830,399453,637150027288469370352848500687657404030958422490369464283520,199,196,132,199
irregular-n12-t064-b00064-falternating-s10,Accelerated,1,true,1,3,0,1,1,0,0,0,0,1,0,1,228,684,627,627,58197,58197,559821,17891176,39776206682850741648361965081150686572056,135,134,68,135
irregular-n12-t064-b00064-falternating-s10,Accelerated,2,true,2,5,0,2,2,1,0,1,0,1,0,1,26,130,130,130,13090,13090,115957,4155843,2242776754287136017008531902123314292640096003482311110286704,201,200,70,201
irregular-n12-t064-b00064-falternating-s10,Accelerated,3,true,2,5,0,2,2,1,0,1,0,1,0,1,38,190,190,190,21090,21090,190705,7200796,2101890109034484190728895239814374822369361066169613914788096,201,200,70,201
irregular-n12-t064-b00064-falternating-s11,Standard,0,true,3,4,2,0,2,0,0,0,0,0,0,0,1,4,4,4,628,628,10911,748024,66379931772458814013629470868566297807924,136,134,68,136
irregular-n12-t064-b00064-falternating-s11,Standard,1,true,3,4,2,0,2,0,0,0,0,0,0,0,360,1440,1272,1272,118312,118312,1590938,69356181,100608963742040515565265879889935766889798,137,135,68,137
irregular-n12-t064-b00064-falternating-s11,Standard,2,true,4,5,3,0,3,0,0,0,0,0,0,0,26,130,130,130,13090,13090,142190,7312835,81610704517963984806913437312778915176786,136,136,68,137
irregular-n12-t064-b00064-falternating-s11,Standard,3,true,3,4,2,0,2,0,0,0,0,0,0,0,60,240,240,240,26640,26640,329624,19347510,94731199353489811520077605691363751629392,137,136,68,137
irregular-n12-t064-b00064-falternating-s11,Accelerated,0,true,2,5,0,2,2,1,0,1,0,1,0,1,1,5,5,5,785,785,13365,891436,1147867817589333724928561833016495750302518713093171911322984,200,197,133,200
irregular-n12-t064-b00064-falternating-s11,Accelerated,1,true,2,5,0,2,2,1,0,1,0,1,0,1,360,1800,1590,1590,147890,147890,1946581,82959068,3111597569428411049405559840102677656361660704155133962390648,201,201,134,201
irregular-n12-t064-b00064-falternating-s11,Accelerated,2,true,2,5,0,2,2,1,0,1,0,1,0,1,26,130,130,130,13090,13090,149119,6921011,4994404948357182194151245649068258254282676731659429476626296,202,201,70,202
irregular-n12-t064-b00064-falternating-s11,Accelerated,3,true,1,3,0,1,1,0,0,0,0,1,0,1,60,180,180,180,19980,19980,254708,14418858,94731199353489811520077605691363751629392,137,135,68,137
irregular-n12-t064-b00064-falternating-s12,Standard,0,true,3,4,2,0,2,0,0,0,0,0,0,0,1,4,4,4,628,628,9295,595520,56187173613421625099348636023836826537560,136,133,68,136
irregular-n12-t064-b00064-falternating-s12,Standard,1,true,3,4,2,0,2,0,0,0,0,0,0,0,336,1344,1228,1228,114068,114068,1333173,53223413,83816880096578209463053155032977416978536,136,135,68,136
irregular-n12-t064-b00064-falternating-s12,Standard,2,true,4,5,3,0,3,0,0,0,0,0,0,0,26,130,130,130,13090,13090,128951,6223854,69089349973037016078433878542692514919144,136,136,68,137
irregular-n12-t064-b00064-falternating-s12,Standard,3,true,4,5,3,0,3,0,0,0,0,0,0,0,56,280,280,280,31080,31080,365342,19155533,77465244079868259720724967612903395018648,136,135,68,136
irregular-n12-t064-b00064-falternating-s12,Accelerated,0,true,1,3,0,1,1,0,0,0,0,1,0,1,1,3,3,3,471,471,6603,408680,51458010611488907933558269680541549769516,136,131,68,136
irregular-n12-t064-b00064-falternating-s12,Accelerated,1,true,1,3,0,1,1,0,0,0,0,1,0,1,336,1008,921,921,85551,85551,986511,38491293,77723001962550442820136485395210277371262,136,135,68,136
irregular-n12-t064-b00064-falternating-s12,Accelerated,2,true,2,5,0,2,2,1,0,1,0,1,0,1,26,130,130,130,13090,13090,134378,5790390,4478004643268364382645115690811419014395877885958220869852224,202,201,70,202
irregular-n12-t064-b00064-falternating-s12,Accelerated,3,true,2,5,0,2,2,1,0,1,0,1,0,1,56,280,280,280,31080,31080,363066,17445274,4030096299478514645221550029931870236276619148418970645944512,202,201,70,202
irregular-n12-t064-b00064-falternating-s13,Standard,0,true,4,5,3,0,3,0,0,0,0,0,0,0,1,5,5,5,785,785,11302,589796,39212182462436809801385553927422666642744,135,132,68,135
irregular-n12-t064-b00064-falternating-s13,Standard,1,true,3,4,2,0,2,0,0,0,0,0,0,0,276,1104,1024,1024,94784,94784,1041550,37532068,60157896232253557068718248585959891212664,136,134,68,136
irregular-n12-t064-b00064-falternating-s13,Standard,2,true,5,6,4,0,4,0,0,0,0,0,0,0,26,156,156,156,15708,15708,154341,7008023,57186390145070886385972278086129224658578,136,136,68,137
irregular-n12-t064-b00064-falternating-s13,Standard,3,true,4,5,3,0,3,0,0,0,0,0,0,0,46,230,230,230,25530,25530,265894,12641215,65060477031938533971985096648005650316272,136,136,68,136
irregular-n12-t064-b00064-falternating-s13,Accelerated,0,true,2,5,0,2,2,1,0,1,0,1,0,1,1,5,5,5,785,785,11322,559165,577069385929352732118109048124863026165367037614829052038072,199,192,131,199
irregular-n12-t064-b00064-falternating-s13,Accelerated,1,true,1,3,0,1,1,0,0,0,0,1,0,1,276,828,768,768,71088,71088,756147,26120062,16264647384173687997774259820533130147160,134,132,68,134
irregular-n12-t064-b00064-falternating-s13,Accelerated,2,true,2,5,0,2,2,1,1,0,0,1,0,1,26,130,130,130,13090,13090,145299,6480451,6259040433013825906836854590604857379531852616678378224213752,202,200,134,203
irregular-n12-t064-b00064-falternating-s13,Accelerated,3,true,2,5,0,2,2,1,1,0,0,1,0,1,46,230,230,230,25530,25530,301918,13717105,3313065811107306285449785448019240265248487962095960758587856,202,199,133,202
irregular-n12-t064-b00064-falternating-s14,Standard,0,true,3,4,2,0,2,0,0,0,0,0,0,0,1,4,4,4,628,628,8640,429424,36203687756736989453840504417573946715914,135,132,68,135
irregular-n12-t064-b00064-falternating-s14,Standard,1,true,3,4,2,0,2,0,0,0,0,0,0,0,264,1056,944,944,87584,87584,969213,34483725,54030154885047696771319182399567998887600,136,134,68,136
irregular-n12-t064-b00064-falternating-s14,Standard,2,true,4,5,3,0,3,0,0,0,0,0,0,0,26,130,130,130,13090,13090,112840,4896656,47670745924680108187457915115852482152424,136,136,68,136
irregular-n12-t064-b00064-falternating-s14,Standard,3,true,5,6,4,0,4,0,0,0,0,0,0,0,44,264,264,264,29304,29304,308349,14398787,51607604850371422997238308123624062143690,136,135,68,136
irregular-n12-t064-b00064-falternating-s14,Accelerated,0,true,1,3,0,1,1,0,0,0,0,1,0,1,1,3,3,3,471,471,6089,279844,20120892383544877262587646120579526973620,134,129,67,134
irregular-n12-t064-b00064-falternating-s14,Accelerated,1,true,1,3,0,1,1,0,0,0,0,1,0,1,264,792,708,708,65688,65688,707187,24066681,33171003163700588954839640532647834550948,135,134,68,135
irregular-n12-t064-b00064-falternating-s14,Accelerated,2,true,2,5,0,2,2,1,1,0,0,1,0,1,26,130,130,130,13090,13090,135219,5766987,7020398490923574571764064437161359207151281157469889406037864,203,200,134,203
irregular-n12-t064-b00064-falternating-s14,Accelerated,3,true,3,7,0,3,3,2,1,1,0,1,0,1,44,308,308,308,34188,34188,401557,17630139,51338452517031073709894250307923723746571489505411415046152844979735709363282560,265,264,135,265
irregular-n12-t064-b00064-falternating-s15,Standard,0,true,3,4,2,0,2,0,0,0,0,0,0,0,1,4,4,4,628,628,9402,526819,74069865385905887381363344889117152540784,136,134,68,136
irregular-n12-t064-b00064-falternating-s15,Standard,1,true,4,5,3,0,3,0,0,0,0,0,0,0,288,1440,1315,1315,122165,122165,1470472,55883488,75905594458767803115703013004729178229070,136,134,68,136
irregular-n12-t064-b00064-falternating-s15,Standard,2,true,4,5,3,0,3,0,0,0,0,0,0,0,26,130,130,130,13090,13090,131818,6042959,74906841008228131252772692213616556567656,136,136,68,137
irregular-n12-t064-b00064-falternating-s15,Standard,3,true,5,6,4,0,4,0,0,0,0,0,0,0,48,288,288,288,31968,31968,373422,17851447,72400008124903722259264566912814838610764,136,136,68,137
irregular-n12-t064-b00064-falternating-s15,Accelerated,0,true,2,5,0,2,2,1,0,1,0,1,0,1,1,5,5,5,785,785,11972,661868,2849659450134506039317787455171012210812908155827443187243360,201,198,134,201
irregular-n12-t064-b00064-falternating-s15,Accelerated,1,true,2,5,0,2,2,1,0,1,0,1,0,1,288,1440,1315,1315,122165,122165,1437747,53440530,1449709951870767121975304682305744367152285462041814285126040,200,199,132,200
irregular-n12-t064-b00064-falternating-s15,Accelerated,2,true,2,5,0,2,2,1,0,1,0,1,0,1,26,130,130,130,13090,13090,143834,6113729,2589075129905922063167256896965740766189558846177601995103392,201,200,70,201
irregular-n12-t064-b00064-falternating-s15,Accelerated,3,true,3,7,0,3,3,2,0,2,0,1,0,1,48,336,336,336,37296,37296,468981,21323426,2719588199037440262227763647077037396011548791449242178171200,201,200,71,201
irregular-n12-t064-b00064-falternating-s16,Standard,0,true,3,4,2,0,2,0,0,0,0,0,0,0,1,4,4,4,628,628,8538,466360,57338874999305647999644123900161179849042,136,133,68,136
irregular-n12-t064-b00064-falternating-s16,Standard,1,true,3,4,2,0,2,0,0,0,0,0,0,0,324,1296,1204,1204,111404,111404,1270593,48576405,64482008415006571496710288785939324895140,136,135,68,136
irregular-n12-t064-b00064-falternating-s16,Standard,2,true,4,5,3,0,3,0,0,0,0,0,0,0,26,130,130,130,13090,13090,118924,5369332,76311404303797533449492190171728443709150,136,136,68,137
irregular-n12-t064-b00064-falternating-s16,Standard,3,true,4,5,3,0,3,0,0,0,0,0,0,0,54,270,270,270,29970,29970,323908,16568571,80781164380124145744440162101991537787702,136,136,68,137
irregular-n12-t064-b00064-falternating-s16,Accelerated,0,true,1,3,0,1,1,0,0,0,0,1,0,1,1,3,3,3,471,471,6196,320788,31886302091772847215315723836023215813058,135,132,68,135
irregular-n12-t064-b00064-falternating-s16,Accelerated,1,true,2,5,0,2,2,1,0,1,0,1,0,1,324,1620,1505,1505,139255,139255,1553349,57509324,1296077783344259848818326668834369122436931149682723411657920,200,200,132,200
irregular-n12-t064-b00064-falternating-s16,Accelerated,2,true,2,5,0,2,2,1,0,1,0,1,0,1,26,130,130,130,13090,13090,129795,5178751,5158075249044011440019269535497945197585433051060129286037440,202,201,70,202
irregular-n12-t064-b00064-falternating-s16,Accelerated,3,true,2,5,0,2,2,1,1,0,0,1,0,1,54,270,270,270,29970,29970,364779,17832344,8174069684438059388132155577443181335356713054713649753529288,203,201,133,204
irregular-n12-t064-b00064-falternating-s17,Standard,0,true,4,5,3,0,3,0,0,0,0,0,0,0,1,5,5,5,785,785,14098,912040,63661316667754897937186103719846273284426,136,134,68,136
irregular-n12-t064-b00064-falternating-s17,Standard,1,true,3,4,2,0,2,0,0,0,0,0,0,0,360,1440,996,996,92476,92476,1212164,51832636,65663410599835368025550776118667942387552,136,134,68,136
irregular-n12-t064-b00064-falternating-s17,Standard,2,true,4,5,3,0,3,0,0,0,0,0,0,0,26,130,130,130,13090,13090,137575,7005007,80271570212753556014994486027894774388510,136,136,68,137
irregular-n12-t064-b00064-falternating-s17,Standard,3,true,4,5,3,0,3,0,0,0,0,0,0,0,60,300,300,300,33300,33300,422561,23719808,89361028717175592221137703397541927731702,137,136,68,137
irregular-n12-t064-b00064-falternating-s17,Accelerated,0,true,2,5,0,2,2,1,0,1,0,1,0,1,1,5,5,5,785,785,13763,864428,2313491929528669393824941021888659643009776593261520309917376,201,198,133,201
irregular-n12-t064-b00064-falternating-s17,Accelerated,1,true,2,5,0,2,2,1,0,1,0,1,0,1,360,1800,1245,1245,115595,115595,1545684,66254257,482383393265768466943983596616074015076522062160294931198656,199,197,131,199
irregular-n12-t064-b00064-falternating-s17,Accelerated,2,true,2,5,0,2,2,1,0,1,0,1,0,1,26,130,130,130,13090,13090,161840,7829071,2252007377881885175886662890234968464726286253027501068364216,201,200,70,201
irregular-n12-t064-b00064-falternating-s17,Accelerated,3,true,2,5,0,2,2,1,1,0,0,1,0,1,60,300,300,300,33300,33300,474028,25628292,10697491313014939162942737153493464764520265019969921146471028,203,201,135,204
irregular-n12-t064-b00064-falternating-s18,Standard,0,true,3,4,2,0,2,0,0,0,0,0,0,0,1,4,4,4,628,628,9677,526671,65813962719590491358887161972687756710748,136,132,68,136
irregular-n12-t064-b00064-falternating-s18,Standard,1,true,3,4,2,0,2,0,0,0,0,0,0,0,300,1200,1108,1108,102668,102668,1226388,46078243,83610563247069607512313839361758469168846,136,134,68,136
irregular-n12-t064-b00064-falternating-s18,Standard,2,true,3,4,2,0,2,0,0,0,0,0,0,0,26,104,104,104,10472,10472,98881,4561625,74513960059165757618442332882053401755698,136,136,68,137
irregular-n12-t064-b00064-falternating-s18,Standard,3,true,3,4,2,0,2,0,0,0,0,0,0,0,50,200,200,200,22200,22200,236390,11341814,85250770769990202964105218605277241061026,136,136,68,137
irregular-n12-t064-b00064-falternating-s18,Accelerated,0,true,2,5,0,2,2,1,0,1,0,1,0,1,1,5,5,5,785,785,12098,623760,109433353481772300512726262007546619085968419317557533170612,197,189,129,197
irregular-n12-t064-b00064-falternating-s18,Accelerated,1,true,2,5,0,2,2,1,1,0,0,1,0,1,300,1500,1385,1385,128335,128335,1551030,58164096,3093638967937006383243993873247915708692912021808454420433376,201,200,133,201
irregular-n12-t064-b00064-falternating-s18,Accelerated,2,true,1,3,0,1,1,0,0,0,0,1,0,1,26,78,78,78,7854,7854,79495,3425294,74513960059165757618442332882053401755698,136,133,68,136
irregular-n12-t064-b00064-falternating-s18,Accelerated,3,true,1,3,0,1,1,0,0,0,0,1,0,1,50,150,150,150,16650,16650,186721,8480221,85250770769990202964105218605277241061026,136,133,68,136
irregular-n12-t064-b00064-falternating-s19,Standard,0,true,3,4,2,0,2,0,0,0,0,0,0,0,1,4,4,4,628,628,7894,412008,32131043327239949966181344592920417704628,135,131,68,135
irregular-n12-t064-b00064-falternating-s19,Standard,1,true,3,4,2,0,2,0,0,0,0,0,0,0,264,1056,968,968,89848,89848,924382,32413184,46376211223073129645341499095979061493242,136,134,68,136
irregular-n12-t064-b00064-falternating-s19,Standard,2,true,4,5,3,0,3,0,0,0,0,0,0,0,26,130,130,130,13090,13090,106374,4481896,49143068231201646882569407257172203799536,136,135,68,136
irregular-n12-t064-b00064-falternating-s19,Standard,3,true,5,6,4,0,4,0,0,0,0,0,0,0,44,264,264,264,29304,29304,286165,12700257,55492138517592510218254977464422043960376,136,135,68,136
irregular-n12-t064-b00064-falternating-s19,Accelerated,0,true,2,5,0,2,2,1,0,1,0,1,0,1,1,5,5,5,785,785,9552,473821,155909225511744236754178637303761746683263611634631702535456,197,193,130,197
irregular-n12-t064-b00064-falternating-s19,Accelerated,1,true,1,3,0,1,1,0,0,0,0,1,0,1,264,792,726,726,67386,67386,683396,23160680,38918475903715729306322957777449757855870,135,134,68,135
irregular-n12-t064-b00064-falternating-s19,Accelerated,2,true,2,5,0,2,2,1,0,1,0,1,0,1,26,130,130,130,13090,13090,121737,4711578,2120380770861708642577302223467003959935540482917861967863424,201,200,70,201
irregular-n12-t064-b00064-falternating-s19,Accelerated,3,true,3,7,0,3,3,2,1,1,0,1,0,1,44,308,308,308,34188,34188,358104,14741143,20325449529362912118829189207835472526606460772371520678970094171664495894144512,264,263,133,264
irregular-n12-t064-b00064-falternating-s20,Standard,0,true,3,4,2,0,2,0,0,0,0,0,0,0,1,4,4,4,628,628,7965,411581,52164094480382022749082332895696123473064,136,133,68,136
irregular-n12-t064-b00064-falternating-s20,Standard,1,true,3,4,2,0,2,0,0,0,0,0,0,0,276,1104,960,960,88880,88880,931498,32862073,75992394556788118426864851763831063081726,136,134,68,136
irregular-n12-t064-b00064-falternating-s20,Standard,2,true,4,5,3,0,3,0,0,0,0,0,0,0,26,130,130,130,13090,13090,117896,5047302,61985426599400302583177240190032247336476,136,135,68,136
irregular-n12-t064-b00064-falternating-s20,Standard,3,true,4,5,3,0,3,0,0,0,0,0,0,0,46,230,230,230,25530,25530,264524,12373127,68389507691579269108772550407544172738180,136,135,68,136
irregular-n12-t064-b00064-falternating-s20,Accelerated,0,true,1,3,0,1,1,0,0,0,0,1,0,1,1,3,3,3,471,471,5591,274621,42371676497364827199583421371843523551456,135,131,68,135
irregular-n12-t064-b00064-falternating-s20,Accelerated,1,true,2,5,0,2,2,1,0,1,0,1,0,1,276,1380,1200,1200,111100,111100,1156032,40006603,1573605390162196521207775436987760884008222440361225432481296,200,200,133,200
irregular-n12-t064-b00064-falternating-s20,Accelerated,2,true,2,5,0,2,2,1,0,1,0,1,0,1,26,130,130,130,13090,13090,123700,4680786,3080813827179793003181580929450211192353393528318466146954472,201,201,70,201
irregular-n12-t064-b00064-falternating-s20,Accelerated,3,true,2,5,0,2,2,1,0,1,0,1,0,1,46,230,230,230,25530,25530,272132,11824247,3031832344494898389406773575431474137298296081474284504516492,201,201,70,201
irregular-n12-t064-b00064-frandom-s01,Standard,0,true,3,4,2,0,2,0,0,0,0,0,0,0,1,4,4,4,628,628,8275,587963,28532817512643115574245271692090562135120,135,133,68,135
irregular-n12-t064-b00064-frandom-s01,Standard,1,true,3,4,2,0,2,0,0,0,0,0,0,0,576,2304,2112,2112,196032,196032,1914853,83477064,37809974835758125526166190885529957679762,135,134,68,135
irregular-n12-t064-b00064-frandom-s01,Standard,2,true,3,4,2,0,2,0,0,0,0,0,0,0,12,48,48,48,6384,6384,64551,4244044,26745827024172141739661190760651699294364,135,135,68,136
irregular-n12-t064-b00064-frandom-s01,Standard,3,true,4,5,3,0,3,0,0,0,0,0,0,0,48,240,240,240,26640,26640,274225,14632259,30298336608492846711437819032409425652058,135,135,68,136
irregular-n12-t064-b00064-frandom-s01,Accelerated,0,true,2,5,0,2,2,1,0,1,0,1,0,1,1,5,5,5,785,785,10426,688717,696249544084677909007863028848746401821643727848637500145472,199,196,132,200
irregular-n12-t064-b00064-frandom-s01,Accelerated,1,true,2,5,0,2,2,1,0,1,0,1,0,1,576,2880,2640,2640,245040,245040,2334049,93403013,457177597508295796297860512869874681086255623273233839280640,199,198,131,199
irregular-n12-t064-b00064-frandom-s01,Accelerated,2,true,1,3,0,1,1,0,0,0,0,1,0,1,12,36,36,36,4788,4788,52520,3330913,26745827024172141739661190760651699294364,135,132,68,136
irregular-n12-t064-b00064-frandom-s01,Accelerated,3,true,2,5,0,2,2,1,0,1,0,1,0,1,48,240,240,240,26640,26640,300150,15128224,3789869711974954151923066141236482082195156458535707803690320,202,201,134,202
irregular-n12-t064-b00064-frandom-s02,Standard,0,true,3,4,2,0,2,0,0,0,0,0,0,0,1,4,4,4,628,628,5775,347935,36390025679758355844782516816674006833184,135,133,68,135
irregular-n12-t064-b00064-frandom-s02,Standard,1,true,4,5,3,0,3,0,0,0,0,0,0,0,504,2520,2310,2310,214410,214410,1931970,75089788,48334318562411115592526292690489254666480,136,134,68,136
irregular-n12-t064-b00064-frandom-s02,Standard,2,true,2,3,1,0,1,0,0,0,0,0,0,0,12,36,36,36,4788,4788,31749,2011368,41712320835103058530689931820332282702084,135,136,68,137
irregular-n12-t064-b00064-frandom-s02,Standard,3,true,3,4,2,0,2,0,0,0,0,0,0,0,42,168,168,168,18648,18648,150248,7412866,46416497228964793110672018945598543782828,136,136,68,137
irregular-n12-t064-b00064-frandom-s02,Accelerated,0,true,2,5,0,2,2,1,0,1,0,1,0,1,1,5,5,5,785,785,6381,355977,226761695373596905657038627820108159092448299978479483770208,198,193,128,200
irregular-n12-t064-b00064-frandom-s02,Accelerated,1,true,2,5,0,2,2,1,0,1,0,1,0,1,504,2520,2310,2310,214410,214410,1981465,74823499,711798987453873945435520542180841628367288044039107788278680,199,198,132,200
irregular-n12-t064-b00064-frandom-s02,Accelerated,2,true,0,2,0,0,0,0,0,0,0,0,1,0,12,24,24,24,3192,3192,25379,1570687,41712320835103058530689931820332282702084,135,69,68,137
irregular-n12-t064-b00064-frandom-s02,Accelerated,3,true,1,3,0,1,1,0,0,0,0,1,0,1,42,126,126,126,13986,13986,123297,5955622,48169616999953661216946203146901425342636,136,134,68,137
irregular-n12-t064-b00064-frandom-s03,Standard,0,true,2,3,1,0,1,0,0,0,0,0,0,0,1,3,3,3,471,471,4534,313986,38592285352942424069064104319131189939084,135,133,69,136
irregular-n12-t064-b00064-frandom-s03,Standard,1,true,2,3,1,0,1,0,0,0,0,0,0,0,672,2016,1848,1848,171528,171528,1603397,71611057,54329966065738537955742392399501488108394,136,135,69,136
irregular-n12-t064-b00064-frandom-s03,Standard,2,true,3,4,2,0,2,0,0,0,0,0,0,0,12,48,48,48,6384,6384,77165,5343489,30432425660426672973851371686420800615288,135,134,68,136
irregular-n12-t064-b00064-frandom-s03,Standard,3,true,4,5,3,0,3,0,0,0,0,0,0,0,56,280,280,280,31080,31080,370586,20379383,35567210438766825870766543295581585494202,135,134,68,136
irregular-n12-t064-b00064-frandom-s03,Accelerated,0,true,1,3,0,1,1,0,0,0,0,1,0,1,1,3,3,3,471,471,4863,347427,38592285352942424069064104319131189939084,135,132,69,136
irregular-n12-t064-b00064-frandom-s03,Accelerated,1,true,1,3,0,1,1,0,0,0,0,1,0,1,672,2016,1848,1848,171528,171528,1709787,77948230,54329966065738537955742392399501488108394,136,135,69,136
irregular-n12-t064-b00064-frandom-s03,Accelerated,2,true,1,3,0,1,1,0,0,0,0,1,0,1,12,36,36,36,4788,4788,60677,4049600,30432425660426672973851371686420800615288,135,131,68,136
irregular-n12-t064-b00064-frandom-s03,Accelerated,3,true,2,5,0,2,2,1,0,1,0,1,0,1,56,280,280,280,31080,31080,388302,20238014,2716653839754070679831757983030682963136060403338499171631904,201,200,133,201
irregular-n12-t064-b00064-frandom-s04,Standard,0,true,3,4,2,0,2,0,0,0,0,0,0,0,1,4,4,4,628,628,5433,306275,20494251127047260245541395130292355751660,134,131,68,134
irregular-n12-t064-b00064-frandom-s04,Standard,1,true,3,4,2,0,2,0,0,0,0,0,0,0,456,1824,1672,1672,155192,155192,1271333,47794394,29909384570466744293911041897965262555752,135,134,68,135
irregular-n12-t064-b00064-frandom-s04,Standard,2,true,4,5,3,0,3,0,0,0,0,0,0,0,12,60,60,60,7980,7980,65940,3480901,20846037340905359278350262857333032876218,134,135,68,136
irregular-n12-t064-b00064-frandom-s04,Standard,3,true,4,5,3,0,3,0,0,0,0,0,0,0,38,190,190,190,21090,21090,173696,8162705,27572334116057701317547322589667727760798,135,135,68,136
irregular-n12-t064-b00064-frandom-s04,Accelerated,0,true,2,5,0,2,2,1,0,1,0,1,0,1,1,5,5,5,785,785,5995,313167,52268284015628497351762384843004002393501768019191608564520,196,191,127,198
irregular-n12-t064-b00064-frandom-s04,Accelerated,1,true,2,5,0,2,2,1,0,1,0,1,0,1,456,2280,2090,2090,193990,193990,1671803,61680925,236521948059330380601652538422315725901885964849301222422496,198,197,130,198
irregular-n12-t064-b00064-frandom-s04,Accelerated,2,true,2,5,0,2,2,1,0,1,0,1,0,1,12,60,60,60,7980,7980,76599,3717593,619316982902974847813204982196300046407886357326869554087776,199,198,132,199
irregular-n12-t064-b00064-frandom-s04,Accelerated,3,true,2,5,0,2,2,1,0,1,0,1,0,1,38,190,190,190,21090,21090,192142,8659799,3479489036259396655141739471767172032191088207437830740494200,202,200,135,203
irregular-n12-t064-b00064-frandom-s05,Standard,0,true,4,5,3,0,3,0,0,0,0,0,0,0,1,5,5,5,785,785,10442,673272,42718087161615203678857928693393108844792,135,133,68,135
irregular-n12-t064-b00064-frandom-s05,Standard,1,true,4,5,3,0,3,0,0,0,0,0,0,0,672,3360,3080,3080,285880,285880,2832712,120807458,68695032593780912954930477622500417426632,136,134,68,136
irregular-n12-t064-b00064-frandom-s05,Standard,2,true,2,3,1,0,1,0,0,0,0,0,0,0,12,36,36,36,4788,4788,37155,2734913,57819317435653234115067894992437857800376,136,137,69,138
irregular-n12-t064-b00064-frandom-s05,Standard,3,true,4,5,3,0,3,0,0,0,0,0,0,0,56,280,280,280,31080,31080,314651,16703005,71582599149861255403337026085945427437318,136,137,69,137
irregular-n12-t064-b00064-frandom-s05,Accelerated,0,true,1,3,0,1,1,0,0,0,0,1,0,1,1,3,3,3,471,471,5418,278848,9831071303439077895071878657715188831068,133,128,66,133
irregular-n12-t064-b00064-frandom-s05,Accelerated,1,true,3,7,0,3,3,2,0,2,0,1,0,1,672,4704,4312,4312,400232,400232,3815739,149642070,6562331341360176949291249291041644099503803534880846416722688,203,202,134,203
irregular-n12-t064-b00064-frandom-s05,Accelerated,2,true,0,2,0,0,0,0,0,0,0,0,1,0,12,24,24,24,3192,3192,30039,2191224,57819317435653234115067894992437857800376,136,69,69,138
irregular-n12-t064-b00064-frandom-s05,Accelerated,3,true,3,7,0,3,3,2,1,1,0,1,0,1,56,392,392,392,43512,43512,509233,26198824,750016679750121145306302083413088721710125235236971275436600747962445158500842880,269,268,201,269
irregular-n12-t064-b00064-frandom-s06,Standard,0,true,3,4,2,0,2,0,0,0,0,0,0,0,1,4,4,4,628,628,7498,556912,35952245387115420722506336966478721073476,135,133,68,136
irregular-n12-t064-b00064-frandom-s06,Standard,1,true,3,4,2,0,2,0,0,0,0,0,0,0,624,2496,2288,2288,212368,212368,2083318,95260863,50719255641706297285519245682311389495430,136,134,68,136
irregular-n12-t064-b00064-frandom-s06,Standard,2,true,3,4,2,0,2,0,0,0,0,0,0,0,12,48,48,48,6384,6384,62564,4568387,33330277120365171321823249921092918113252,135,135,68,136
irregular-n12-t064-b00064-frandom-s06,Standard,3,true,4,5,3,0,3,0,0,0,0,0,0,0,52,260,260,260,28860,28860,307354,17758161,44750156379489202715216346065961149851776,136,135,68,136
irregular-n12-t064-b00064-frandom-s06,Accelerated,0,true,2,5,0,2,2,1,0,1,0,1,0,1,1,5,5,5,785,785,8242,570939,188766876961742507194285969487857650391711561343647706034400,197,195,130,200
irregular-n12-t064-b00064-frandom-s06,Accelerated,1,true,2,5,0,2,2,1,0,1,0,1,0,1,624,3120,2860,2860,265460,265460,2612553,110679006,954750242515444414138532034065498348932917377089434004498080,200,199,132,200
irregular-n12-t064-b00064-frandom-s06,Accelerated,2,true,1,3,0,1,1,0,0,0,0,1,0,1,12,36,36,36,4788,4788,54426,3953432,33330277120365171321823249921092918113252,135,131,68,136
irregular-n12-t064-b00064-frandom-s06,Accelerated,3,true,2,5,0,2,2,1,0,1,0,1,0,1,52,260,260,260,28860,28860,349017,19637298,7800597095996133988779199223736455209141363590471007705436760,203,201,135,204
irregular-n12-t064-b00064-frandom-s07,Standard,0,true,4,5,3,0,3,0,0,0,0,0,0,0,1,5,5,5,785,785,9944,700924,34874634854075266209540847969976413519530,135,133,68,135
irregular-n12-t064-b00064-frandom-s07,Standard,1,true,3,4,2,0,2,0,0,0,0,0,0,0,696,2784,2552,2552,236872,236872,2595154,115469276,38407150987362058820689847662028004283856,135,134,68,135
irregular-n12-t064-b00064-frandom-s07,Standard,2,true,5,6,4,0,4,0,0,0,0,0,0,0,12,72,72,72,9576,9576,103798,6650325,35958821266489159160200038107517135120882,135,136,68,137
irregular-n12-t064-b00064-frandom-s07,Standard,3,true,2,3,1,0,1,0,0,0,0,0,0,0,58,174,174,174,19314,19314,171285,10391383,49634673682850053768588079812978364922062,136,136,68,137
irregular-n12-t064-b00064-frandom-s07,Accelerated,0,true,3,7,0,3,3,2,1,1,0,1,0,1,1,7,7,7,1099,1099,13452,905969,5173279124898606056705279881822755297167352790410497227030320,202,196,135,203
irregular-n12-t064-b00064-frandom-s07,Accelerated,1,true,1,3,0,1,1,0,0,0,0,1,0,1,696,2088,1914,1914,177654,177654,1924055,80056587,21883126429563820981496563527743769406318,135,134,68,135
irregular-n12-t064-b00064-frandom-s07,Accelerated,2,true,2,5,0,2,2,1,1,0,0,1,0,1,12,60,60,60,7980,7980,94846,6051483,4592659154181867019995558719140351228506981587744465585152432,202,200,135,203
irregular-n12-t064-b00064-frandom-s07,Accelerated,3,true,1,3,0,1,1,0,0,0,0,1,0,1,58,174,174,174,19314,19314,216246,12726609,50896969718091309340424793025808786140690,136,134,68,137
irregular-n12-t064-b00064-frandom-s08,Standard,0,true,3,4,2,0,2,0,0,0,0,0,0,0,1,4,4,4,628,628,6162,344141,30743172240495954523358967216374911745734,135,132,68,135
irregular-n12-t064-b00064-frandom-s08,Standard,1,true,3,4,2,0,2,0,0,0,0,0,0,0,552,2208,2024,2024,187864,187864,1631139,63014531,43326161302639058197827052401915995266004,135,135,68,135
irregular-n12-t064-b00064-frandom-s08,Standard,2,true,5,6,4,0,4,0,0,0,0,0,0,0,12,72,72,72,9576,9576,82004,4015653,42112285358687379436893495184719765711258,135,135,68,136
irregular-n12-t064-b00064-frandom-s08,Standard,3,true,4,5,3,0,3,0,0,0,0,0,0,0,46,230,230,230,25530,25530,210639,9578006,45840886378511567248789372862647315039236,136,135,68,136
irregular-n12-t064-b00064-frandom-s08,Accelerated,0,true,2,5,0,2,2,1,0,1,0,1,0,1,1,5,5,5,785,785,6836,353683,195229069842312151510117178055843237316405060910719286877888,197,195,130,198
irregular-n12-t064-b00064-frandom-s08,Accelerated,1,true,2,5,0,2,2,1,0,1,0,1,0,1,552,2760,2530,2530,234830,234830,1913972,67268458,414135219954409816819688794539591522152089711891239182317536,199,198,130,199
irregular-n12-t064-b00064-frandom-s08,Accelerated,2,true,2,5,0,2,2,1,1,0,0,1,0,1,12,60,60,60,7980,7980,74965,3502660,4553970833507878811686605866082840967636299357913690414164720,202,201,134,203
irregular-n12-t064-b00064-frandom-s08,Accelerated,3,true,2,5,0,2,2,1,1,0,0,1,0,1,46,230,230,230,25530,25530,219909,8928224,4966253073025005374580802578439311787816009586588968086516816,202,201,134,203
irregular-n12-t064-b00064-frandom-s09,Standard,0,true,3,4,2,0,2,0,0,0,0,0,0,0,1,4,4,4,628,628,9158,621272,60940871169659962087369792813344854931420,136,133,68,136
irregular-n12-t064-b00064-frandom-s09,Standard,1,true,3,4,2,0,2,0,0,0,0,0,0,0,696,2784,2552,2552,236872,236872,2389962,105760747,111637117796719267107010704531246150996580,137,135,68,137
irregular-n12-t064-b00064-frandom-s09,Standard,2,true,4,5,3,0,3,0,0,0,0,0,0,0,12,60,60,60,7980,7980,85185,5257752,76570477569061954408870026240639000140772,136,136,68,137
irregular-n12-t064-b00064-frandom-s09,Standard,3,true,4,5,3,0,3,0,0,0,0,0,0,0,58,290,290,290,32190,32190,326443,16629384,85527863653690764163433803539151537558894,136,136,68,137
irregular-n12-t064-b00064-frandom-s09,Accelerated,0,true,1,3,0,1,1,0,0,0,0,1,0,1,1,3,3,3,471,471,6447,404931,51309017155009942297161101035774463738184,136,131,68,136
irregular-n12-t064-b00064-frandom-s09,Accelerated,1,true,2,5,0,2,2,1,0,1,0,1,0,1,696,3480,3190,3190,296090,296090,2810016,114446017,1248430962965510337345366497064385984516727218802879761294320,200,200,131,201
irregular-n12-t064-b00064-frandom-s09,Accelerated,2,true,2,5,0,2,2,1,1,0,0,1,0,1,12,60,60,60,7980,7980,98673,5726432,5503322083387046045429370652592199047234500447352623674236752,202,201,133,203
irregular-n12-t064-b00064-frandom-s09,Accelerated,3,true,2,5,0,2,2,1,0,1,0,1,0,1,58,290,290,290,32190,32190,357040,16920327,4401348781459558436950577972693478574841478298311882117777864,202,201,132,202
irregular-n12-t064-b00064-frandom-s10,Standard,0,true,3,4,2,0,2,0,0,0,0,0,0,0,1,4,4,4,628,628,5844,335457,24676248092053343283372168980774213727692,135,133,68,135
irregular-n12-t064-b00064-frandom-s10,Standard,1,true,4,5,3,0,3,0,0,0,0,0,0,0,456,2280,2090,2090,193990,193990,1588345,58237062,34375837604277801575208834972903415178902,135,134,68,135
irregular-n12-t064-b00064-frandom-s10,Standard,2,true,4,5,3,0,3,0,0,0,0,0,0,0,12,60,60,60,7980,7980,66614,3386344,27592467377381195864525501769210864044440,135,135,68,136
irregular-n12-t064-b00064-frandom-s10,Standard,3,true,4,5,3,0,3,0,0,0,0,0,0,0,38,190,190,190,21090,21090,164542,6705272,26459674504586590507658974862002992194164,135,135,68,136
irregular-n12-t064-b00064-frandom-s10,Accelerated,0,true,2,5,0,2,2,1,0,1,0,1,0,1,1,5,5,5,785,785,7601,401501,362599672476344683419607237264005555164340527608843055408480,198,196,132,199
irregular-n12-t064-b00064-frandom-s10,Accelerated,1,true,3,7,0,3,3,2,0,2,0,1,0,1,456,3192,2926,2926,271586,271586,2229437,78089655,4939023915189730179074218746794694849699706047865523472275992,202,201,135,202
irregular-n12-t064-b00064-frandom-s10,Accelerated,2,true,2,5,0,2,2,1,0,1,0,1,0,1,12,60,60,60,7980,7980,74778,3489056,2012509620749995085963167705468296539169841069989497749519120,201,199,133,201
irregular-n12-t064-b00064-frandom-s10,Accelerated,3,true,2,5,0,2,2,1,1,0,0,1,0,1,38,190,190,190,21090,21090,179988,7178186,3956544107813756421388955451125086320239686755794819619308384,202,200,134,203
irregular-n12-t064-b00064-frandom-s11,Standard,0,true,2,3,1,0,1,0,0,0,0,0,0,0,1,3,3,3,471,471,5178,394334,60850369499775151622431773021098284101656,136,134,69,137
irregular-n12-t064-b00064-frandom-s11,Standard,1,true,2,3,1,0,1,0,0,0,0,0,0,0,720,2160,1980,1980,183780,183780,1943924,92561275,86288672930323986235171285802146658222420,136,135,69,137
irregular-n12-t064-b00064-frandom-s11,Standard,2,true,3,4,2,0,2,0,0,0,0,0,0,0,12,48,48,48,6384,6384,72233,5535504,51715204259809827747085359090772708990834,136,136,68,137
irregular-n12-t064-b00064-frandom-s11,Standard,3,true,3,4,2,0,2,0,0,0,0,0,0,0,60,240,240,240,26640,26640,311572,19174493,68764279982007845605850678861446858335822,136,136,68,137
irregular-n12-t064-b00064-frandom-s11,Accelerated,0,true,1,3,0,1,1,0,0,0,0,1,0,1,1,3,3,3,471,471,5178,394334,60850369499775151622431773021098284101656,136,134,69,137
irregular-n12-t064-b00064-frandom-s11,Accelerated,1,true,1,3,0,1,1,0,0,0,0,1,0,1,720,2160,1980,1980,183780,183780,2023321,95855202,86288672930323986235171285802146658222420,136,135,69,137
irregular-n12-t064-b00064-frandom-s11,Accelerated,2,true,1,3,0,1,1,0,0,0,0,1,0,1,12,36,36,36,4788,4788,62249,4735041,51715204259809827747085359090772708990834,136,133,68,137
irregular-n12-t064-b00064-frandom-s11,Accelerated,3,true,1,3,0,1,1,0,0,0,0,1,0,1,60,180,180,180,19980,19980,255721,15387256,68764279982007845605850678861446858335822,136,134,68,137
irregular-n12-t064-b00064-frandom-s12,Standard,0,true,3,4,2,0,2,0,0,0,0,0,0,0,1,4,4,4,628,628,8777,670898,69746314333044028944583680287675861815380,136,134,69,136
irregular-n12-t064-b00064-frandom-s12,Standard,1,true,4,5,3,0,3,0,0,0,0,0,0,0,672,3360,3080,3080,285880,285880,3157125,149797223,96738499316952656239727940543753574961452,137,135,69,137
irregular-n12-t064-b00064-frandom-s12,Standard,2,true,4,5,3,0,3,0,0,0,0,0,0,0,12,60,60,60,7980,7980,93445,6450413,61282233003480382652690432316641841025092,136,136,68,137
irregular-n12-t064-b00064-frandom-s12,Standard,3,true,4,5,3,0,3,0,0,0,0,0,0,0,56,280,280,280,31080,31080,339915,19118497,82687069187395783961659975550577955856362,136,136,68,137
irregular-n12-t064-b00064-frandom-s12,Accelerated,0,true,2,5,0,2,2,1,0,1,0,1,0,1,1,5,5,5,785,785,9909,714542,956340010946740509079093181421243308611813793499743992031008,200,199,133,201
irregular-n12-t064-b00064-frandom-s12,Accelerated,1,true,3,7,0,3,3,2,0,2,0,1,0,1,672,4704,4312,4312,400232,400232,4380204,197762346,26625910742956645342712623487327877695877841075022747947301216,205,203,137,205
irregular-n12-t064-b00064-frandom-s12,Accelerated,2,true,2,5,0,2,2,1,1,0,0,1,0,1,12,60,60,60,7980,7980,109588,7327930,8634216011703194052428323220136510354751197587987402543843496,203,201,135,204
irregular-n12-t064-b00064-frandom-s12,Accelerated,3,true,2,5,0,2,2,1,1,0,0,1,0,1,56,280,280,280,31080,31080,380435,20751079,11783337746153960183176226573401958089116353992226947382176384,203,202,135,204
irregular-n12-t064-b00064-frandom-s13,Standard,0,true,3,4,2,0,2,0,0,0,0,0,0,0,1,4,4,4,628,628,6962,492425,41261461492567174506986842013223871646924,135,133,68,135
irregular-n12-t064-b00064-frandom-s13,Standard,1,true,3,4,2,0,2,0,0,0,0,0,0,0,552,2208,2024,2024,187864,187864,1702030,71562542,60536240079862699272777598575935216627200,136,135,68,136
irregular-n12-t064-b00064-frandom-s13,Standard,2,true,4,5,3,0,3,0,0,0,0,0,0,0,12,60,60,60,7980,7980,84098,5242139,37888188597839331170060155167806034929236,135,135,68,136
irregular-n12-t064-b00064-frandom-s13,Standard,3,true,4,5,3,0,3,0,0,0,0,0,0,0,46,230,230,230,25530,25530,256299,13085773,45235903893709623883005362656282399586168,136,135,68,136
irregular-n12-t064-b00064-frandom-s13,Accelerated,0,true,2,5,0,2,2,1,0,1,0,1,0,1,1,5,5,5,785,785,7645,502937,261312640660534853138802926410049450675999199418509894930592,198,196,131,199
irregular-n12-t064-b00064-frandom-s13,Accelerated,1,true,2,5,0,2,2,1,0,1,0,1,0,1,552,2760,2530,2530,234830,234830,1985033,76400533,440651680658191289279564632642609381819818880004406477238400,199,198,131,199
irregular-n12-t064-b00064-frandom-s13,Accelerated,2,true,2,5,0,2,2,1,0,1,0,1,0,1,12,60,60,60,7980,7980,91356,5209267,4811359243236476210551756862447673573676947292223944967282032,202,201,134,202
irregular-n12-t064-b00064-frandom-s13,Accelerated,3,true,2,5,0,2,2,1,0,1,0,1,0,1,46,230,230,230,25530,25530,266861,12523767,4613094305996572871173288519791726553644247986864952233595944,202,201,134,202
irregular-n12-t064-b00064-frandom-s14,Standard,0,true,3,4,2,0,2,0,0,0,0,0,0,0,1,4,4,4,628,628,6430,407965,27183794866337600750156305649278953398942,135,133,68,135
irregular-n12-t064-b00064-frandom-s14,Standard,1,true,3,4,2,0,2,0,0,0,0,0,0,0,528,2112,1936,1936,179696,179696,1633388,67211374,37745131441874932543497412521864733958992,135,134,68,135
irregular-n12-t064-b00064-frandom-s14,Standard,2,true,4,5,3,0,3,0,0,0,0,0,0,0,12,60,60,60,7980,7980,71659,3648119,19236197922501825878237195447697039291596,134,134,67,135
irregular-n12-t064-b00064-frandom-s14,Standard,3,true,4,5,3,0,3,0,0,0,0,0,0,0,44,220,220,220,24420,24420,211194,8804195,20224661436169933756590277403357142902352,134,134,67,135
irregular-n12-t064-b00064-frandom-s14,Accelerated,0,true,2,5,0,2,2,1,0,1,0,1,0,1,1,5,5,5,785,785,7365,434012,215052976084605526531627785312292145818352913562320614601472,198,196,132,198
irregular-n12-t064-b00064-frandom-s14,Accelerated,1,true,2,5,0,2,2,1,0,1,0,1,0,1,528,2640,2420,2420,224620,224620,2019797,76136207,889255625453503738126254641984709247017438517988963567121104,200,199,133,200
irregular-n12-t064-b00064-frandom-s14,Accelerated,2,true,3,7,0,3,3,2,2,0,0,1,0,1,12,84,84,84,11172,11172,106411,4717249,25304644479807783533842721615797090931862553749141158104209015544781030109655488,264,263,194,330
irregular-n12-t064-b00064-frandom-s14,Accelerated,3,true,2,5,0,2,2,1,1,0,0,1,0,1,44,220,220,220,24420,24420,212231,8385973,1355896524217620515281842676102765845170162132558567498582304,200,199,131,201
irregular-n12-t064-b00064-frandom-s15,Standard,0,true,3,4,2,0,2,0,0,0,0,0,0,0,1,4,4,4,628,628,7489,452190,42849952345546973927193549091379028608800,135,132,68,135
irregular-n12-t064-b00064-frandom-s15,Standard,1,true,4,5,3,0,3,0,0,0,0,0,0,0,576,2880,2640,2640,245040,245040,2340726,90431593,60870712315009656465141782022254429383330,136,134,68,136
irregular-n12-t064-b00064-frandom-s15,Standard,2,true,2,3,1,0,1,0,0,0,0,0,0,0,12,36,36,36,4788,4788,36712,2291693,49954241184770881947068992941191013599456,136,136,68,137
irregular-n12-t064-b00064-frandom-s15,Standard,3,true,2,3,1,0,1,0,0,0,0,0,0,0,48,144,144,144,15984,15984,132516,6869626,62379184161500589270259392218821630424462,136,136,68,137
irregular-n12-t064-b00064-frandom-s15,Accelerated,0,true,2,5,0,2,2,1,0,1,0,1,0,1,1,5,5,5,785,785,8240,469294,92853807918650391955454780246289315441656019424750280800768,196,193,129,198
irregular-n12-t064-b00064-frandom-s15,Accelerated,1,true,3,7,0,3,3,2,0,2,0,1,0,1,576,4032,3696,3696,343056,343056,3231663,117757440,7855454946946248137037305823910284192797498163717190453743648,203,202,135,203
irregular-n12-t064-b00064-frandom-s15,Accelerated,2,true,0,2,0,0,0,0,0,0,0,0,1,0,12,24,24,24,3192,3192,30170,1825971,49954241184770881947068992941191013599456,136,69,68,137
irregular-n12-t064-b00064-frandom-s15,Accelerated,3,true,0,2,0,0,0,0,0,0,0,0,1,0,48,96,96,96,10656,10656,100859,5014294,62379184161500589270259392218821630424462,136,134,68,137
irregular-n12-t064-b00064-frandom-s16,Standard,0,true,3,4,2,0,2,0,0,0,0,0,0,0,1,4,4,4,628,628,8926,618055,54978098980202473214984617993420741004058,136,133,68,136
irregular-n12-t064-b00064-frandom-s16,Standard,1,true,3,4,2,0,2,0,0,0,0,0,0,0,648,2592,2376,2376,220536,220536,2458199,107614575,83337915903539087101354414096090625459214,136,135,68,136
irregular-n12-t064-b00064-frandom-s16,Standard,2,true,4,5,3,0,3,0,0,0,0,0,0,0,12,60,60,60,7980,7980,95351,5957322,49894223845016222501993352640112533334912,136,136,68,137
irregular-n12-t064-b00064-frandom-s16,Standard,3,true,5,6,4,0,4,0,0,0,0,0,0,0,54,324,324,324,35964,35964,422270,21301748,57159288967844472848979297282348037293344,136,136,68,137
irregular-n12-t064-b00064-frandom-s16,Accelerated,0,true,1,3,0,1,1,0,0,0,0,1,0,1,1,3,3,3,471,471,6725,460126,41212747788440999860226493866130858291672,135,131,68,135
irregular-n12-t064-b00064-frandom-s16,Accelerated,1,true,1,3,0,1,1,0,0,0,0,1,0,1,648,1944,1782,1782,165402,165402,1879976,78508055,71017400453411824118463878767961791221958,136,135,68,136
irregular-n12-t064-b00064-frandom-s16,Accelerated,2,true,2,5,0,2,2,1,1,0,0,1,0,1,12,60,60,60,7980,7980,112386,7070706,12496764283407568160753310445766025422586215172004637023980752,203,201,136,205
irregular-n12-t064-b00064-frandom-s16,Accelerated,3,true,2,5,0,2,2,1,1,0,0,1,0,1,54,270,270,270,29970,29970,376195,18477242,8469207601718527186671672373427442689390796183849484427795200,203,201,135,204
irregular-n12-t064-b00064-frandom-s17,Standard,0,true,3,4,2,0,2,0,0,0,0,0,0,0,1,4,4,4,628,628,7885,584243,52876614278655516403136419646437533271258,136,133,68,136
irregular-n12-t064-b00064-frandom-s17,Standard,1,true,3,4,2,0,2,0,0,0,0,0,0,0,720,2880,2640,2640,245040,245040,2656040,122170768,79246116099772660851099639844251517869480,136,135,68,137
irregular-n12-t064-b00064-frandom-s17,Standard,2,true,2,3,1,0,1,0,0,0,0,0,0,0,12,36,36,36,4788,4788,41794,3163856,70093684907934050085378498640004359998992,136,137,69,137
irregular-n12-t064-b00064-frandom-s17,Standard,3,true,3,4,2,0,2,0,0,0,0,0,0,0,60,240,240,240,26640,26640,285112,17064713,75945501038629971076286494827957813785142,136,137,69,137
irregular-n12-t064-b00064-frandom-s17,Accelerated,0,true,2,5,0,2,2,1,0,1,0,1,0,1,1,5,5,5,785,785,8689,597625,536724942506512383212282805774873187551606438755013746278176,199,190,124,201
irregular-n12-t064-b00064-frandom-s17,Accelerated,1,true,1,3,0,1,1,0,0,0,0,1,0,1,720,2160,1980,1980,183780,183780,1877534,83315800,77491311377719851184578578215565231209440,136,135,68,137
irregular-n12-t064-b00064-frandom-s17,Accelerated,2,true,0,2,0,0,0,0,0,0,0,0,1,0,12,24,24,24,3192,3192,33969,2545810,70093684907934050085378498640004359998992,136,69,69,137
irregular-n12-t064-b00064-frandom-s17,Accelerated,3,true,1,3,0,1,1,0,0,0,0,1,0,1,60,180,180,180,19980,19980,239263,14059599,75945501038629971076286494827957813785142,136,134,69,137
irregular-n12-t064-b00064-frandom-s18,Standard,0,true,3,4,2,0,2,0,0,0,0,0,0,0,1,4,4,4,628,628,6654,462168,33121272925315990164800724438292611741952,135,133,68,135
irregular-n12-t064-b00064-frandom-s18,Standard,1,true,3,4,2,0,2,0,0,0,0,0,0,0,600,2400,2200,2200,204200,204200,1817143,75860022,49935783074669256319426174641418175594312,136,135,68,136
irregular-n12-t064-b00064-frandom-s18,Standard,2,true,3,4,2,0,2,0,0,0,0,0,0,0,12,48,48,48,6384,6384,55999,3746789,38264508382916842045059908003198188928996,135,135,68,136
irregular-n12-t064-b00064-frandom-s18,Standard,3,true,4,5,3,0,3,0,0,0,0,0,0,0,50,250,250,250,27750,27750,249742,12305370,41300972191547497127072603063525102807664,135,135,68,136
irregular-n12-t064-b00064-frandom-s18,Accelerated,0,true,2,5,0,2,2,1,0,1,0,1,0,1,1,5,5,5,785,785,8682,564674,456773551400440593828295792112578761923208434434200387508200,199,196,132,199
irregular-n12-t064-b00064-frandom-s18,Accelerated,1,true,2,5,0,2,2,1,0,1,0,1,0,1,600,3000,2750,2750,255250,255250,2172853,83054415,668925803632595780681410729205833450938399148445315379382640,199,199,131,199
irregular-n12-t064-b00064-frandom-s18,Accelerated,2,true,1,3,0,1,1,0,0,0,0,1,0,1,12,36,36,36,4788,4788,45420,2969466,38264508382916842045059908003198188928996,135,133,68,136
irregular-n12-t064-b00064-frandom-s18,Accelerated,3,true,2,5,0,2,2,1,1,0,0,1,0,1,50,250,250,250,27750,27750,266470,12101118,4822147093192296190000995219176494489056110318958570600134144,202,201,134,203
irregular-n12-t064-b00064-frandom-s19,Standard,0,true,4,5,3,0,3,0,0,0,0,0,0,0,1,5,5,5,785,785,8865,572167,35903447747873876832143298662735038714096,135,133,68,135
irregular-n12-t064-b00064-frandom-s19,Standard,1,true,3,4,2,0,2,0,0,0,0,0,0,0,528,2112,1936,1936,179696,179696,1482227,59836711,46624450360376087573031408589827488834796,136,134,68,136
irregular-n12-t064-b00064-frandom-s19,Standard,2,true,3,4,2,0,2,0,0,0,0,0,0,0,12,48,48,48,6384,6384,50643,3285096,37931356263289906776534640893673986657592,135,136,68,137
irregular-n12-t064-b00064-frandom-s19,Standard,3,true,3,4,2,0,2,0,0,0,0,0,0,0,44,176,176,176,19536,19536,155289,7779165,46632651019544600188812208130309536699950,136,136,68,137
irregular-n12-t064-b00064-frandom-s19,Accelerated,0,true,1,3,0,1,1,0,0,0,0,1,0,1,1,3,3,3,471,471,4691,260387,13895961297113217069200794764521243966502,134,124,67,134
irregular-n12-t064-b00064-frandom-s19,Accelerated,1,true,2,5,0,2,2,1,0,1,0,1,0,1,528,2640,2420,2420,224620,224620,1757800,64842383,140464703052504689423574761511371663683595881998032267315924,197,196,128,198
irregular-n12-t064-b00064-frandom-s19,Accelerated,2,true,1,3,0,1,1,0,0,0,0,1,0,1,12,36,36,36,4788,4788,44320,2845713,37931356263289906776534640893673986657592,135,128,68,137
irregular-n12-t064-b00064-frandom-s19,Accelerated,3,true,1,3,0,1,1,0,0,0,0,1,0,1,44,132,132,132,14652,14652,127866,6217483,46632651019544600188812208130309536699950,136,134,68,137
irregular-n12-t064-b00064-frandom-s20,Standard,0,true,3,4,2,0,2,0,0,0,0,0,0,0,1,4,4,4,628,628,6723,341096,39857431199361812669487043226808827086164,135,133,68,135
irregular-n12-t064-b00064-frandom-s20,Standard,1,true,3,4,2,0,2,0,0,0,0,0,0,0,552,2208,2024,2024,187864,187864,1483512,50897812,54088066598181447908204814518635594163070,136,134,68,136
irregular-n12-t064-b00064-frandom-s20,Standard,2,true,4,5,3,0,3,0,0,0,0,0,0,0,12,60,60,60,7980,7980,65642,2905074,44903279796806245200606479236546508058724,136,136,68,136
irregular-n12-t064-b00064-frandom-s20,Standard,3,true,4,5,3,0,3,0,0,0,0,0,0,0,46,230,230,230,25530,25530,210463,8477483,49781022906999530496432612774626317845496,136,135,68,136
irregular-n12-t064-b00064-frandom-s20,Accelerated,0,true,1,3,0,1,1,0,0,0,0,1,0,1,1,3,3,3,471,471,4338,175443,17971174136231907943944303097944265929010,134,130,68,135
irregular-n12-t064-b00064-frandom-s20,Accelerated,1,true,2,5,0,2,2,1,0,1,0,1,0,1,552,2760,2530,2530,234830,234830,1769099,55753110,401668744241131125373606084424467714175555263829722799378520,198,198,128,199
irregular-n12-t064-b00064-frandom-s20,Accelerated,2,true,2,5,0,2,2,1,1,0,0,1,0,1,12,60,60,60,7980,7980,74015,2859308,2693170139530816964218908306278907922670039876528376699534320,201,200,132,202
irregular-n12-t064-b00064-frandom-s20,Accelerated,3,true,2,5,0,2,2,1,0,1,0,1,0,1,46,230,230,230,25530,25530,220126,7599959,2681319224913562373507025650683086549720309122579596490593164,201,201,132,201
irregular-n12-t128-b00001-falternating-s01,Standard,0,true,2,3,1,0,1,0,0,0,0,0,0,0,1,3,3,3,471,471,9513,781935,2596,12,10,6,16
irregular-n12-t128-b00001-falternating-s01,Standard,1,true,2,3,1,0,1,0,0,0,0,0,0,0,468,1404,1212,1212,112692,112692,1680266,82174137,3876,12,11,6,16
irregular-n12-t128-b00001-falternating-s01,Standard,2,true,5,6,4,0,4,0,0,0,0,0,0,0,26,156,156,156,15708,15708,213296,12980091,2944,12,12,6,16
irregular-n12-t128-b00001-falternating-s01,Standard,3,true,3,4,2,0,2,0,0,0,0,0,0,0,78,312,312,312,34632,34632,495148,33219344,3800,12,12,6,16
irregular-n12-t128-b00001-falternating-s01,Accelerated,0,true,1,3,0,1,1,0,0,0,0,1,0,1,1,3,3,3,471,471,9518,778489,2596,12,7,6,16
irregular-n12-t128-b00001-falternating-s01,Accelerated,1,true,1,3,0,1,1,0,0,0,0,1,0,1,468,1404,1212,1212,112692,112692,1680332,81987908,3876,12,11,6,16
irregular-n12-t128-b00001-falternating-s01,Accelerated,2,true,2,5,0,2,2,1,1,0,0,1,0,1,26,130,130,130,13090,13090,202521,12509629,98520,17,15,11,18
irregular-n12-t128-b00001-falternating-s01,Accelerated,3,true,1,3,0,1,1,0,0,0,0,1,0,1,78,234,234,234,25974,25974,415762,27557330,3800,12,10,6,16
irregular-n12-t128-b00001-falternating-s02,Standard,0,true,3,4,2,0,2,0,0,0,0,0,0,0,1,4,4,4,628,628,12959,1016767,1832,11,8,6,16
irregular-n12-t128-b00001-falternating-s02,Standard,1,true,3,4,2,0,2,0,0,0,0,0,0,0,444,1776,1624,1624,150824,150824,2212965,106204696,2006,11,9,6,16
irregular-n12-t128-b00001-falternating-s02,Standard,2,true,4,5,3,0,3,0,0,0,0,0,0,0,26,130,130,130,13090,13090,160058,9466516,2680,12,12,6,16
irregular-n12-t128-b00001-falternating-s02,Standard,3,true,5,6,4,0,4,0,0,0,0,0,0,0,74,444,444,444,49284,49284,768144,49853072,2808,12,12,6,16
irregular-n12-t128-b00001-falternating-s02,Accelerated,0,true,1,3,0,1,1,0,0,0,0,1,0,1,1,3,3,3,471,471,8908,669480,1268,11,6,5,16
irregular-n12-t128-b00001-falternating-s02,Accelerated,1,true,1,3,0,1,1,0,0,0,0,1,0,1,444,1332,1218,1218,113118,113118,1583854,73179261,1152,11,9,6,16
irregular-n12-t128-b00001-falternating-s02,Accelerated,2,true,2,5,0,2,2,1,0,1,0,1,0,1,26,130,130,130,13090,13090,193257,11163480,15280,14,13,8,16
irregular-n12-t128-b00001-falternating-s02,Accelerated,3,true,3,7,0,3,3,2,1,1,0,1,0,1,74,518,518,518,57498,57498,1028194,65425425,816208,20,18,14,20
irregular-n12-t128-b00001-falternating-s03,Standard,0,true,3,4,2,0,2,0,0,0,0,0,0,0,1,4,4,4,628,628,11734,832574,2506,12,9,6,16
irregular-n12-t128-b00001-falternating-s03,Standard,1,true,3,4,2,0,2,0,0,0,0,0,0,0,444,1776,1644,1644,152244,152244,2097003,94578476,2706,12,10,6,16
irregular-n12-t128-b00001-falternating-s03,Standard,2,true,4,5,3,0,3,0,0,0,0,0,0,0,26,130,130,130,13090,13090,151728,8576948,4124,13,13,7,16
irregular-n12-t128-b00001-falternating-s03,Standard,3,true,3,4,2,0,2,0,0,0,0,0,0,0,74,296,296,296,32856,32856,420958,26510205,4028,12,13,7,16
irregular-n12-t128-b00001-falternating-s03,Accelerated,0,true,2,5,0,2,2,1,0,1,0,1,0,1,1,5,5,5,785,785,15024,1047580,10800,14,10,8,16
irregular-n12-t128-b00001-falternating-s03,Accelerated,1,true,1,3,0,1,1,0,0,0,0,1,0,1,444,1332,1233,1233,114183,114183,1493398,64608889,2256,12,10,6,16
irregular-n12-t128-b00001-falternating-s03,Accelerated,2,true,2,5,0,2,2,1,0,1,0,1,0,1,26,130,130,130,13090,13090,178695,9665743,39376,16,15,9,16
irregular-n12-t128-b00001-falternating-s03,Accelerated,3,true,2,5,0,2,2,1,1,0,0,1,0,1,74,370,370,370,41070,41070,653760,39373381,153612,18,15,11,19
irregular-n12-t128-b00001-falternating-s04,Standard,0,true,3,4,2,0,2,0,0,0,0,0,0,0,1,4,4,4,628,628,12905,1125478,2896,12,10,6,16
irregular-n12-t128-b00001-falternating-s04,Standard,1,true,2,3,1,0,1,0,0,0,0,0,0,0,468,1404,1269,1269,118179,118179,1675083,81448067,4146,13,11,6,16
irregular-n12-t128-b00001-falternating-s04,Standard,2,true,4,5,3,0,3,0,0,0,0,0,0,0,26,130,130,130,13090,13090,168529,10558482,3072,12,12,6,16
irregular-n12-t128-b00001-falternating-s04,Standard,3,true,3,4,2,0,2,0,0,0,0,0,0,0,78,312,312,312,34632,34632,510238,34952243,3944,12,12,6,16
irregular-n12-t128-b00001-falternating-s04,Accelerated,0,true,2,5,0,2,2,1,0,1,0,1,0,1,1,5,5,5,785,785,16590,1446974,24080,15,12,10,16
irregular-n12-t128-b00001-falternating-s04,Accelerated,1,true,1,3,0,1,1,0,0,0,0,1,0,1,468,1404,1269,1269,118179,118179,1675017,81428516,4146,13,11,6,16
irregular-n12-t128-b00001-falternating-s04,Accelerated,2,true,2,5,0,2,2,1,1,0,0,1,0,1,26,130,130,130,13090,13090,189006,11504714,56872,16,14,10,17
irregular-n12-t128-b00001-falternating-s04,Accelerated,3,true,1,3,0,1,1,0,0,0,0,1,0,1,78,234,234,234,25974,25974,392615,26290515,3944,12,10,6,16
irregular-n12-t128-b00001-falternating-s05,Standard,0,true,3,4,2,0,2,0,0,0,0,0,0,0,1,4,4,4,628,628,12612,1051081,3120,12,9,6,16
irregular-n12-t128-b00001-falternating-s05,Standard,1,true,3,4,2,0,2,0,0,0,0,0,0,0,504,2016,1760,1760,163360,163360,2373820,116255450,4528,13,11,6,16
irregular-n12-t128-b00001-falternating-s05,Standard,2,true,3,4,2,0,2,0,0,0,0,0,0,0,26,104,104,104,10472,10472,115590,7216963,4820,13,13,7,16
irregular-n12-t128-b00001-falternating-s05,Standard,3,true,3,4,2,0,2,0,0,0,0,0,0,0,84,336,336,336,37296,37296,507608,34745310,5192,13,12,7,16
irregular-n12-t128-b00001-falternating-s05,Accelerated,0,true,1,3,0,1,1,0,0,0,0,1,0,1,1,3,3,3,471,471,8831,712361,2856,12,7,6,16
irregular-n12-t128-b00001-falternating-s05,Accelerated,1,true,1,3,0,1,1,0,0,0,0,1,0,1,504,1512,1320,1320,122520,122520,1713080,81157913,4168,13,11,6,16
irregular-n12-t128-b00001-falternating-s05,Accelerated,2,true,1,3,0,1,1,0,0,0,0,1,0,1,26,78,78,78,7854,7854,101748,6174775,4820,13,11,7,16
irregular-n12-t128-b00001-falternating-s05,Accelerated,3,true,1,3,0,1,1,0,0,0,0,1,0,1,84,252,252,252,27972,27972,426969,28408084,5192,13,11,7,16
irregular-n12-t128-b00001-falternating-s06,Standard,0,true,3,4,2,0,2,0,0,0,0,0,0,0,1,4,4,4,628,628,10822,682218,1832,11,8,6,16
irregular-n12-t128-b00001-falternating-s06,Standard,1,true,3,4,2,0,2,0,0,0,0,0,0,0,372,1488,1372,1372,127172,127172,1661245,69252166,2680,12,10,6,16
irregular-n12-t128-b00001-falternating-s06,Standard,2,true,4,5,3,0,3,0,0,0,0,0,0,0,26,130,130,130,13090,13090,136938,6960769,2722,12,12,6,16
irregular-n12-t128-b00001-falternating-s06,Standard,3,true,3,4,2,0,2,0,0,0,0,0,0,0,62,248,248,248,27528,27528,317062,17956900,3148,12,12,6,16
irregular-n12-t128-b00001-falternating-s06,Accelerated,0,true,1,3,0,1,1,0,0,0,0,1,0,1,1,3,3,3,471,471,7302,429906,1332,11,6,5,16
irregular-n12-t128-b00001-falternating-s06,Accelerated,1,true,1,3,0,1,1,0,0,0,0,1,0,1,372,1116,1029,1029,95379,95379,1173844,46477336,2056,12,10,6,16
irregular-n12-t128-b00001-falternating-s06,Accelerated,2,true,2,5,0,2,2,1,1,0,0,1,0,1,26,130,130,130,13090,13090,165324,8211869,62144,16,14,10,17
irregular-n12-t128-b00001-falternating-s06,Accelerated,3,true,1,3,0,1,1,0,0,0,0,1,0,1,62,186,186,186,20646,20646,268979,14723993,3148,12,10,6,16
irregular-n12-t128-b00001-falternating-s07,Standard,0,true,3,4,2,0,2,0,0,0,0,0,0,0,1,4,4,4,628,628,13077,1018932,2746,12,9,6,16
irregular-n12-t128-b00001-falternating-s07,Standard,1,true,3,4,2,0,2,0,0,0,0,0,0,0,480,1920,1776,1776,164496,164496,2403126,114728108,3204,12,10,6,16
irregular-n12-t128-b00001-falternating-s07,Standard,2,true,3,4,2,0,2,0,0,0,0,0,0,0,26,104,104,104,10472,10472,120036,7433107,4548,13,13,7,16
irregular-n12-t128-b00001-falternating-s07,Standard,3,true,4,5,3,0,3,0,0,0,0,0,0,0,80,400,400,400,44400,44400,658877,43277634,4968,13,13,7,16
irregular-n12-t128-b00001-falternating-s07,Accelerated,0,true,1,3,0,1,1,0,0,0,0,1,0,1,1,3,3,3,471,471,8999,675452,1966,11,7,6,16
irregular-n12-t128-b00001-falternating-s07,Accelerated,1,true,2,5,0,2,2,1,0,1,0,1,0,1,480,2400,2220,2220,205620,205620,3076221,147929924,18528,15,13,8,16
irregular-n12-t128-b00001-falternating-s07,Accelerated,2,true,1,3,0,1,1,0,0,0,0,1,0,1,26,78,78,78,7854,7854,106410,6427701,4548,13,9,7,16
irregular-n12-t128-b00001-falternating-s07,Accelerated,3,true,2,5,0,2,2,1,1,0,0,1,0,1,80,400,400,400,44400,44400,767081,49326500,344448,19,17,13,20
irregular-n12-t128-b00001-falternating-s08,Standard,0,true,3,4,2,0,2,0,0,0,0,0,0,0,1,4,4,4,628,628,11406,805450,2226,12,9,6,16
irregular-n12-t128-b00001-falternating-s08,Standard,1,true,4,5,3,0,3,0,0,0,0,0,0,0,408,2040,1875,1875,173925,173925,2401938,108344756,2380,12,10,6,16
irregular-n12-t128-b00001-falternating-s08,Standard,2,true,3,4,2,0,2,0,0,0,0,0,0,0,26,104,104,104,10472,10472,102823,5687951,3150,12,12,6,16
irregular-n12-t128-b00001-falternating-s08,Standard,3,true,4,5,3,0,3,0,0,0,0,0,0,0,68,340,340,340,37740,37740,500215,29813323,3538,12,12,6,16
irregular-n12-t128-b00001-falternating-s08,Accelerated,0,true,1,3,0,1,1,0,0,0,0,1,0,1,1,3,3,3,471,471,7848,527939,1914,11,7,6,16
irregular-n12-t128-b00001-falternating-s08,Accelerated,1,true,2,5,0,2,2,1,0,1,0,1,0,1,408,2040,1875,1875,173925,173925,2379776,105939810,7848,13,12,7,16
irregular-n12-t128-b00001-falternating-s08,Accelerated,2,true,1,3,0,1,1,0,0,0,0,1,0,1,26,78,78,78,7854,7854,91085,4896060,3150,12,9,6,16
irregular-n12-t128-b00001-falternating-s08,Accelerated,3,true,2,5,0,2,2,1,1,0,0,1,0,1,68,340,340,340,37740,37740,575274,33206510,59736,16,15,10,17
irregular-n12-t128-b00001-falternating-s09,Standard,0,true,2,3,1,0,1,0,0,0,0,0,0,0,1,3,3,3,471,471,9072,762481,3200,12,9,6,16
irregular-n12-t128-b00001-falternating-s09,Standard,1,true,3,4,2,0,2,0,0,0,0,0,0,0,516,2064,1892,1892,175612,175612,2572995,129792625,4760,13,11,6,16
irregular-n12-t128-b00001-falternating-s09,Standard,2,true,3,4,2,0,2,0,0,0,0,0,0,0,26,104,104,104,10472,10472,117164,7488088,4396,13,12,7,16
irregular-n12-t128-b00001-falternating-s09,Standard,3,true,4,5,3,0,3,0,0,0,0,0,0,0,86,430,430,430,47730,47730,702611,47984033,4776,13,12,7,16
irregular-n12-t128-b00001-falternating-s09,Accelerated,0,true,1,3,0,1,1,0,0,0,0,1,0,1,1,3,3,3,471,471,9058,760137,3200,12,8,6,16
irregular-n12-t128-b00001-falternating-s09,Accelerated,1,true,2,5,0,2,2,1,0,1,0,1,0,1,516,2580,2365,2365,219515,219515,3278059,166426860,76816,17,16,11,17
irregular-n12-t128-b00001-falternating-s09,Accelerated,2,true,1,3,0,1,1,0,0,0,0,1,0,1,26,78,78,78,7854,7854,102074,6315422,4396,13,11,7,16
irregular-n12-t128-b00001-falternating-s09,Accelerated,3,true,2,5,0,2,2,1,0,1,0,1,0,1,86,430,430,430,47730,47730,763514,48873172,83120,17,16,9,17
irregular-n12-t128-b00001-falternating-s10,Standard,0,true,2,3,1,0,1,0,0,0,0,0,0,0,1,3,3,3,471,471,8460,676173,2904,12,10,6,16
irregular-n12-t128-b00001-falternating-s10,Standard,1,true,2,3,1,0,1,0,0,0,0,0,0,0,456,1368,1185,1185,110175,110175,1505414,70752158,4380,13,11,6,16
irregular-n12-t128-b00001-falternating-s10,Standard,2,true,3,4,2,0,2,0,0,0,0,0,0,0,26,104,104,104,10472,10472,108997,6595929,3640,12,12,6,16
irregular-n12-t128-b00001-falternating-s10,Standard,3,true,3,4,2,0,2,0,0,0,0,0,0,0,76,304,304,304,33744,33744,449516,29786402,4428,13,12,6,16
irregular-n12-t128-b00001-falternating-s10,Accelerated,0,true,1,3,0,1,1,0,0,0,0,1,0,1,1,3,3,3,471,471,8460,675875,2904,12,8,6,16
irregular-n12-t128-b00001-falternating-s10,Accelerated,1,true,1,3,0,1,1,0,0,0,0,1,0,1,456,1368,1185,1185,110175,110175,1505134,70679358,4380,13,11,6,16
irregular-n12-t128-b00001-falternating-s10,Accelerated,2,true,1,3,0,1,1,0,0,0,0,1,0,1,26,78,78,78,7854,7854,96088,5655393,3640,12,10,6,16
irregular-n12-t128-b00001-falternating-s10,Accelerated,3,true,1,3,0,1,1,0,0,0,0,1,0,1,76,228,228,228,25308,25308,372518,24292556,4428,13,11,6,16
irregular-n12-t128-b00001-falternating-s11,Standard,0,true,3,4,2,0,2,0,0,0,0,0,0,0,1,4,4,4,628,628,12498,1023800,2404,12,10,6,16
irregular-n12-t128-b00001-falternating-s11,Standard,1,true,3,4,2,0,2,0,0,0,0,0,0,0,444,1776,1516,1516,141076,141076,2066100,101058305,3576,12,11,6,16
irregular-n12-t128-b00001-falternating-s11,Standard,2,true,5,6,4,0,4,0,0,0,0,0,0,0,26,156,156,156,15708,15708,208025,12356015,2796,12,12,6,16
irregular-n12-t128-b00001-falternating-s11,Standard,3,true,4,5,3,0,3,0,0,0,0,0,0,0,74,370,370,370,41070,41070,619036,40332827,3394,12,12,6,16
irregular-n12-t128-b00001-falternating-s11,Accelerated,0,true,2,5,0,2,2,1,0,1,0,1,0,1,1,5,5,5,785,785,16334,1340963,22440,15,11,9,16
irregular-n12-t128-b00001-falternating-s11,Accelerated,1,true,2,5,0,2,2,1,0,1,0,1,0,1,444,2220,1895,1895,176345,176345,2639579,130285440,26976,15,14,9,16
irregular-n12-t128-b00001-falternating-s11,Accelerated,2,true,3,7,0,3,3,2,1,1,0,1,0,1,26,182,182,182,18326,18326,275749,16008709,253440,18,17,12,18
irregular-n12-t128-b00001-falternating-s11,Accelerated,3,true,2,5,0,2,2,1,0,1,0,1,0,1,74,370,370,370,41070,41070,680553,43076807,39540,16,15,9,16
irregular-n12-t128-b00001-falternating-s12,Standard,0,true,2,3,1,0,1,0,0,0,0,0,0,0,1,3,3,3,471,471,7271,546981,2156,12,10,6,16
irregular-n12-t128-b00001-falternating-s12,Standard,1,true,2,3,1,0,1,0,0,0,0,0,0,0,432,1296,1116,1116,103776,103776,1299401,57791587,3448,12,11,6,16
irregular-n12-t128-b00001-falternating-s12,Standard,2,true,4,5,3,0,3,0,0,0,0,0,0,0,26,130,130,130,13090,13090,137673,7916015,2840,12,12,6,16
irregular-n12-t128-b00001-falternating-s12,Standard,3,true,3,4,2,0,2,0,0,0,0,0,0,0,72,288,288,288,31968,31968,399001,25790420,3810,12,12,6,16
irregular-n12-t128-b00001-falternating-s12,Accelerated,0,true,1,3,0,1,1,0,0,0,0,1,0,1,1,3,3,3,471,471,7271,546981,2156,12,7,6,16
irregular-n12-t128-b00001-falternating-s12,Accelerated,1,true,1,3,0,1,1,0,0,0,0,1,0,1,432,1296,1116,1116,103776,103776,1299451,57782753,3448,12,11,6,16
irregular-n12-t128-b00001-falternating-s12,Accelerated,2,true,2,5,0,2,2,1,1,0,0,1,0,1,26,130,130,130,13090,13090,161748,9009377,73600,17,15,10,18
irregular-n12-t128-b00001-falternating-s12,Accelerated,3,true,1,3,0,1,1,0,0,0,0,1,0,1,72,216,216,216,23976,23976,321071,20002534,3810,12,11,6,16
irregular-n12-t128-b00001-falternating-s13,Standard,0,true,3,4,2,0,2,0,0,0,0,0,0,0,1,4,4,4,628,628,10802,737585,2244,12,9,6,16
irregular-n12-t128-b00001-falternating-s13,Standard,1,true,3,4,2,0,2,0,0,0,0,0,0,0,420,1680,1496,1496,138696,138696,1794371,78624245,3610,12,11,6,16
irregular-n12-t128-b00001-falternating-s13,Standard,2,true,4,5,3,0,3,0,0,0,0,0,0,0,26,130,130,130,13090,13090,139827,7370269,3948,12,13,7,16
irregular-n12-t128-b00001-falternating-s13,Standard,3,true,3,4,2,0,2,0,0,0,0,0,0,0,70,280,280,280,31080,31080,368873,21711312,4294,13,12,7,16
irregular-n12-t128-b00001-falternating-s13,Accelerated,0,true,1,3,0,1,1,0,0,0,0,1,0,1,1,3,3,3,471,471,7381,476009,1892,11,7,6,16
irregular-n12-t128-b00001-falternating-s13,Accelerated,1,true,1,3,0,1,1,0,0,0,0,1,0,1,420,1260,1122,1122,104022,104022,1281283,53847426,3228,12,11,6,16
irregular-n12-t128-b00001-falternating-s13,Accelerated,2,true,2,5,0,2,2,1,0,1,0,1,0,1,26,130,130,130,13090,13090,165752,8417867,45608,16,15,9,16
irregular-n12-t128-b00001-falternating-s13,Accelerated,3,true,1,3,0,1,1,0,0,0,0,1,0,1,70,210,210,210,23310,23310,312506,17799625,4294,13,10,7,16
irregular-n12-t128-b00001-falternating-s14,Standard,0,true,2,3,1,0,1,0,0,0,0,0,0,0,1,3,3,3,471,471,9064,665346,2442,12,9,6,16
irregular-n12-t128-b00001-falternating-s14,Standard,1,true,3,4,2,0,2,0,0,0,0,0,0,0,456,1824,1628,1628,151028,151028,2269747,108682333,3844,12,11,6,16
irregular-n12-t128-b00001-falternating-s14,Standard,2,true,5,6,4,0,4,0,0,0,0,0,0,0,26,156,156,156,15708,15708,207629,12074789,3774,12,13,7,16
irregular-n12-t128-b00001-falternating-s14,Standard,3,true,4,5,3,0,3,0,0,0,0,0,0,0,76,380,380,380,42180,42180,621032,39894960,3752,12,12,7,16
irregular-n12-t128-b00001-falternating-s14,Accelerated,0,true,1,3,0,1,1,0,0,0,0,1,0,1,1,3,3,3,471,471,9096,657772,2442,12,6,6,16
irregular-n12-t128-b00001-falternating-s14,Accelerated,1,true,2,5,0,2,2,1,0,1,0,1,0,1,456,2280,2035,2035,188785,188785,2906719,140151260,22128,15,13,9,16
irregular-n12-t128-b00001-falternating-s14,Accelerated,2,true,3,7,0,3,3,2,1,1,0,1,0,1,26,182,182,182,18326,18326,283901,16216064,465664,19,18,13,19
irregular-n12-t128-b00001-falternating-s14,Accelerated,3,true,2,5,0,2,2,1,1,0,0,1,0,1,76,380,380,380,42180,42180,723220,45585931,146192,18,16,11,18
irregular-n12-t128-b00001-falternating-s15,Standard,0,true,2,3,1,0,1,0,0,0,0,0,0,0,1,3,3,3,471,471,8874,689633,2670,12,9,6,16
irregular-n12-t128-b00001-falternating-s15,Standard,1,true,3,4,2,0,2,0,0,0,0,0,0,0,456,1824,1668,1668,154908,154908,2261867,109542071,3060,12,10,6,16
irregular-n12-t128-b00001-falternating-s15,Standard,2,true,4,5,3,0,3,0,0,0,0,0,0,0,26,130,130,130,13090,13090,158965,9508231,3802,12,12,6,16
irregular-n12-t128-b00001-falternating-s15,Standard,3,true,3,4,2,0,2,0,0,0,0,0,0,0,76,304,304,304,33744,33744,459000,30526908,3972,12,12,6,16
irregular-n12-t128-b00001-falternating-s15,Accelerated,0,true,1,3,0,1,1,0,0,0,0,1,0,1,1,3,3,3,471,471,8882,686877,2670,12,7,6,16
irregular-n12-t128-b00001-falternating-s15,Accelerated,1,true,2,5,0,2,2,1,0,1,0,1,0,1,456,2280,2085,2085,193635,193635,2915656,142907915,16920,15,13,8,16
irregular-n12-t128-b00001-falternating-s15,Accelerated,2,true,2,5,0,2,2,1,0,1,0,1,0,1,26,130,130,130,13090,13090,191441,11139916,33048,16,14,8,16
irregular-n12-t128-b00001-falternating-s15,Accelerated,3,true,1,3,0,1,1,0,0,0,0,1,0,1,76,228,228,228,25308,25308,388474,25257558,3972,12,10,6,16
irregular-n12-t128-b00001-falternating-s16,Standard,0,true,3,4,2,0,2,0,0,0,0,0,0,0,1,4,4,4,628,628,11444,828508,2860,12,9,6,16
irregular-n12-t128-b00001-falternating-s16,Standard,1,true,3,4,2,0,2,0,0,0,0,0,0,0,444,1776,1636,1636,151676,151676,2077044,94771439,3260,12,10,6,16
irregular-n12-t128-b00001-falternating-s16,Standard,2,true,3,4,2,0,2,0,0,0,0,0,0,0,26,104,104,104,10472,10472,105512,6026284,4036,12,13,7,16
irregular-n12-t128-b00001-falternating-s16,Standard,3,true,4,5,3,0,3,0,0,0,0,0,0,0,74,370,370,370,41070,41070,554693,33873776,4214,13,13,7,16
irregular-n12-t128-b00001-falternating-s16,Accelerated,0,true,1,3,0,1,1,0,0,0,0,1,0,1,1,3,3,3,471,471,7959,551548,2360,12,7,6,16
irregular-n12-t128-b00001-falternating-s16,Accelerated,1,true,1,3,0,1,1,0,0,0,0,1,0,1,444,1332,1227,1227,113757,113757,1491193,65346460,2766,12,10,6,16
irregular-n12-t128-b00001-falternating-s16,Accelerated,2,true,1,3,0,1,1,0,0,0,0,1,0,1,26,78,78,78,7854,7854,92795,5126128,4036,12,10,7,16
irregular-n12-t128-b00001-falternating-s16,Accelerated,3,true,2,5,0,2,2,1,0,1,0,1,0,1,74,370,370,370,41070,41070,634011,37240602,57504,16,15,9,16
irregular-n12-t128-b00001-falternating-s17,Standard,0,true,2,3,1,0,1,0,0,0,0,0,0,0,1,3,3,3,471,471,8426,638740,2822,12,9,6,16
irregular-n12-t128-b00001-falternating-s17,Standard,1,true,2,3,1,0,1,0,0,0,0,0,0,0,492,1476,1326,1326,122946,122946,1656325,76529242,4432,13,11,6,16
irregular-n12-t128-b00001-falternating-s17,Standard,2,true,3,4,2,0,2,0,0,0,0,0,0,0,26,104,104,104,10472,10472,111770,6842217,4776,13,13,7,16
irregular-n12-t128-b00001-falternating-s17,Standard,3,true,3,4,2,0,2,0,0,0,0,0,0,0,82,328,328,328,36408,36408,473678,31686812,5236,13,13,7,16
irregular-n12-t128-b00001-falternating-s17,Accelerated,0,true,1,3,0,1,1,0,0,0,0,1,0,1,1,3,3,3,471,471,8426,633039,2822,12,7,6,16
irregular-n12-t128-b00001-falternating-s17,Accelerated,1,true,1,3,0,1,1,0,0,0,0,1,0,1,492,1476,1326,1326,122946,122946,1655486,76249056,4432,13,11,6,16
irregular-n12-t128-b00001-falternating-s17,Accelerated,2,true,1,3,0,1,1,0,0,0,0,1,0,1,26,78,78,78,7854,7854,100945,6208964,4740,13,11,7,16
irregular-n12-t128-b00001-falternating-s17,Accelerated,3,true,1,3,0,1,1,0,0,0,0,1,0,1,82,246,246,246,27306,27306,402010,26193521,5236,13,11,7,16
irregular-n12-t128-b00001-falternating-s18,Standard,0,true,4,5,3,0,3,0,0,0,0,0,0,0,1,5,5,5,785,785,15733,1050282,2254,12,8,6,16
irregular-n12-t128-b00001-falternating-s18,Standard,1,true,4,5,3,0,3,0,0,0,0,0,0,0,408,2040,1880,1880,174280,174280,2503608,109918459,2556,12,10,6,16
irregular-n12-t128-b00001-falternating-s18,Standard,2,true,3,4,2,0,2,0,0,0,0,0,0,0,26,104,104,104,10472,10472,110449,6210160,3282,12,12,6,16
irregular-n12-t128-b00001-falternating-s18,Standard,3,true,5,6,4,0,4,0,0,0,0,0,0,0,68,408,408,408,45288,45288,658158,38148105,3610,12,12,6,16
irregular-n12-t128-b00001-falternating-s18,Accelerated,0,true,2,5,0,2,2,1,0,1,0,1,0,1,1,5,5,5,785,785,15406,968929,8136,13,8,8,16
irregular-n12-t128-b00001-falternating-s18,Accelerated,1,true,2,5,0,2,2,1,0,1,0,1,0,1,408,2040,1880,1880,174280,174280,2483800,106684512,8720,14,12,8,16
irregular-n12-t128-b00001-falternating-s18,Accelerated,2,true,1,3,0,1,1,0,0,0,0,1,0,1,26,78,78,78,7854,7854,98695,5411449,3282,12,8,6,16
irregular-n12-t128-b00001-falternating-s18,Accelerated,3,true,3,7,0,3,3,2,1,1,0,1,0,1,68,476,476,476,52836,52836,876601,49062875,1102976,21,19,14,21
irregular-n12-t128-b00001-falternating-s19,Standard,0,true,2,3,1,0,1,0,0,0,0,0,0,0,1,3,3,3,471,471,8127,609107,3554,12,10,6,16
irregular-n12-t128-b00001-falternating-s19,Standard,1,true,3,4,2,0,2,0,0,0,0,0,0,0,432,1728,1576,1576,146456,146456,2023767,93820958,4020,12,11,6,16
irregular-n12-t128-b00001-falternating-s19,Standard,2,true,4,5,3,0,3,0,0,0,0,0,0,0,26,130,130,130,13090,13090,154625,8902473,4310,13,12,6,16
irregular-n12-t128-b00001-falternating-s19,Standard,3,true,4,5,3,0,3,0,0,0,0,0,0,0,72,360,360,360,39960,39960,553797,34599631,4322,13,12,6,16
irregular-n12-t128-b00001-falternating-s19,Accelerated,0,true,1,3,0,1,1,0,0,0,0,1,0,1,1,3,3,3,471,471,8135,608494,3554,12,8,6,16
irregular-n12-t128-b00001-falternating-s19,Accelerated,1,true,2,5,0,2,2,1,0,1,0,1,0,1,432,2160,1970,1970,183070,183070,2592072,121047171,20904,15,14,9,16
irregular-n12-t128-b00001-falternating-s19,Accelerated,2,true,2,5,0,2,2,1,1,0,0,1,0,1,26,130,130,130,13090,13090,175239,9742611,97884,17,15,10,18
irregular-n12-t128-b00001-falternating-s19,Accelerated,3,true,2,5,0,2,2,1,0,1,0,1,0,1,72,360,360,360,39960,39960,612378,36122093,66840,17,16,9,17
irregular-n12-t128-b00001-falternating-s20,Standard,0,true,2,3,1,0,1,0,0,0,0,0,0,0,1,3,3,3,471,471,6873,459996,1544,11,9,6,16
irregular-n12-t128-b00001-falternating-s20,Standard,1,true,3,4,2,0,2,0,0,0,0,0,0,0,384,1536,1408,1408,130688,130688,1571451,65864711,2410,12,10,6,16
irregular-n12-t128-b00001-falternating-s20,Standard,2,true,5,6,4,0,4,0,0,0,0,0,0,0,26,156,156,156,15708,15708,163765,8519492,2526,12,12,6,16
irregular-n12-t128-b00001-falternating-s20,Standard,3,true,4,5,3,0,3,0,0,0,0,0,0,0,64,320,320,320,35520,35520,420525,24219522,2626,12,11,6,16
irregular-n12-t128-b00001-falternating-s20,Accelerated,0,true,1,3,0,1,1,0,0,0,0,1,0,1,1,3,3,3,471,471,6858,457259,1544,11,6,6,16
irregular-n12-t128-b00001-falternating-s20,Accelerated,1,true,2,5,0,2,2,1,0,1,0,1,0,1,384,1920,1760,1760,163360,163360,1983322,83461042,12840,14,13,8,16
irregular-n12-t128-b00001-falternating-s20,Accelerated,2,true,2,5,0,2,2,1,1,0,0,1,0,1,26,130,130,130,13090,13090,152723,7788089,39136,16,14,9,17
irregular-n12-t128-b00001-falternating-s20,Accelerated,3,true,2,5,0,2,2,1,0,1,0,1,0,1,64,320,320,320,35520,35520,470454,25855978,30172,15,14,9,16
irregular-n12-t128-b00001-frandom-s01,Standard,0,true,4,5,3,0,3,0,0,0,0,0,0,0,1,5,5,5,785,785,15510,1313178,2640,12,9,6,16
irregular-n12-t128-b00001-frandom-s01,Standard,1,true,3,4,2,0,2,0,0,0,0,0,0,0,858,3432,3136,3136,291296,291296,3962358,206310596,3756,12,11,6,16
irregular-n12-t128-b00001-frandom-s01,Standard,2,true,2,3,1,0,1,0,0,0,0,0,0,0,12,36,36,36,4788,4788,47664,4140089,2770,12,13,7,16
irregular-n12-t128-b00001-frandom-s01,Standard,3,true,3,4,2,0,2,0,0,0,0,0,0,0,78,312,312,312,34632,34632,437477,30457330,3726,12,13,7,16
irregular-n12-t128-b00001-frandom-s01,Accelerated,0,true,0,2,0,0,0,0,0,0,0,0,1,0,1,2,2,2,314,314,4502,293058,424,9,5,5,16
irregular-n12-t128-b00001-frandom-s01,Accelerated,1,true,0,2,0,0,0,0,0,0,0,0,1,0,858,1716,1568,1568,145648,145648,1717692,73811773,576,10,8,6,16
irregular-n12-t128-b00001-frandom-s01,Accelerated,2,true,0,2,0,0,0,0,0,0,0,0,1,0,12,24,24,24,3192,3192,38412,3311203,2770,12,8,7,16
irregular-n12-t128-b00001-frandom-s01,Accelerated,3,true,1,3,0,1,1,0,0,0,0,1,0,1,78,234,234,234,25974,25974,371013,25479639,3726,12,10,7,16
irregular-n12-t128-b00001-frandom-s02,Standard,0,true,3,4,2,0,2,0,0,0,0,0,0,0,1,4,4,4,628,628,10772,906122,1758,11,8,6,16
irregular-n12-t128-b00001-frandom-s02,Standard,1,true,2,3,1,0,1,0,0,0,0,0,0,0,888,2664,2442,2442,226662,226662,2477441,101930999,372,9,8,6,16
irregular-n12-t128-b00001-frandom-s02,Standard,2,true,2,3,1,0,1,0,0,0,0,0,0,0,11,33,33,33,4389,4389,35414,3095175,1840,11,13,7,16
irregular-n12-t128-b00001-frandom-s02,Standard,3,true,3,4,2,0,2,0,0,0,0,0,0,0,74,296,296,296,32856,32856,382718,26918109,2770,12,13,7,16
irregular-n12-t128-b00001-frandom-s02,Accelerated,0,true,2,5,0,2,2,1,1,0,0,1,0,1,1,5,5,5,785,785,14586,1183178,5048,13,8,7,16
irregular-n12-t128-b00001-frandom-s02,Accelerated,1,true,0,2,0,0,0,0,0,0,0,0,1,0,888,1776,1628,1628,151108,151108,1437099,44579310,354,9,8,6,16
irregular-n12-t128-b00001-frandom-s02,Accelerated,2,true,0,2,0,0,0,0,0,0,0,0,1,0,11,22,22,22,2926,2926,27303,2389243,1840,11,7,7,16
irregular-n12-t128-b00001-frandom-s02,Accelerated,3,true,1,3,0,1,1,0,0,0,0,1,0,1,74,222,222,222,24642,24642,321766,22479679,2600,12,10,7,16
irregular-n12-t128-b00001-frandom-s03,Standard,0,true,3,4,2,0,2,0,0,0,0,0,0,0,1,4,4,4,628,628,9543,555385,1278,11,8,5,16
irregular-n12-t128-b00001-frandom-s03,Standard,1,true,3,4,2,0,2,0,0,0,0,0,0,0,740,2960,2716,2716,252036,252036,2971776,110715466,2652,12,11,6,16
irregular-n12-t128-b00001-frandom-s03,Standard,2,true,4,5,3,0,3,0,0,0,0,0,0,0,10,50,50,50,6650,6650,84253,6193247,2874,12,13,7,16
irregular-n12-t128-b00001-frandom-s03,Standard,3,true,3,4,2,0,2,0,0,0,0,0,0,0,74,296,296,296,32856,32856,386105,23511540,3980,12,13,7,16
irregular-n12-t128-b00001-frandom-s03,Accelerated,0,true,0,2,0,0,0,0,0,0,0,0,1,0,1,2,2,2,314,314,3635,170133,360,9,5,5,16
irregular-n12-t128-b00001-frandom-s03,Accelerated,1,true,0,2,0,0,0,0,0,0,0,0,1,0,740,1480,1358,1358,126018,126018,1315322,42007714,324,9,8,6,16
irregular-n12-t128-b00001-frandom-s03,Accelerated,2,true,2,5,0,2,2,1,1,0,0,1,0,1,10,50,50,50,6650,6650,101558,7339101,230940,18,15,13,20
irregular-n12-t128-b00001-frandom-s03,Accelerated,3,true,1,3,0,1,1,0,0,0,0,1,0,1,74,222,222,222,24642,24642,325259,19079057,3980,12,10,7,16
irregular-n12-t128-b00001-frandom-s04,Standard,0,true,4,5,3,0,3,0,0,0,0,0,0,0,1,5,5,5,785,785,14073,1144438,2086,12,9,6,16
irregular-n12-t128-b00001-frandom-s04,Standard,1,true,4,5,3,0,3,0,0,0,0,0,0,0,780,3900,3570,3570,331470,331470,4487007,227641855,3190,12,11,6,16
irregular-n12-t128-b00001-frandom-s04,Standard,2,true,2,3,1,0,1,0,0,0,0,0,0,0,12,36,36,36,4788,4788,47656,4274594,3182,12,13,7,16
irregular-n12-t128-b00001-frandom-s04,Standard,3,true,2,3,1,0,1,0,0,0,0,0,0,0,78,234,234,234,25974,25974,278401,20395933,3608,12,13,7,16
irregular-n12-t128-b00001-frandom-s04,Accelerated,0,true,3,7,0,3,3,2,0,2,0,1,0,1,1,7,7,7,1099,1099,17839,1313089,34704,16,13,10,16
irregular-n12-t128-b00001-frandom-s04,Accelerated,1,true,2,5,0,2,2,1,0,1,0,1,0,1,780,3900,3570,3570,331470,331470,3972474,174992723,5472,13,13,7,16
irregular-n12-t128-b00001-frandom-s04,Accelerated,2,true,0,2,0,0,0,0,0,0,0,0,1,0,12,24,24,24,3192,3192,38404,3447134,3182,12,7,7,16
irregular-n12-t128-b00001-frandom-s04,Accelerated,3,true,1,3,0,1,1,0,0,0,0,1,0,1,78,234,234,234,25974,25974,356580,26121419,3608,12,11,7,16
irregular-n12-t128-b00001-frandom-s05,Standard,0,true,2,3,1,0,1,0,0,0,0,0,0,0,1,3,3,3,471,471,7688,761197,2896,12,10,7,16
irregular-n12-t128-b00001-frandom-s05,Standard,1,true,2,3,1,0,1,0,0,0,0,0,0,0,840,2520,2301,2301,213771,213771,2565106,142491894,4254,13,11,7,16
irregular-n12-t128-b00001-frandom-s05,Standard,2,true,3,4,2,0,2,0,0,0,0,0,0,0,12,48,48,48,6384,6384,89562,8460044,3390,12,13,7,16
irregular-n12-t128-b00001-frandom-s05,Standard,3,true,3,4,2,0,2,0,0,0,0,0,0,0,84,336,336,336,37296,37296,513126,37993511,3928,12,13,7,16
irregular-n12-t128-b00001-frandom-s05,Accelerated,0,true,1,3,0,1,1,0,0,0,0,1,0,1,1,3,3,3,471,471,8796,835668,2896,12,8,7,16
irregular-n12-t128-b00001-frandom-s05,Accelerated,1,true,1,3,0,1,1,0,0,0,0,1,0,1,840,2520,2301,2301,213771,213771,2677030,148770972,4254,13,11,7,16
irregular-n12-t128-b00001-frandom-s05,Accelerated,2,true,1,3,0,1,1,0,0,0,0,1,0,1,12,36,36,36,4788,4788,79088,7473318,3390,12,8,7,16
irregular-n12-t128-b00001-frandom-s05,Accelerated,3,true,1,3,0,1,1,0,0,0,0,1,0,1,84,252,252,252,27972,27972,433948,32378573,3974,12,10,7,16
irregular-n12-t128-b00001-frandom-s06,Standard,0,true,3,4,2,0,2,0,0,0,0,0,0,0,1,4,4,4,628,628,9304,743221,1670,11,9,6,16
irregular-n12-t128-b00001-frandom-s06,Standard,1,true,2,3,1,0,1,0,0,0,0,0,0,0,682,2046,1872,1872,173832,173832,1891527,86334096,2164,12,10,6,16
irregular-n12-t128-b00001-frandom-s06,Standard,2,true,4,5,3,0,3,0,0,0,0,0,0,0,11,55,55,55,7315,7315,89329,6697956,1542,11,11,6,16
irregular-n12-t128-b00001-frandom-s06,Standard,3,true,4,5,3,0,3,0,0,0,0,0,0,0,62,310,310,310,34410,34410,418424,25576052,2076,12,11,6,16
irregular-n12-t128-b00001-frandom-s06,Accelerated,0,true,1,3,0,1,1,0,0,0,0,1,0,1,1,3,3,3,471,471,6267,482259,1592,11,8,6,16
irregular-n12-t128-b00001-frandom-s06,Accelerated,1,true,1,3,0,1,1,0,0,0,0,1,0,1,682,2046,1872,1872,173832,173832,1944186,87594257,2164,12,10,6,16
irregular-n12-t128-b00001-frandom-s06,Accelerated,2,true,2,5,0,2,2,1,0,1,0,1,0,1,11,55,55,55,7315,7315,107588,7862645,51552,16,15,10,16
irregular-n12-t128-b00001-frandom-s06,Accelerated,3,true,2,5,0,2,2,1,0,1,0,1,0,1,62,310,310,310,34410,34410,475168,28326096,66384,17,15,11,17
irregular-n12-t128-b00001-frandom-s07,Standard,0,true,2,3,1,0,1,0,0,0,0,0,0,0,1,3,3,3,471,471,6235,502976,2428,12,9,7,16
irregular-n12-t128-b00001-frandom-s07,Standard,1,true,2,3,1,0,1,0,0,0,0,0,0,0,960,2880,2640,2640,245040,245040,2642499,130790585,3748,12,11,7,16
irregular-n12-t128-b00001-frandom-s07,Standard,2,true,2,3,1,0,1,0,0,0,0,0,0,0,12,36,36,36,4788,4788,51382,4388907,3156,12,13,7,16
irregular-n12-t128-b00001-frandom-s07,Standard,3,true,3,4,2,0,2,0,0,0,0,0,0,0,80,320,320,320,35520,35520,456971,30263088,3264,12,12,7,16
irregular-n12-t128-b00001-frandom-s07,Accelerated,0,true,1,3,0,1,1,0,0,0,0,1,0,1,1,3,3,3,471,471,6969,578943,2428,12,8,7,16
irregular-n12-t128-b00001-frandom-s07,Accelerated,1,true,1,3,0,1,1,0,0,0,0,1,0,1,960,2880,2640,2640,245040,245040,2834079,141979788,3748,12,11,7,16
irregular-n12-t128-b00001-frandom-s07,Accelerated,2,true,0,2,0,0,0,0,0,0,0,0,1,0,12,24,24,24,3192,3192,41880,3527613,3156,12,7,7,16
irregular-n12-t128-b00001-frandom-s07,Accelerated,3,true,1,3,0,1,1,0,0,0,0,1,0,1,80,240,240,240,26640,26640,388161,25118119,3264,12,10,7,16
irregular-n12-t128-b00001-frandom-s08,Standard,0,true,3,4,2,0,2,0,0,0,0,0,0,0,1,4,4,4,628,628,9413,596971,664,10,6,5,16
irregular-n12-t128-b00001-frandom-s08,Standard,1,true,4,5,3,0,3,0,0,0,0,0,0,0,680,3400,3125,3125,289875,289875,3759230,181315960,1872,11,10,5,16
irregular-n12-t128-b00001-frandom-s08,Standard,2,true,2,3,1,0,1,0,0,0,0,0,0,0,12,36,36,36,4788,4788,38471,2992514,2160,12,13,7,16
irregular-n12-t128-b00001-frandom-s08,Standard,3,true,2,3,1,0,1,0,0,0,0,0,0,0,68,204,204,204,22644,22644,215479,14016016,3228,12,13,7,16
irregular-n12-t128-b00001-frandom-s08,Accelerated,0,true,1,3,0,1,1,0,0,0,0,1,0,1,1,3,3,3,471,471,5579,268022,198,8,5,5,16
irregular-n12-t128-b00001-frandom-s08,Accelerated,1,true,2,5,0,2,2,1,0,1,0,1,0,1,680,3400,3125,3125,289875,289875,3639612,161944040,2316,12,11,6,16
irregular-n12-t128-b00001-frandom-s08,Accelerated,2,true,0,2,0,0,0,0,0,0,0,0,1,0,12,24,24,24,3192,3192,30219,2306722,2160,12,7,7,16
irregular-n12-t128-b00001-frandom-s08,Accelerated,3,true,0,2,0,0,0,0,0,0,0,0,1,0,68,136,136,136,15096,15096,162539,10347275,2832,12,10,7,16
irregular-n12-t128-b00001-frandom-s09,Standard,0,true,3,4,2,0,2,0,0,0,0,0,0,0,1,4,4,4,628,628,12510,1142922,3564,12,9,6,16
irregular-n12-t128-b00001-frandom-s09,Standard,1,true,3,4,2,0,2,0,0,0,0,0,0,0,1032,4128,3784,3784,351224,351224,4420567,235120501,4720,13,11,6,16
irregular-n12-t128-b00001-frandom-s09,Standard,2,true,3,4,2,0,2,0,0,0,0,0,0,0,12,48,48,48,6384,6384,80594,7257757,3204,12,13,7,16
irregular-n12-t128-b00001-frandom-s09,Standard,3,true,3,4,2,0,2,0,0,0,0,0,0,0,86,344,344,344,38184,38184,509260,35463990,4768,13,13,7,16
irregular-n12-t128-b00001-frandom-s09,Accelerated,0,true,0,2,0,0,0,0,0,0,0,0,1,0,1,2,2,2,314,314,5210,396044,460,9,5,4,16
irregular-n12-t128-b00001-frandom-s09,Accelerated,1,true,2,5,0,2,2,1,0,1,0,1,0,1,1032,5160,4730,4730,439030,439030,5200533,257532031,10716,14,14,7,16
irregular-n12-t128-b00001-frandom-s09,Accelerated,2,true,2,5,0,2,2,1,0,1,0,1,0,1,12,60,60,60,7980,7980,130633,11603608,244376,18,15,13,20
irregular-n12-t128-b00001-frandom-s09,Accelerated,3,true,1,3,0,1,1,0,0,0,0,1,0,1,86,258,258,258,28638,28638,433150,29551329,4768,13,11,7,16
irregular-n12-t128-b00001-frandom-s10,Standard,0,true,2,3,1,0,1,0,0,0,0,0,0,0,1,3,3,3,471,471,6828,628362,2440,12,10,7,16
irregular-n12-t128-b00001-frandom-s10,Standard,1,true,3,4,2,0,2,0,0,0,0,0,0,0,912,3648,3344,3344,310384,310384,3777173,210214186,3642,12,11,6,16
irregular-n12-t128-b00001-frandom-s10,Standard,2,true,3,4,2,0,2,0,0,0,0,0,0,0,10,40,40,40,5320,5320,73525,6400141,2790,12,12,6,16
irregular-n12-t128-b00001-frandom-s10,Standard,3,true,3,4,2,0,2,0,0,0,0,0,0,0,76,304,304,304,33744,33744,438998,30850007,2820,12,12,6,16
irregular-n12-t128-b00001-frandom-s10,Accelerated,0,true,1,3,0,1,1,0,0,0,0,1,0,1,1,3,3,3,471,471,7583,674727,2440,12,7,7,16
irregular-n12-t128-b00001-frandom-s10,Accelerated,1,true,2,5,0,2,2,1,0,1,0,1,0,1,912,4560,4180,4180,387980,387980,4476077,229529173,14928,14,14,8,16
irregular-n12-t128-b00001-frandom-s10,Accelerated,2,true,1,3,0,1,1,0,0,0,0,1,0,1,10,30,30,30,3990,3990,64618,5595219,2790,12,7,6,16
irregular-n12-t128-b00001-frandom-s10,Accelerated,3,true,2,5,0,2,2,1,0,1,0,1,0,1,76,380,380,380,42180,42180,680048,47175518,153624,18,16,12,19
irregular-n12-t128-b00001-frandom-s11,Standard,0,true,3,4,2,0,2,0,0,0,0,0,0,0,1,4,4,4,628,628,11128,867522,1904,11,8,6,16
irregular-n12-t128-b00001-frandom-s11,Standard,1,true,3,4,2,0,2,0,0,0,0,0,0,0,814,3256,2984,2984,276984,276984,3567598,170978653,2620,12,10,6,16
irregular-n12-t128-b00001-frandom-s11,Standard,2,true,2,3,1,0,1,0,0,0,0,0,0,0,11,33,33,33,4389,4389,44727,3728211,2552,12,12,6,16
irregular-n12-t128-b00001-frandom-s11,Standard,3,true,3,4,2,0,2,0,0,0,0,0,0,0,74,296,296,296,32856,32856,408535,27572291,2708,12,12,6,16
irregular-n12-t128-b00001-frandom-s11,Accelerated,0,true,1,3,0,1,1,0,0,0,0,1,0,1,1,3,3,3,471,471,7165,450201,574,10,6,5,16
irregular-n12-t128-b00001-frandom-s11,Accelerated,1,true,1,3,0,1,1,0,0,0,0,1,0,1,814,2442,2238,2238,207738,207738,2512012,105535023,610,10,9,6,16
irregular-n12-t128-b00001-frandom-s11,Accelerated,2,true,0,2,0,0,0,0,0,0,0,0,1,0,11,22,22,22,2926,2926,36596,3023139,2552,12,7,6,16
irregular-n12-t128-b00001-frandom-s11,Accelerated,3,true,1,3,0,1,1,0,0,0,0,1,0,1,74,222,222,222,24642,24642,347613,23149360,2708,12,10,6,16
irregular-n12-t128-b00001-frandom-s12,Standard,0,true,3,4,2,0,2,0,0,0,0,0,0,0,1,4,4,4,628,628,11142,840438,1988,11,9,6,16
irregular-n12-t128-b00001-frandom-s12,Standard,1,true,3,4,2,0,2,0,0,0,0,0,0,0,720,2880,2644,2644,245324,245324,3030002,132510996,2852,12,11,6,16
irregular-n12-t128-b00001-frandom-s12,Standard,2,true,2,3,1,0,1,0,0,0,0,0,0,0,10,30,30,30,3990,3990,41237,3330479,3164,12,13,7,16
irregular-n12-t128-b00001-frandom-s12,Standard,3,true,5,6,4,0,4,0,0,0,0,0,0,0,72,432,432,432,47952,47952,648659,38933086,3320,12,12,7,16
irregular-n12-t128-b00001-frandom-s12,Accelerated,0,true,1,3,0,1,1,0,0,0,0,1,0,1,1,3,3,3,471,471,7717,534742,1676,11,7,6,16
irregular-n12-t128-b00001-frandom-s12,Accelerated,1,true,0,2,0,0,0,0,0,0,0,0,1,0,720,1440,1322,1322,122662,122662,1326015,47849672,592,10,9,6,16
irregular-n12-t128-b00001-frandom-s12,Accelerated,2,true,0,2,0,0,0,0,0,0,0,0,1,0,10,20,20,20,2660,2660,34007,2711303,3164,12,7,7,16
irregular-n12-t128-b00001-frandom-s12,Accelerated,3,true,2,5,0,2,2,1,1,0,0,1,0,1,72,360,360,360,39960,39960,590794,34454001,110116,17,16,11,18
irregular-n12-t128-b00001-frandom-s13,Standard,0,true,3,4,2,0,2,0,0,0,0,0,0,0,1,4,4,4,628,628,10263,910066,1876,11,9,6,16
irregular-n12-t128-b00001-frandom-s13,Standard,1,true,2,3,1,0,1,0,0,0,0,0,0,0,770,2310,2112,2112,196152,196152,2168715,106726551,2634,12,10,6,16
irregular-n12-t128-b00001-frandom-s13,Standard,2,true,4,5,3,0,3,0,0,0,0,0,0,0,10,50,50,50,6650,6650,89046,6858185,1810,11,11,6,16
irregular-n12-t128-b00001-frandom-s13,Standard,3,true,3,4,2,0,2,0,0,0,0,0,0,0,70,280,280,280,31080,31080,367070,22986578,2272,12,11,6,16
irregular-n12-t128-b00001-frandom-s13,Accelerated,0,true,1,3,0,1,1,0,0,0,0,1,0,1,1,3,3,3,471,471,7068,578825,1496,11,7,6,16
irregular-n12-t128-b00001-frandom-s13,Accelerated,1,true,1,3,0,1,1,0,0,0,0,1,0,1,770,2310,2112,2112,196152,196152,2230804,107273793,2634,12,10,6,16
irregular-n12-t128-b00001-frandom-s13,Accelerated,2,true,2,5,0,2,2,1,0,1,0,1,0,1,10,50,50,50,6650,6650,104767,7830319,36704,16,14,10,16
irregular-n12-t128-b00001-frandom-s13,Accelerated,3,true,1,3,0,1,1,0,0,0,0,1,0,1,70,210,210,210,23310,23310,301635,18426739,2272,12,9,6,16
irregular-n12-t128-b00001-frandom-s14,Standard,0,true,2,3,1,0,1,0,0,0,0,0,0,0,1,3,3,3,471,471,5769,522217,2312,12,10,7,16
irregular-n12-t128-b00001-frandom-s14,Standard,1,true,2,3,1,0,1,0,0,0,0,0,0,0,912,2736,2508,2508,232788,232788,2659099,144171715,3114,12,10,6,16
irregular-n12-t128-b00001-frandom-s14,Standard,2,true,4,5,3,0,3,0,0,0,0,0,0,0,11,55,55,55,7315,7315,110594,9907441,2134,12,12,6,16
irregular-n12-t128-b00001-frandom-s14,Standard,3,true,3,4,2,0,2,0,0,0,0,0,0,0,76,304,304,304,33744,33744,467538,33900957,2494,12,11,6,16
irregular-n12-t128-b00001-frandom-s14,Accelerated,0,true,1,3,0,1,1,0,0,0,0,1,0,1,1,3,3,3,471,471,5767,520916,2312,12,10,7,16
irregular-n12-t128-b00001-frandom-s14,Accelerated,1,true,1,3,0,1,1,0,0,0,0,1,0,1,912,2736,2508,2508,232788,232788,2798748,153417249,3114,12,10,6,16
irregular-n12-t128-b00001-frandom-s14,Accelerated,2,true,2,5,0,2,2,1,1,0,0,1,0,1,11,55,55,55,7315,7315,130083,11621183,81048,17,13,11,18
irregular-n12-t128-b00001-frandom-s14,Accelerated,3,true,1,3,0,1,1,0,0,0,0,1,0,1,76,228,228,228,25308,25308,382102,27316677,2494,12,10,6,16
irregular-n12-t128-b00001-frandom-s15,Standard,0,true,3,4,2,0,2,0,0,0,0,0,0,0,1,4,4,4,628,628,10851,1022507,2300,12,9,6,16
irregular-n12-t128-b00001-frandom-s15,Standard,1,true,4,5,3,0,3,0,0,0,0,0,0,0,836,4180,3840,3840,356240,356240,4677153,258044581,3064,12,11,6,16
irregular-n12-t128-b00001-frandom-s15,Standard,2,true,4,5,3,0,3,0,0,0,0,0,0,0,11,55,55,55,7315,7315,97531,8404201,2280,12,12,6,16
irregular-n12-t128-b00001-frandom-s15,Standard,3,true,4,5,3,0,3,0,0,0,0,0,0,0,76,380,380,380,42180,42180,585104,41318780,2868,12,12,6,16
irregular-n12-t128-b00001-frandom-s15,Accelerated,0,true,1,3,0,1,1,0,0,0,0,1,0,1,1,3,3,3,471,471,7644,696768,1766,11,8,6,16
irregular-n12-t128-b00001-frandom-s15,Accelerated,1,true,3,7,0,3,3,2,0,2,0,1,0,1,836,5852,5376,5376,498736,498736,6959343,379326649,114708,17,16,11,18
irregular-n12-t128-b00001-frandom-s15,Accelerated,2,true,2,5,0,2,2,1,0,1,0,1,0,1,11,55,55,55,7315,7315,121125,10258618,54512,16,14,11,17
irregular-n12-t128-b00001-frandom-s15,Accelerated,3,true,2,5,0,2,2,1,0,1,0,1,0,1,76,380,380,380,42180,42180,674665,46184816,168928,18,16,12,19
irregular-n12-t128-b00001-frandom-s16,Standard,0,true,2,3,1,0,1,0,0,0,0,0,0,0,1,3,3,3,471,471,5846,498719,1836,11,10,7,16
irregular-n12-t128-b00001-frandom-s16,Standard,1,true,2,3,1,0,1,0,0,0,0,0,0,0,888,2664,2442,2442,226662,226662,2522666,132962947,2460,12,10,7,16
irregular-n12-t128-b00001-frandom-s16,Standard,2,true,2,3,1,0,1,0,0,0,0,0,0,0,12,36,36,36,4788,4788,44883,3839364,2064,12,13,7,16
irregular-n12-t128-b00001-frandom-s16,Standard,3,true,2,3,1,0,1,0,0,0,0,0,0,0,74,222,222,222,24642,24642,256592,17713134,2524,12,12,7,16
irregular-n12-t128-b00001-frandom-s16,Accelerated,0,true,1,3,0,1,1,0,0,0,0,1,0,1,1,3,3,3,471,471,6093,528664,1836,11,9,7,16
irregular-n12-t128-b00001-frandom-s16,Accelerated,1,true,1,3,0,1,1,0,0,0,0,1,0,1,888,2664,2442,2442,226662,226662,2705387,139951942,2460,12,10,7,16
irregular-n12-t128-b00001-frandom-s16,Accelerated,2,true,0,2,0,0,0,0,0,0,0,0,1,0,12,24,24,24,3192,3192,36031,3068334,2064,12,7,7,16
irregular-n12-t128-b00001-frandom-s16,Accelerated,3,true,0,2,0,0,0,0,0,0,0,0,1,0,74,148,148,148,16428,16428,195930,13335748,2524,12,10,7,16
irregular-n12-t128-b00001-frandom-s17,Standard,0,true,2,3,1,0,1,0,0,0,0,0,0,0,1,3,3,3,471,471,6937,697613,3182,12,11,7,16
irregular-n12-t128-b00001-frandom-s17,Standard,1,true,2,3,1,0,1,0,0,0,0,0,0,0,902,2706,2478,2478,230058,230058,2793635,162312419,4944,13,11,7,16
irregular-n12-t128-b00001-frandom-s17,Standard,2,true,3,4,2,0,2,0,0,0,0,0,0,0,10,40,40,40,5320,5320,86863,7742287,2284,12,11,6,16
irregular-n12-t128-b00001-frandom-s17,Standard,3,true,4,5,3,0,3,0,0,0,0,0,0,0,82,410,410,410,45510,45510,743817,54498726,3080,12,11,6,16
irregular-n12-t128-b00001-frandom-s17,Accelerated,0,true,1,3,0,1,1,0,0,0,0,1,0,1,1,3,3,3,471,471,7481,754069,3182,12,10,7,16
irregular-n12-t128-b00001-frandom-s17,Accelerated,1,true,1,3,0,1,1,0,0,0,0,1,0,1,902,2706,2478,2478,230058,230058,2920805,169483748,4944,13,11,7,16
irregular-n12-t128-b00001-frandom-s17,Accelerated,2,true,1,3,0,1,1,0,0,0,0,1,0,1,10,30,30,30,3990,3990,65235,5580603,2584,12,9,6,16
irregular-n12-t128-b00001-frandom-s17,Accelerated,3,true,2,5,0,2,2,1,0,1,0,1,0,1,82,410,410,410,45510,45510,778337,54441255,85336,17,15,11,17
irregular-n12-t128-b00001-frandom-s18,Standard,0,true,3,4,2,0,2,0,0,0,0,0,0,0,1,4,4,4,628,628,10186,813421,2160,12,9,6,16
irregular-n12-t128-b00001-frandom-s18,Standard,1,true,3,4,2,0,2,0,0,0,0,0,0,0,680,2720,2496,2496,231616,231616,2890232,139757283,3294,12,10,6,16
irregular-n12-t128-b00001-frandom-s18,Standard,2,true,4,5,3,0,3,0,0,0,0,0,0,0,10,50,50,50,6440,6440,78535,5692891,2222,12,12,6,16
irregular-n12-t128-b00001-frandom-s18,Standard,3,true,4,5,3,0,3,0,0,0,0,0,0,0,68,340,340,340,37740,37740,446419,26240952,3006,12,12,6,16
irregular-n12-t128-b00001-frandom-s18,Accelerated,0,true,1,3,0,1,1,0,0,0,0,1,0,1,1,3,3,3,471,471,7219,529603,758,10,6,5,16
irregular-n12-t128-b00001-frandom-s18,Accelerated,1,true,1,3,0,1,1,0,0,0,0,1,0,1,680,2040,1872,1872,173712,173712,2073434,91375197,1646,11,10,6,16
irregular-n12-t128-b00001-frandom-s18,Accelerated,2,true,2,5,0,2,2,1,1,0,0,1,0,1,10,50,50,50,6440,6440,95983,6928094,131560,18,15,12,19
irregular-n12-t128-b00001-frandom-s18,Accelerated,3,true,2,5,0,2,2,1,1,0,0,1,0,1,68,340,340,340,37740,37740,516773,29704904,88296,17,15,11,18
irregular-n12-t128-b00001-frandom-s19,Standard,0,true,3,4,2,0,2,0,0,0,0,0,0,0,1,4,4,4,628,628,10020,784777,2382,12,10,6,16
irregular-n12-t128-b00001-frandom-s19,Standard,1,true,3,4,2,0,2,0,0,0,0,0,0,0,720,2880,2584,2584,240104,240104,2929393,124076998,2138,12,10,6,16
irregular-n12-t128-b00001-frandom-s19,Standard,2,true,3,4,2,0,2,0,0,0,0,0,0,0,11,44,44,44,5852,5852,62332,5369830,2532,12,13,7,16
irregular-n12-t128-b00001-frandom-s19,Standard,3,true,2,3,1,0,1,0,0,0,0,0,0,0,72,216,216,216,23976,23976,237936,15590333,3888,12,13,7,16
irregular-n12-t128-b00001-frandom-s19,Accelerated,0,true,2,5,0,2,2,1,0,1,0,1,0,1,1,5,5,5,785,785,10892,791707,4120,13,12,7,16
irregular-n12-t128-b00001-frandom-s19,Accelerated,1,true,0,2,0,0,0,0,0,0,0,0,1,0,720,1440,1292,1292,120052,120052,1234236,42430382,438,9,9,6,16
irregular-n12-t128-b00001-frandom-s19,Accelerated,2,true,1,3,0,1,1,0,0,0,0,1,0,1,11,33,33,33,4389,4389,54441,4692440,2532,12,9,7,16
irregular-n12-t128-b00001-frandom-s19,Accelerated,3,true,0,2,0,0,0,0,0,0,0,0,1,0,72,144,144,144,15984,15984,179688,11436328,3888,12,11,7,16
irregular-n12-t128-b00001-frandom-s20,Standard,0,true,4,5,3,0,3,0,0,0,0,0,0,0,1,5,5,5,785,785,12837,909538,1542,11,8,6,16
irregular-n12-t128-b00001-frandom-s20,Standard,1,true,3,4,2,0,2,0,0,0,0,0,0,0,512,2048,1872,1872,173872,173872,2007181,85281333,2314,12,10,6,16
irregular-n12-t128-b00001-frandom-s20,Standard,2,true,4,5,3,0,3,0,0,0,0,0,0,0,10,50,50,50,6440,6440,78495,5975067,1536,11,12,6,16
irregular-n12-t128-b00001-frandom-s20,Standard,3,true,3,4,2,0,2,0,0,0,0,0,0,0,64,256,256,256,28416,28416,314946,17975651,2456,12,12,6,16
irregular-n12-t128-b00001-frandom-s20,Accelerated,0,true,0,2,0,0,0,0,0,0,0,0,1,0,1,2,2,2,314,314,3519,185280,312,9,5,5,16
irregular-n12-t128-b00001-frandom-s20,Accelerated,1,true,2,5,0,2,2,1,0,1,0,1,0,1,512,2560,2340,2340,217340,217340,2315871,91220250,4632,13,13,7,16
irregular-n12-t128-b00001-frandom-s20,Accelerated,2,true,2,5,0,2,2,1,0,1,0,1,0,1,10,50,50,50,6440,6440,95643,7204837,69412,17,14,11,18
irregular-n12-t128-b00001-frandom-s20,Accelerated,3,true,1,3,0,1,1,0,0,0,0,1,0,1,64,192,192,192,21312,21312,264392,14570107,2456,12,10,6,16
irregular-n12-t128-b00008-falternating-s01,Standard,0,true,2,3,1,0,1,0,0,0,0,0,0,0,1,3,3,3,471,471,9911,813832,24721292,25,23,13,25
irregular-n12-t128-b00008-falternating-s01,Standard,1,true,3,4,2,0,2,0,0,0,0,0,0,0,468,1872,1616,1616,150256,150256,2433097,124192619,39639724,26,24,13,26
irregular-n12-t128-b00008-falternating-s01,Standard,2,true,4,5,3,0,3,0,0,0,0,0,0,0,26,130,130,130,13090,13090,168760,10363108,28873700,25,25,13,26
irregular-n12-t128-b00008-falternating-s01,Standard,3,true,3,4,2,0,2,0,0,0,0,0,0,0,78,312,312,312,34632,34632,537202,37140688,35472248,26,25,13,26
irregular-n12-t128-b00008-falternating-s01,Accelerated,0,true,1,3,0,1,1,0,0,0,0,1,0,1,1,3,3,3,471,471,9911,813832,24721292,25,21,13,25
irregular-n12-t128-b00008-falternating-s01,Accelerated,1,true,2,5,0,2,2,1,0,1,0,1,0,1,468,2340,2020,2020,187820,187820,3065407,156520978,26209523472,35,34,22,35
irregular-n12-t128-b00008-falternating-s01,Accelerated,2,true,3,7,0,3,3,2,1,1,0,1,0,1,26,182,182,182,18326,18326,293295,17559468,106189854488640,47,46,27,47
irregular-n12-t128-b00008-falternating-s01,Accelerated,3,true,1,3,0,1,1,0,0,0,0,1,0,1,78,234,234,234,25974,25974,421151,28297897,35472248,26,23,13,26
irregular-n12-t128-b00008-falternating-s02,Standard,0,true,2,3,1,0,1,0,0,0,0,0,0,0,1,3,3,3,471,471,9502,740159,16003176,24,22,12,24
irregular-n12-t128-b00008-falternating-s02,Standard,1,true,2,3,1,0,1,0,0,0,0,0,0,0,444,1332,1218,1218,113118,113118,1700234,81871005,19177152,25,23,12,25
irregular-n12-t128-b00008-falternating-s02,Standard,2,true,4,5,3,0,3,0,0,0,0,0,0,0,26,130,130,130,13090,13090,159690,9207936,22908900,25,25,13,26
irregular-n12-t128-b00008-falternating-s02,Standard,3,true,4,5,3,0,3,0,0,0,0,0,0,0,74,370,370,370,41070,41070,609650,38845299,25116564,25,25,13,26
irregular-n12-t128-b00008-falternating-s02,Accelerated,0,true,1,3,0,1,1,0,0,0,0,1,0,1,1,3,3,3,471,471,9502,739231,16003176,24,20,12,24
irregular-n12-t128-b00008-falternating-s02,Accelerated,1,true,1,3,0,1,1,0,0,0,0,1,0,1,444,1332,1218,1218,113118,113118,1700234,81819589,19177152,25,23,12,25
irregular-n12-t128-b00008-falternating-s02,Accelerated,2,true,2,5,0,2,2,1,0,1,0,1,0,1,26,130,130,130,13090,13090,186739,10173136,15469135600,34,33,15,34
irregular-n12-t128-b00008-falternating-s02,Accelerated,3,true,2,5,0,2,2,1,0,1,0,1,0,1,74,370,370,370,41070,41070,683232,41253247,16591013976,34,34,15,34
irregular-n12-t128-b00008-falternating-s03,Standard,0,true,3,4,2,0,2,0,0,0,0,0,0,0,1,4,4,4,628,628,12282,878175,21213370,25,22,13,25
irregular-n12-t128-b00008-falternating-s03,Standard,1,true,2,3,1,0,1,0,0,0,0,0,0,0,444,1332,1233,1233,114183,114183,1598886,71801518,23761282,25,23,12,25
irregular-n12-t128-b00008-falternating-s03,Standard,2,true,4,5,3,0,3,0,0,0,0,0,0,0,26,130,130,130,13090,13090,153080,8622211,29612546,25,25,13,26
irregular-n12-t128-b00008-falternating-s03,Standard,3,true,4,5,3,0,3,0,0,0,0,0,0,0,74,370,370,370,41070,41070,573508,35346754,29143720,25,25,13,26
irregular-n12-t128-b00008-falternating-s03,Accelerated,0,true,2,5,0,2,2,1,0,1,0,1,0,1,1,5,5,5,785,785,15630,1111810,10710936152,34,30,22,34
irregular-n12-t128-b00008-falternating-s03,Accelerated,1,true,1,3,0,1,1,0,0,0,0,1,0,1,444,1332,1233,1233,114183,114183,1598886,71473916,23761282,25,23,12,25
irregular-n12-t128-b00008-falternating-s03,Accelerated,2,true,2,5,0,2,2,1,0,1,0,1,0,1,26,130,130,130,13090,13090,177695,9480800,21539401552,35,34,15,35
irregular-n12-t128-b00008-falternating-s03,Accelerated,3,true,2,5,0,2,2,1,0,1,0,1,0,1,74,370,370,370,41070,41070,663088,39789732,21591689780,35,34,15,35
irregular-n12-t128-b00008-falternating-s04,Standard,0,true,3,4,2,0,2,0,0,0,0,0,0,0,1,4,4,4,628,628,13638,1188346,20827736,25,23,13,25
irregular-n12-t128-b00008-falternating-s04,Standard,1,true,3,4,2,0,2,0,0,0,0,0,0,0,468,1872,1692,1692,157572,157572,2460001,125624843,33232406,25,24,13,25
irregular-n12-t128-b00008-falternating-s04,Standard,2,true,4,5,3,0,3,0,0,0,0,0,0,0,26,130,130,130,13090,13090,179755,11412913,23663960,25,24,12,25
irregular-n12-t128-b00008-falternating-s04,Standard,3,true,4,5,3,0,3,0,0,0,0,0,0,0,78,390,390,390,43290,43290,714146,48674743,27525668,25,24,13,25
irregular-n12-t128-b00008-falternating-s04,Accelerated,0,true,2,5,0,2,2,1,0,1,0,1,0,1,1,5,5,5,785,785,16316,1387637,8816045888,34,31,22,34
irregular-n12-t128-b00008-falternating-s04,Accelerated,1,true,2,5,0,2,2,1,0,1,0,1,0,1,468,2340,2115,2115,196965,196965,3010934,150489176,22046826736,35,34,23,35
irregular-n12-t128-b00008-falternating-s04,Accelerated,2,true,2,5,0,2,2,1,0,1,0,1,0,1,26,130,130,130,13090,13090,183377,10535070,26540099928,35,34,14,35
irregular-n12-t128-b00008-falternating-s04,Accelerated,3,true,2,5,0,2,2,1,0,1,0,1,0,1,78,390,390,390,43290,43290,697628,44048322,31763398776,35,34,15,35
irregular-n12-t128-b00008-falternating-s05,Standard,0,true,3,4,2,0,2,0,0,0,0,0,0,0,1,4,4,4,628,628,13387,1119289,19383184,25,23,13,25
irregular-n12-t128-b00008-falternating-s05,Standard,1,true,3,4,2,0,2,0,0,0,0,0,0,0,504,2016,1760,1760,163360,163360,2491591,124769939,32507312,25,24,13,25
irregular-n12-t128-b00008-falternating-s05,Standard,2,true,4,5,3,0,3,0,0,0,0,0,0,0,26,130,130,130,13090,13090,160368,9711910,25065688,25,25,13,26
irregular-n12-t128-b00008-falternating-s05,Standard,3,true,4,5,3,0,3,0,0,0,0,0,0,0,84,420,420,420,46620,46620,723497,49165918,30684664,25,25,13,26
irregular-n12-t128-b00008-falternating-s05,Accelerated,0,true,2,5,0,2,2,1,0,1,0,1,0,1,1,5,5,5,785,785,16345,1340000,10166335776,34,31,22,34
irregular-n12-t128-b00008-falternating-s05,Accelerated,1,true,2,5,0,2,2,1,0,1,0,1,0,1,504,2520,2200,2200,204200,204200,3085597,152018324,11891100944,34,33,22,34
irregular-n12-t128-b00008-falternating-s05,Accelerated,2,true,2,5,0,2,2,1,0,1,0,1,0,1,26,130,130,130,13090,13090,178381,9873252,37562717856,36,35,15,36
irregular-n12-t128-b00008-falternating-s05,Accelerated,3,true,2,5,0,2,2,1,0,1,0,1,0,1,84,420,420,420,46620,46620,759905,47907280,33819922924,35,35,15,35
irregular-n12-t128-b00008-falternating-s06,Standard,0,true,3,4,2,0,2,0,0,0,0,0,0,0,1,4,4,4,628,628,11404,717481,13530644,24,20,12,24
irregular-n12-t128-b00008-falternating-s06,Standard,1,true,3,4,2,0,2,0,0,0,0,0,0,0,372,1488,1372,1372,127172,127172,1744970,73693194,18921276,25,23,12,25
irregular-n12-t128-b00008-falternating-s06,Standard,2,true,5,6,4,0,4,0,0,0,0,0,0,0,26,156,156,156,15708,15708,179453,8888204,18001290,25,24,12,25
irregular-n12-t128-b00008-falternating-s06,Standard,3,true,4,5,3,0,3,0,0,0,0,0,0,0,62,310,310,310,34410,34410,446207,24484418,19299294,25,24,12,25
irregular-n12-t128-b00008-falternating-s06,Accelerated,0,true,2,5,0,2,2,1,0,1,0,1,0,1,1,5,5,5,785,785,14610,903039,2906902656,32,27,20,32
irregular-n12-t128-b00008-falternating-s06,Accelerated,1,true,1,3,0,1,1,0,0,0,0,1,0,1,372,1116,1029,1029,95379,95379,1272619,52275740,13316604,24,23,12,24
irregular-n12-t128-b00008-falternating-s06,Accelerated,2,true,3,7,0,3,3,2,1,1,0,1,0,1,26,182,182,182,18326,18326,245924,11821233,3395538849600,42,41,23,42
irregular-n12-t128-b00008-falternating-s06,Accelerated,3,true,2,5,0,2,2,1,0,1,0,1,0,1,62,310,310,310,34410,34410,485404,24556667,9296019576,34,33,14,34
irregular-n12-t128-b00008-falternating-s07,Standard,0,true,3,4,2,0,2,0,0,0,0,0,0,0,1,4,4,4,628,628,13295,1036819,23139400,25,22,13,25
irregular-n12-t128-b00008-falternating-s07,Standard,1,true,2,3,1,0,1,0,0,0,0,0,0,0,480,1440,1332,1332,123372,123372,1836965,87345593,25707592,25,24,12,25
irregular-n12-t128-b00008-falternating-s07,Standard,2,true,4,5,3,0,3,0,0,0,0,0,0,0,26,130,130,130,13090,13090,162649,9633406,32312410,25,25,13,26
irregular-n12-t128-b00008-falternating-s07,Standard,3,true,4,5,3,0,3,0,0,0,0,0,0,0,80,400,400,400,44400,44400,663622,42864970,33695186,26,25,13,26
irregular-n12-t128-b00008-falternating-s07,Accelerated,0,true,2,5,0,2,2,1,0,1,0,1,0,1,1,5,5,5,785,785,16754,1296451,14614189824,34,31,22,34
irregular-n12-t128-b00008-falternating-s07,Accelerated,1,true,1,3,0,1,1,0,0,0,0,1,0,1,480,1440,1332,1332,123372,123372,1836965,87074479,25707592,25,24,12,25
irregular-n12-t128-b00008-falternating-s07,Accelerated,2,true,2,5,0,2,2,1,0,1,0,1,0,1,26,130,130,130,13090,13090,185120,10134437,41221138928,36,35,15,36
irregular-n12-t128-b00008-falternating-s07,Accelerated,3,true,2,5,0,2,2,1,0,1,0,1,0,1,80,400,400,400,44400,44400,743449,45625662,36818854712,36,35,15,36
irregular-n12-t128-b00008-falternating-s08,Standard,0,true,3,4,2,0,2,0,0,0,0,0,0,0,1,4,4,4,628,628,11817,842129,22021632,25,22,13,25
irregular-n12-t128-b00008-falternating-s08,Standard,1,true,3,4,2,0,2,0,0,0,0,0,0,0,408,1632,1500,1500,139140,139140,1934032,87703043,25840230,25,23,12,25
irregular-n12-t128-b00008-falternating-s08,Standard,2,true,4,5,3,0,3,0,0,0,0,0,0,0,26,130,130,130,13090,13090,148646,8147263,28039112,25,25,13,26
irregular-n12-t128-b00008-falternating-s08,Standard,3,true,5,6,4,0,4,0,0,0,0,0,0,0,68,408,408,408,45288,45288,644554,38095016,29052844,25,25,13,26
irregular-n12-t128-b00008-falternating-s08,Accelerated,0,true,1,3,0,1,1,0,0,0,0,1,0,1,1,3,3,3,471,471,8265,566788,19156824,25,20,12,25
irregular-n12-t128-b00008-falternating-s08,Accelerated,1,true,1,3,0,1,1,0,0,0,0,1,0,1,408,1224,1125,1125,104355,104355,1405460,61810511,19726386,25,23,12,25
irregular-n12-t128-b00008-falternating-s08,Accelerated,2,true,2,5,0,2,2,1,0,1,0,1,0,1,26,130,130,130,13090,13090,171657,8810115,21297629200,35,34,15,35
irregular-n12-t128-b00008-falternating-s08,Accelerated,3,true,4,9,0,4,4,3,1,2,0,1,0,1,68,612,612,612,67932,67932,1102611,62707278,10580652781384,44,43,24,44
irregular-n12-t128-b00008-falternating-s09,Standard,0,true,2,3,1,0,1,0,0,0,0,0,0,0,1,3,3,3,471,471,9561,807989,27141096,25,23,13,25
irregular-n12-t128-b00008-falternating-s09,Standard,1,true,3,4,2,0,2,0,0,0,0,0,0,0,516,2064,1892,1892,175612,175612,2676005,136839603,42922688,26,24,13,26
irregular-n12-t128-b00008-falternating-s09,Standard,2,true,4,5,3,0,3,0,0,0,0,0,0,0,26,130,130,130,13090,13090,164242,10353901,36817726,26,26,13,26
irregular-n12-t128-b00008-falternating-s09,Standard,3,true,4,5,3,0,3,0,0,0,0,0,0,0,86,430,430,430,47730,47730,745130,51772536,41944368,26,25,13,26
irregular-n12-t128-b00008-falternating-s09,Accelerated,0,true,1,3,0,1,1,0,0,0,0,1,0,1,1,3,3,3,471,471,9561,807905,27141096,25,21,13,25
irregular-n12-t128-b00008-falternating-s09,Accelerated,1,true,2,5,0,2,2,1,0,1,0,1,0,1,516,2580,2365,2365,219515,219515,3382355,173132847,53086990440,36,35,23,36
irregular-n12-t128-b00008-falternating-s09,Accelerated,2,true,2,5,0,2,2,1,0,1,0,1,0,1,26,130,130,130,13090,13090,184919,10707752,62036323912,36,35,15,36
irregular-n12-t128-b00008-falternating-s09,Accelerated,3,true,2,5,0,2,2,1,0,1,0,1,0,1,86,430,430,430,47730,47730,789999,50636734,56275070724,36,35,15,36
irregular-n12-t128-b00008-falternating-s10,Standard,0,true,2,3,1,0,1,0,0,0,0,0,0,0,1,3,3,3,471,471,9170,732877,17096498,25,23,13,25
irregular-n12-t128-b00008-falternating-s10,Standard,1,true,2,3,1,0,1,0,0,0,0,0,0,0,456,1368,1185,1185,110175,110175,1631537,78649863,27996548,25,23,13,25
irregular-n12-t128-b00008-falternating-s10,Standard,2,true,3,4,2,0,2,0,0,0,0,0,0,0,26,104,104,104,10472,10472,127930,7989217,18650940,25,24,12,25
irregular-n12-t128-b00008-falternating-s10,Standard,3,true,3,4,2,0,2,0,0,0,0,0,0,0,76,304,304,304,33744,33744,504744,34113750,23668944,25,24,12,25
irregular-n12-t128-b00008-falternating-s10,Accelerated,0,true,1,3,0,1,1,0,0,0,0,1,0,1,1,3,3,3,471,471,9170,732877,17096498,25,21,13,25
irregular-n12-t128-b00008-falternating-s10,Accelerated,1,true,1,3,0,1,1,0,0,0,0,1,0,1,456,1368,1185,1185,110175,110175,1631537,78641515,27996548,25,23,13,25
irregular-n12-t128-b00008-falternating-s10,Accelerated,2,true,1,3,0,1,1,0,0,0,0,1,0,1,26,78,78,78,7854,7854,98279,5840702,18650940,25,23,12,25
irregular-n12-t128-b00008-falternating-s10,Accelerated,3,true,1,3,0,1,1,0,0,0,0,1,0,1,76,228,228,228,25308,25308,376098,24551522,23668944,25,23,12,25
irregular-n12-t128-b00008-falternating-s11,Standard,0,true,3,4,2,0,2,0,0,0,0,0,0,0,1,4,4,4,628,628,13017,1072456,24435872,25,23,13,25
irregular-n12-t128-b00008-falternating-s11,Standard,1,true,3,4,2,0,2,0,0,0,0,0,0,0,444,1776,1516,1516,141076,141076,2166816,107880103,37354740,26,24,13,26
irregular-n12-t128-b00008-falternating-s11,Standard,2,true,5,6,4,0,4,0,0,0,0,0,0,0,26,156,156,156,15708,15708,200519,11865863,28638584,25,25,13,26
irregular-n12-t128-b00008-falternating-s11,Standard,3,true,4,5,3,0,3,0,0,0,0,0,0,0,74,370,370,370,41070,41070,638710,42054641,33221570,25,25,13,26
irregular-n12-t128-b00008-falternating-s11,Accelerated,0,true,2,5,0,2,2,1,0,1,0,1,0,1,1,5,5,5,785,785,16799,1386035,20591898576,35,31,23,35
irregular-n12-t128-b00008-falternating-s11,Accelerated,1,true,2,5,0,2,2,1,0,1,0,1,0,1,444,2220,1895,1895,176345,176345,2694767,132608404,21471532544,35,34,22,35
irregular-n12-t128-b00008-falternating-s11,Accelerated,2,true,3,7,0,3,3,2,1,1,0,1,0,1,26,182,182,182,18326,18326,268583,15287236,24863558944896,45,44,24,45
irregular-n12-t128-b00008-falternating-s11,Accelerated,3,true,2,5,0,2,2,1,0,1,0,1,0,1,74,370,370,370,41070,41070,658604,40692430,36214743796,36,35,15,36
irregular-n12-t128-b00008-falternating-s12,Standard,0,true,2,3,1,0,1,0,0,0,0,0,0,0,1,3,3,3,471,471,7912,595264,17522034,25,23,13,25
irregular-n12-t128-b00008-falternating-s12,Standard,1,true,2,3,1,0,1,0,0,0,0,0,0,0,432,1296,1116,1116,103776,103776,1404758,64985243,30308584,25,24,13,25
irregular-n12-t128-b00008-falternating-s12,Standard,2,true,4,5,3,0,3,0,0,0,0,0,0,0,26,130,130,130,13090,13090,142828,8096976,24552030,25,25,13,26
irregular-n12-t128-b00008-falternating-s12,Standard,3,true,3,4,2,0,2,0,0,0,0,0,0,0,72,288,288,288,31968,31968,418769,27043568,31485916,25,25,13,26
irregular-n12-t128-b00008-falternating-s12,Accelerated,0,true,1,3,0,1,1,0,0,0,0,1,0,1,1,3,3,3,471,471,7912,595264,17522034,25,21,13,25
irregular-n12-t128-b00008-falternating-s12,Accelerated,1,true,1,3,0,1,1,0,0,0,0,1,0,1,432,1296,1116,1116,103776,103776,1404758,64985243,30308584,25,24,13,25
irregular-n12-t128-b00008-falternating-s12,Accelerated,2,true,3,7,0,3,3,2,1,1,0,1,0,1,26,182,182,182,18326,18326,231965,12061470,55327025366272,46,45,25,46
irregular-n12-t128-b00008-falternating-s12,Accelerated,3,true,1,3,0,1,1,0,0,0,0,1,0,1,72,216,216,216,23976,23976,321831,19873671,31485916,25,24,13,25
irregular-n12-t128-b00008-falternating-s13,Standard,0,true,3,4,2,0,2,0,0,0,0,0,0,0,1,4,4,4,628,628,11350,771400,18106148,25,20,12,25
irregular-n12-t128-b00008-falternating-s13,Standard,1,true,3,4,2,0,2,0,0,0,0,0,0,0,420,1680,1496,1496,138696,138696,1846979,81476423,26391006,25,24,12,25
irregular-n12-t128-b00008-falternating-s13,Standard,2,true,4,5,3,0,3,0,0,0,0,0,0,0,26,130,130,130,13090,13090,135910,7085467,28273008,25,25,13,26
irregular-n12-t128-b00008-falternating-s13,Standard,3,true,3,4,2,0,2,0,0,0,0,0,0,0,70,280,280,280,31080,31080,356297,21009969,32845248,25,25,13,26
irregular-n12-t128-b00008-falternating-s13,Accelerated,0,true,1,3,0,1,1,0,0,0,0,1,0,1,1,3,3,3,471,471,8077,530302,16225152,24,18,12,25
irregular-n12-t128-b00008-falternating-s13,Accelerated,1,true,1,3,0,1,1,0,0,0,0,1,0,1,420,1260,1122,1122,104022,104022,1358222,58476370,23745424,25,24,12,25
irregular-n12-t128-b00008-falternating-s13,Accelerated,2,true,2,5,0,2,2,1,0,1,0,1,0,1,26,130,130,130,13090,13090,156438,7507854,34863436368,36,35,15,36
irregular-n12-t128-b00008-falternating-s13,Accelerated,3,true,1,3,0,1,1,0,0,0,0,1,0,1,70,210,210,210,23310,23310,299875,17100229,32845248,25,23,13,26
irregular-n12-t128-b00008-falternating-s14,Standard,0,true,2,3,1,0,1,0,0,0,0,0,0,0,1,3,3,3,471,471,9450,701877,21624962,25,23,13,25
irregular-n12-t128-b00008-falternating-s14,Standard,1,true,2,3,1,0,1,0,0,0,0,0,0,0,456,1368,1221,1221,113271,113271,1715289,81582009,35360288,26,24,13,26
irregular-n12-t128-b00008-falternating-s14,Standard,2,true,5,6,4,0,4,0,0,0,0,0,0,0,26,156,156,156,15708,15708,207237,11857474,32219718,25,25,13,26
irregular-n12-t128-b00008-falternating-s14,Standard,3,true,4,5,3,0,3,0,0,0,0,0,0,0,76,380,380,380,42180,42180,625936,39914970,30790864,25,25,13,26
irregular-n12-t128-b00008-falternating-s14,Accelerated,0,true,1,3,0,1,1,0,0,0,0,1,0,1,1,3,3,3,471,471,9450,700007,21624962,25,21,13,25
irregular-n12-t128-b00008-falternating-s14,Accelerated,1,true,1,3,0,1,1,0,0,0,0,1,0,1,456,1368,1221,1221,113271,113271,1715289,81476711,35360288,26,24,13,26
irregular-n12-t128-b00008-falternating-s14,Accelerated,2,true,3,7,0,3,3,2,1,1,0,1,0,1,26,182,182,182,18326,18326,274180,14980840,25650536268816,45,44,24,45
irregular-n12-t128-b00008-falternating-s14,Accelerated,3,true,2,5,0,2,2,1,0,1,0,1,0,1,76,380,380,380,42180,42180,709177,42808905,36873822900,36,35,15,36
irregular-n12-t128-b00008-falternating-s15,Standard,0,true,2,3,1,0,1,0,0,0,0,0,0,0,1,3,3,3,471,471,9239,726310,26484522,25,23,13,25
irregular-n12-t128-b00008-falternating-s15,Standard,1,true,3,4,2,0,2,0,0,0,0,0,0,0,456,1824,1668,1668,154908,154908,2360669,116785594,31055040,25,23,13,25
irregular-n12-t128-b00008-falternating-s15,Standard,2,true,5,6,4,0,4,0,0,0,0,0,0,0,26,156,156,156,15708,15708,214544,12942352,30464238,25,25,13,26
irregular-n12-t128-b00008-falternating-s15,Standard,3,true,3,4,2,0,2,0,0,0,0,0,0,0,76,304,304,304,33744,33744,506392,34116559,33771384,26,25,13,26
irregular-n12-t128-b00008-falternating-s15,Accelerated,0,true,1,3,0,1,1,0,0,0,0,1,0,1,1,3,3,3,471,471,9239,726310,26484522,25,21,13,25
irregular-n12-t128-b00008-falternating-s15,Accelerated,1,true,1,3,0,1,1,0,0,0,0,1,0,1,456,1368,1251,1251,116181,116181,1724112,83297559,28412074,25,23,13,25
irregular-n12-t128-b00008-falternating-s15,Accelerated,2,true,3,7,0,3,3,2,1,1,0,1,0,1,26,182,182,182,18326,18326,275322,15698624,15317345941824,44,43,24,44
irregular-n12-t128-b00008-falternating-s15,Accelerated,3,true,1,3,0,1,1,0,0,0,0,1,0,1,76,228,228,228,25308,25308,386521,25115550,33771384,26,24,13,26
irregular-n12-t128-b00008-falternating-s16,Standard,0,true,3,4,2,0,2,0,0,0,0,0,0,0,1,4,4,4,628,628,12184,882056,14254272,24,21,12,24
irregular-n12-t128-b00008-falternating-s16,Standard,1,true,4,5,3,0,3,0,0,0,0,0,0,0,444,2220,2045,2045,189595,189595,2768796,130057609,18807866,25,23,12,25
irregular-n12-t128-b00008-falternating-s16,Standard,2,true,5,6,4,0,4,0,0,0,0,0,0,0,26,156,156,156,15708,15708,186842,10155643,22427050,25,25,13,25
irregular-n12-t128-b00008-falternating-s16,Standard,3,true,4,5,3,0,3,0,0,0,0,0,0,0,74,370,370,370,41070,41070,565312,34637544,23300004,25,24,13,25
irregular-n12-t128-b00008-falternating-s16,Accelerated,0,true,1,3,0,1,1,0,0,0,0,1,0,1,1,3,3,3,471,471,8640,604077,12201448,24,20,12,24
irregular-n12-t128-b00008-falternating-s16,Accelerated,1,true,2,5,0,2,2,1,0,1,0,1,0,1,444,2220,2045,2045,189595,189595,2671635,120453327,4764874464,33,32,21,33
irregular-n12-t128-b00008-falternating-s16,Accelerated,2,true,3,7,0,3,3,2,1,1,0,1,0,1,26,182,182,182,18326,18326,242457,12308345,7579019989504,43,42,23,43
irregular-n12-t128-b00008-falternating-s16,Accelerated,3,true,2,5,0,2,2,1,0,1,0,1,0,1,74,370,370,370,41070,41070,603295,33939381,20515199904,35,34,15,35
irregular-n12-t128-b00008-falternating-s17,Standard,0,true,2,3,1,0,1,0,0,0,0,0,0,0,1,3,3,3,471,471,9082,694550,16616016,24,22,12,24
irregular-n12-t128-b00008-falternating-s17,Standard,1,true,2,3,1,0,1,0,0,0,0,0,0,0,492,1476,1326,1326,122946,122946,1771470,84210337,28536712,25,23,13,25
irregular-n12-t128-b00008-falternating-s17,Standard,2,true,4,5,3,0,3,0,0,0,0,0,0,0,26,130,130,130,13090,13090,153865,9073176,26319142,25,25,13,26
irregular-n12-t128-b00008-falternating-s17,Standard,3,true,4,5,3,0,3,0,0,0,0,0,0,0,82,410,410,410,45510,45510,663333,43764662,28560604,25,25,13,25
irregular-n12-t128-b00008-falternating-s17,Accelerated,0,true,1,3,0,1,1,0,0,0,0,1,0,1,1,3,3,3,471,471,9075,693024,16616016,24,20,12,24
irregular-n12-t128-b00008-falternating-s17,Accelerated,1,true,1,3,0,1,1,0,0,0,0,1,0,1,492,1476,1326,1326,122946,122946,1770338,84057126,28536712,25,23,13,25
irregular-n12-t128-b00008-falternating-s17,Accelerated,2,true,2,5,0,2,2,1,0,1,0,1,0,1,26,130,130,130,13090,13090,174894,9527499,31388545216,35,34,15,35
irregular-n12-t128-b00008-falternating-s17,Accelerated,3,true,2,5,0,2,2,1,0,1,0,1,0,1,82,410,410,410,45510,45510,714536,43391952,29731634360,35,34,15,35
irregular-n12-t128-b00008-falternating-s18,Standard,0,true,3,4,2,0,2,0,0,0,0,0,0,0,1,4,4,4,628,628,12785,871369,27109218,25,22,13,25
irregular-n12-t128-b00008-falternating-s18,Standard,1,true,3,4,2,0,2,0,0,0,0,0,0,0,408,1632,1504,1504,139424,139424,2070200,92877050,29882468,25,23,13,25
irregular-n12-t128-b00008-falternating-s18,Standard,2,true,4,5,3,0,3,0,0,0,0,0,0,0,26,130,130,130,13090,13090,155002,8341459,35707784,26,25,13,26
irregular-n12-t128-b00008-falternating-s18,Standard,3,true,4,5,3,0,3,0,0,0,0,0,0,0,68,340,340,340,37740,37740,528926,30665262,35466074,26,25,13,26
irregular-n12-t128-b00008-falternating-s18,Accelerated,0,true,2,5,0,2,2,1,0,1,0,1,0,1,1,5,5,5,785,785,16407,1090923,11127066272,34,29,22,34
irregular-n12-t128-b00008-falternating-s18,Accelerated,1,true,2,5,0,2,2,1,0,1,0,1,0,1,408,2040,1880,1880,174280,174280,2607157,116171540,17134649280,34,33,22,34
irregular-n12-t128-b00008-falternating-s18,Accelerated,2,true,2,5,0,2,2,1,0,1,0,1,0,1,26,130,130,130,13090,13090,184588,9568952,19649534016,35,34,15,35
irregular-n12-t128-b00008-falternating-s18,Accelerated,3,true,3,7,0,3,3,2,1,1,0,1,0,1,68,476,476,476,52836,52836,893084,50314603,96824934696000,47,46,27,47
irregular-n12-t128-b00008-falternating-s19,Standard,0,true,2,3,1,0,1,0,0,0,0,0,0,0,1,3,3,3,471,471,8660,650357,20260038,25,22,13,25
irregular-n12-t128-b00008-falternating-s19,Standard,1,true,3,4,2,0,2,0,0,0,0,0,0,0,432,1728,1576,1576,146456,146456,2093593,98144745,26251230,25,23,13,25
irregular-n12-t128-b00008-falternating-s19,Standard,2,true,5,6,4,0,4,0,0,0,0,0,0,0,26,156,156,156,15708,15708,207767,11952915,20482386,25,24,12,25
irregular-n12-t128-b00008-falternating-s19,Standard,3,true,3,4,2,0,2,0,0,0,0,0,0,0,72,288,288,288,31968,31968,466259,29811744,23488814,25,24,12,25
irregular-n12-t128-b00008-falternating-s19,Accelerated,0,true,1,3,0,1,1,0,0,0,0,1,0,1,1,3,3,3,471,471,8660,650357,20260038,25,20,13,25
irregular-n12-t128-b00008-falternating-s19,Accelerated,1,true,2,5,0,2,2,1,0,1,0,1,0,1,432,2160,1970,1970,183070,183070,2649505,124435697,12888821400,34,33,22,34
irregular-n12-t128-b00008-falternating-s19,Accelerated,2,true,3,7,0,3,3,2,1,1,0,1,0,1,26,182,182,182,18326,18326,257006,13729838,5851979321200,43,42,23,43
irregular-n12-t128-b00008-falternating-s19,Accelerated,3,true,1,3,0,1,1,0,0,0,0,1,0,1,72,216,216,216,23976,23976,340699,21090552,23488814,25,23,12,25
irregular-n12-t128-b00008-falternating-s20,Standard,0,true,2,3,1,0,1,0,0,0,0,0,0,0,1,3,3,3,471,471,7524,502595,10413064,24,21,12,24
irregular-n12-t128-b00008-falternating-s20,Standard,1,true,3,4,2,0,2,0,0,0,0,0,0,0,384,1536,1408,1408,130688,130688,1670208,71725959,16242658,24,23,12,24
irregular-n12-t128-b00008-falternating-s20,Standard,2,true,5,6,4,0,4,0,0,0,0,0,0,0,26,156,156,156,15708,15708,165823,8645979,17857406,25,24,12,25
irregular-n12-t128-b00008-falternating-s20,Standard,3,true,5,6,4,0,4,0,0,0,0,0,0,0,64,384,384,384,42624,42624,539754,30860461,17397864,25,24,12,25
irregular-n12-t128-b00008-falternating-s20,Accelerated,0,true,1,3,0,1,1,0,0,0,0,1,0,1,1,3,3,3,471,471,7524,502171,10413064,24,19,12,24
irregular-n12-t128-b00008-falternating-s20,Accelerated,1,true,2,5,0,2,2,1,0,1,0,1,0,1,384,1920,1760,1760,163360,163360,2061691,87130543,6346710864,33,32,21,33
irregular-n12-t128-b00008-falternating-s20,Accelerated,2,true,3,7,0,3,3,2,1,1,0,1,0,1,26,182,182,182,18326,18326,221983,10916367,915923493376,40,39,20,40
irregular-n12-t128-b00008-falternating-s20,Accelerated,3,true,3,7,0,3,3,2,0,2,0,1,0,1,64,448,448,448,49728,49728,694947,37855242,18058539460,35,34,15,35
irregular-n12-t128-b00008-frandom-s01,Standard,0,true,2,3,1,0,1,0,0,0,0,0,0,0,1,3,3,3,471,471,5745,539740,11502268,24,23,13,25
irregular-n12-t128-b00008-frandom-s01,Standard,1,true,2,3,1,0,1,0,0,0,0,0,0,0,936,2808,2574,2574,238914,238914,2511603,135763847,15477670,24,23,13,26
irregular-n12-t128-b00008-frandom-s01,Standard,2,true,3,4,2,0,2,0,0,0,0,0,0,0,12,48,48,48,6384,6384,79306,7496521,9259878,24,24,12,25
irregular-n12-t128-b00008-frandom-s01,Standard,3,true,3,4,2,0,2,0,0,0,0,0,0,0,78,312,312,312,34632,34632,451591,34122836,13100452,24,24,12,25
irregular-n12-t128-b00008-frandom-s01,Accelerated,0,true,1,3,0,1,1,0,0,0,0,1,0,1,1,3,3,3,471,471,6589,637749,11502268,24,21,13,25
irregular-n12-t128-b00008-frandom-s01,Accelerated,1,true,1,3,0,1,1,0,0,0,0,1,0,1,936,2808,2574,2574,238914,238914,2732035,151873791,15477670,24,23,13,26
irregular-n12-t128-b00008-frandom-s01,Accelerated,2,true,1,3,0,1,1,0,0,0,0,1,0,1,12,36,36,36,4788,4788,66601,6350831,9225980,24,21,12,25
irregular-n12-t128-b00008-frandom-s01,Accelerated,3,true,1,3,0,1,1,0,0,0,0,1,0,1,78,234,234,234,25974,25974,377622,28449673,13100452,24,22,12,25
irregular-n12-t128-b00008-frandom-s02,Standard,0,true,3,4,2,0,2,0,0,0,0,0,0,0,1,4,4,4,628,628,10359,921858,19789088,25,23,13,25
irregular-n12-t128-b00008-frandom-s02,Standard,1,true,3,4,2,0,2,0,0,0,0,0,0,0,888,3552,3256,3256,302216,302216,3861591,205728142,26202328,25,24,13,25
irregular-n12-t128-b00008-frandom-s02,Standard,2,true,4,5,3,0,3,0,0,0,0,0,0,0,12,60,60,60,7980,7980,104772,7801385,17368548,25,24,12,25
irregular-n12-t128-b00008-frandom-s02,Standard,3,true,4,5,3,0,3,0,0,0,0,0,0,0,74,370,370,370,41070,41070,520435,32073135,21405930,25,24,12,25
irregular-n12-t128-b00008-frandom-s02,Accelerated,0,true,2,5,0,2,2,1,0,1,0,1,0,1,1,5,5,5,785,785,11684,923478,6925223400,33,32,22,33
irregular-n12-t128-b00008-frandom-s02,Accelerated,1,true,2,5,0,2,2,1,0,1,0,1,0,1,888,4440,4070,4070,377770,377770,4642269,227394223,4918785792,33,33,21,33
irregular-n12-t128-b00008-frandom-s02,Accelerated,2,true,2,5,0,2,2,1,0,1,0,1,0,1,12,60,60,60,7980,7980,120315,8393396,26692850316,35,34,21,35
irregular-n12-t128-b00008-frandom-s02,Accelerated,3,true,2,5,0,2,2,1,0,1,0,1,0,1,74,370,370,370,41070,41070,554533,30716305,24429301320,35,34,21,35
irregular-n12-t128-b00008-frandom-s03,Standard,0,true,2,3,1,0,1,0,0,0,0,0,0,0,1,3,3,3,471,471,5947,491119,11096618,24,22,13,24
irregular-n12-t128-b00008-frandom-s03,Standard,1,true,2,3,1,0,1,0,0,0,0,0,0,0,888,2664,2442,2442,226662,226662,2511467,128682932,14903746,24,22,12,25
irregular-n12-t128-b00008-frandom-s03,Standard,2,true,2,3,1,0,1,0,0,0,0,0,0,0,12,36,36,36,4788,4788,50556,4316779,10529188,24,24,12,25
irregular-n12-t128-b00008-frandom-s03,Standard,3,true,2,3,1,0,1,0,0,0,0,0,0,0,74,222,222,222,24642,24642,282409,19494829,13314114,24,24,12,25
irregular-n12-t128-b00008-frandom-s03,Accelerated,0,true,1,3,0,1,1,0,0,0,0,1,0,1,1,3,3,3,471,471,6231,522295,11096618,24,21,13,24
irregular-n12-t128-b00008-frandom-s03,Accelerated,1,true,1,3,0,1,1,0,0,0,0,1,0,1,888,2664,2442,2442,226662,226662,2665544,136929688,14903746,24,22,12,25
irregular-n12-t128-b00008-frandom-s03,Accelerated,2,true,0,2,0,0,0,0,0,0,0,0,1,0,12,24,24,24,3192,3192,38893,3309490,10529188,24,13,12,25
irregular-n12-t128-b00008-frandom-s03,Accelerated,3,true,0,2,0,0,0,0,0,0,0,0,1,0,74,148,148,148,16428,16428,206894,14026410,13314114,24,22,12,25
irregular-n12-t128-b00008-frandom-s04,Standard,0,true,3,4,2,0,2,0,0,0,0,0,0,0,1,4,4,4,628,628,12904,1212652,23947520,25,22,13,25
irregular-n12-t128-b00008-frandom-s04,Standard,1,true,3,4,2,0,2,0,0,0,0,0,0,0,936,3744,3432,3432,318552,318552,4640252,256564967,31922112,25,23,13,25
irregular-n12-t128-b00008-frandom-s04,Standard,2,true,5,6,4,0,4,0,0,0,0,0,0,0,12,72,72,72,9576,9576,156882,12474061,21220872,25,25,13,26
irregular-n12-t128-b00008-frandom-s04,Standard,3,true,4,5,3,0,3,0,0,0,0,0,0,0,78,390,390,390,43290,43290,644900,43914353,29530940,25,25,13,26
irregular-n12-t128-b00008-frandom-s04,Accelerated,0,true,2,5,0,2,2,1,0,1,0,1,0,1,1,5,5,5,785,785,14359,1275985,3409742144,32,31,21,34
irregular-n12-t128-b00008-frandom-s04,Accelerated,1,true,1,3,0,1,1,0,0,0,0,1,0,1,936,2808,2574,2574,238914,238914,3461186,181529521,16124364,24,23,13,24
irregular-n12-t128-b00008-frandom-s04,Accelerated,2,true,3,7,0,3,3,2,1,1,0,1,0,1,12,84,84,84,11172,11172,217231,16767976,55164516658368,46,45,33,46
irregular-n12-t128-b00008-frandom-s04,Accelerated,3,true,2,5,0,2,2,1,1,0,0,1,0,1,78,390,390,390,43290,43290,749105,50115070,109303745480,37,35,25,38
irregular-n12-t128-b00008-frandom-s05,Standard,0,true,2,3,1,0,1,0,0,0,0,0,0,0,1,3,3,3,471,471,7269,656372,27103898,25,23,13,26
irregular-n12-t128-b00008-frandom-s05,Standard,1,true,2,3,1,0,1,0,0,0,0,0,0,0,1008,3024,2772,2772,257292,257292,3279576,181369894,34934654,26,24,13,26
irregular-n12-t128-b00008-frandom-s05,Standard,2,true,3,4,2,0,2,0,0,0,0,0,0,0,12,48,48,48,6384,6384,97701,8622216,26406184,25,25,13,26
irregular-n12-t128-b00008-frandom-s05,Standard,3,true,4,5,3,0,3,0,0,0,0,0,0,0,84,420,420,420,46620,46620,718025,49611610,28525338,25,25,13,26
irregular-n12-t128-b00008-frandom-s05,Accelerated,0,true,1,3,0,1,1,0,0,0,0,1,0,1,1,3,3,3,471,471,8416,793227,27103898,25,22,13,26
irregular-n12-t128-b00008-frandom-s05,Accelerated,1,true,1,3,0,1,1,0,0,0,0,1,0,1,1008,3024,2772,2772,257292,257292,3678185,204642835,34934654,26,24,13,26
irregular-n12-t128-b00008-frandom-s05,Accelerated,2,true,1,3,0,1,1,0,0,0,0,1,0,1,12,36,36,36,4788,4788,87304,7640564,26406184,25,19,13,26
irregular-n12-t128-b00008-frandom-s05,Accelerated,3,true,2,5,0,2,2,1,1,0,0,1,0,1,84,420,420,420,46620,46620,828613,57353088,160852325616,38,36,25,39
irregular-n12-t128-b00008-frandom-s06,Standard,0,true,4,5,3,0,3,0,0,0,0,0,0,0,1,5,5,5,785,785,9406,501933,8545392,24,21,12,24
irregular-n12-t128-b00008-frandom-s06,Standard,1,true,3,4,2,0,2,0,0,0,0,0,0,0,744,2976,2728,2728,253208,253208,2709334,89817363,4781842,23,22,12,23
irregular-n12-t128-b00008-frandom-s06,Standard,2,true,2,3,1,0,1,0,0,0,0,0,0,0,12,36,36,36,4788,4788,42231,3136197,11852556,24,25,13,26
irregular-n12-t128-b00008-frandom-s06,Standard,3,true,3,4,2,0,2,0,0,0,0,0,0,0,62,248,248,248,27528,27528,302195,18400917,16415298,24,25,13,26
irregular-n12-t128-b00008-frandom-s06,Accelerated,0,true,3,7,0,3,3,2,0,2,0,1,0,1,1,7,7,7,1099,1099,12140,589831,7080156168,33,31,22,33
irregular-n12-t128-b00008-frandom-s06,Accelerated,1,true,0,2,0,0,0,0,0,0,0,0,1,0,744,1488,1364,1364,126604,126604,1169243,31369998,2777538,22,21,11,22
irregular-n12-t128-b00008-frandom-s06,Accelerated,2,true,0,2,0,0,0,0,0,0,0,0,1,0,12,24,24,24,3192,3192,34579,2523395,11852556,24,13,13,26
irregular-n12-t128-b00008-frandom-s06,Accelerated,3,true,1,3,0,1,1,0,0,0,0,1,0,1,62,186,186,186,20646,20646,256426,15348103,14043768,24,23,13,26
irregular-n12-t128-b00008-frandom-s07,Standard,0,true,3,4,2,0,2,0,0,0,0,0,0,0,1,4,4,4,628,628,10797,928029,23395384,25,22,13,25
irregular-n12-t128-b00008-frandom-s07,Standard,1,true,3,4,2,0,2,0,0,0,0,0,0,0,960,3840,3520,3520,326720,326720,4378555,228195025,35147800,26,24,13,26
irregular-n12-t128-b00008-frandom-s07,Standard,2,true,3,4,2,0,2,0,0,0,0,0,0,0,12,48,48,48,6384,6384,78635,5685998,29189992,25,25,13,26
irregular-n12-t128-b00008-frandom-s07,Standard,3,true,3,4,2,0,2,0,0,0,0,0,0,0,80,320,320,320,35520,35520,442384,27385655,30663784,25,25,13,26
irregular-n12-t128-b00008-frandom-s07,Accelerated,0,true,2,5,0,2,2,1,0,1,0,1,0,1,1,5,5,5,785,785,12586,1027497,2756774336,32,30,21,33
irregular-n12-t128-b00008-frandom-s07,Accelerated,1,true,2,5,0,2,2,1,0,1,0,1,0,1,960,4800,4400,4400,408400,408400,5349814,260262901,14611432120,34,34,22,34
irregular-n12-t128-b00008-frandom-s07,Accelerated,2,true,1,3,0,1,1,0,0,0,0,1,0,1,12,36,36,36,4788,4788,69030,4809420,29189992,25,21,13,26
irregular-n12-t128-b00008-frandom-s07,Accelerated,3,true,1,3,0,1,1,0,0,0,0,1,0,1,80,240,240,240,26640,26640,371277,22018756,30663784,25,24,13,26
irregular-n12-t128-b00008-frandom-s08,Standard,0,true,3,4,2,0,2,0,0,0,0,0,0,0,1,4,4,4,628,628,9154,776071,15080444,24,23,13,25
irregular-n12-t128-b00008-frandom-s08,Standard,1,true,3,4,2,0,2,0,0,0,0,0,0,0,816,3264,2992,2992,277712,277712,3026218,149361246,21441324,25,23,13,25
irregular-n12-t128-b00008-frandom-s08,Standard,2,true,3,4,2,0,2,0,0,0,0,0,0,0,12,48,48,48,6384,6384,78710,6122260,14758798,24,24,12,26
irregular-n12-t128-b00008-frandom-s08,Standard,3,true,3,4,2,0,2,0,0,0,0,0,0,0,68,272,272,272,30192,30192,371474,23366147,18231092,25,24,12,25
irregular-n12-t128-b00008-frandom-s08,Accelerated,0,true,2,5,0,2,2,1,0,1,0,1,0,1,1,5,5,5,785,785,10251,810643,3075229872,32,31,21,34
irregular-n12-t128-b00008-frandom-s08,Accelerated,1,true,2,5,0,2,2,1,0,1,0,1,0,1,816,4080,3740,3740,347140,347140,3545997,160282701,4451915776,33,32,18,33
irregular-n12-t128-b00008-frandom-s08,Accelerated,2,true,1,3,0,1,1,0,0,0,0,1,0,1,12,36,36,36,4788,4788,67154,5188942,14758798,24,21,12,26
irregular-n12-t128-b00008-frandom-s08,Accelerated,3,true,1,3,0,1,1,0,0,0,0,1,0,1,68,204,204,204,22644,22644,298904,18297314,18231092,25,23,12,25
irregular-n12-t128-b00008-frandom-s09,Standard,0,true,2,3,1,0,1,0,0,0,0,0,0,0,1,3,3,3,471,471,8615,929791,24664218,25,23,13,25
irregular-n12-t128-b00008-frandom-s09,Standard,1,true,2,3,1,0,1,0,0,0,0,0,0,0,1032,3096,2838,2838,263418,263418,3519693,214437267,32397072,25,24,13,26
irregular-n12-t128-b00008-frandom-s09,Standard,2,true,3,4,2,0,2,0,0,0,0,0,0,0,12,48,48,48,6384,6384,97184,9837029,25064832,25,25,13,26
irregular-n12-t128-b00008-frandom-s09,Standard,3,true,3,4,2,0,2,0,0,0,0,0,0,0,86,344,344,344,38184,38184,539429,43402677,28306586,25,25,13,26
irregular-n12-t128-b00008-frandom-s09,Accelerated,0,true,1,3,0,1,1,0,0,0,0,1,0,1,1,3,3,3,471,471,9450,1039861,24664218,25,21,13,25
irregular-n12-t128-b00008-frandom-s09,Accelerated,1,true,1,3,0,1,1,0,0,0,0,1,0,1,1032,3096,2838,2838,263418,263418,3790377,228177945,32397072,25,24,13,26
irregular-n12-t128-b00008-frandom-s09,Accelerated,2,true,1,3,0,1,1,0,0,0,0,1,0,1,12,36,36,36,4788,4788,86761,8844976,25064832,25,16,13,26
irregular-n12-t128-b00008-frandom-s09,Accelerated,3,true,1,3,0,1,1,0,0,0,0,1,0,1,86,258,258,258,28638,28638,461968,37358692,28306586,25,23,13,26
irregular-n12-t128-b00008-frandom-s10,Standard,0,true,3,4,2,0,2,0,0,0,0,0,0,0,1,4,4,4,628,628,10726,966546,19588700,25,23,13,25
irregular-n12-t128-b00008-frandom-s10,Standard,1,true,4,5,3,0,3,0,0,0,0,0,0,0,912,4560,4180,4180,387980,387980,5283517,284088856,30091408,25,24,13,26
irregular-n12-t128-b00008-frandom-s10,Standard,2,true,3,4,2,0,2,0,0,0,0,0,0,0,12,48,48,48,6384,6384,89073,7533734,23078274,25,25,13,26
irregular-n12-t128-b00008-frandom-s10,Standard,3,true,3,4,2,0,2,0,0,0,0,0,0,0,76,304,304,304,33744,33744,448976,30293611,23842880,25,25,13,26
irregular-n12-t128-b00008-frandom-s10,Accelerated,0,true,2,5,0,2,2,1,0,1,0,1,0,1,1,5,5,5,785,785,11825,1001005,4883453824,33,31,20,34
irregular-n12-t128-b00008-frandom-s10,Accelerated,1,true,2,5,0,2,2,1,0,1,0,1,0,1,912,4560,4180,4180,387980,387980,4733919,231467638,8932761992,34,33,21,34
irregular-n12-t128-b00008-frandom-s10,Accelerated,2,true,1,3,0,1,1,0,0,0,0,1,0,1,12,36,36,36,4788,4788,79487,6680017,23078274,25,19,13,26
irregular-n12-t128-b00008-frandom-s10,Accelerated,3,true,1,3,0,1,1,0,0,0,0,1,0,1,76,228,228,228,25308,25308,379643,25109928,23842880,25,23,13,26
irregular-n12-t128-b00008-frandom-s11,Standard,0,true,3,4,2,0,2,0,0,0,0,0,0,0,1,4,4,4,628,628,12165,1109566,22729968,25,22,13,25
irregular-n12-t128-b00008-frandom-s11,Standard,1,true,2,3,1,0,1,0,0,0,0,0,0,0,888,2664,2442,2442,226662,226662,2967583,156272653,33508404,25,24,13,26
irregular-n12-t128-b00008-frandom-s11,Standard,2,true,3,4,2,0,2,0,0,0,0,0,0,0,12,48,48,48,6384,6384,87983,7352348,26518816,25,25,13,26
irregular-n12-t128-b00008-frandom-s11,Standard,3,true,4,5,3,0,3,0,0,0,0,0,0,0,74,370,370,370,41070,41070,593926,39709351,25602110,25,25,13,26
irregular-n12-t128-b00008-frandom-s11,Accelerated,0,true,1,3,0,1,1,0,0,0,0,1,0,1,1,3,3,3,471,471,8439,736990,21889268,25,21,13,25
irregular-n12-t128-b00008-frandom-s11,Accelerated,1,true,1,3,0,1,1,0,0,0,0,1,0,1,888,2664,2442,2442,226662,226662,3030378,156401914,33508404,25,24,13,26
irregular-n12-t128-b00008-frandom-s11,Accelerated,2,true,1,3,0,1,1,0,0,0,0,1,0,1,12,36,36,36,4788,4788,76903,6342537,26518816,25,20,13,26
irregular-n12-t128-b00008-frandom-s11,Accelerated,3,true,2,5,0,2,2,1,0,1,0,1,0,1,74,370,370,370,41070,41070,680983,44419428,89397611280,37,35,24,37
irregular-n12-t128-b00008-frandom-s12,Standard,0,true,3,4,2,0,2,0,0,0,0,0,0,0,1,4,4,4,628,628,11605,922494,15110648,24,22,12,24
irregular-n12-t128-b00008-frandom-s12,Standard,1,true,4,5,3,0,3,0,0,0,0,0,0,0,864,4320,3960,3960,367560,367560,4746499,230899377,20436494,25,23,12,25
irregular-n12-t128-b00008-frandom-s12,Standard,2,true,4,5,3,0,3,0,0,0,0,0,0,0,12,60,60,60,7980,7980,110398,7272454,15945104,24,25,13,26
irregular-n12-t128-b00008-frandom-s12,Standard,3,true,3,4,2,0,2,0,0,0,0,0,0,0,72,288,288,288,31968,31968,394095,24160540,18196584,25,25,13,26
irregular-n12-t128-b00008-frandom-s12,Accelerated,0,true,1,3,0,1,1,0,0,0,0,1,0,1,1,3,3,3,471,471,8298,575608,9215334,24,19,12,24
irregular-n12-t128-b00008-frandom-s12,Accelerated,1,true,3,7,0,3,3,2,0,2,0,1,0,1,864,6048,5544,5544,514584,514584,6583022,301311527,64465451596,36,36,24,37
irregular-n12-t128-b00008-frandom-s12,Accelerated,2,true,2,5,0,2,2,1,1,0,0,1,0,1,12,60,60,60,7980,7980,133126,8260622,24191230000,35,34,23,36
irregular-n12-t128-b00008-frandom-s12,Accelerated,3,true,1,3,0,1,1,0,0,0,0,1,0,1,72,216,216,216,23976,23976,333791,19828397,18196584,25,23,13,26
irregular-n12-t128-b00008-frandom-s13,Standard,0,true,3,4,2,0,2,0,0,0,0,0,0,0,1,4,4,4,628,628,11234,949211,10280488,24,21,12,24
irregular-n12-t128-b00008-frandom-s13,Standard,1,true,3,4,2,0,2,0,0,0,0,0,0,0,840,3360,3080,3080,285880,285880,3509216,178334215,14586290,24,22,12,24
irregular-n12-t128-b00008-frandom-s13,Standard,2,true,3,4,2,0,2,0,0,0,0,0,0,0,12,48,48,48,6384,6384,75750,6245924,10359852,24,24,12,25
irregular-n12-t128-b00008-frandom-s13,Standard,3,true,2,3,1,0,1,0,0,0,0,0,0,0,70,210,210,210,23310,23310,245492,15950725,13736844,24,24,12,25
irregular-n12-t128-b00008-frandom-s13,Accelerated,0,true,2,5,0,2,2,1,0,1,0,1,0,1,1,5,5,5,785,785,15279,1231845,4506242432,33,28,21,33
irregular-n12-t128-b00008-frandom-s13,Accelerated,1,true,2,5,0,2,2,1,0,1,0,1,0,1,840,4200,3850,3850,357350,357350,4215201,199653896,3081605520,32,32,20,32
irregular-n12-t128-b00008-frandom-s13,Accelerated,2,true,1,3,0,1,1,0,0,0,0,1,0,1,12,36,36,36,4788,4788,67038,5509587,10359852,24,19,12,25
irregular-n12-t128-b00008-frandom-s13,Accelerated,3,true,0,2,0,0,0,0,0,0,0,0,1,0,70,140,140,140,15540,15540,186043,11795494,13736844,24,22,12,25
irregular-n12-t128-b00008-frandom-s14,Standard,0,true,3,4,2,0,2,0,0,0,0,0,0,0,1,4,4,4,628,628,11550,1061424,13266726,24,21,12,24
irregular-n12-t128-b00008-frandom-s14,Standard,1,true,4,5,3,0,3,0,0,0,0,0,0,0,912,4560,4180,4180,387980,387980,5509562,297098757,17529072,25,22,12,25
irregular-n12-t128-b00008-frandom-s14,Standard,2,true,2,3,1,0,1,0,0,0,0,0,0,0,12,36,36,36,4788,4788,43805,3948314,12663316,24,25,13,26
irregular-n12-t128-b00008-frandom-s14,Standard,3,true,3,4,2,0,2,0,0,0,0,0,0,0,76,304,304,304,33744,33744,428320,30501648,18622044,25,25,13,26
irregular-n12-t128-b00008-frandom-s14,Accelerated,0,true,2,5,0,2,2,1,0,1,0,1,0,1,1,5,5,5,785,785,14773,1262572,2810580288,32,29,20,33
irregular-n12-t128-b00008-frandom-s14,Accelerated,1,true,0,2,0,0,0,0,0,0,0,0,1,0,912,1824,1672,1672,155192,155192,1912818,83223760,2324086,22,20,12,22
irregular-n12-t128-b00008-frandom-s14,Accelerated,2,true,0,2,0,0,0,0,0,0,0,0,1,0,12,24,24,24,3192,3192,34753,3146512,12663316,24,19,13,26
irregular-n12-t128-b00008-frandom-s14,Accelerated,3,true,1,3,0,1,1,0,0,0,0,1,0,1,76,228,228,228,25308,25308,355455,25750420,17599680,25,23,13,26
irregular-n12-t128-b00008-frandom-s15,Standard,0,true,2,3,1,0,1,0,0,0,0,0,0,0,1,3,3,3,471,471,5629,477652,16964754,25,23,13,25
irregular-n12-t128-b00008-frandom-s15,Standard,1,true,2,3,1,0,1,0,0,0,0,0,0,0,912,2736,2508,2508,232788,232788,2530045,132459618,23638776,25,24,13,26
irregular-n12-t128-b00008-frandom-s15,Standard,2,true,4,5,3,0,3,0,0,0,0,0,0,0,12,60,60,60,7980,7980,122037,10889288,13423134,24,24,12,25
irregular-n12-t128-b00008-frandom-s15,Standard,3,true,3,4,2,0,2,0,0,0,0,0,0,0,76,304,304,304,33744,33744,471991,33641423,16074258,24,24,12,25
irregular-n12-t128-b00008-frandom-s15,Accelerated,0,true,1,3,0,1,1,0,0,0,0,1,0,1,1,3,3,3,471,471,5828,503237,16964754,25,22,13,25
irregular-n12-t128-b00008-frandom-s15,Accelerated,1,true,1,3,0,1,1,0,0,0,0,1,0,1,912,2736,2508,2508,232788,232788,2730415,146387660,23638776,25,24,13,26
irregular-n12-t128-b00008-frandom-s15,Accelerated,2,true,2,5,0,2,2,1,0,1,0,1,0,1,12,60,60,60,7980,7980,146117,12960553,30695838616,35,33,23,36
irregular-n12-t128-b00008-frandom-s15,Accelerated,3,true,1,3,0,1,1,0,0,0,0,1,0,1,76,228,228,228,25308,25308,386683,27779485,17414370,25,23,12,25
irregular-n12-t128-b00008-frandom-s16,Standard,0,true,3,4,2,0,2,0,0,0,0,0,0,0,1,4,4,4,628,628,9802,924399,24195240,25,23,13,25
irregular-n12-t128-b00008-frandom-s16,Standard,1,true,3,4,2,0,2,0,0,0,0,0,0,0,888,3552,3256,3256,302216,302216,3944932,228859969,34151778,26,24,13,26
irregular-n12-t128-b00008-frandom-s16,Standard,2,true,4,5,3,0,3,0,0,0,0,0,0,0,12,60,60,60,7980,7980,124161,9705280,22228700,25,24,12,26
irregular-n12-t128-b00008-frandom-s16,Standard,3,true,4,5,3,0,3,0,0,0,0,0,0,0,74,370,370,370,41070,41070,587381,38229500,22016310,25,24,12,25
irregular-n12-t128-b00008-frandom-s16,Accelerated,0,true,2,5,0,2,2,1,0,1,0,1,0,1,1,5,5,5,785,785,10993,973881,6213738240,33,31,20,35
irregular-n12-t128-b00008-frandom-s16,Accelerated,1,true,2,5,0,2,2,1,0,1,0,1,0,1,888,4440,4070,4070,377770,377770,5065086,278777798,22958653480,35,35,23,35
irregular-n12-t128-b00008-frandom-s16,Accelerated,2,true,2,5,0,2,2,1,0,1,0,1,0,1,12,60,60,60,7980,7980,127675,8642374,23314078480,35,34,21,35
irregular-n12-t128-b00008-frandom-s16,Accelerated,3,true,2,5,0,2,2,1,1,0,0,1,0,1,74,370,370,370,41070,41070,589181,35678784,33057309488,35,34,22,36
irregular-n12-t128-b00008-frandom-s17,Standard,0,true,2,3,1,0,1,0,0,0,0,0,0,0,1,3,3,3,471,471,7084,702199,20196404,25,23,13,25
irregular-n12-t128-b00008-frandom-s17,Standard,1,true,3,4,2,0,2,0,0,0,0,0,0,0,984,3936,3608,3608,334888,334888,4422822,265350691,27335208,25,24,13,26
irregular-n12-t128-b00008-frandom-s17,Standard,2,true,3,4,2,0,2,0,0,0,0,0,0,0,12,48,48,48,6384,6384,91792,8741679,16887158,25,25,13,26
irregular-n12-t128-b00008-frandom-s17,Standard,3,true,3,4,2,0,2,0,0,0,0,0,0,0,82,328,328,328,36408,36408,518636,39397683,22819628,25,25,13,26
irregular-n12-t128-b00008-frandom-s17,Accelerated,0,true,1,3,0,1,1,0,0,0,0,1,0,1,1,3,3,3,471,471,7789,801193,20196404,25,22,13,25
irregular-n12-t128-b00008-frandom-s17,Accelerated,1,true,2,5,0,2,2,1,0,1,0,1,0,1,984,4920,4510,4510,418610,418610,5771322,332367144,18106139736,35,34,22,35
irregular-n12-t128-b00008-frandom-s17,Accelerated,2,true,2,5,0,2,2,1,0,1,0,1,0,1,12,60,60,60,7980,7980,148642,14256497,97623349888,37,35,25,38
irregular-n12-t128-b00008-frandom-s17,Accelerated,3,true,1,3,0,1,1,0,0,0,0,1,0,1,82,246,246,246,27306,27306,435868,32902404,22819628,25,23,13,26
irregular-n12-t128-b00008-frandom-s18,Standard,0,true,3,4,2,0,2,0,0,0,0,0,0,0,1,4,4,4,628,628,9794,656237,6056080,23,20,12,23
irregular-n12-t128-b00008-frandom-s18,Standard,1,true,3,4,2,0,2,0,0,0,0,0,0,0,816,3264,2992,2992,277712,277712,3231462,148238813,12626102,24,23,12,24
irregular-n12-t128-b00008-frandom-s18,Standard,2,true,3,4,2,0,2,0,0,0,0,0,0,0,12,48,48,48,6384,6384,71314,4973073,11687256,24,24,12,25
irregular-n12-t128-b00008-frandom-s18,Standard,3,true,4,5,3,0,3,0,0,0,0,0,0,0,68,340,340,340,37740,37740,448244,25895150,13297770,24,25,13,25
irregular-n12-t128-b00008-frandom-s18,Accelerated,0,true,1,3,0,1,1,0,0,0,0,1,0,1,1,3,3,3,471,471,6760,394664,4207340,23,16,11,23
irregular-n12-t128-b00008-frandom-s18,Accelerated,1,true,2,5,0,2,2,1,0,1,0,1,0,1,816,4080,3740,3740,347140,347140,3819813,161140436,2147155304,31,31,20,32
irregular-n12-t128-b00008-frandom-s18,Accelerated,2,true,1,3,0,1,1,0,0,0,0,1,0,1,12,36,36,36,4788,4788,62998,4279364,11687256,24,21,12,25
irregular-n12-t128-b00008-frandom-s18,Accelerated,3,true,2,5,0,2,2,1,1,0,0,1,0,1,68,340,340,340,37740,37740,502860,27385077,19157425104,35,34,23,36
irregular-n12-t128-b00008-frandom-s19,Standard,0,true,2,3,1,0,1,0,0,0,0,0,0,0,1,3,3,3,471,471,6490,571849,15589954,24,23,13,25
irregular-n12-t128-b00008-frandom-s19,Standard,1,true,3,4,2,0,2,0,0,0,0,0,0,0,864,3456,3120,3120,289680,289680,3538816,187334682,22799526,25,24,13,25
irregular-n12-t128-b00008-frandom-s19,Standard,2,true,4,5,3,0,3,0,0,0,0,0,0,0,12,60,60,60,7980,7980,115772,9567073,15005096,24,25,13,26
irregular-n12-t128-b00008-frandom-s19,Standard,3,true,3,4,2,0,2,0,0,0,0,0,0,0,72,288,288,288,31968,31968,409513,27976303,18756276,25,25,13,26
irregular-n12-t128-b00008-frandom-s19,Accelerated,0,true,1,3,0,1,1,0,0,0,0,1,0,1,1,3,3,3,471,471,6525,575965,15589954,24,22,13,25
irregular-n12-t128-b00008-frandom-s19,Accelerated,1,true,2,5,0,2,2,1,0,1,0,1,0,1,864,4320,3900,3900,362100,362100,4178128,205002302,6276175776,33,33,21,33
irregular-n12-t128-b00008-frandom-s19,Accelerated,2,true,2,5,0,2,2,1,0,1,0,1,0,1,12,60,60,60,7980,7980,140374,11449647,68516875320,36,34,24,37
irregular-n12-t128-b00008-frandom-s19,Accelerated,3,true,1,3,0,1,1,0,0,0,0,1,0,1,72,216,216,216,23976,23976,346904,23477777,18756276,25,23,13,26
irregular-n12-t128-b00008-frandom-s20,Standard,0,true,3,4,2,0,2,0,0,0,0,0,0,0,1,4,4,4,628,628,10149,776053,12542662,24,22,12,24
irregular-n12-t128-b00008-frandom-s20,Standard,1,true,3,4,2,0,2,0,0,0,0,0,0,0,768,3072,2816,2816,261376,261376,2921569,137303942,20623090,25,23,12,25
irregular-n12-t128-b00008-frandom-s20,Standard,2,true,4,5,3,0,3,0,0,0,0,0,0,0,12,60,60,60,7980,7980,98769,6375037,13596990,24,24,12,25
irregular-n12-t128-b00008-frandom-s20,Standard,3,true,4,5,3,0,3,0,0,0,0,0,0,0,64,320,320,320,35520,35520,425057,23218924,16589226,24,24,12,25
irregular-n12-t128-b00008-frandom-s20,Accelerated,0,true,1,3,0,1,1,0,0,0,0,1,0,1,1,3,3,3,471,471,7382,510142,7635056,23,19,12,23
irregular-n12-t128-b00008-frandom-s20,Accelerated,1,true,2,5,0,2,2,1,0,1,0,1,0,1,768,3840,3520,3520,326720,326720,3401660,147539439,3840889952,32,32,18,33
irregular-n12-t128-b00008-frandom-s20,Accelerated,2,true,2,5,0,2,2,1,0,1,0,1,0,1,12,60,60,60,7980,7980,115908,6978017,13849419936,34,33,22,34
irregular-n12-t128-b00008-frandom-s20,Accelerated,3,true,2,5,0,2,2,1,1,0,0,1,0,1,64,320,320,320,35520,35520,466603,23688961,20968024812,35,33,22,36
irregular-n12-t128-b00064-falternating-s01,Standard,0,true,3,4,2,0,2,0,0,0,0,0,0,0,1,4,4,4,628,628,14177,1201633,114641532121937715817257571632161033588916,137,135,69,137
irregular-n12-t128-b00064-falternating-s01,Standard,1,true,3,4,2,0,2,0,0,0,0,0,0,0,468,1872,1616,1616,150256,150256,2451114,125336059,170817390372507189893906811706493269838392,137,135,69,137
irregular-n12-t128-b00064-falternating-s01,Standard,2,true,4,5,3,0,3,0,0,0,0,0,0,0,26,130,130,130,13090,13090,168516,10252234,116731817661393370345867482145808086705352,137,137,69,138
irregular-n12-t128-b00064-falternating-s01,Standard,3,true,4,5,3,0,3,0,0,0,0,0,0,0,78,390,390,390,43290,43290,738919,49967932,148597114073009404455288782663458052808572,137,136,69,138
irregular-n12-t128-b00064-falternating-s01,Accelerated,0,true,1,3,0,1,1,0,0,0,0,1,0,1,1,3,3,3,471,471,9975,822784,108208651922392006423957441479653409233888,137,132,68,137
irregular-n12-t128-b00064-falternating-s01,Accelerated,1,true,2,5,0,2,2,1,0,1,0,1,0,1,468,2340,2020,2020,187820,187820,3084385,156858763,6040039857616902251569815784406214455799092626154882402572224,202,201,134,202
irregular-n12-t128-b00064-falternating-s01,Accelerated,2,true,3,7,0,3,3,2,1,1,0,1,0,1,26,182,182,182,18326,18326,290735,17006222,601385472415214821290966820388375644922596908744915396822334676249012932731945216,269,268,137,269
irregular-n12-t128-b00064-falternating-s01,Accelerated,3,true,2,5,0,2,2,1,0,1,0,1,0,1,78,390,390,390,43290,43290,757146,48045392,9485823026720172484229926171651760210355186758881715319410508,203,202,71,203
irregular-n12-t128-b00064-falternating-s02,Standard,0,true,3,4,2,0,2,0,0,0,0,0,0,0,1,4,4,4,628,628,13186,1027668,150835590084471502427043358259342565117758,137,135,69,137
irregular-n12-t128-b00064-falternating-s02,Standard,1,true,3,4,2,0,2,0,0,0,0,0,0,0,444,1776,1624,1624,150824,150824,2311489,112550288,167330453888177025866359897302377452490064,137,135,69,137
irregular-n12-t128-b00064-falternating-s02,Standard,2,true,4,5,3,0,3,0,0,0,0,0,0,0,26,130,130,130,13090,13090,165644,9689230,175203982487009166137004661565366030123844,138,137,69,138
irregular-n12-t128-b00064-falternating-s02,Standard,3,true,4,5,3,0,3,0,0,0,0,0,0,0,74,370,370,370,41070,41070,634795,41083025,180015552464044322240914233623457243034822,138,137,69,138
irregular-n12-t128-b00064-falternating-s02,Accelerated,0,true,2,5,0,2,2,1,0,1,0,1,0,1,1,5,5,5,785,785,16461,1259732,8319290984191723984163814008546896411638229048882693664470480,203,200,135,203
irregular-n12-t128-b00064-falternating-s02,Accelerated,1,true,1,3,0,1,1,0,0,0,0,1,0,1,444,1332,1218,1218,113118,113118,1680486,79831867,114804715561460230484306687171113094720412,137,135,69,137
irregular-n12-t128-b00064-falternating-s02,Accelerated,2,true,2,5,0,2,2,1,0,1,0,1,0,1,26,130,130,130,13090,13090,179866,9777140,13380093116502022509675812311662811247479232888195986863810768,204,203,71,204
irregular-n12-t128-b00064-falternating-s02,Accelerated,3,true,2,5,0,2,2,1,0,1,0,1,0,1,74,370,370,370,41070,41070,677474,41638725,11997754017037042518846121738434881290812217343653954568115020,203,203,71,203
irregular-n12-t128-b00064-falternating-s03,Standard,0,true,3,4,2,0,2,0,0,0,0,0,0,0,1,4,4,4,628,628,11889,840655,102211543469310839662438650893224327125166,137,134,69,137
irregular-n12-t128-b00064-falternating-s03,Standard,1,true,3,4,2,0,2,0,0,0,0,0,0,0,444,1776,1644,1644,152244,152244,2171410,98862992,114403416870352863484081840731832476603750,137,135,68,137
irregular-n12-t128-b00064-falternating-s03,Standard,2,true,4,5,3,0,3,0,0,0,0,0,0,0,26,130,130,130,13090,13090,146940,8108509,142457753680213918768075807840738110701984,137,137,69,138
irregular-n12-t128-b00064-falternating-s03,Standard,3,true,4,5,3,0,3,0,0,0,0,0,0,0,74,370,370,370,41070,41070,577364,35581083,144504911596488091603350353897012689348316,137,137,69,138
irregular-n12-t128-b00064-falternating-s03,Accelerated,0,true,2,5,0,2,2,1,0,1,0,1,0,1,1,5,5,5,785,785,15011,1054403,3786737240169558986734208260598452937191869740472444677990068,202,198,134,202
irregular-n12-t128-b00064-falternating-s03,Accelerated,1,true,2,5,0,2,2,1,0,1,0,1,0,1,444,2220,2055,2055,190305,190305,2683482,120450000,4690348158385270238729568406126220174946803521922650633911520,202,201,134,202
irregular-n12-t128-b00064-falternating-s03,Accelerated,2,true,2,5,0,2,2,1,0,1,0,1,0,1,26,130,130,130,13090,13090,166388,8438892,10771184001540738505044523699410651751625358981233943019443128,203,202,71,203
irregular-n12-t128-b00064-falternating-s03,Accelerated,3,true,2,5,0,2,2,1,0,1,0,1,0,1,74,370,370,370,41070,41070,634918,36819669,9555495120035570258189380978952480882280427077149384243194980,203,202,71,203
irregular-n12-t128-b00064-falternating-s04,Standard,0,true,3,4,2,0,2,0,0,0,0,0,0,0,1,4,4,4,628,628,13349,1171315,140329999426625829193509454286466634820904,137,135,69,137
irregular-n12-t128-b00064-falternating-s04,Standard,1,true,2,3,1,0,1,0,0,0,0,0,0,0,468,1404,1269,1269,118179,118179,1790268,89946111,207176434820218578421254657051927797122582,138,136,69,138
irregular-n12-t128-b00064-falternating-s04,Standard,2,true,4,5,3,0,3,0,0,0,0,0,0,0,26,130,130,130,13090,13090,177988,11260813,147570061367517536200718232063531274330736,137,136,69,138
irregular-n12-t128-b00064-falternating-s04,Standard,3,true,3,4,2,0,2,0,0,0,0,0,0,0,78,312,312,312,34632,34632,542050,37284163,187095735394215785487333808984674406377356,138,137,69,138
irregular-n12-t128-b00064-falternating-s04,Accelerated,0,true,2,5,0,2,2,1,0,1,0,1,0,1,1,5,5,5,785,785,16101,1384708,4128757051321676977465267075413596207727624594617543744327616,202,199,134,202
irregular-n12-t128-b00064-falternating-s04,Accelerated,1,true,1,3,0,1,1,0,0,0,0,1,0,1,468,1404,1269,1269,118179,118179,1790268,89943159,207176434820218578421254657051927797122582,138,136,69,138
irregular-n12-t128-b00064-falternating-s04,Accelerated,2,true,2,5,0,2,2,1,1,0,0,1,0,1,26,130,130,130,13090,13090,190086,11595086,20662831246418090467611360328182855024375101187077290205822656,204,203,133,205
irregular-n12-t128-b00064-falternating-s04,Accelerated,3,true,1,3,0,1,1,0,0,0,0,1,0,1,78,234,234,234,25974,25974,397900,26704599,187095735394215785487333808984674406377356,138,136,69,138
irregular-n12-t128-b00064-falternating-s05,Standard,0,true,3,4,2,0,2,0,0,0,0,0,0,0,1,4,4,4,628,628,13169,1106878,123767903681039803057976019595188814212674,137,135,69,137
irregular-n12-t128-b00064-falternating-s05,Standard,1,true,2,3,1,0,1,0,0,0,0,0,0,0,504,1512,1320,1320,122520,122520,1842261,91464201,182475359061493417533646794349028126317296,138,136,69,138
irregular-n12-t128-b00064-falternating-s05,Standard,2,true,3,4,2,0,2,0,0,0,0,0,0,0,26,104,104,104,10472,10472,116242,7232754,133369891006762215783881771563176082348008,137,137,69,138
irregular-n12-t128-b00064-falternating-s05,Standard,3,true,3,4,2,0,2,0,0,0,0,0,0,0,84,336,336,336,37296,37296,567584,39278932,175844862333203497933269996982209551335564,138,137,69,138
irregular-n12-t128-b00064-falternating-s05,Accelerated,0,true,2,5,0,2,2,1,0,1,0,1,0,1,1,5,5,5,785,785,16687,1396722,5197528322923012148321106843490249155825669526037267681412960,202,199,134,202
irregular-n12-t128-b00064-falternating-s05,Accelerated,1,true,1,3,0,1,1,0,0,0,0,1,0,1,504,1512,1320,1320,122520,122520,1842261,91364109,182475359061493417533646794349028126317296,138,136,69,138
irregular-n12-t128-b00064-falternating-s05,Accelerated,2,true,1,3,0,1,1,0,0,0,0,1,0,1,26,78,78,78,7854,7854,100866,6033397,149397877296683189554699643821545705642720,137,136,69,137
irregular-n12-t128-b00064-falternating-s05,Accelerated,3,true,1,3,0,1,1,0,0,0,0,1,0,1,84,252,252,252,27972,27972,421045,27770192,175844862333203497933269996982209551335564,138,136,69,138
irregular-n12-t128-b00064-falternating-s06,Standard,0,true,3,4,2,0,2,0,0,0,0,0,0,0,1,4,4,4,628,628,11138,697277,68654494015949722921008101439720279309400,136,132,68,136
irregular-n12-t128-b00064-falternating-s06,Standard,1,true,3,4,2,0,2,0,0,0,0,0,0,0,372,1488,1372,1372,127172,127172,1722061,72671001,98332459779291526566446924419137989060490,137,135,68,137
irregular-n12-t128-b00064-falternating-s06,Standard,2,true,5,6,4,0,4,0,0,0,0,0,0,0,26,156,156,156,15708,15708,177716,8972638,90430088073443740253297196188363744452084,137,136,68,137
irregular-n12-t128-b00064-falternating-s06,Standard,3,true,5,6,4,0,4,0,0,0,0,0,0,0,62,372,372,372,41292,41292,550902,29836424,99729410019405205202754006400543430693552,137,136,68,137
irregular-n12-t128-b00064-falternating-s06,Accelerated,0,true,2,5,0,2,2,1,0,1,0,1,0,1,1,5,5,5,785,785,13879,833889,903695307639429106518473920543067395828659217948446159674544,200,195,132,200
irregular-n12-t128-b00064-falternating-s06,Accelerated,1,true,2,5,0,2,2,1,0,1,0,1,0,1,372,1860,1715,1715,158965,158965,2144200,89522299,2770172903280682046272723946968999271046097561448484015671652,201,200,133,201
irregular-n12-t128-b00064-falternating-s06,Accelerated,2,true,3,7,0,3,3,2,1,1,0,1,0,1,26,182,182,182,18326,18326,242624,11730742,150825870708857595446955806390230599572544670298512632782276548852179801340746528,267,266,136,267
irregular-n12-t128-b00064-falternating-s06,Accelerated,3,true,3,7,0,3,3,2,1,1,0,1,0,1,62,434,434,434,48174,48174,711675,36668054,132880718863735298387098290141913930360663635394005063589618741017602329496788032,267,266,136,267
irregular-n12-t128-b00064-falternating-s07,Standard,0,true,3,4,2,0,2,0,0,0,0,0,0,0,1,4,4,4,628,628,13384,1049277,127299183825467498679252406330930366808616,137,134,69,137
irregular-n12-t128-b00064-falternating-s07,Standard,1,true,2,3,1,0,1,0,0,0,0,0,0,0,480,1440,1332,1332,123372,123372,1810373,86297669,142282419653132557548461444480619368401376,137,136,68,137
irregular-n12-t128-b00064-falternating-s07,Standard,2,true,4,5,3,0,3,0,0,0,0,0,0,0,26,130,130,130,13090,13090,163498,9666120,181502655645396186679748614135303296050816,138,137,69,138
irregular-n12-t128-b00064-falternating-s07,Standard,3,true,4,5,3,0,3,0,0,0,0,0,0,0,80,400,400,400,44400,44400,656025,42166750,182922291912075933254782499408260469034962,138,137,69,138
irregular-n12-t128-b00064-falternating-s07,Accelerated,0,true,2,5,0,2,2,1,0,1,0,1,0,1,1,5,5,5,785,785,16989,1325748,5447132355716569349693315829405717796543900683328838455674768,202,198,134,202
irregular-n12-t128-b00064-falternating-s07,Accelerated,1,true,1,3,0,1,1,0,0,0,0,1,0,1,480,1440,1332,1332,123372,123372,1810373,86026555,142282419653132557548461444480619368401376,137,136,68,137
irregular-n12-t128-b00064-falternating-s07,Accelerated,2,true,2,5,0,2,2,1,0,1,0,1,0,1,26,130,130,130,13090,13090,189777,10625458,12870293433162687884437349435114564091569325106837604627901936,204,203,71,204
irregular-n12-t128-b00064-falternating-s07,Accelerated,3,true,2,5,0,2,2,1,0,1,0,1,0,1,80,400,400,400,44400,44400,753782,46882975,12870293433162687884701480185072925342616779622573533241155260,204,203,71,204
irregular-n12-t128-b00064-falternating-s08,Standard,0,true,4,5,3,0,3,0,0,0,0,0,0,0,1,5,5,5,785,785,15435,1094957,74117304004980747119994499436894883310466,136,134,68,136
irregular-n12-t128-b00064-falternating-s08,Standard,1,true,3,4,2,0,2,0,0,0,0,0,0,0,408,1632,1500,1500,139140,139140,1965192,89302124,88890773934591324864666901701030233505810,137,135,68,137
irregular-n12-t128-b00064-falternating-s08,Standard,2,true,4,5,3,0,3,0,0,0,0,0,0,0,26,130,130,130,13090,13090,148196,7951352,96365206019516253107847468886469243741362,137,136,68,137
irregular-n12-t128-b00064-falternating-s08,Standard,3,true,4,5,3,0,3,0,0,0,0,0,0,0,68,340,340,340,37740,37740,516691,30882047,101444967301048661042768844388647408591788,137,136,68,137
irregular-n12-t128-b00064-falternating-s08,Accelerated,0,true,0,2,0,0,0,0,0,0,0,0,1,0,1,2,2,2,314,314,4913,302817,13300660418806541279197707614193969602532,134,67,67,134
irregular-n12-t128-b00064-falternating-s08,Accelerated,1,true,1,3,0,1,1,0,0,0,0,1,0,1,408,1224,1125,1125,104355,104355,1436970,63417069,59008340829563556095098074831704376978482,136,134,68,136
irregular-n12-t128-b00064-falternating-s08,Accelerated,2,true,2,5,0,2,2,1,0,1,0,1,0,1,26,130,130,130,13090,13090,166393,8189938,6081461728942038625359658738362906321590124186483199205035032,202,201,70,202
irregular-n12-t128-b00064-falternating-s08,Accelerated,3,true,3,7,0,3,3,2,1,1,0,1,0,1,68,476,476,476,52836,52836,832418,47021179,289917355175312791273744778896007591757614048061876492168027742516760156401310880,268,267,136,268
irregular-n12-t128-b00064-falternating-s09,Standard,0,true,2,3,1,0,1,0,0,0,0,0,0,0,1,3,3,3,471,471,9672,815522,117816760756723834660393672145184620324328,137,134,69,137
irregular-n12-t128-b00064-falternating-s09,Standard,1,true,2,3,1,0,1,0,0,0,0,0,0,0,516,1548,1419,1419,131709,131709,1983875,99720484,184518258777616864742212491338984261076852,138,136,69,138
irregular-n12-t128-b00064-falternating-s09,Standard,2,true,3,4,2,0,2,0,0,0,0,0,0,0,26,104,104,104,10472,10472,116852,7386978,150045771725336904100775032716610628027010,137,137,69,138
irregular-n12-t128-b00064-falternating-s09,Standard,3,true,4,5,3,0,3,0,0,0,0,0,0,0,86,430,430,430,47730,47730,734114,50283709,185485699984508555665210214939110496586956,138,137,69,138
irregular-n12-t128-b00064-falternating-s09,Accelerated,0,true,1,3,0,1,1,0,0,0,0,1,0,1,1,3,3,3,471,471,9672,815438,117816760756723834660393672145184620324328,137,132,69,137
irregular-n12-t128-b00064-falternating-s09,Accelerated,1,true,1,3,0,1,1,0,0,0,0,1,0,1,516,1548,1419,1419,131709,131709,1983875,99705488,184518258777616864742212491338984261076852,138,136,69,138
irregular-n12-t128-b00064-falternating-s09,Accelerated,2,true,1,3,0,1,1,0,0,0,0,1,0,1,26,78,78,78,7854,7854,102098,6259500,158807473095364621847405537605879034184612,137,136,69,137
irregular-n12-t128-b00064-falternating-s09,Accelerated,3,true,2,5,0,2,2,1,0,1,0,1,0,1,86,430,430,430,47730,47730,757871,47563247,18659480490015563220372270467292592279214673804061734576648288,204,203,71,204
irregular-n12-t128-b00064-falternating-s10,Standard,0,true,3,4,2,0,2,0,0,0,0,0,0,0,1,4,4,4,628,628,12718,1045689,128758603781438561483719901976966113205648,137,135,69,137
irregular-n12-t128-b00064-falternating-s10,Standard,1,true,3,4,2,0,2,0,0,0,0,0,0,0,456,1824,1580,1580,146900,146900,2203194,108946095,175054677014127980386628928670070165346884,138,135,69,138
irregular-n12-t128-b00064-falternating-s10,Standard,2,true,3,4,2,0,2,0,0,0,0,0,0,0,26,104,104,104,10472,10472,134384,8350708,116294612579128254274462166300888148695928,137,136,68,137
irregular-n12-t128-b00064-falternating-s10,Standard,3,true,3,4,2,0,2,0,0,0,0,0,0,0,76,304,304,304,33744,33744,524253,35005851,139981878580617271457708067890516540923188,137,136,68,137
irregular-n12-t128-b00064-falternating-s10,Accelerated,0,true,2,5,0,2,2,1,0,1,0,1,0,1,1,5,5,5,785,785,15714,1279385,3788398988590606596113626950189584017882662480650901338038896,202,199,134,202
irregular-n12-t128-b00064-falternating-s10,Accelerated,1,true,2,5,0,2,2,1,0,1,0,1,0,1,456,2280,1975,1975,183625,183625,2698978,130678364,9246882860189693315086226153326547110881112277640517946337408,203,202,135,203
irregular-n12-t128-b00064-falternating-s10,Accelerated,2,true,1,3,0,1,1,0,0,0,0,1,0,1,26,78,78,78,7854,7854,97749,5784317,116294612579128254274462166300888148695928,137,135,68,137
irregular-n12-t128-b00064-falternating-s10,Accelerated,3,true,1,3,0,1,1,0,0,0,0,1,0,1,76,228,228,228,25308,25308,373091,24269303,139981878580617271457708067890516540923188,137,136,68,137
irregular-n12-t128-b00064-falternating-s11,Standard,0,true,2,3,1,0,1,0,0,0,0,0,0,0,1,3,3,3,471,471,9104,730588,124137801260270279025263784130573415770004,137,135,69,137
irregular-n12-t128-b00064-falternating-s11,Standard,1,true,3,4,2,0,2,0,0,0,0,0,0,0,444,1776,1516,1516,141076,141076,2163751,107800811,182068707881173953169404008916440822131728,138,136,69,138
irregular-n12-t128-b00064-falternating-s11,Standard,2,true,5,6,4,0,4,0,0,0,0,0,0,0,26,156,156,156,15708,15708,217088,13065773,135310146315178810021349932855752394678752,137,136,69,138
irregular-n12-t128-b00064-falternating-s11,Standard,3,true,3,4,2,0,2,0,0,0,0,0,0,0,74,296,296,296,32856,32856,494825,33117541,164621769531224964311795565264999319833504,137,137,69,138
irregular-n12-t128-b00064-falternating-s11,Accelerated,0,true,1,3,0,1,1,0,0,0,0,1,0,1,1,3,3,3,471,471,9104,730504,124137801260270279025263784130573415770004,137,133,69,137
irregular-n12-t128-b00064-falternating-s11,Accelerated,1,true,2,5,0,2,2,1,0,1,0,1,0,1,444,2220,1895,1895,176345,176345,2721985,135216857,7443715531167435237443938389409686511509414777286688875073536,203,202,134,203
irregular-n12-t128-b00064-falternating-s11,Accelerated,2,true,3,7,0,3,3,2,1,1,0,1,0,1,26,182,182,182,18326,18326,275530,15779788,374502735112299424611467998893796695517618482332843966224225074489829850170791936,268,267,136,268
irregular-n12-t128-b00064-falternating-s11,Accelerated,3,true,1,3,0,1,1,0,0,0,0,1,0,1,74,222,222,222,24642,24642,376716,24451177,164621769531224964311795565264999319833504,137,135,69,137
irregular-n12-t128-b00064-falternating-s12,Standard,0,true,3,4,2,0,2,0,0,0,0,0,0,0,1,4,4,4,628,628,11289,883164,66318698843744917546686658309328703976108,136,134,68,136
irregular-n12-t128-b00064-falternating-s12,Standard,1,true,2,3,1,0,1,0,0,0,0,0,0,0,432,1296,1116,1116,103776,103776,1398354,64784762,106595186409499694474137726187369793018620,137,135,69,137
irregular-n12-t128-b00064-falternating-s12,Standard,2,true,3,4,2,0,2,0,0,0,0,0,0,0,26,104,104,104,10472,10472,122845,7418005,76576045581694324730523170136504501637022,136,135,68,137
irregular-n12-t128-b00064-falternating-s12,Standard,3,true,3,4,2,0,2,0,0,0,0,0,0,0,72,288,288,288,31968,31968,449801,29112647,96229838388906169524244636344059522070496,137,136,68,137
irregular-n12-t128-b00064-falternating-s12,Accelerated,0,true,2,5,0,2,2,1,0,1,0,1,0,1,1,5,5,5,785,785,13450,1016510,2353093373450189362649046657445012949926236556990300350448216,201,199,134,201
irregular-n12-t128-b00064-falternating-s12,Accelerated,1,true,1,3,0,1,1,0,0,0,0,1,0,1,432,1296,1116,1116,103776,103776,1398354,64784762,106595186409499694474137726187369793018620,137,135,69,137
irregular-n12-t128-b00064-falternating-s12,Accelerated,2,true,1,3,0,1,1,0,0,0,0,1,0,1,26,78,78,78,7854,7854,88327,5016402,76576045581694324730523170136504501637022,136,135,68,136
irregular-n12-t128-b00064-falternating-s12,Accelerated,3,true,1,3,0,1,1,0,0,0,0,1,0,1,72,216,216,216,23976,23976,320109,19946144,96229838388906169524244636344059522070496,137,135,68,137
irregular-n12-t128-b00064-falternating-s13,Standard,0,true,3,4,2,0,2,0,0,0,0,0,0,0,1,4,4,4,628,628,11254,779865,100353418364208758227970975790260710251664,137,134,68,137
irregular-n12-t128-b00064-falternating-s13,Standard,1,true,3,4,2,0,2,0,0,0,0,0,0,0,420,1680,1496,1496,138696,138696,1846356,81938461,168948196686244913639689929517809841374004,137,136,69,137
irregular-n12-t128-b00064-falternating-s13,Standard,2,true,4,5,3,0,3,0,0,0,0,0,0,0,26,130,130,130,13090,13090,143125,7770474,178628919246375105021836093262844315158716,138,137,69,138
irregular-n12-t128-b00064-falternating-s13,Standard,3,true,3,4,2,0,2,0,0,0,0,0,0,0,70,280,280,280,31080,31080,367822,21929702,188588433286857466995619971122101935768474,138,137,69,138
irregular-n12-t128-b00064-falternating-s13,Accelerated,0,true,1,3,0,1,1,0,0,0,0,1,0,1,1,3,3,3,471,471,7972,532575,87748593163650943516421045265568814924602,137,132,68,137
irregular-n12-t128-b00064-falternating-s13,Accelerated,1,true,1,3,0,1,1,0,0,0,0,1,0,1,420,1260,1122,1122,104022,104022,1351128,58473692,152133393337728550493558918740064339866744,137,136,69,137
irregular-n12-t128-b00064-falternating-s13,Accelerated,2,true,2,5,0,2,2,1,0,1,0,1,0,1,26,130,130,130,13090,13090,164802,8352771,14069237285799892995435392758996897980601456999386014677165696,204,203,71,204
irregular-n12-t128-b00064-falternating-s13,Accelerated,3,true,1,3,0,1,1,0,0,0,0,1,0,1,70,210,210,210,23310,23310,309958,17897668,188588433286857466995619971122101935768474,138,135,69,138
irregular-n12-t128-b00064-falternating-s14,Standard,0,true,3,4,2,0,2,0,0,0,0,0,0,0,1,4,4,4,628,628,13464,1014129,86518067018536268942254389592165667564108,136,134,68,136
irregular-n12-t128-b00064-falternating-s14,Standard,1,true,3,4,2,0,2,0,0,0,0,0,0,0,456,1824,1628,1628,151028,151028,2335055,112938512,139468344701391065016735397756724203528772,137,135,69,137
irregular-n12-t128-b00064-falternating-s14,Standard,2,true,5,6,4,0,4,0,0,0,0,0,0,0,26,156,156,156,15708,15708,204903,11846382,124749779812911315778487316302065783955264,137,137,69,138
irregular-n12-t128-b00064-falternating-s14,Standard,3,true,4,5,3,0,3,0,0,0,0,0,0,0,76,380,380,380,42180,42180,623872,39969726,116778056189959357728682625419939205588172,137,137,69,137
irregular-n12-t128-b00064-falternating-s14,Accelerated,0,true,2,5,0,2,2,1,0,1,0,1,0,1,1,5,5,5,785,785,16804,1240063,3911842289254935860003670841262115325128139594806998417156640,202,199,134,202
irregular-n12-t128-b00064-falternating-s14,Accelerated,1,true,2,5,0,2,2,1,0,1,0,1,0,1,456,2280,2035,2035,188785,188785,2952947,142849094,4962159449995769283312542332724745833622456482151647932258240,202,201,134,202
irregular-n12-t128-b00064-falternating-s14,Accelerated,2,true,3,7,0,3,3,2,1,1,0,1,0,1,26,182,182,182,18326,18326,279272,15850175,528365238226958996263058447326325672624784633482258142112267202678066825444286096,269,268,137,269
irregular-n12-t128-b00064-falternating-s14,Accelerated,3,true,3,7,0,3,3,2,1,1,0,1,0,1,76,532,532,532,59052,59052,1046260,65125833,788776766046527839201392403764081855481256647195181684003626611099495438265057776,269,268,138,269
irregular-n12-t128-b00064-falternating-s15,Standard,0,true,2,3,1,0,1,0,0,0,0,0,0,0,1,3,3,3,471,471,9505,741213,103595747517810435680702374704005469753310,137,135,69,137
irregular-n12-t128-b00064-falternating-s15,Standard,1,true,3,4,2,0,2,0,0,0,0,0,0,0,456,1824,1668,1668,154908,154908,2391351,118269984,116368427090715916008558177605106030640466,137,135,68,137
irregular-n12-t128-b00064-falternating-s15,Standard,2,true,5,6,4,0,4,0,0,0,0,0,0,0,26,156,156,156,15708,15708,222735,13490903,108025903932378443908611365443983337110318,137,136,68,137
irregular-n12-t128-b00064-falternating-s15,Standard,3,true,3,4,2,0,2,0,0,0,0,0,0,0,76,304,304,304,33744,33744,536560,36130347,119898289661253793157348957704027412920902,137,136,68,137
irregular-n12-t128-b00064-falternating-s15,Accelerated,0,true,1,3,0,1,1,0,0,0,0,1,0,1,1,3,3,3,471,471,9505,741213,103595747517810435680702374704005469753310,137,133,69,137
irregular-n12-t128-b00064-falternating-s15,Accelerated,1,true,2,5,0,2,2,1,0,1,0,1,0,1,456,2280,2085,2085,193635,193635,3011829,148696380,4618991496237678592891754631867519164299060748275233922563008,202,201,134,202
irregular-n12-t128-b00064-falternating-s15,Accelerated,2,true,3,7,0,3,3,2,1,1,0,1,0,1,26,182,182,182,18326,18326,271267,15284730,221538441858013358309001317986534112541369398794022679115819588227523280876679408,267,267,135,267
irregular-n12-t128-b00064-falternating-s15,Accelerated,3,true,1,3,0,1,1,0,0,0,0,1,0,1,76,228,228,228,25308,25308,386630,25118388,119898289661253793157348957704027412920902,137,135,68,137
irregular-n12-t128-b00064-falternating-s16,Standard,0,true,3,4,2,0,2,0,0,0,0,0,0,0,1,4,4,4,628,628,12115,877402,111683684048279208144452173370793507686646,137,134,69,137
irregular-n12-t128-b00064-falternating-s16,Standard,1,true,3,4,2,0,2,0,0,0,0,0,0,0,444,1776,1636,1636,151676,151676,2171325,100530110,134001042955750211862793726975856620877578,137,135,68,137
irregular-n12-t128-b00064-falternating-s16,Standard,2,true,4,5,3,0,3,0,0,0,0,0,0,0,26,130,130,130,13090,13090,147770,8209097,149191695216072363932798549428356223268234,137,137,69,138
irregular-n12-t128-b00064-falternating-s16,Standard,3,true,4,5,3,0,3,0,0,0,0,0,0,0,74,370,370,370,41070,41070,555901,34091678,158111441810216478595248931713898265986496,137,137,69,138
irregular-n12-t128-b00064-falternating-s16,Accelerated,0,true,1,3,0,1,1,0,0,0,0,1,0,1,1,3,3,3,471,471,8619,604311,98051671083892285767012277628193420233020,137,132,68,137
irregular-n12-t128-b00064-falternating-s16,Accelerated,1,true,1,3,0,1,1,0,0,0,0,1,0,1,444,1332,1227,1227,113757,113757,1596119,72103454,116014578649672628886095030847764472947568,137,135,68,137
irregular-n12-t128-b00064-falternating-s16,Accelerated,2,true,2,5,0,2,2,1,0,1,0,1,0,1,26,130,130,130,13090,13090,164754,8330228,12516089951185563483971371940574006282634895385664968092154216,203,203,71,203
irregular-n12-t128-b00064-falternating-s16,Accelerated,3,true,2,5,0,2,2,1,0,1,0,1,0,1,74,370,370,370,41070,41070,618342,35727291,12516089951185563484194000296548085712484400056227854470922988,203,203,71,203
irregular-n12-t128-b00064-falternating-s17,Standard,0,true,2,3,1,0,1,0,0,0,0,0,0,0,1,3,3,3,471,471,8964,679324,83636917191668979033065303695816249382916,136,134,68,136
irregular-n12-t128-b00064-falternating-s17,Standard,1,true,2,3,1,0,1,0,0,0,0,0,0,0,492,1476,1326,1326,122946,122946,1749885,82656621,136379202110706228811202261180973634947008,137,136,68,137
irregular-n12-t128-b00064-falternating-s17,Standard,2,true,4,5,3,0,3,0,0,0,0,0,0,0,26,130,130,130,13090,13090,154947,9264623,137236903555833055554196453139858203787622,137,137,69,138
irregular-n12-t128-b00064-falternating-s17,Standard,3,true,3,4,2,0,2,0,0,0,0,0,0,0,82,328,328,328,36408,36408,477151,32064172,164522002488123783662314071430013890626732,137,137,69,138
irregular-n12-t128-b00064-falternating-s17,Accelerated,0,true,1,3,0,1,1,0,0,0,0,1,0,1,1,3,3,3,471,471,8964,678484,83636917191668979033065303695816249382916,136,132,68,136
irregular-n12-t128-b00064-falternating-s17,Accelerated,1,true,1,3,0,1,1,0,0,0,0,1,0,1,492,1476,1326,1326,122946,122946,1749885,82587329,136379202110706228811202261180973634947008,137,136,68,137
irregular-n12-t128-b00064-falternating-s17,Accelerated,2,true,2,5,0,2,2,1,0,1,0,1,0,1,26,130,130,130,13090,13090,178273,10040903,13267769668770171367516840543224213360560363738225811340206880,204,203,71,204
irregular-n12-t128-b00064-falternating-s17,Accelerated,3,true,1,3,0,1,1,0,0,0,0,1,0,1,82,246,246,246,27306,27306,402340,26240893,164522002488123783662314071430013890626732,137,135,69,137
irregular-n12-t128-b00064-falternating-s18,Standard,0,true,3,4,2,0,2,0,0,0,0,0,0,0,1,4,4,4,628,628,12540,844415,106706251782144404261093700871379822904930,137,133,68,137
irregular-n12-t128-b00064-falternating-s18,Standard,1,true,4,5,3,0,3,0,0,0,0,0,0,0,408,2040,1880,1880,174280,174280,2601468,117535593,122700353697472342955065996503796640522344,137,135,68,137
irregular-n12-t128-b00064-falternating-s18,Standard,2,true,5,6,4,0,4,0,0,0,0,0,0,0,26,156,156,156,15708,15708,195338,10453968,151318815323738106703132303549151685704920,137,137,69,138
irregular-n12-t128-b00064-falternating-s18,Standard,3,true,5,6,4,0,4,0,0,0,0,0,0,0,68,408,408,408,45288,45288,666365,38428302,154923960646626162907637613272632864414374,137,137,69,138
irregular-n12-t128-b00064-falternating-s18,Accelerated,0,true,2,5,0,2,2,1,0,1,0,1,0,1,1,5,5,5,785,785,15749,1030091,2523954854874044743830993373868380341748653710834244207139872,201,196,133,201
irregular-n12-t128-b00064-falternating-s18,Accelerated,1,true,2,5,0,2,2,1,0,1,0,1,0,1,408,2040,1880,1880,174280,174280,2554644,113059159,3468352898761404271308340551601521240167750441837986025005536,202,200,133,202
irregular-n12-t128-b00064-falternating-s18,Accelerated,2,true,3,7,0,3,3,2,1,1,0,1,0,1,26,182,182,182,18326,18326,266180,13752253,295381787347677267109346338850494920179093438573664468527719823571695411063912832,268,267,136,268
irregular-n12-t128-b00064-falternating-s18,Accelerated,3,true,3,7,0,3,3,2,1,1,0,1,0,1,68,476,476,476,52836,52836,867372,47941297,277066935386095318187574528057397902140200598096352969866132722492084067830665120,268,267,136,268
irregular-n12-t128-b00064-falternating-s19,Standard,0,true,2,3,1,0,1,0,0,0,0,0,0,0,1,3,3,3,471,471,8624,648197,123494008007898393577326796650128228118878,137,135,69,137
irregular-n12-t128-b00064-falternating-s19,Standard,1,true,2,3,1,0,1,0,0,0,0,0,0,0,432,1296,1182,1182,109842,109842,1563967,72306273,148098417143565152850484036857810983320546,137,136,69,137
irregular-n12-t128-b00064-falternating-s19,Standard,2,true,4,5,3,0,3,0,0,0,0,0,0,0,26,130,130,130,13090,13090,170376,9857042,138704332436646372984946873938990493821730,137,136,68,138
irregular-n12-t128-b00064-falternating-s19,Standard,3,true,3,4,2,0,2,0,0,0,0,0,0,0,72,288,288,288,31968,31968,434614,27787734,140716718185115381268911828818909929786618,137,137,68,138
irregular-n12-t128-b00064-falternating-s19,Accelerated,0,true,1,3,0,1,1,0,0,0,0,1,0,1,1,3,3,3,471,471,8624,648197,123494008007898393577326796650128228118878,137,133,69,137
irregular-n12-t128-b00064-falternating-s19,Accelerated,1,true,1,3,0,1,1,0,0,0,0,1,0,1,432,1296,1182,1182,109842,109842,1563967,72296071,148098417143565152850484036857810983320546,137,136,69,137
irregular-n12-t128-b00064-falternating-s19,Accelerated,2,true,2,5,0,2,2,1,0,1,0,1,0,1,26,130,130,130,13090,13090,167146,8553652,11389983361782877279842971767784606125973313736148742212938216,203,202,70,203
irregular-n12-t128-b00064-falternating-s19,Accelerated,3,true,1,3,0,1,1,0,0,0,0,1,0,1,72,216,216,216,23976,23976,340313,20927605,155619509664355075345239635269768901378682,137,136,68,137
irregular-n12-t128-b00064-falternating-s20,Standard,0,true,3,4,2,0,2,0,0,0,0,0,0,0,1,4,4,4,628,628,10718,741709,114548253967319615091471580972466105634606,137,134,69,137
irregular-n12-t128-b00064-falternating-s20,Standard,1,true,2,3,1,0,1,0,0,0,0,0,0,0,384,1152,1056,1056,98016,98016,1243645,52578951,175475010071551889485465800664284327632154,138,136,69,138
irregular-n12-t128-b00064-falternating-s20,Standard,2,true,5,6,4,0,4,0,0,0,0,0,0,0,26,156,156,156,15708,15708,169896,8938382,151763351499779666107854017688140890247088,137,137,69,138
irregular-n12-t128-b00064-falternating-s20,Standard,3,true,3,4,2,0,2,0,0,0,0,0,0,0,64,256,256,256,28416,28416,335589,20092608,173156050522746628422154447642173944327194,137,137,69,138
irregular-n12-t128-b00064-falternating-s20,Accelerated,0,true,1,3,0,1,1,0,0,0,0,1,0,1,1,3,3,3,471,471,7547,505748,103984374705977570887734877435729473700160,137,133,68,137
irregular-n12-t128-b00064-falternating-s20,Accelerated,1,true,1,3,0,1,1,0,0,0,0,1,0,1,384,1152,1056,1056,98016,98016,1243645,52529509,175475010071551889485465800664284327632154,138,136,69,138
irregular-n12-t128-b00064-falternating-s20,Accelerated,2,true,3,7,0,3,3,2,1,1,0,1,0,1,26,182,182,182,18326,18326,220021,10710756,364942666622597253073984444347933157666117143389110205455162838747608255789436800,268,267,135,268
irregular-n12-t128-b00064-falternating-s20,Accelerated,3,true,1,3,0,1,1,0,0,0,0,1,0,1,64,192,192,192,21312,21312,266018,15217317,173156050522746628422154447642173944327194,137,136,69,137
irregular-n12-t128-b00064-frandom-s01,Standard,0,true,2,3,1,0,1,0,0,0,0,0,0,0,1,3,3,3,471,471,6531,623193,84896452972271677052720737086445042533378,136,135,69,137
irregular-n12-t128-b00064-frandom-s01,Standard,1,true,2,3,1,0,1,0,0,0,0,0,0,0,936,2808,2574,2574,238914,238914,2770937,154075415,125247395460578071143003549302941052929082,137,135,69,138
irregular-n12-t128-b00064-frandom-s01,Standard,2,true,4,5,3,0,3,0,0,0,0,0,0,0,12,60,60,60,7980,7980,127332,11458609,66435260928912637622363439611959606751108,136,136,68,137
irregular-n12-t128-b00064-frandom-s01,Standard,3,true,2,3,1,0,1,0,0,0,0,0,0,0,78,234,234,234,25974,25974,332020,25076243,90250292207463926817519031661533512695528,137,136,68,137
irregular-n12-t128-b00064-frandom-s01,Accelerated,0,true,1,3,0,1,1,0,0,0,0,1,0,1,1,3,3,3,471,471,7304,711581,84896452972271677052720737086445042533378,136,133,69,137
irregular-n12-t128-b00064-frandom-s01,Accelerated,1,true,1,3,0,1,1,0,0,0,0,1,0,1,936,2808,2574,2574,238914,238914,2976549,168383194,125247395460578071143003549302941052929082,137,135,69,138
irregular-n12-t128-b00064-frandom-s01,Accelerated,2,true,2,5,0,2,2,1,1,0,0,1,0,1,12,60,60,60,7980,7980,148197,13449657,20306408055229900966173786773315837114727158689762030951834032,204,202,136,205
irregular-n12-t128-b00064-frandom-s01,Accelerated,3,true,0,2,0,0,0,0,0,0,0,0,1,0,78,156,156,156,17316,17316,233630,17270941,90250292207463926817519031661533512695528,137,135,68,137
irregular-n12-t128-b00064-frandom-s02,Standard,0,true,3,4,2,0,2,0,0,0,0,0,0,0,1,4,4,4,628,628,9691,893648,79972256786696281902358085521088397241812,136,134,69,137
irregular-n12-t128-b00064-frandom-s02,Standard,1,true,3,4,2,0,2,0,0,0,0,0,0,0,888,3552,3256,3256,302216,302216,3767201,205970053,117036621169382613274751719982695102342436,137,135,69,138
irregular-n12-t128-b00064-frandom-s02,Standard,2,true,2,3,1,0,1,0,0,0,0,0,0,0,12,36,36,36,4788,4788,48705,4252457,90466302026545097349684450971403114870508,137,137,69,138
irregular-n12-t128-b00064-frandom-s02,Standard,3,true,2,3,1,0,1,0,0,0,0,0,0,0,74,222,222,222,24642,24642,271011,19161144,106540185928031393578506555045062513915150,137,137,69,138
irregular-n12-t128-b00064-frandom-s02,Accelerated,0,true,2,5,0,2,2,1,0,1,0,1,0,1,1,5,5,5,785,785,10714,917229,1029858075862010202842788337865768367086490937254552435991968,200,198,131,202
irregular-n12-t128-b00064-frandom-s02,Accelerated,1,true,1,3,0,1,1,0,0,0,0,1,0,1,888,2664,2442,2442,226662,226662,2783427,146300001,115215210929825311663833733495721329181332,137,135,69,138
irregular-n12-t128-b00064-frandom-s02,Accelerated,2,true,0,2,0,0,0,0,0,0,0,0,1,0,12,24,24,24,3192,3192,39234,3415976,90466302026545097349684450971403114870508,137,70,69,138
irregular-n12-t128-b00064-frandom-s02,Accelerated,3,true,0,2,0,0,0,0,0,0,0,0,1,0,74,148,148,148,16428,16428,203451,14141057,106540185928031393578506555045062513915150,137,135,69,138
irregular-n12-t128-b00064-frandom-s03,Standard,0,true,3,4,2,0,2,0,0,0,0,0,0,0,1,4,4,4,628,628,11549,1000025,75613349106740616053144152351003692176476,136,133,68,136
irregular-n12-t128-b00064-frandom-s03,Standard,1,true,3,4,2,0,2,0,0,0,0,0,0,0,888,3552,3256,3256,302216,302216,3703172,193043371,106931932120429876669099156458644342373592,137,135,69,137
irregular-n12-t128-b00064-frandom-s03,Standard,2,true,2,3,1,0,1,0,0,0,0,0,0,0,12,36,36,36,4788,4788,46463,3945294,77033766221767901921591558155572778871040,136,137,69,138
irregular-n12-t128-b00064-frandom-s03,Standard,3,true,3,4,2,0,2,0,0,0,0,0,0,0,74,296,296,296,32856,32856,409398,28119510,100728360535593269810134374342595853614744,137,137,69,138
irregular-n12-t128-b00064-frandom-s03,Accelerated,0,true,0,2,0,0,0,0,0,0,0,0,1,0,1,2,2,2,314,314,4745,348346,12770632549267892256905708600422967899946,134,68,67,134
irregular-n12-t128-b00064-frandom-s03,Accelerated,1,true,2,5,0,2,2,1,0,1,0,1,0,1,888,4440,4070,4070,377770,377770,4330546,208188250,1073568262301616940259570190446505321329650157286427615271200,200,200,131,200
irregular-n12-t128-b00064-frandom-s03,Accelerated,2,true,0,2,0,0,0,0,0,0,0,0,1,0,12,24,24,24,3192,3192,37575,3172028,77033766221767901921591558155572778871040,136,126,69,138
irregular-n12-t128-b00064-frandom-s03,Accelerated,3,true,2,5,0,2,2,1,0,1,0,1,0,1,74,370,370,370,41070,41070,628423,42295205,37255425799763038455977671052950095452137586089433095092892056,205,203,137,206
irregular-n12-t128-b00064-frandom-s04,Standard,0,true,2,3,1,0,1,0,0,0,0,0,0,0,1,3,3,3,471,471,6322,604603,83222116546353534019845225800949607492602,136,135,69,137
irregular-n12-t128-b00064-frandom-s04,Standard,1,true,2,3,1,0,1,0,0,0,0,0,0,0,936,2808,2574,2574,238914,238914,2769684,161051375,112708139607629419935909268601609852986352,137,135,69,137
irregular-n12-t128-b00064-frandom-s04,Standard,2,true,3,4,2,0,2,0,0,0,0,0,0,0,12,48,48,48,6384,6384,92177,9003547,73022983458238575272224916710299561811330,136,136,68,137
irregular-n12-t128-b00064-frandom-s04,Standard,3,true,2,3,1,0,1,0,0,0,0,0,0,0,78,234,234,234,25974,25974,333795,25906161,72707227109301861511345180673386190728466,136,136,68,137
irregular-n12-t128-b00064-frandom-s04,Accelerated,0,true,1,3,0,1,1,0,0,0,0,1,0,1,1,3,3,3,471,471,6328,605191,83222116546353534019845225800949607492602,136,134,69,137
irregular-n12-t128-b00064-frandom-s04,Accelerated,1,true,1,3,0,1,1,0,0,0,0,1,0,1,936,2808,2574,2574,238914,238914,2843025,166650651,112708139607629419935909268601609852986352,137,135,69,137
irregular-n12-t128-b00064-frandom-s04,Accelerated,2,true,1,3,0,1,1,0,0,0,0,1,0,1,12,36,36,36,4788,4788,76128,7411016,73022983458238575272224916710299561811330,136,132,68,137
irregular-n12-t128-b00064-frandom-s04,Accelerated,3,true,1,3,0,1,1,0,0,0,0,1,0,1,78,234,234,234,25974,25974,396025,30962001,87617249673983325592466574107949027895970,137,135,68,137
irregular-n12-t128-b00064-frandom-s05,Standard,0,true,3,4,2,0,2,0,0,0,0,0,0,0,1,4,4,4,628,628,13883,1332114,85724138405360178990441849548658700473210,136,134,69,136
irregular-n12-t128-b00064-frandom-s05,Standard,1,true,4,5,3,0,3,0,0,0,0,0,0,0,1008,5040,4620,4620,428820,428820,6750161,390309605,118546583143097199461177511852824539377536,137,135,68,137
irregular-n12-t128-b00064-frandom-s05,Standard,2,true,2,3,1,0,1,0,0,0,0,0,0,0,12,36,36,36,4788,4788,55134,5146604,85134218299212734890887741498610941815480,136,137,69,138
irregular-n12-t128-b00064-frandom-s05,Standard,3,true,2,3,1,0,1,0,0,0,0,0,0,0,84,252,252,252,27972,27972,343527,25647327,109497737270898851683487968172357678109252,137,137,69,138
irregular-n12-t128-b00064-frandom-s05,Accelerated,0,true,1,3,0,1,1,0,0,0,0,1,0,1,1,3,3,3,471,471,10170,919687,26573271069754288037531489849448108231688,135,128,67,135
irregular-n12-t128-b00064-frandom-s05,Accelerated,1,true,0,2,0,0,0,0,0,0,0,0,1,0,1008,2016,1848,1848,171528,171528,2317938,112773294,20155154048873496619030844890844154515874,134,133,68,134
irregular-n12-t128-b00064-frandom-s05,Accelerated,2,true,0,2,0,0,0,0,0,0,0,0,1,0,12,24,24,24,3192,3192,45266,4226675,85134218299212734890887741498610941815480,136,132,69,138
irregular-n12-t128-b00064-frandom-s05,Accelerated,3,true,0,2,0,0,0,0,0,0,0,0,1,0,84,168,168,168,18648,18648,267251,19700435,109497737270898851683487968172357678109252,137,135,69,138
irregular-n12-t128-b00064-frandom-s06,Standard,0,true,3,4,2,0,2,0,0,0,0,0,0,0,1,4,4,4,628,628,8918,735441,52681938907840217190218493249115411334330,136,133,68,136
irregular-n12-t128-b00064-frandom-s06,Standard,1,true,2,3,1,0,1,0,0,0,0,0,0,0,744,2232,2046,2046,189906,189906,2048561,97891588,75083202083577937006551373203810136884792,136,135,68,137
irregular-n12-t128-b00064-frandom-s06,Standard,2,true,3,4,2,0,2,0,0,0,0,0,0,0,12,48,48,48,6384,6384,73050,5674669,43413171002759244686178641372871335131762,135,136,68,137
irregular-n12-t128-b00064-frandom-s06,Standard,3,true,4,5,3,0,3,0,0,0,0,0,0,0,62,310,310,310,34410,34410,454184,28270224,61881487782323544144695996860303536875816,136,136,68,137
irregular-n12-t128-b00064-frandom-s06,Accelerated,0,true,2,5,0,2,2,1,0,1,0,1,0,1,1,5,5,5,785,785,10492,800049,646413473354407750143532082884609481511197097143223246932736,199,197,133,200
irregular-n12-t128-b00064-frandom-s06,Accelerated,1,true,1,3,0,1,1,0,0,0,0,1,0,1,744,2232,2046,2046,189906,189906,2156559,102900306,75083202083577937006551373203810136884792,136,135,68,137
irregular-n12-t128-b00064-frandom-s06,Accelerated,2,true,1,3,0,1,1,0,0,0,0,1,0,1,12,36,36,36,4788,4788,63719,4933318,43413171002759244686178641372871335131762,135,133,68,137
irregular-n12-t128-b00064-frandom-s06,Accelerated,3,true,2,5,0,2,2,1,0,1,0,1,0,1,62,310,310,310,34410,34410,509057,30807954,11472760907479109837318628183479875340920835653588096021055360,203,202,135,204
irregular-n12-t128-b00064-frandom-s07,Standard,0,true,2,3,1,0,1,0,0,0,0,0,0,0,1,3,3,3,471,471,7514,692755,115291192832941855385347511411206711240420,137,134,69,138
irregular-n12-t128-b00064-frandom-s07,Standard,1,true,2,3,1,0,1,0,0,0,0,0,0,0,960,2880,2640,2640,245040,245040,2989866,158194792,167109733365059767418472748852490178316548,137,136,69,139
irregular-n12-t128-b00064-frandom-s07,Standard,2,true,2,3,1,0,1,0,0,0,0,0,0,0,12,36,36,36,4788,4788,50734,4459955,136953457234311821605361454507025372914532,137,138,69,139
irregular-n12-t128-b00064-frandom-s07,Standard,3,true,3,4,2,0,2,0,0,0,0,0,0,0,80,320,320,320,35520,35520,464407,32808116,164068542598659727928352105121718826156672,137,138,69,139
irregular-n12-t128-b00064-frandom-s07,Accelerated,0,true,1,3,0,1,1,0,0,0,0,1,0,1,1,3,3,3,471,471,8120,754589,115291192832941855385347511411206711240420,137,133,69,138
irregular-n12-t128-b00064-frandom-s07,Accelerated,1,true,1,3,0,1,1,0,0,0,0,1,0,1,960,2880,2640,2640,245040,245040,3137364,165587217,167109733365059767418472748852490178316548,137,136,69,139
irregular-n12-t128-b00064-frandom-s07,Accelerated,2,true,0,2,0,0,0,0,0,0,0,0,1,0,12,24,24,24,3192,3192,41149,3589281,136953457234311821605361454507025372914532,137,70,69,139
irregular-n12-t128-b00064-frandom-s07,Accelerated,3,true,1,3,0,1,1,0,0,0,0,1,0,1,80,240,240,240,26640,26640,394197,27540427,164068542598659727928352105121718826156672,137,136,69,139
irregular-n12-t128-b00064-frandom-s08,Standard,0,true,3,4,2,0,2,0,0,0,0,0,0,0,1,4,4,4,628,628,9655,772751,112121230076523796506158317410088827274618,137,134,69,137
irregular-n12-t128-b00064-frandom-s08,Standard,1,true,3,4,2,0,2,0,0,0,0,0,0,0,816,3264,2992,2992,277712,277712,3340998,165992915,150336843501294067222865715673730975771682,137,136,69,137
irregular-n12-t128-b00064-frandom-s08,Standard,2,true,4,5,3,0,3,0,0,0,0,0,0,0,12,60,60,60,7980,7980,105648,7139281,92257550171918149189436479704321071424470,137,136,68,137
irregular-n12-t128-b00064-frandom-s08,Standard,3,true,5,6,4,0,4,0,0,0,0,0,0,0,68,408,408,408,45288,45288,601365,32892045,114406262977924260929914961370256085458214,137,136,68,137
irregular-n12-t128-b00064-frandom-s08,Accelerated,0,true,2,5,0,2,2,1,0,1,0,1,0,1,1,5,5,5,785,785,10809,807430,1309954448449813523258498870347102599916000356044271562592236,200,199,133,201
irregular-n12-t128-b00064-frandom-s08,Accelerated,1,true,2,5,0,2,2,1,0,1,0,1,0,1,816,4080,3740,3740,347140,347140,3903387,179174104,1793607154636164112556920331355499937988981921845124061509616,201,201,131,201
irregular-n12-t128-b00064-frandom-s08,Accelerated,2,true,2,5,0,2,2,1,1,0,0,1,0,1,12,60,60,60,7980,7980,123764,8023577,19234716905936262668076560722373296396399123561958766499535320,204,202,135,205
irregular-n12-t128-b00064-frandom-s08,Accelerated,3,true,2,5,0,2,2,1,1,0,0,1,0,1,68,340,340,340,37740,37740,516420,26802237,8838902082554002472002055763320542065142061967842424992755040,203,202,133,204
irregular-n12-t128-b00064-frandom-s09,Standard,0,true,2,3,1,0,1,0,0,0,0,0,0,0,1,3,3,3,471,471,7686,805095,146386290708863212308133028224224266652294,137,135,69,138
irregular-n12-t128-b00064-frandom-s09,Standard,1,true,2,3,1,0,1,0,0,0,0,0,0,0,1032,3096,2838,2838,263418,263418,3483347,208230219,201956262260073918735887057697400288923892,138,136,69,138
irregular-n12-t128-b00064-frandom-s09,Standard,2,true,3,4,2,0,2,0,0,0,0,0,0,0,12,48,48,48,6384,6384,95386,9298117,124601198983607531529595013490549417091572,137,137,69,138
irregular-n12-t128-b00064-frandom-s09,Standard,3,true,3,4,2,0,2,0,0,0,0,0,0,0,86,344,344,344,38184,38184,549877,42588187,164723924203604530431538103064753058675904,137,137,69,138
irregular-n12-t128-b00064-frandom-s09,Accelerated,0,true,1,3,0,1,1,0,0,0,0,1,0,1,1,3,3,3,471,471,8573,921344,146386290708863212308133028224224266652294,137,134,69,138
irregular-n12-t128-b00064-frandom-s09,Accelerated,1,true,1,3,0,1,1,0,0,0,0,1,0,1,1032,3096,2838,2838,263418,263418,3737221,222115834,201956262260073918735887057697400288923892,138,136,69,138
irregular-n12-t128-b00064-frandom-s09,Accelerated,2,true,2,5,0,2,2,1,0,1,0,1,0,1,12,60,60,60,7980,7980,159461,15598389,47965207945833735630804005682601579766757869270214593684531124,205,203,137,206
irregular-n12-t128-b00064-frandom-s09,Accelerated,3,true,2,5,0,2,2,1,0,1,0,1,0,1,86,430,430,430,47730,47730,854240,66031534,67129911928625093525019044824039485993899936045525185341881400,206,204,137,207
irregular-n12-t128-b00064-frandom-s10,Standard,0,true,2,3,1,0,1,0,0,0,0,0,0,0,1,3,3,3,471,471,6159,548024,93946567261648184152758113387169145920254,137,135,69,137
irregular-n12-t128-b00064-frandom-s10,Standard,1,true,3,4,2,0,2,0,0,0,0,0,0,0,912,3648,3344,3344,310384,310384,3695048,200265399,137833600153610571798407985987649642979652,137,136,69,138
irregular-n12-t128-b00064-frandom-s10,Standard,2,true,4,5,3,0,3,0,0,0,0,0,0,0,12,60,60,60,7980,7980,121905,10451911,101250523186155735596009743562779326593130,137,137,69,138
irregular-n12-t128-b00064-frandom-s10,Standard,3,true,3,4,2,0,2,0,0,0,0,0,0,0,76,304,304,304,33744,33744,435469,29600741,108359504689467191760967643866498369592248,137,137,69,138
irregular-n12-t128-b00064-frandom-s10,Accelerated,0,true,1,3,0,1,1,0,0,0,0,1,0,1,1,3,3,3,471,471,6311,563188,93946567261648184152758113387169145920254,137,134,69,137
irregular-n12-t128-b00064-frandom-s10,Accelerated,1,true,2,5,0,2,2,1,0,1,0,1,0,1,912,4560,4180,4180,387980,387980,4370353,216928103,3899622570841086628812121696085201073013214398880732370269960,202,202,133,202
irregular-n12-t128-b00064-frandom-s10,Accelerated,2,true,2,5,0,2,2,1,0,1,0,1,0,1,12,60,60,60,7980,7980,145446,12384128,28181331932092233283798842165991180721714031950895142412704512,205,200,136,206
irregular-n12-t128-b00064-frandom-s10,Accelerated,3,true,1,3,0,1,1,0,0,0,0,1,0,1,76,228,228,228,25308,25308,363702,24305415,108359504689467191760967643866498369592248,137,135,69,138
irregular-n12-t128-b00064-frandom-s11,Standard,0,true,2,3,1,0,1,0,0,0,0,0,0,0,1,3,3,3,471,471,7176,652652,86392371777336599711975531450260930642640,136,134,69,137
irregular-n12-t128-b00064-frandom-s11,Standard,1,true,4,5,3,0,3,0,0,0,0,0,0,0,888,4440,4070,4070,377770,377770,4915279,274268981,113779416661466458370454693561288995789024,137,136,69,137
irregular-n12-t128-b00064-frandom-s11,Standard,2,true,2,3,1,0,1,0,0,0,0,0,0,0,12,36,36,36,4788,4788,48047,4206592,89197013581401164931397450292453581607296,137,137,69,138
irregular-n12-t128-b00064-frandom-s11,Standard,3,true,3,4,2,0,2,0,0,0,0,0,0,0,74,296,296,296,32856,32856,412647,29383713,108404087281830428810187810997940555572182,137,137,69,138
irregular-n12-t128-b00064-frandom-s11,Accelerated,0,true,1,3,0,1,1,0,0,0,0,1,0,1,1,3,3,3,471,471,8581,783792,86392371777336599711975531450260930642640,136,131,69,137
irregular-n12-t128-b00064-frandom-s11,Accelerated,1,true,2,5,0,2,2,1,0,1,0,1,0,1,888,4440,4070,4070,377770,377770,4460107,223137619,1863879767551795955085229051115027631627070994255911661733936,201,200,132,201
irregular-n12-t128-b00064-frandom-s11,Accelerated,2,true,0,2,0,0,0,0,0,0,0,0,1,0,12,24,24,24,3192,3192,39145,3434706,89197013581401164931397450292453581607296,137,70,69,138
irregular-n12-t128-b00064-frandom-s11,Accelerated,3,true,1,3,0,1,1,0,0,0,0,1,0,1,74,222,222,222,24642,24642,351097,24917334,108404087281830428810187810997940555572182,137,135,69,138
irregular-n12-t128-b00064-frandom-s12,Standard,0,true,2,3,1,0,1,0,0,0,0,0,0,0,1,3,3,3,471,471,6017,539216,48346930758286908205079238127279074960880,136,134,69,137
irregular-n12-t128-b00064-frandom-s12,Standard,1,true,2,3,1,0,1,0,0,0,0,0,0,0,864,2592,2376,2376,220536,220536,2394989,120871272,67319272273705241034009500986283959094112,136,134,69,138
irregular-n12-t128-b00064-frandom-s12,Standard,2,true,3,4,2,0,2,0,0,0,0,0,0,0,12,48,48,48,6384,6384,58185,4933273,54762702837257887622572729104453281437976,136,137,69,138
irregular-n12-t128-b00064-frandom-s12,Standard,3,true,2,3,1,0,1,0,0,0,0,0,0,0,72,216,216,216,23976,23976,236366,15932037,93096898222664449054538114471927698199400,137,137,69,138
irregular-n12-t128-b00064-frandom-s12,Accelerated,0,true,1,3,0,1,1,0,0,0,0,1,0,1,1,3,3,3,471,471,6023,540068,48346930758286908205079238127279074960880,136,134,69,137
irregular-n12-t128-b00064-frandom-s12,Accelerated,1,true,1,3,0,1,1,0,0,0,0,1,0,1,864,2592,2376,2376,220536,220536,2447343,123518642,67319272273705241034009500986283959094112,136,134,69,138
irregular-n12-t128-b00064-frandom-s12,Accelerated,2,true,1,3,0,1,1,0,0,0,0,1,0,1,12,36,36,36,4788,4788,49533,4193510,54762702837257887622572729104453281437976,136,133,69,138
irregular-n12-t128-b00064-frandom-s12,Accelerated,3,true,0,2,0,0,0,0,0,0,0,0,1,0,72,144,144,144,15984,15984,178008,11744714,87881773384918137832437892160327422504806,137,135,69,138
irregular-n12-t128-b00064-frandom-s13,Standard,0,true,3,4,2,0,2,0,0,0,0,0,0,0,1,4,4,4,628,628,7466,541265,65317910802991487978015341337297173220476,136,133,69,136
irregular-n12-t128-b00064-frandom-s13,Standard,1,true,2,3,1,0,1,0,0,0,0,0,0,0,840,2520,2310,2310,214410,214410,2009384,94870422,86420441420280215855198760324314048247360,136,135,69,137
irregular-n12-t128-b00064-frandom-s13,Standard,2,true,3,4,2,0,2,0,0,0,0,0,0,0,12,48,48,48,6384,6384,64196,4416467,71930182529680681252948729546067138537376,136,137,69,138
irregular-n12-t128-b00064-frandom-s13,Standard,3,true,2,3,1,0,1,0,0,0,0,0,0,0,70,210,210,210,23310,23310,225846,14788629,83558297860843153187040783714729861365964,136,137,69,138
irregular-n12-t128-b00064-frandom-s13,Accelerated,0,true,2,5,0,2,2,1,0,1,0,1,0,1,1,5,5,5,785,785,9526,657351,673581570991228056598040222365881754638625838576846968346624,199,195,132,200
irregular-n12-t128-b00064-frandom-s13,Accelerated,1,true,1,3,0,1,1,0,0,0,0,1,0,1,840,2520,2310,2310,214410,214410,2041874,97286116,86420441420280215855198760324314048247360,136,135,69,137
irregular-n12-t128-b00064-frandom-s13,Accelerated,2,true,1,3,0,1,1,0,0,0,0,1,0,1,12,36,36,36,4788,4788,55574,3692971,71930182529680681252948729546067138537376,136,130,69,138
irregular-n12-t128-b00064-frandom-s13,Accelerated,3,true,0,2,0,0,0,0,0,0,0,0,1,0,70,140,140,140,15540,15540,168215,10785562,82740556208016347992448304300632150402434,136,135,69,138
irregular-n12-t128-b00064-frandom-s14,Standard,0,true,2,3,1,0,1,0,0,0,0,0,0,0,1,3,3,3,471,471,7198,633767,90932406960128739642572126084720531433160,137,135,69,137
irregular-n12-t128-b00064-frandom-s14,Standard,1,true,3,4,2,0,2,0,0,0,0,0,0,0,912,3648,3344,3344,310384,310384,3771144,192734341,131986339497477858283272463103627440099388,137,136,69,138
irregular-n12-t128-b00064-frandom-s14,Standard,2,true,2,3,1,0,1,0,0,0,0,0,0,0,12,36,36,36,4788,4788,50573,4238690,81441207020472006371248403954870584155312,136,137,69,138
irregular-n12-t128-b00064-frandom-s14,Standard,3,true,3,4,2,0,2,0,0,0,0,0,0,0,76,304,304,304,33744,33744,436092,28787151,115168182089134708664244699328819827828204,137,137,69,138
irregular-n12-t128-b00064-frandom-s14,Accelerated,0,true,1,3,0,1,1,0,0,0,0,1,0,1,1,3,3,3,471,471,8212,731513,90932406960128739642572126084720531433160,137,133,69,137
irregular-n12-t128-b00064-frandom-s14,Accelerated,1,true,2,5,0,2,2,1,0,1,0,1,0,1,912,4560,4180,4180,387980,387980,4509167,213181734,2944223607555956978389733575063706777536892867611816867988396,201,201,133,201
irregular-n12-t128-b00064-frandom-s14,Accelerated,2,true,1,3,0,1,1,0,0,0,0,1,0,1,12,36,36,36,4788,4788,68201,5684585,81441207020472006371248403954870584155312,136,135,69,138
irregular-n12-t128-b00064-frandom-s14,Accelerated,3,true,1,3,0,1,1,0,0,0,0,1,0,1,76,228,228,228,25308,25308,367144,23700835,115168182089134708664244699328819827828204,137,135,69,138
irregular-n12-t128-b00064-frandom-s15,Standard,0,true,3,4,2,0,2,0,0,0,0,0,0,0,1,4,4,4,628,628,9156,802800,58747237089071516418728531980589358477944,136,134,68,136
irregular-n12-t128-b00064-frandom-s15,Standard,1,true,3,4,2,0,2,0,0,0,0,0,0,0,912,3648,3344,3344,310384,310384,3890535,205012676,91319481120726588206862011933031589365132,137,135,68,137
irregular-n12-t128-b00064-frandom-s15,Standard,2,true,2,3,1,0,1,0,0,0,0,0,0,0,12,36,36,36,4788,4788,48674,4191473,69326774756840002253696721272517196587384,136,137,69,138
irregular-n12-t128-b00064-frandom-s15,Standard,3,true,3,4,2,0,2,0,0,0,0,0,0,0,76,304,304,304,33744,33744,422334,29316024,80360970938371224116911232999767823179702,136,137,69,137
irregular-n12-t128-b00064-frandom-s15,Accelerated,0,true,2,5,0,2,2,1,0,1,0,1,0,1,1,5,5,5,785,785,10136,822002,804250579667521317562193386276259781264506267216254156774912,200,196,130,202
irregular-n12-t128-b00064-frandom-s15,Accelerated,1,true,2,5,0,2,2,1,0,1,0,1,0,1,912,4560,4180,4180,387980,387980,5095438,259649325,1635309813819272528750801180110282593247467175777156746006228,201,200,133,201
irregular-n12-t128-b00064-frandom-s15,Accelerated,2,true,0,2,0,0,0,0,0,0,0,0,1,0,12,24,24,24,3192,3192,39298,3363609,69326774756840002253696721272517196587384,136,70,69,138
irregular-n12-t128-b00064-frandom-s15,Accelerated,3,true,2,5,0,2,2,1,0,1,0,1,0,1,76,380,380,380,42180,42180,648277,43779921,16469571003663488884390003315724559642392591819533909323209408,204,202,136,205
irregular-n12-t128-b00064-frandom-s16,Standard,0,true,3,4,2,0,2,0,0,0,0,0,0,0,1,4,4,4,628,628,9894,815077,111037036063036226327476255459997672919000,137,134,69,137
irregular-n12-t128-b00064-frandom-s16,Standard,1,true,3,4,2,0,2,0,0,0,0,0,0,0,888,3552,3256,3256,302216,302216,3964769,203442961,163921372061206585466381341613991168283056,137,136,69,138
irregular-n12-t128-b00064-frandom-s16,Standard,2,true,3,4,2,0,2,0,0,0,0,0,0,0,12,48,48,48,6384,6384,83716,6880819,137997150115718605231439130722224101558160,137,138,69,139
irregular-n12-t128-b00064-frandom-s16,Standard,3,true,3,4,2,0,2,0,0,0,0,0,0,0,74,296,296,296,32856,32856,409657,27718768,153660736657774557932121414945241413278400,137,138,69,138
irregular-n12-t128-b00064-frandom-s16,Accelerated,0,true,2,5,0,2,2,1,0,1,0,1,0,1,1,5,5,5,785,785,11085,861725,1126601139702401248719770368990292868358531012213361350599168,200,199,133,201
irregular-n12-t128-b00064-frandom-s16,Accelerated,1,true,1,3,0,1,1,0,0,0,0,1,0,1,888,2664,2442,2442,226662,226662,2934102,131508618,61116417317639591114941131864568018361120,136,135,69,136
irregular-n12-t128-b00064-frandom-s16,Accelerated,2,true,1,3,0,1,1,0,0,0,0,1,0,1,12,36,36,36,4788,4788,74864,6109789,137997150115718605231439130722224101558160,137,130,69,139
irregular-n12-t128-b00064-frandom-s16,Accelerated,3,true,1,3,0,1,1,0,0,0,0,1,0,1,74,222,222,222,24642,24642,347999,23254389,153660736657774557932121414945241413278400,137,136,69,138
irregular-n12-t128-b00064-frandom-s17,Standard,0,true,3,4,2,0,2,0,0,0,0,0,0,0,1,4,4,4,628,628,12754,1276708,91526831530417992306665331406324804414024,137,135,69,137
irregular-n12-t128-b00064-frandom-s17,Standard,1,true,4,5,3,0,3,0,0,0,0,0,0,0,984,4920,4510,4510,418610,418610,6283050,366882796,135707261591412908879914702897325747069736,137,135,69,137
irregular-n12-t128-b00064-frandom-s17,Standard,2,true,2,3,1,0,1,0,0,0,0,0,0,0,12,36,36,36,4788,4788,54778,5076250,111505439518309813392016817202368507022360,137,137,69,138
irregular-n12-t128-b00064-frandom-s17,Standard,3,true,2,3,1,0,1,0,0,0,0,0,0,0,82,246,246,246,27306,27306,325348,24056308,126619032225486988973590812671570020180982,137,137,69,138
irregular-n12-t128-b00064-frandom-s17,Accelerated,0,true,2,5,0,2,2,1,0,1,0,1,0,1,1,5,5,5,785,785,14301,1346510,1578172265065959549798728892462577447896632257225701265917600,200,200,133,202
irregular-n12-t128-b00064-frandom-s17,Accelerated,1,true,0,2,0,0,0,0,0,0,0,0,1,0,984,1968,1804,1804,167444,167444,2164451,105657622,12783886047970949603811539988622109462448,134,132,69,134
irregular-n12-t128-b00064-frandom-s17,Accelerated,2,true,0,2,0,0,0,0,0,0,0,0,1,0,12,24,24,24,3192,3192,44868,4160591,111505439518309813392016817202368507022360,137,70,69,138
irregular-n12-t128-b00064-frandom-s17,Accelerated,3,true,0,2,0,0,0,0,0,0,0,0,1,0,82,164,164,164,18204,18204,249806,18170499,126619032225486988973590812671570020180982,137,135,69,138
irregular-n12-t128-b00064-frandom-s18,Standard,0,true,3,4,2,0,2,0,0,0,0,0,0,0,1,4,4,4,628,628,8108,556444,62627555998976606725851364033646667185716,136,134,68,136
irregular-n12-t128-b00064-frandom-s18,Standard,1,true,4,5,3,0,3,0,0,0,0,0,0,0,816,4080,3740,3740,347140,347140,4256541,196046537,92973515840545200737730868847600830945992,137,135,68,137
irregular-n12-t128-b00064-frandom-s18,Standard,2,true,3,4,2,0,2,0,0,0,0,0,0,0,12,48,48,48,6384,6384,73246,4978144,75865356835428476411100940412124506261338,136,137,69,138
irregular-n12-t128-b00064-frandom-s18,Standard,3,true,5,6,4,0,4,0,0,0,0,0,0,0,68,408,408,408,45288,45288,545241,28759064,86511732937745412627326161063900945618196,136,137,69,137
irregular-n12-t128-b00064-frandom-s18,Accelerated,0,true,2,5,0,2,2,1,0,1,0,1,0,1,1,5,5,5,785,785,9000,572726,411359459275248797487001701977209713529466047562381709103120,199,194,128,201
irregular-n12-t128-b00064-frandom-s18,Accelerated,1,true,2,5,0,2,2,1,0,1,0,1,0,1,816,4080,3740,3740,347140,347140,3858430,160877758,1398313513446583918979793203015026709199064275636973053695504,200,200,132,200
irregular-n12-t128-b00064-frandom-s18,Accelerated,2,true,1,3,0,1,1,0,0,0,0,1,0,1,12,36,36,36,4788,4788,64726,4262183,75865356835428476411100940412124506261338,136,133,69,138
irregular-n12-t128-b00064-frandom-s18,Accelerated,3,true,3,7,0,3,3,2,0,2,0,1,0,1,68,476,476,476,52836,52836,690591,32836953,6475615502666984732478281594089630965152421135728405685359216,203,201,134,203
irregular-n12-t128-b00064-frandom-s19,Standard,0,true,2,3,1,0,1,0,0,0,0,0,0,0,1,3,3,3,471,471,5246,441795,82201653108461332228895321016424617944838,136,136,69,137
irregular-n12-t128-b00064-frandom-s19,Standard,1,true,4,5,3,0,3,0,0,0,0,0,0,0,864,4320,3285,3285,305435,305435,3745124,204763101,96319303489699241658399046196290502985986,137,135,69,137
irregular-n12-t128-b00064-frandom-s19,Standard,2,true,4,5,3,0,3,0,0,0,0,0,0,0,12,60,60,60,7980,7980,107958,8422116,75548819629579581657725546161562538078642,136,136,68,137
irregular-n12-t128-b00064-frandom-s19,Standard,3,true,4,5,3,0,3,0,0,0,0,0,0,0,72,360,360,360,39960,39960,495590,31005114,78355868800415873926707973405638872664532,136,136,68,137
irregular-n12-t128-b00064-frandom-s19,Accelerated,0,true,1,3,0,1,1,0,0,0,0,1,0,1,1,3,3,3,471,471,5246,441795,82201653108461332228895321016424617944838,136,136,69,137
irregular-n12-t128-b00064-frandom-s19,Accelerated,1,true,3,7,0,3,3,2,0,2,0,1,0,1,864,6048,4599,4599,427609,427609,5072622,259465309,25752697874968121492715783368112525065432039074546904849165940,205,203,137,205
irregular-n12-t128-b00064-frandom-s19,Accelerated,2,true,2,5,0,2,2,1,0,1,0,1,0,1,12,60,60,60,7980,7980,124847,9067453,12298008435878928419864383271251477427816486525490058588022868,203,203,135,204
irregular-n12-t128-b00064-frandom-s19,Accelerated,3,true,2,5,0,2,2,1,0,1,0,1,0,1,72,360,360,360,39960,39960,546424,31590465,9743631826480604281516678193790780697789988567102712580205220,203,202,134,203
irregular-n12-t128-b00064-frandom-s20,Standard,0,true,2,3,1,0,1,0,0,0,0,0,0,0,1,3,3,3,471,471,4863,365189,56887472694067515393096097289770859070236,136,134,69,136
irregular-n12-t128-b00064-frandom-s20,Standard,1,true,2,3,1,0,1,0,0,0,0,0,0,0,768,2304,2112,2112,196032,196032,1931844,93446947,79775717393025054832238658408318609281100,136,135,69,137
irregular-n12-t128-b00064-frandom-s20,Standard,2,true,2,3,1,0,1,0,0,0,0,0,0,0,12,36,36,36,4788,4788,46841,3786977,54846833319378488324552632575282240742800,136,136,68,137
irregular-n12-t128-b00064-frandom-s20,Standard,3,true,3,4,2,0,2,0,0,0,0,0,0,0,64,256,256,256,28416,28416,334492,21698666,59245231452564358154830455578303142076026,136,136,68,137
irregular-n12-t128-b00064-frandom-s20,Accelerated,0,true,1,3,0,1,1,0,0,0,0,1,0,1,1,3,3,3,471,471,4965,376852,56887472694067515393096097289770859070236,136,134,69,136
irregular-n12-t128-b00064-frandom-s20,Accelerated,1,true,1,3,0,1,1,0,0,0,0,1,0,1,768,2304,2112,2112,196032,196032,2104283,103890280,79775717393025054832238658408318609281100,136,135,69,137
irregular-n12-t128-b00064-frandom-s20,Accelerated,2,true,0,2,0,0,0,0,0,0,0,0,1,0,12,24,24,24,3192,3192,36563,2923762,54846833319378488324552632575282240742800,136,69,68,137
irregular-n12-t128-b00064-frandom-s20,Accelerated,3,true,1,3,0,1,1,0,0,0,0,1,0,1,64,192,192,192,21312,21312,276239,17717121,59431204310791979685924598792976595421422,136,134,68,137
