recipe,solver,cell,tau,b,capacity_mode,seed,support_sha256,n,m,Q_bits,max_q_bits,max_f_bits,input_integer_bits_sum,repeat_count,median_solve_ns,attaining_candidate,outer_iterations,oracle_calls,newton_updates,newton_queries,newton_candidates,lookahead_queries,lookahead_accepted,lookahead_rejected,lookahead_terminal,newton_terminal,initialization_returns,early_returns,atomic_families_enumerated,atomic_families_examined,atomic_families_feasible,parity_cut_calls,ordinary_min_cut_calls,max_flow_calls,augmentations,bfs_scans,flow_peak_generated_value,flow_peak_bits,peak_numerator_bits,peak_denominator_bits,peak_integer_bits,output_numerator_bits,output_denominator_bits
irregular-n06-t064-b00001-falternating-s01,Standard,irregular-n06-t064-b00001-falternating,64,1,alternating,s01,0a9e8632c26fbac524457b912a92d8890a2c195d16e3ee983ddd3285315f507b,6,9,4,2,3,65,3,243893625,H0,10,14,6,0,6,0,0,0,0,0,0,0,77,253,220,220,4006,4006,13487,196618,272,9,8,4,10,3,2
irregular-n06-t064-b00001-falternating-s01,Accelerated,irregular-n06-t064-b00001-falternating,64,1,alternating,s01,0a9e8632c26fbac524457b912a92d8890a2c195d16e3ee983ddd3285315f507b,6,9,4,2,3,65,3,210608166,H0,4,12,0,4,4,0,0,0,0,4,0,4,77,231,198,198,3522,3522,11802,166771,254,8,7,4,10,3,2
irregular-n06-t064-b00001-falternating-s02,Standard,irregular-n06-t064-b00001-falternating,64,1,alternating,s02,0326bfad062bee799f12acfda0bedc49706ab7ee1eab3b4fdb509a08c5de8af0,6,7,4,2,3,59,3,194878459,H1,10,14,6,0,6,0,0,0,0,0,0,0,61,211,187,187,3435,3435,10268,142071,320,9,8,4,10,3,2
irregular-n06-t064-b00001-falternating-s02,Accelerated,irregular-n06-t064-b00001-falternating,64,1,alternating,s02,0326bfad062bee799f12acfda0bedc49706ab7ee1eab3b4fdb509a08c5de8af0,6,7,4,2,3,59,3,156588583,H1,2,11,0,2,2,1,0,1,0,1,3,1,61,164,148,148,2780,2780,8423,112020,2568,12,10,7,12,3,2
irregular-n06-t064-b00001-falternating-s03,Standard,irregular-n06-t064-b00001-falternating,64,1,alternating,s03,10a3f81d35b6b4fbbb9f824c086e19e66fe4ee0dda207fd5e58105acd5d1634f,6,10,5,2,3,75,3,306942000,L1,10,14,7,0,7,0,0,0,0,0,0,0,85,341,300,300,5130,5130,17140,254353,410,9,9,5,10,4,3
irregular-n06-t064-b00001-falternating-s03,Accelerated,irregular-n06-t064-b00001-falternating,64,1,alternating,s03,10a3f81d35b6b4fbbb9f824c086e19e66fe4ee0dda207fd5e58105acd5d1634f,6,10,5,2,3,75,3,202653125,L1,3,11,0,3,3,1,0,1,0,2,1,2,85,201,180,180,3250,3250,11204,171295,4632,13,11,8,13,4,3
irregular-n06-t064-b00001-falternating-s04,Standard,irregular-n06-t064-b00001-falternating,64,1,alternating,s04,0a9188521d439467d6bd5935239be6378d574075323b62c0350e1c8cd286c87a,6,7,4,2,2,50,3,166865959,L0,10,14,6,0,6,0,0,0,0,0,0,0,61,201,171,171,3121,3121,8381,111548,88,7,7,4,10,3,2
irregular-n06-t064-b00001-falternating-s04,Accelerated,irregular-n06-t064-b00001-falternating,64,1,alternating,s04,0a9188521d439467d6bd5935239be6378d574075323b62c0350e1c8cd286c87a,6,7,4,2,2,50,3,117460041,L0,2,10,0,2,2,0,0,0,0,2,2,2,61,140,120,120,2214,2214,5951,77249,78,7,4,4,10,3,2
irregular-n06-t064-b00001-falternating-s05,Standard,irregular-n06-t064-b00001-falternating,64,1,alternating,s05,360d31262ab5822fbcfe4813b38c68b317709ad341eaf6531bc9b575d604f783,6,9,4,2,3,66,3,260817500,L0,11,15,7,0,7,0,0,0,0,0,0,0,77,307,251,251,4433,4433,13679,194593,268,9,8,4,10,4,3
irregular-n06-t064-b00001-falternating-s05,Accelerated,irregular-n06-t064-b00001-falternating,64,1,alternating,s05,360d31262ab5822fbcfe4813b38c68b317709ad341eaf6531bc9b575d604f783,6,9,4,2,3,66,3,161251459,L0,2,10,0,2,2,0,0,0,0,2,2,2,77,176,148,148,2722,2722,8426,118905,268,9,7,4,10,4,3
irregular-n06-t064-b00001-falternating-s06,Standard,irregular-n06-t064-b00001-falternating,64,1,alternating,s06,c7623cce0e73bc57638950c6d9457fb6b81b8795dbef947af946fd3a1ef18fca,6,7,4,2,3,58,3,178314834,L0,10,14,6,0,6,0,0,0,0,0,0,0,61,226,182,182,3208,3208,9535,131559,278,9,8,4,10,4,3
irregular-n06-t064-b00001-falternating-s06,Accelerated,irregular-n06-t064-b00001-falternating,64,1,alternating,s06,c7623cce0e73bc57638950c6d9457fb6b81b8795dbef947af946fd3a1ef18fca,6,7,4,2,3,58,3,97856709,L0,0,8,0,0,0,0,0,0,0,0,4,0,61,122,100,100,1804,1804,5102,66939,268,9,6,4,10,4,3
irregular-n06-t064-b00001-falternating-s07,Standard,irregular-n06-t064-b00001-falternating,64,1,alternating,s07,1395d5ae4fd989d1cf52394792c135e0ceec8e62281b22db83089ddc156b870c,6,6,4,2,2,47,3,120321458,L0,10,14,6,0,6,0,0,0,0,0,0,0,53,172,112,112,2218,2218,5932,82142,116,7,7,4,10,3,2
irregular-n06-t064-b00001-falternating-s07,Accelerated,irregular-n06-t064-b00001-falternating,64,1,alternating,s07,1395d5ae4fd989d1cf52394792c135e0ceec8e62281b22db83089ddc156b870c,6,6,4,2,2,47,3,81704625,L0,1,9,0,1,1,0,0,0,0,1,3,1,53,118,78,78,1534,1534,4057,53391,116,7,5,4,10,3,2
irregular-n06-t064-b00001-falternating-s08,Standard,irregular-n06-t064-b00001-falternating,64,1,alternating,s08,482ab7e16e0d9a74a65bf9b9869e16ee26bac5f95182016abb45912093da5cb1,6,8,4,2,2,57,3,158723541,L0,8,12,4,0,4,0,0,0,0,0,0,0,69,207,150,150,2778,2778,8453,119798,120,7,7,4,10,4,3
irregular-n06-t064-b00001-falternating-s08,Accelerated,irregular-n06-t064-b00001-falternating,64,1,alternating,s08,482ab7e16e0d9a74a65bf9b9869e16ee26bac5f95182016abb45912093da5cb1,6,8,4,2,2,57,3,113450875,L0,1,9,0,1,1,0,0,0,0,1,3,1,69,142,104,104,1958,1958,6061,85100,120,7,6,4,10,4,3
irregular-n06-t064-b00001-falternating-s09,Standard,irregular-n06-t064-b00001-falternating,64,1,alternating,s09,4b3f0497ac1b16e8281085c85504e028d63054b0f669d9373e6ba2d25d76dc35,6,9,4,2,3,66,3,284306166,L0,12,16,8,0,8,0,0,0,0,0,0,0,77,325,269,269,4811,4811,15670,227614,298,9,8,5,10,4,3
irregular-n06-t064-b00001-falternating-s09,Accelerated,irregular-n06-t064-b00001-falternating,64,1,alternating,s09,4b3f0497ac1b16e8281085c85504e028d63054b0f669d9373e6ba2d25d76dc35,6,9,4,2,3,66,3,211061958,L0,3,12,0,3,3,1,1,0,0,2,2,2,77,212,184,184,3478,3478,11726,170039,2188,12,10,7,12,4,3
irregular-n06-t064-b00001-falternating-s10,Standard,irregular-n06-t064-b00001-falternating,64,1,alternating,s10,cb88a12babf1e5fce926e4c10b3a55c84445d6f1128afeee0cd74b59d86b6b36,6,10,5,2,3,79,3,280641250,H0,11,15,7,0,7,0,0,0,0,0,0,0,85,283,250,250,4514,4514,15219,240256,480,9,9,5,10,3,2
irregular-n06-t064-b00001-falternating-s10,Accelerated,irregular-n06-t064-b00001-falternating,64,1,alternating,s10,cb88a12babf1e5fce926e4c10b3a55c84445d6f1128afeee0cd74b59d86b6b36,6,10,5,2,3,79,3,220431042,H0,4,13,0,4,4,1,1,0,0,3,1,3,85,203,181,181,3369,3369,11838,190525,3732,12,10,7,13,3,2
irregular-n06-t064-b00001-falternating-s11,Standard,irregular-n06-t064-b00001-falternating,64,1,alternating,s11,8d8fd81517f2d993950d9b70e2714279a986247b5731386c5b25196914a91b76,6,8,4,2,3,58,3,211100541,L0,10,14,6,0,6,0,0,0,0,0,0,0,69,224,197,197,3571,3571,10918,152506,220,8,8,4,10,4,3
irregular-n06-t064-b00001-falternating-s11,Accelerated,irregular-n06-t064-b00001-falternating,64,1,alternating,s11,8d8fd81517f2d993950d9b70e2714279a986247b5731386c5b25196914a91b76,6,8,4,2,3,58,3,176333708,L0,2,10,0,2,2,0,0,0,0,2,2,2,69,202,175,175,3043,3043,9117,117366,220,8,6,4,10,4,3
irregular-n06-t064-b00001-falternating-s12,Standard,irregular-n06-t064-b00001-falternating,64,1,alternating,s12,455f36706cb9e0461d6cb04c372f98e66c24901580e6c9f3b64049f45c606ce4,6,8,4,2,3,65,3,209409375,L0,10,14,6,0,6,0,0,0,0,0,0,0,69,224,203,203,3601,3601,11102,162351,280,9,9,5,10,4,3
irregular-n06-t064-b00001-falternating-s12,Accelerated,irregular-n06-t064-b00001-falternating,64,1,alternating,s12,455f36706cb9e0461d6cb04c372f98e66c24901580e6c9f3b64049f45c606ce4,6,8,4,2,3,65,3,139148542,L0,1,9,0,1,1,0,0,0,0,1,3,1,69,154,140,140,2484,2484,7599,106222,272,9,6,5,10,4,3
irregular-n06-t064-b00001-falternating-s13,Standard,irregular-n06-t064-b00001-falternating,64,1,alternating,s13,2e7c482137ea3f17759c149814665694b48b8620063d15131ac3e0a1947582c5,6,9,4,2,3,67,3,212771375,H1,11,15,7,0,7,0,0,0,0,0,0,0,77,307,191,191,3557,3557,11556,174412,296,9,8,4,10,3,2
irregular-n06-t064-b00001-falternating-s13,Accelerated,irregular-n06-t064-b00001-falternating,64,1,alternating,s13,2e7c482137ea3f17759c149814665694b48b8620063d15131ac3e0a1947582c5,6,9,4,2,3,67,3,191780416,H1,4,13,0,4,4,1,1,0,0,3,1,3,77,213,155,155,3083,3083,10513,156515,4112,13,11,8,13,3,2
irregular-n06-t064-b00001-falternating-s14,Standard,irregular-n06-t064-b00001-falternating,64,1,alternating,s14,25534fac345131a20322131a3f8a7c2e91511ae5e357f25dfd6154bee012966b,6,7,4,2,2,53,3,183907833,L0,10,14,6,0,6,0,0,0,0,0,0,0,61,229,181,181,3219,3219,9231,124191,104,7,7,4,10,3,2
irregular-n06-t064-b00001-falternating-s14,Accelerated,irregular-n06-t064-b00001-falternating,64,1,alternating,s14,25534fac345131a20322131a3f8a7c2e91511ae5e357f25dfd6154bee012966b,6,7,4,2,2,53,3,116535209,L0,1,9,0,1,1,0,0,0,0,1,3,1,61,126,102,102,1884,1884,5268,69978,104,7,5,4,10,3,2
irregular-n06-t064-b00001-falternating-s15,Standard,irregular-n06-t064-b00001-falternating,64,1,alternating,s15,5c1e5ed3be54caecedfad7865edcb043340fe8165658825c97d8fe2e5de0e2a2,6,9,4,2,3,69,3,256554834,H1,8,12,5,0,5,0,0,0,0,0,0,0,77,301,260,260,4438,4438,14253,197701,378,9,8,4,10,3,2
irregular-n06-t064-b00001-falternating-s15,Accelerated,irregular-n06-t064-b00001-falternating,64,1,alternating,s15,5c1e5ed3be54caecedfad7865edcb043340fe8165658825c97d8fe2e5de0e2a2,6,9,4,2,3,69,3,189998709,H1,2,9,0,2,2,0,0,0,0,2,1,2,77,225,194,194,3302,3302,10747,145902,324,9,7,4,10,3,2
irregular-n06-t064-b00001-falternating-s16,Standard,irregular-n06-t064-b00001-falternating,64,1,alternating,s16,6f5bc4f4f3b331ad7aad9f8603198aa2ed6014e947451ef23a94458c6a02074b,6,8,4,2,3,64,3,229067000,H1,9,13,6,0,6,0,0,0,0,0,0,0,69,273,236,236,4084,4084,12328,162111,300,9,8,4,10,3,2
irregular-n06-t064-b00001-falternating-s16,Accelerated,irregular-n06-t064-b00001-falternating,64,1,alternating,s16,6f5bc4f4f3b331ad7aad9f8603198aa2ed6014e947451ef23a94458c6a02074b,6,8,4,2,3,64,3,187983708,H1,4,12,0,4,4,1,1,0,0,3,0,3,69,213,185,185,3275,3275,10198,136923,2760,12,9,7,12,3,2
irregular-n06-t064-b00001-falternating-s17,Standard,irregular-n06-t064-b00001-falternating,64,1,alternating,s17,73384468496f22232502470f5c69a43d5adb0005da2c638dbaa2af5b3d6622e1,6,8,4,2,3,63,3,200750958,L1,8,12,5,0,5,0,0,0,0,0,0,0,69,225,203,203,3535,3535,10394,144693,274,9,9,5,10,4,3
irregular-n06-t064-b00001-falternating-s17,Accelerated,irregular-n06-t064-b00001-falternating,64,1,alternating,s17,73384468496f22232502470f5c69a43d5adb0005da2c638dbaa2af5b3d6622e1,6,8,4,2,3,63,3,145452083,L1,2,9,0,2,2,0,0,0,0,2,1,2,69,157,142,142,2504,2504,7399,101273,274,9,7,5,10,4,3
irregular-n06-t064-b00001-falternating-s18,Standard,irregular-n06-t064-b00001-falternating,64,1,alternating,s18,3a59a5a56f318acd66318b1d8d463d08cfda6be5092f0230cc4b356a176b7af5,6,8,4,2,3,65,3,236520541,L0,11,15,7,0,7,0,0,0,0,0,0,0,69,240,219,219,3937,3937,12161,176380,352,9,9,5,10,4,3
irregular-n06-t064-b00001-falternating-s18,Accelerated,irregular-n06-t064-b00001-falternating,64,1,alternating,s18,3a59a5a56f318acd66318b1d8d463d08cfda6be5092f0230cc4b356a176b7af5,6,8,4,2,3,65,3,188599625,L0,2,11,0,2,2,1,1,0,0,1,3,1,69,186,172,172,3156,3156,9909,138577,5724,13,11,8,13,4,3
irregular-n06-t064-b00001-falternating-s19,Standard,irregular-n06-t064-b00001-falternating,64,1,alternating,s19,ddc820e709beb105e4c587a733a3afffe058a27f0676c34bc6bfe6984cdf57d5,6,10,4,2,3,73,3,288707250,L1,8,12,5,0,5,0,0,0,0,0,0,0,85,333,296,296,4938,4938,15753,222178,376,9,9,5,10,3,2
irregular-n06-t064-b00001-falternating-s19,Accelerated,irregular-n06-t064-b00001-falternating,64,1,alternating,s19,ddc820e709beb105e4c587a733a3afffe058a27f0676c34bc6bfe6984cdf57d5,6,10,4,2,3,73,3,174786708,L1,1,8,0,1,1,0,0,0,0,1,2,1,85,189,170,170,2942,2942,9560,133962,376,9,7,5,10,3,2
irregular-n06-t064-b00001-falternating-s20,Standard,irregular-n06-t064-b00001-falternating,64,1,alternating,s20,05a5872e3f1cb505a24e023ca943641b6aafe3962c7e33703ce9530379cf4b66,6,10,5,2,3,75,3,267698417,H0,11,15,7,0,7,0,0,0,0,0,0,0,85,283,223,223,4115,4115,14184,225923,392,9,9,5,10,3,2
irregular-n06-t064-b00001-falternating-s20,Accelerated,irregular-n06-t064-b00001-falternating,64,1,alternating,s20,05a5872e3f1cb505a24e023ca943641b6aafe3962c7e33703ce9530379cf4b66,6,10,5,2,3,75,3,241714292,H0,5,14,0,5,5,1,0,1,0,4,0,4,85,263,203,203,3695,3695,12991,203263,3408,12,11,7,12,3,2
irregular-n06-t064-b00001-frandom-s01,Standard,irregular-n06-t064-b00001-frandom,64,1,random,s01,0a9e8632c26fbac524457b912a92d8890a2c195d16e3ee983ddd3285315f507b,6,9,4,2,2,61,3,293021833,L0,8,12,4,0,4,0,0,0,0,0,0,0,133,399,345,345,5547,5547,15039,203592,128,8,7,4,10,5,4
irregular-n06-t064-b00001-frandom-s01,Accelerated,irregular-n06-t064-b00001-frandom,64,1,random,s01,0a9e8632c26fbac524457b912a92d8890a2c195d16e3ee983ddd3285315f507b,6,9,4,2,2,61,3,261676625,L0,2,10,0,2,2,0,0,0,0,2,2,2,133,375,321,321,5055,5055,13588,172318,128,8,7,4,10,5,4
irregular-n06-t064-b00001-frandom-s02,Standard,irregular-n06-t064-b00001-frandom,64,1,random,s02,0326bfad062bee799f12acfda0bedc49706ab7ee1eab3b4fdb509a08c5de8af0,6,7,4,2,3,56,3,188277209,H1,9,13,5,0,5,0,0,0,0,0,0,0,75,239,200,200,3516,3516,9762,134010,198,8,8,4,10,4,3
irregular-n06-t064-b00001-frandom-s02,Accelerated,irregular-n06-t064-b00001-frandom,64,1,random,s02,0326bfad062bee799f12acfda0bedc49706ab7ee1eab3b4fdb509a08c5de8af0,6,7,4,2,3,56,3,168274417,H1,3,11,0,3,3,0,0,0,0,3,1,3,75,224,185,185,3179,3179,8748,113694,198,8,7,4,10,4,3
irregular-n06-t064-b00001-frandom-s03,Standard,irregular-n06-t064-b00001-frandom,64,1,random,s03,10a3f81d35b6b4fbbb9f824c086e19e66fe4ee0dda207fd5e58105acd5d1634f,6,10,5,2,3,76,3,326854667,L0,11,15,7,0,7,0,0,0,0,0,0,0,106,344,305,305,5397,5397,17073,263966,348,9,9,5,10,4,3
irregular-n06-t064-b00001-frandom-s03,Accelerated,irregular-n06-t064-b00001-frandom,64,1,random,s03,10a3f81d35b6b4fbbb9f824c086e19e66fe4ee0dda207fd5e58105acd5d1634f,6,10,5,2,3,76,3,285519792,L0,3,11,0,3,3,0,0,0,0,3,1,3,106,317,278,278,4736,4736,14854,214158,336,9,8,5,10,4,3
irregular-n06-t064-b00001-frandom-s04,Standard,irregular-n06-t064-b00001-frandom,64,1,random,s04,0a9188521d439467d6bd5935239be6378d574075323b62c0350e1c8cd286c87a,6,7,4,2,2,54,3,257944708,L0,11,15,7,0,7,0,0,0,0,0,0,0,76,299,259,259,4525,4525,12374,166015,162,8,8,4,10,3,2
irregular-n06-t064-b00001-frandom-s04,Accelerated,irregular-n06-t064-b00001-frandom,64,1,random,s04,0a9188521d439467d6bd5935239be6378d574075323b62c0350e1c8cd286c87a,6,7,4,2,2,54,3,176804500,L0,2,10,0,2,2,0,0,0,0,2,2,2,76,222,192,192,3312,3312,8946,114118,126,7,6,4,10,3,2
irregular-n06-t064-b00001-frandom-s05,Standard,irregular-n06-t064-b00001-frandom,64,1,random,s05,360d31262ab5822fbcfe4813b38c68b317709ad341eaf6531bc9b575d604f783,6,9,4,2,3,67,3,352983667,L0,11,15,7,0,7,0,0,0,0,0,0,0,113,448,388,388,6436,6436,18085,246067,238,8,8,4,10,3,2
irregular-n06-t064-b00001-frandom-s05,Accelerated,irregular-n06-t064-b00001-frandom,64,1,random,s05,360d31262ab5822fbcfe4813b38c68b317709ad341eaf6531bc9b575d604f783,6,9,4,2,3,67,3,202335625,L0,1,9,0,1,1,0,0,0,0,1,3,1,113,244,214,214,3658,3658,10238,131929,190,8,6,4,10,3,2
irregular-n06-t064-b00001-frandom-s06,Standard,irregular-n06-t064-b00001-frandom,64,1,random,s06,c7623cce0e73bc57638950c6d9457fb6b81b8795dbef947af946fd3a1ef18fca,6,7,4,2,3,56,3,174449583,L1,10,14,6,0,6,0,0,0,0,0,0,0,62,205,157,157,3083,3083,8094,113596,188,8,8,4,10,3,2
irregular-n06-t064-b00001-frandom-s06,Accelerated,irregular-n06-t064-b00001-frandom,64,1,random,s06,c7623cce0e73bc57638950c6d9457fb6b81b8795dbef947af946fd3a1ef18fca,6,7,4,2,3,56,3,131705584,L1,3,11,0,3,3,0,0,0,0,3,1,3,62,144,112,112,2248,2248,6068,83623,148,8,6,4,10,3,2
irregular-n06-t064-b00001-frandom-s07,Standard,irregular-n06-t064-b00001-frandom,64,1,random,s07,1395d5ae4fd989d1cf52394792c135e0ceec8e62281b22db83089ddc156b870c,6,6,4,2,2,47,3,166700958,L0,9,13,5,0,5,0,0,0,0,0,0,0,79,243,201,201,3375,3375,8020,102055,104,7,7,4,10,4,3
irregular-n06-t064-b00001-frandom-s07,Accelerated,irregular-n06-t064-b00001-frandom,64,1,random,s07,1395d5ae4fd989d1cf52394792c135e0ceec8e62281b22db83089ddc156b870c,6,6,4,2,2,47,3,111404875,L0,1,9,0,1,1,0,0,0,0,1,3,1,79,164,136,136,2288,2288,5470,65295,78,7,5,4,10,4,3
irregular-n06-t064-b00001-frandom-s08,Standard,irregular-n06-t064-b00001-frandom,64,1,random,s08,482ab7e16e0d9a74a65bf9b9869e16ee26bac5f95182016abb45912093da5cb1,6,8,4,2,3,64,3,324477833,L0,9,13,5,0,5,0,0,0,0,0,0,0,117,447,383,383,6181,6181,16406,221821,204,8,8,5,10,5,4
irregular-n06-t064-b00001-frandom-s08,Accelerated,irregular-n06-t064-b00001-frandom,64,1,random,s08,482ab7e16e0d9a74a65bf9b9869e16ee26bac5f95182016abb45912093da5cb1,6,8,4,2,3,64,3,231117500,L0,2,10,0,2,2,0,0,0,0,2,2,2,117,331,283,283,4553,4553,12003,154312,180,8,7,5,10,5,4
irregular-n06-t064-b00001-frandom-s09,Standard,irregular-n06-t064-b00001-frandom,64,1,random,s09,4b3f0497ac1b16e8281085c85504e028d63054b0f669d9373e6ba2d25d76dc35,6,9,4,2,3,69,3,222877167,L1,9,13,5,0,5,0,0,0,0,0,0,0,96,306,195,195,3687,3687,10824,157992,432,9,9,5,10,3,2
irregular-n06-t064-b00001-frandom-s09,Accelerated,irregular-n06-t064-b00001-frandom,64,1,random,s09,4b3f0497ac1b16e8281085c85504e028d63054b0f669d9373e6ba2d25d76dc35,6,9,4,2,3,69,3,198330459,L1,3,12,0,3,3,1,0,1,0,2,2,2,96,247,173,173,3383,3383,10546,150988,6164,13,12,9,14,3,2
irregular-n06-t064-b00001-frandom-s10,Standard,irregular-n06-t064-b00001-frandom,64,1,random,s10,cb88a12babf1e5fce926e4c10b3a55c84445d6f1128afeee0cd74b59d86b6b36,6,10,4,2,3,78,3,320067375,L0,10,14,6,0,6,0,0,0,0,0,0,0,107,347,297,297,5295,5295,17119,259515,280,9,9,5,10,5,4
irregular-n06-t064-b00001-frandom-s10,Accelerated,irregular-n06-t064-b00001-frandom,64,1,random,s10,cb88a12babf1e5fce926e4c10b3a55c84445d6f1128afeee0cd74b59d86b6b36,6,10,4,2,3,78,3,277934791,L0,4,12,0,4,4,0,0,0,0,4,0,4,107,321,273,273,4731,4731,15332,222923,272,9,7,5,10,5,4
irregular-n06-t064-b00001-frandom-s11,Standard,irregular-n06-t064-b00001-frandom,64,1,random,s11,8d8fd81517f2d993950d9b70e2714279a986247b5731386c5b25196914a91b76,6,8,4,2,2,59,3,300306833,H0,11,15,7,0,7,0,0,0,0,0,0,0,117,372,324,324,5516,5516,14710,197620,148,8,7,4,10,4,3
irregular-n06-t064-b00001-frandom-s11,Accelerated,irregular-n06-t064-b00001-frandom,64,1,random,s11,8d8fd81517f2d993950d9b70e2714279a986247b5731386c5b25196914a91b76,6,8,4,2,2,59,3,260423833,H0,4,12,0,4,4,0,0,0,0,4,0,4,117,351,303,303,5013,5013,13780,172540,134,8,7,4,10,4,3
irregular-n06-t064-b00001-frandom-s12,Standard,irregular-n06-t064-b00001-frandom,64,1,random,s12,455f36706cb9e0461d6cb04c372f98e66c24901580e6c9f3b64049f45c606ce4,6,8,4,2,3,66,3,180267375,L1,6,10,3,0,3,0,0,0,0,0,0,0,71,211,183,183,3303,3303,9309,133475,274,9,9,5,10,3,3
irregular-n06-t064-b00001-frandom-s12,Accelerated,irregular-n06-t064-b00001-frandom,64,1,random,s12,455f36706cb9e0461d6cb04c372f98e66c24901580e6c9f3b64049f45c606ce4,6,8,4,2,3,66,3,140867833,L1,1,8,0,1,1,0,0,0,0,1,2,1,71,157,138,138,2538,2538,7484,106175,208,8,6,5,10,3,3
irregular-n06-t064-b00001-frandom-s13,Standard,irregular-n06-t064-b00001-frandom,64,1,random,s13,2e7c482137ea3f17759c149814665694b48b8620063d15131ac3e0a1947582c5,6,9,5,2,3,75,3,290257542,L1,9,13,5,0,5,0,0,0,0,0,0,0,115,351,285,285,5043,5043,14791,219491,372,9,9,5,10,5,4
irregular-n06-t064-b00001-frandom-s13,Accelerated,irregular-n06-t064-b00001-frandom,64,1,random,s13,2e7c482137ea3f17759c149814665694b48b8620063d15131ac3e0a1947582c5,6,9,5,2,3,75,3,249142209,L1,3,11,0,3,3,0,0,0,0,3,1,3,115,327,261,261,4479,4479,13157,185582,314,9,8,5,10,5,4
irregular-n06-t064-b00001-frandom-s14,Standard,irregular-n06-t064-b00001-frandom,64,1,random,s14,25534fac345131a20322131a3f8a7c2e91511ae5e357f25dfd6154bee012966b,6,7,4,2,2,56,3,217481583,H1,9,13,5,0,5,0,0,0,0,0,0,0,89,281,245,245,4227,4227,10850,140206,196,8,7,4,10,5,3
irregular-n06-t064-b00001-frandom-s14,Accelerated,irregular-n06-t064-b00001-frandom,64,1,random,s14,25534fac345131a20322131a3f8a7c2e91511ae5e357f25dfd6154bee012966b,6,7,4,2,2,56,3,190874125,H1,3,11,0,3,3,0,0,0,0,3,1,3,89,263,227,227,3809,3809,10094,123195,196,8,7,4,10,5,3
irregular-n06-t064-b00001-frandom-s15,Standard,irregular-n06-t064-b00001-frandom,64,1,random,s15,5c1e5ed3be54caecedfad7865edcb043340fe8165658825c97d8fe2e5de0e2a2,6,9,4,2,3,69,3,277063083,L0,6,10,3,0,3,0,0,0,0,0,0,0,133,387,312,312,5010,5010,14023,193981,180,8,8,4,10,5,4
irregular-n06-t064-b00001-frandom-s15,Accelerated,irregular-n06-t064-b00001-frandom,64,1,random,s15,5c1e5ed3be54caecedfad7865edcb043340fe8165658825c97d8fe2e5de0e2a2,6,9,4,2,3,69,3,259991084,L0,2,9,0,2,2,0,0,0,0,2,1,2,133,369,294,294,4632,4632,12844,171123,138,8,6,4,10,5,4
irregular-n06-t064-b00001-frandom-s16,Standard,irregular-n06-t064-b00001-frandom,64,1,random,s16,6f5bc4f4f3b331ad7aad9f8603198aa2ed6014e947451ef23a94458c6a02074b,6,8,4,2,3,62,3,366479917,H0,13,17,9,0,9,0,0,0,0,0,0,0,119,492,428,428,6980,6980,19160,249643,174,8,7,4,10,3,2
irregular-n06-t064-b00001-frandom-s16,Accelerated,irregular-n06-t064-b00001-frandom,64,1,random,s16,6f5bc4f4f3b331ad7aad9f8603198aa2ed6014e947451ef23a94458c6a02074b,6,8,4,2,3,62,3,410932750,H0,6,16,0,6,6,2,0,2,0,4,0,4,119,581,501,501,7991,7991,21987,268299,936,10,9,6,11,3,2
irregular-n06-t064-b00001-frandom-s17,Standard,irregular-n06-t064-b00001-frandom,64,1,random,s17,73384468496f22232502470f5c69a43d5adb0005da2c638dbaa2af5b3d6622e1,6,8,4,2,3,63,3,236052666,L1,10,14,6,0,6,0,0,0,0,0,0,0,86,279,234,234,4244,4244,11916,166466,256,9,9,5,10,3,2
irregular-n06-t064-b00001-frandom-s17,Accelerated,irregular-n06-t064-b00001-frandom,64,1,random,s17,73384468496f22232502470f5c69a43d5adb0005da2c638dbaa2af5b3d6622e1,6,8,4,2,3,63,3,166833500,L1,2,10,0,2,2,0,0,0,0,2,2,2,86,193,163,163,2993,2993,8535,117228,212,8,6,5,10,3,2
irregular-n06-t064-b00001-frandom-s18,Standard,irregular-n06-t064-b00001-frandom,64,1,random,s18,3a59a5a56f318acd66318b1d8d463d08cfda6be5092f0230cc4b356a176b7af5,6,8,4,2,3,62,3,213405541,L0,11,15,7,0,7,0,0,0,0,0,0,0,86,339,215,215,3889,3889,10608,151446,204,8,8,4,10,3,2
irregular-n06-t064-b00001-frandom-s18,Accelerated,irregular-n06-t064-b00001-frandom,64,1,random,s18,3a59a5a56f318acd66318b1d8d463d08cfda6be5092f0230cc4b356a176b7af5,6,8,4,2,3,62,3,202085667,L0,3,12,0,3,3,1,0,1,0,2,2,2,86,380,229,229,3873,3873,10378,134286,208,8,7,4,10,3,2
irregular-n06-t064-b00001-frandom-s19,Standard,irregular-n06-t064-b00001-frandom,64,1,random,s19,ddc820e709beb105e4c587a733a3afffe058a27f0676c34bc6bfe6984cdf57d5,6,10,4,2,3,75,3,348960083,L1,10,14,6,0,6,0,0,0,0,0,0,0,107,361,319,319,5697,5697,18527,281528,376,9,9,5,10,4,4
irregular-n06-t064-b00001-frandom-s19,Accelerated,irregular-n06-t064-b00001-frandom,64,1,random,s19,ddc820e709beb105e4c587a733a3afffe058a27f0676c34bc6bfe6984cdf57d5,6,10,4,2,3,75,3,283357292,L1,3,12,0,3,3,1,0,1,0,2,2,2,107,275,247,247,4541,4541,15400,231731,3164,12,11,8,13,4,4
irregular-n06-t064-b00001-frandom-s20,Standard,irregular-n06-t064-b00001-frandom,64,1,random,s20,05a5872e3f1cb505a24e023ca943641b6aafe3962c7e33703ce9530379cf4b66,6,10,4,2,2,73,3,343796084,L0,8,12,4,0,4,0,0,0,0,0,0,0,146,438,369,369,6045,6045,17516,253666,284,9,8,5,10,5,4
irregular-n06-t064-b00001-frandom-s20,Accelerated,irregular-n06-t064-b00001-frandom,64,1,random,s20,05a5872e3f1cb505a24e023ca943641b6aafe3962c7e33703ce9530379cf4b66,6,10,4,2,2,73,3,331446083,L0,3,11,0,3,3,0,0,0,0,3,1,3,146,433,364,364,5890,5890,17140,241154,284,9,8,5,10,5,4
irregular-n06-t064-b00008-falternating-s01,Standard,irregular-n06-t064-b00008-falternating,64,8,alternating,s01,0a9e8632c26fbac524457b912a92d8890a2c195d16e3ee983ddd3285315f507b,6,9,11,8,9,133,3,258574208,H0,10,14,6,0,6,0,0,0,0,0,0,0,77,253,220,220,4006,4006,13883,208814,3021312,22,21,11,22,10,2
irregular-n06-t064-b00008-falternating-s01,Accelerated,irregular-n06-t064-b00008-falternating,64,8,alternating,s01,0a9e8632c26fbac524457b912a92d8890a2c195d16e3ee983ddd3285315f507b,6,9,11,8,9,133,3,263166667,H0,5,14,0,5,5,1,1,0,0,4,0,4,77,267,234,234,4278,4278,14998,220027,1169799480,31,29,18,31,10,2
irregular-n06-t064-b00008-falternating-s02,Standard,irregular-n06-t064-b00008-falternating,64,8,alternating,s02,0326bfad062bee799f12acfda0bedc49706ab7ee1eab3b4fdb509a08c5de8af0,6,7,10,9,9,111,3,213985333,H1,11,15,7,0,7,0,0,0,0,0,0,0,61,215,191,191,3541,3541,11074,157751,1827212,21,20,10,21,8,2
irregular-n06-t064-b00008-falternating-s02,Accelerated,irregular-n06-t064-b00008-falternating,64,8,alternating,s02,0326bfad062bee799f12acfda0bedc49706ab7ee1eab3b4fdb509a08c5de8af0,6,7,10,9,9,111,3,175123125,H1,4,13,0,4,4,1,1,0,0,3,1,3,61,169,153,153,2929,2929,9357,131985,475267824,29,28,17,29,8,2
irregular-n06-t064-b00008-falternating-s03,Standard,irregular-n06-t064-b00008-falternating,64,8,alternating,s03,10a3f81d35b6b4fbbb9f824c086e19e66fe4ee0dda207fd5e58105acd5d1634f,6,10,11,8,9,148,3,332259792,H1,10,14,7,0,7,0,0,0,0,0,0,0,85,341,300,300,5130,5130,17761,267595,2664588,22,21,11,22,9,2
irregular-n06-t064-b00008-falternating-s03,Accelerated,irregular-n06-t064-b00008-falternating,64,8,alternating,s03,10a3f81d35b6b4fbbb9f824c086e19e66fe4ee0dda207fd5e58105acd5d1634f,6,10,11,8,9,148,3,260263792,H1,4,12,0,4,4,1,1,0,0,3,0,3,85,261,230,230,3980,3980,14019,212114,1350004632,31,29,19,31,9,2
irregular-n06-t064-b00008-falternating-s04,Standard,irregular-n06-t064-b00008-falternating,64,8,alternating,s04,0a9188521d439467d6bd5935239be6378d574075323b62c0350e1c8cd286c87a,6,7,10,8,9,114,3,210623333,L0,13,17,9,0,9,0,0,0,0,0,0,0,61,248,208,208,3734,3734,11252,160397,1273368,21,20,10,21,10,9
irregular-n06-t064-b00008-falternating-s04,Accelerated,irregular-n06-t064-b00008-falternating,64,8,alternating,s04,0a9188521d439467d6bd5935239be6378d574075323b62c0350e1c8cd286c87a,6,7,10,8,9,114,3,137814292,L0,3,12,0,3,3,1,1,0,0,2,2,2,61,148,128,128,2426,2426,7428,108085,1123270260,31,28,20,31,10,9
irregular-n06-t064-b00008-falternating-s05,Standard,irregular-n06-t064-b00008-falternating,64,8,alternating,s05,360d31262ab5822fbcfe4813b38c68b317709ad341eaf6531bc9b575d604f783,6,9,11,8,10,138,3,239590875,H1,11,15,7,0,7,0,0,0,0,0,0,0,77,257,215,215,3947,3947,13245,203149,2786508,22,21,11,22,9,2
irregular-n06-t064-b00008-falternating-s05,Accelerated,irregular-n06-t064-b00008-falternating,64,8,alternating,s05,360d31262ab5822fbcfe4813b38c68b317709ad341eaf6531bc9b575d604f783,6,9,11,8,10,138,3,216549458,H1,5,14,0,5,5,1,1,0,0,4,0,4,77,239,197,197,3569,3569,12139,183791,1416107640,31,30,18,31,9,2
irregular-n06-t064-b00008-falternating-s06,Standard,irregular-n06-t064-b00008-falternating,64,8,alternating,s06,c7623cce0e73bc57638950c6d9457fb6b81b8795dbef947af946fd3a1ef18fca,6,7,10,8,9,111,3,197243375,L0,11,15,7,0,7,0,0,0,0,0,0,0,61,240,196,196,3502,3502,10973,155726,1804428,21,19,10,21,9,8
irregular-n06-t064-b00008-falternating-s06,Accelerated,irregular-n06-t064-b00008-falternating,64,8,alternating,s06,c7623cce0e73bc57638950c6d9457fb6b81b8795dbef947af946fd3a1ef18fca,6,7,10,8,9,111,3,119345542,L0,1,9,0,1,1,0,0,0,0,1,3,1,61,136,114,114,2098,2098,6446,89494,1170470,21,18,10,21,9,8
irregular-n06-t064-b00008-falternating-s07,Standard,irregular-n06-t064-b00008-falternating,64,8,alternating,s07,1395d5ae4fd989d1cf52394792c135e0ceec8e62281b22db83089ddc156b870c,6,6,10,8,9,93,3,129053708,L0,11,15,7,0,7,0,0,0,0,0,0,0,53,200,120,120,2312,2312,6810,99308,1109968,21,19,10,21,9,8
irregular-n06-t064-b00008-falternating-s07,Accelerated,irregular-n06-t064-b00008-falternating,64,8,alternating,s07,1395d5ae4fd989d1cf52394792c135e0ceec8e62281b22db83089ddc156b870c,6,6,10,8,9,93,3,79027125,L0,1,9,0,1,1,0,0,0,0,1,3,1,53,110,70,70,1388,1388,4030,57914,1109968,21,19,10,21,9,8
irregular-n06-t064-b00008-falternating-s08,Standard,irregular-n06-t064-b00008-falternating,64,8,alternating,s08,482ab7e16e0d9a74a65bf9b9869e16ee26bac5f95182016abb45912093da5cb1,6,8,10,8,9,123,3,200924125,H0,10,14,6,0,6,0,0,0,0,0,0,0,69,227,170,170,3220,3220,10697,157786,2391178,22,20,11,22,9,2
irregular-n06-t064-b00008-falternating-s08,Accelerated,irregular-n06-t064-b00008-falternating,64,8,alternating,s08,482ab7e16e0d9a74a65bf9b9869e16ee26bac5f95182016abb45912093da5cb1,6,8,10,8,9,123,3,168533125,H0,4,12,0,4,4,0,0,0,0,4,0,4,69,207,150,150,2778,2778,9162,131927,2391178,22,20,11,22,9,2
irregular-n06-t064-b00008-falternating-s09,Standard,irregular-n06-t064-b00008-falternating,64,8,alternating,s09,4b3f0497ac1b16e8281085c85504e028d63054b0f669d9373e6ba2d25d76dc35,6,9,11,8,10,135,3,276122041,H1,12,16,8,0,8,0,0,0,0,0,0,0,77,275,233,233,4325,4325,14661,223792,2324366,22,21,11,22,6,2
irregular-n06-t064-b00008-falternating-s09,Accelerated,irregular-n06-t064-b00008-falternating,64,8,alternating,s09,4b3f0497ac1b16e8281085c85504e028d63054b0f669d9373e6ba2d25d76dc35,6,9,11,8,10,135,3,284323666,H1,6,16,0,6,6,2,2,0,0,4,0,4,77,275,233,233,4325,4325,15141,227180,1111165916,31,29,19,31,6,2
irregular-n06-t064-b00008-falternating-s10,Standard,irregular-n06-t064-b00008-falternating,64,8,alternating,s10,cb88a12babf1e5fce926e4c10b3a55c84445d6f1128afeee0cd74b59d86b6b36,6,10,11,8,10,157,3,286847083,H0,10,14,6,0,6,0,0,0,0,0,0,0,85,279,246,246,4408,4408,15293,242282,3939764,22,21,11,22,10,2
irregular-n06-t064-b00008-falternating-s10,Accelerated,irregular-n06-t064-b00008-falternating,64,8,alternating,s10,cb88a12babf1e5fce926e4c10b3a55c84445d6f1128afeee0cd74b59d86b6b36,6,10,11,8,10,157,3,205311584,H0,3,11,0,3,3,0,0,0,0,3,1,3,85,195,173,173,3157,3157,11202,178411,3730608,22,20,11,22,10,2
irregular-n06-t064-b00008-falternating-s11,Standard,irregular-n06-t064-b00008-falternating,64,8,alternating,s11,8d8fd81517f2d993950d9b70e2714279a986247b5731386c5b25196914a91b76,6,8,11,8,9,130,3,211745500,H1,10,14,6,0,6,0,0,0,0,0,0,0,69,227,200,200,3634,3634,11901,174575,3260976,22,21,11,22,9,2
irregular-n06-t064-b00008-falternating-s11,Accelerated,irregular-n06-t064-b00008-falternating,64,8,alternating,s11,8d8fd81517f2d993950d9b70e2714279a986247b5731386c5b25196914a91b76,6,8,11,8,9,130,3,224138333,H1,5,14,0,5,5,1,1,0,0,4,0,4,69,239,212,212,3864,3864,13014,185709,4068903200,32,31,20,32,9,2
irregular-n06-t064-b00008-falternating-s12,Standard,irregular-n06-t064-b00008-falternating,64,8,alternating,s12,455f36706cb9e0461d6cb04c372f98e66c24901580e6c9f3b64049f45c606ce4,6,8,11,8,10,132,3,212456875,L0,10,14,6,0,6,0,0,0,0,0,0,0,69,224,203,203,3601,3601,11290,166620,3209596,22,22,11,22,10,9
irregular-n06-t064-b00008-falternating-s12,Accelerated,irregular-n06-t064-b00008-falternating,64,8,alternating,s12,455f36706cb9e0461d6cb04c372f98e66c24901580e6c9f3b64049f45c606ce4,6,8,11,8,10,132,3,175625791,L0,2,10,0,2,2,0,0,0,0,2,2,2,69,202,181,181,3073,3073,9612,132010,3209596,22,20,11,22,10,9
irregular-n06-t064-b00008-falternating-s13,Standard,irregular-n06-t064-b00008-falternating,64,8,alternating,s13,2e7c482137ea3f17759c149814665694b48b8620063d15131ac3e0a1947582c5,6,9,11,8,10,138,3,237251334,H1,12,16,8,0,8,0,0,0,0,0,0,0,77,308,192,192,3600,3600,12525,195235,3030280,22,21,11,22,9,2
irregular-n06-t064-b00008-falternating-s13,Accelerated,irregular-n06-t064-b00008-falternating,64,8,alternating,s13,2e7c482137ea3f17759c149814665694b48b8620063d15131ac3e0a1947582c5,6,9,11,8,10,138,3,157837333,H1,3,11,0,3,3,0,0,0,0,3,1,3,77,177,119,119,2327,2327,8115,126915,3030280,22,20,11,22,9,2
irregular-n06-t064-b00008-falternating-s14,Standard,irregular-n06-t064-b00008-falternating,64,8,alternating,s14,25534fac345131a20322131a3f8a7c2e91511ae5e357f25dfd6154bee012966b,6,7,10,8,9,113,3,245362959,L0,14,18,10,0,10,0,0,0,0,0,0,0,61,290,230,230,4108,4108,13093,190629,2288042,22,20,10,22,7,6
irregular-n06-t064-b00008-falternating-s14,Accelerated,irregular-n06-t064-b00008-falternating,64,8,alternating,s14,25534fac345131a20322131a3f8a7c2e91511ae5e357f25dfd6154bee012966b,6,7,10,8,9,113,3,187159667,L0,4,14,0,4,4,2,0,2,0,2,2,2,61,176,152,152,2978,2978,9649,143874,1831364484,31,29,20,31,7,6
irregular-n06-t064-b00008-falternating-s15,Standard,irregular-n06-t064-b00008-falternating,64,8,alternating,s15,5c1e5ed3be54caecedfad7865edcb043340fe8165658825c97d8fe2e5de0e2a2,6,9,11,8,9,135,3,282779000,H1,9,13,6,0,6,0,0,0,0,0,0,0,77,305,264,264,4544,4544,15352,221116,2750270,22,21,11,22,9,2
irregular-n06-t064-b00008-falternating-s15,Accelerated,irregular-n06-t064-b00008-falternating,64,8,alternating,s15,5c1e5ed3be54caecedfad7865edcb043340fe8165658825c97d8fe2e5de0e2a2,6,9,11,8,9,135,3,230061542,H1,4,12,0,4,4,1,1,0,0,3,0,3,77,237,206,206,3620,3620,12465,183983,1608930816,31,29,20,31,9,2
irregular-n06-t064-b00008-falternating-s16,Standard,irregular-n06-t064-b00008-falternating,64,8,alternating,s16,6f5bc4f4f3b331ad7aad9f8603198aa2ed6014e947451ef23a94458c6a02074b,6,8,10,8,9,124,3,233904708,H1,9,13,6,0,6,0,0,0,0,0,0,0,69,273,236,236,4084,4084,13066,180980,1509494,21,19,10,21,6,2
irregular-n06-t064-b00008-falternating-s16,Accelerated,irregular-n06-t064-b00008-falternating,64,8,alternating,s16,6f5bc4f4f3b331ad7aad9f8603198aa2ed6014e947451ef23a94458c6a02074b,6,8,10,8,9,124,3,174727625,H1,3,10,0,3,3,0,0,0,0,3,0,3,69,205,177,177,3063,3063,9805,133754,990780,20,18,10,20,6,2
irregular-n06-t064-b00008-falternating-s17,Standard,irregular-n06-t064-b00008-falternating,64,8,alternating,s17,73384468496f22232502470f5c69a43d5adb0005da2c638dbaa2af5b3d6622e1,6,8,11,8,10,131,3,256607625,L1,10,14,7,0,7,0,0,0,0,0,0,0,69,289,260,260,4460,4460,13881,197333,3300968,22,22,11,22,10,9
irregular-n06-t064-b00008-falternating-s17,Accelerated,irregular-n06-t064-b00008-falternating,64,8,alternating,s17,73384468496f22232502470f5c69a43d5adb0005da2c638dbaa2af5b3d6622e1,6,8,11,8,10,131,3,204625833,L1,4,13,0,4,4,2,1,1,0,2,1,2,69,197,182,182,3388,3388,11161,167413,4745770976,33,30,21,33,10,9
irregular-n06-t064-b00008-falternating-s18,Standard,irregular-n06-t064-b00008-falternating,64,8,alternating,s18,3a59a5a56f318acd66318b1d8d463d08cfda6be5092f0230cc4b356a176b7af5,6,8,11,8,10,129,3,240387083,L0,12,16,8,0,8,0,0,0,0,0,0,0,69,244,223,223,4043,4043,12971,193540,2568772,22,21,11,22,10,9
irregular-n06-t064-b00008-falternating-s18,Accelerated,irregular-n06-t064-b00008-falternating,64,8,alternating,s18,3a59a5a56f318acd66318b1d8d463d08cfda6be5092f0230cc4b356a176b7af5,6,8,11,8,10,129,3,225468166,L0,4,13,0,4,4,1,1,0,0,3,1,3,69,238,217,217,3851,3851,12529,177538,3243581176,32,30,21,32,10,9
irregular-n06-t064-b00008-falternating-s19,Standard,irregular-n06-t064-b00008-falternating,64,8,alternating,s19,ddc820e709beb105e4c587a733a3afffe058a27f0676c34bc6bfe6984cdf57d5,6,10,10,8,10,136,3,305028375,H1,9,13,6,0,6,0,0,0,0,0,0,0,85,337,300,300,5044,5044,16474,241739,2342360,22,21,11,22,7,2
irregular-n06-t064-b00008-falternating-s19,Accelerated,irregular-n06-t064-b00008-falternating,64,8,alternating,s19,ddc820e709beb105e4c587a733a3afffe058a27f0676c34bc6bfe6984cdf57d5,6,10,10,8,10,136,3,229541625,H1,3,10,0,3,3,0,0,0,0,3,0,3,85,253,225,225,3783,3783,12523,181283,2342360,22,20,11,22,7,2
irregular-n06-t064-b00008-falternating-s20,Standard,irregular-n06-t064-b00008-falternating,64,8,alternating,s20,05a5872e3f1cb505a24e023ca943641b6aafe3962c7e33703ce9530379cf4b66,6,10,11,8,9,147,3,259820083,H0,10,14,6,0,6,0,0,0,0,0,0,0,85,279,219,219,4009,4009,14354,227161,3693018,22,21,11,22,10,2
irregular-n06-t064-b00008-falternating-s20,Accelerated,irregular-n06-t064-b00008-falternating,64,8,alternating,s20,05a5872e3f1cb505a24e023ca943641b6aafe3962c7e33703ce9530379cf4b66,6,10,11,8,9,147,3,222824791,H0,4,12,0,4,4,0,0,0,0,4,0,4,85,255,195,195,3483,3483,12281,190542,3693018,22,21,11,22,10,2
irregular-n06-t064-b00008-frandom-s01,Standard,irregular-n06-t064-b00008-frandom,64,8,random,s01,0a9e8632c26fbac524457b912a92d8890a2c195d16e3ee983ddd3285315f507b,6,9,11,8,9,153,3,366897583,L0,10,14,6,0,6,0,0,0,0,0,0,0,133,418,364,364,6184,6184,18433,258561,2157684,22,22,11,22,10,10
irregular-n06-t064-b00008-frandom-s01,Accelerated,irregular-n06-t064-b00008-frandom,64,8,random,s01,0a9e8632c26fbac524457b912a92d8890a2c195d16e3ee983ddd3285315f507b,6,9,11,8,9,153,3,254288917,L0,2,10,0,2,2,0,0,0,0,2,2,2,133,285,249,249,4263,4263,12842,176021,1724536,21,20,11,22,10,10
irregular-n06-t064-b00008-frandom-s02,Standard,irregular-n06-t064-b00008-frandom,64,8,random,s02,0326bfad062bee799f12acfda0bedc49706ab7ee1eab3b4fdb509a08c5de8af0,6,7,11,8,9,128,3,306667875,H0,11,15,7,0,7,0,0,0,0,0,0,0,105,406,350,350,5886,5886,15391,213272,1637104,21,20,11,21,9,8
irregular-n06-t064-b00008-frandom-s02,Accelerated,irregular-n06-t064-b00008-frandom,64,8,random,s02,0326bfad062bee799f12acfda0bedc49706ab7ee1eab3b4fdb509a08c5de8af0,6,7,11,8,9,128,3,342218917,H0,6,16,0,6,6,2,0,2,0,4,0,4,105,485,415,415,6765,6765,17573,222411,395549664,29,29,18,29,9,8
irregular-n06-t064-b00008-frandom-s03,Standard,irregular-n06-t064-b00008-frandom,64,8,random,s03,10a3f81d35b6b4fbbb9f824c086e19e66fe4ee0dda207fd5e58105acd5d1634f,6,10,11,8,9,167,3,408244708,L0,9,13,5,0,5,0,0,0,0,0,0,0,147,461,401,401,6747,6747,20745,330665,3034670,22,21,12,23,12,11
irregular-n06-t064-b00008-frandom-s03,Accelerated,irregular-n06-t064-b00008-frandom,64,8,random,s03,10a3f81d35b6b4fbbb9f824c086e19e66fe4ee0dda207fd5e58105acd5d1634f,6,10,11,8,9,167,3,364960500,L0,3,11,0,3,3,0,0,0,0,3,1,3,147,435,375,375,6141,6141,19004,294594,3034670,22,21,12,23,12,11
irregular-n06-t064-b00008-frandom-s04,Standard,irregular-n06-t064-b00008-frandom,64,8,random,s04,0a9188521d439467d6bd5935239be6378d574075323b62c0350e1c8cd286c87a,6,7,10,8,7,112,3,315769334,H0,11,15,7,0,7,0,0,0,0,0,0,0,105,406,350,350,5886,5886,15357,219705,347282,19,18,10,19,9,7
irregular-n06-t064-b00008-frandom-s04,Accelerated,irregular-n06-t064-b00008-frandom,64,8,random,s04,0a9188521d439467d6bd5935239be6378d574075323b62c0350e1c8cd286c87a,6,7,10,8,7,112,3,202418000,H0,3,11,0,3,3,0,0,0,0,3,1,3,105,231,203,203,3613,3613,10101,145580,241500,18,17,10,19,9,7
irregular-n06-t064-b00008-frandom-s05,Standard,irregular-n06-t064-b00008-frandom,64,8,random,s05,360d31262ab5822fbcfe4813b38c68b317709ad341eaf6531bc9b575d604f783,6,9,10,8,8,148,3,431777417,L0,11,15,7,0,7,0,0,0,0,0,0,0,133,543,471,471,7833,7833,22433,322623,1041346,20,20,11,21,11,10
irregular-n06-t064-b00008-frandom-s05,Accelerated,irregular-n06-t064-b00008-frandom,64,8,random,s05,360d31262ab5822fbcfe4813b38c68b317709ad341eaf6531bc9b575d604f783,6,9,10,8,8,148,3,287989167,L0,3,12,0,3,3,1,1,0,0,2,2,2,133,321,285,285,5019,5019,15367,222172,572451264,30,28,20,30,11,10
irregular-n06-t064-b00008-frandom-s06,Standard,irregular-n06-t064-b00008-frandom,64,8,random,s06,c7623cce0e73bc57638950c6d9457fb6b81b8795dbef947af946fd3a1ef18fca,6,7,10,8,9,126,3,296543500,L0,10,14,6,0,6,0,0,0,0,0,0,0,105,405,343,343,5717,5717,14274,208405,883840,20,20,10,21,11,10
irregular-n06-t064-b00008-frandom-s06,Accelerated,irregular-n06-t064-b00008-frandom,64,8,random,s06,c7623cce0e73bc57638950c6d9457fb6b81b8795dbef947af946fd3a1ef18fca,6,7,10,8,9,126,3,318447667,L0,4,13,0,4,4,1,0,1,0,3,1,3,105,469,395,395,6301,6301,16077,218713,141166140,28,27,17,28,11,10
irregular-n06-t064-b00008-frandom-s07,Standard,irregular-n06-t064-b00008-frandom,64,8,random,s07,1395d5ae4fd989d1cf52394792c135e0ceec8e62281b22db83089ddc156b870c,6,6,9,8,7,108,3,274737750,H0,12,16,8,0,8,0,0,0,0,0,0,0,91,364,316,316,5428,5428,13827,186328,305244,19,18,9,19,10,8
irregular-n06-t064-b00008-frandom-s07,Accelerated,irregular-n06-t064-b00008-frandom,64,8,random,s07,1395d5ae4fd989d1cf52394792c135e0ceec8e62281b22db83089ddc156b870c,6,6,9,8,7,108,3,289522292,H0,6,16,0,6,6,2,0,2,0,4,0,4,91,419,359,359,5909,5909,14876,184042,37709400,26,26,15,26,10,8
irregular-n06-t064-b00008-frandom-s08,Standard,irregular-n06-t064-b00008-frandom,64,8,random,s08,482ab7e16e0d9a74a65bf9b9869e16ee26bac5f95182016abb45912093da5cb1,6,8,11,8,10,147,3,317711583,L1,9,13,5,0,5,0,0,0,0,0,0,0,119,453,337,337,5627,5627,14944,210842,2250246,22,21,11,22,10,9
irregular-n06-t064-b00008-frandom-s08,Accelerated,irregular-n06-t064-b00008-frandom,64,8,random,s08,482ab7e16e0d9a74a65bf9b9869e16ee26bac5f95182016abb45912093da5cb1,6,8,11,8,10,147,3,248295834,L1,3,11,0,3,3,0,0,0,0,3,1,3,119,341,254,254,4308,4308,11692,165374,1463776,21,20,11,22,10,9
irregular-n06-t064-b00008-frandom-s09,Standard,irregular-n06-t064-b00008-frandom,64,8,random,s09,4b3f0497ac1b16e8281085c85504e028d63054b0f669d9373e6ba2d25d76dc35,6,9,11,9,8,149,3,343979917,H1,8,12,4,0,4,0,0,0,0,0,0,0,133,399,345,345,5763,5763,16680,249678,2003630,21,21,11,22,12,10
irregular-n06-t064-b00008-frandom-s09,Accelerated,irregular-n06-t064-b00008-frandom,64,8,random,s09,4b3f0497ac1b16e8281085c85504e028d63054b0f669d9373e6ba2d25d76dc35,6,9,11,9,8,149,3,302028416,H1,2,10,0,2,2,0,0,0,0,2,2,2,133,375,321,321,5199,5199,15041,216983,2003630,21,21,11,22,12,10
irregular-n06-t064-b00008-frandom-s10,Standard,irregular-n06-t064-b00008-frandom,64,8,random,s10,cb88a12babf1e5fce926e4c10b3a55c84445d6f1128afeee0cd74b59d86b6b36,6,10,11,8,9,162,3,432241458,L1,11,15,7,0,7,0,0,0,0,0,0,0,147,568,424,424,7120,7120,23113,354070,1851560,21,21,11,21,9,8
irregular-n06-t064-b00008-frandom-s10,Accelerated,irregular-n06-t064-b00008-frandom,64,8,random,s10,cb88a12babf1e5fce926e4c10b3a55c84445d6f1128afeee0cd74b59d86b6b36,6,10,11,8,9,162,3,249062875,L1,2,10,0,2,2,0,0,0,0,2,2,2,147,301,229,229,3999,3999,13371,206868,1555210,21,20,11,21,9,8
irregular-n06-t064-b00008-frandom-s11,Standard,irregular-n06-t064-b00008-frandom,64,8,random,s11,8d8fd81517f2d993950d9b70e2714279a986247b5731386c5b25196914a91b76,6,8,11,8,9,141,3,412654292,H1,12,16,8,0,8,0,0,0,0,0,0,0,119,481,417,417,7075,7075,20326,296721,2844622,22,21,11,22,10,8
irregular-n06-t064-b00008-frandom-s11,Accelerated,irregular-n06-t064-b00008-frandom,64,8,random,s11,8d8fd81517f2d993950d9b70e2714279a986247b5731386c5b25196914a91b76,6,8,11,8,9,141,3,334279791,H1,5,14,0,5,5,1,0,1,0,4,0,4,119,369,321,321,5571,5571,16419,240450,827259600,30,27,19,30,10,8
irregular-n06-t064-b00008-frandom-s12,Standard,irregular-n06-t064-b00008-frandom,64,8,random,s12,455f36706cb9e0461d6cb04c372f98e66c24901580e6c9f3b64049f45c606ce4,6,8,11,8,9,148,3,316719084,L1,11,15,7,0,7,0,0,0,0,0,0,0,119,485,318,318,5516,5516,15931,229430,2377590,22,21,11,22,11,10
irregular-n06-t064-b00008-frandom-s12,Accelerated,irregular-n06-t064-b00008-frandom,64,8,random,s12,455f36706cb9e0461d6cb04c372f98e66c24901580e6c9f3b64049f45c606ce4,6,8,11,8,9,148,3,348982541,L1,5,15,0,5,5,2,0,2,0,3,1,3,119,575,370,370,6196,6196,18337,247863,656573272,30,29,19,30,11,10
irregular-n06-t064-b00008-frandom-s13,Standard,irregular-n06-t064-b00008-frandom,64,8,random,s13,2e7c482137ea3f17759c149814665694b48b8620063d15131ac3e0a1947582c5,6,9,11,8,9,146,3,311534000,H0,8,12,4,0,4,0,0,0,0,0,0,0,133,399,327,327,5529,5529,16449,239052,1859344,21,20,11,22,12,10
irregular-n06-t064-b00008-frandom-s13,Accelerated,irregular-n06-t064-b00008-frandom,64,8,random,s13,2e7c482137ea3f17759c149814665694b48b8620063d15131ac3e0a1947582c5,6,9,11,8,9,146,3,275377417,H0,2,10,0,2,2,0,0,0,0,2,2,2,133,375,303,303,4965,4965,14647,204095,1859344,21,20,11,22,12,10
irregular-n06-t064-b00008-frandom-s14,Standard,irregular-n06-t064-b00008-frandom,64,8,random,s14,25534fac345131a20322131a3f8a7c2e91511ae5e357f25dfd6154bee012966b,6,7,10,8,8,117,3,252375791,H1,9,13,5,0,5,0,0,0,0,0,0,0,105,321,279,279,4821,4821,12653,181406,767598,20,19,10,20,10,9
irregular-n06-t064-b00008-frandom-s14,Accelerated,irregular-n06-t064-b00008-frandom,64,8,random,s14,25534fac345131a20322131a3f8a7c2e91511ae5e357f25dfd6154bee012966b,6,7,10,8,8,117,3,240099167,H1,4,12,0,4,4,0,0,0,0,4,0,4,105,315,273,273,4635,4635,12218,168259,767598,20,19,10,20,10,9
irregular-n06-t064-b00008-frandom-s15,Standard,irregular-n06-t064-b00008-frandom,64,8,random,s15,5c1e5ed3be54caecedfad7865edcb043340fe8165658825c97d8fe2e5de0e2a2,6,9,11,8,10,153,3,312340083,L0,9,13,5,0,5,0,0,0,0,0,0,0,133,507,321,321,5451,5451,15940,241113,1778712,21,21,11,22,12,11
irregular-n06-t064-b00008-frandom-s15,Accelerated,irregular-n06-t064-b00008-frandom,64,8,random,s15,5c1e5ed3be54caecedfad7865edcb043340fe8165658825c97d8fe2e5de0e2a2,6,9,11,8,10,153,3,335317958,L0,3,12,0,3,3,1,0,1,0,2,2,2,133,591,362,362,5868,5868,17436,250817,249420016,28,27,18,28,12,11
irregular-n06-t064-b00008-frandom-s16,Standard,irregular-n06-t064-b00008-frandom,64,8,random,s16,6f5bc4f4f3b331ad7aad9f8603198aa2ed6014e947451ef23a94458c6a02074b,6,8,10,9,9,145,3,410473125,L1,11,15,7,0,7,0,0,0,0,0,0,0,119,565,465,465,7611,7611,20872,283977,1653100,21,21,11,22,10,9
irregular-n06-t064-b00008-frandom-s16,Accelerated,irregular-n06-t064-b00008-frandom,64,8,random,s16,6f5bc4f4f3b331ad7aad9f8603198aa2ed6014e947451ef23a94458c6a02074b,6,8,10,9,9,145,3,486318458,L1,5,15,0,5,5,2,0,2,0,3,1,3,119,735,595,595,9321,9321,25520,317615,385250216,29,29,18,29,10,9
irregular-n06-t064-b00008-frandom-s17,Standard,irregular-n06-t064-b00008-frandom,64,8,random,s17,73384468496f22232502470f5c69a43d5adb0005da2c638dbaa2af5b3d6622e1,6,8,11,8,10,141,3,364197750,L0,10,14,6,0,6,0,0,0,0,0,0,0,119,459,389,389,6427,6427,18196,259918,2366592,22,21,11,22,12,11
irregular-n06-t064-b00008-frandom-s17,Accelerated,irregular-n06-t064-b00008-frandom,64,8,random,s17,73384468496f22232502470f5c69a43d5adb0005da2c638dbaa2af5b3d6622e1,6,8,11,8,10,141,3,421445542,L0,5,15,0,5,5,2,0,2,0,3,1,3,119,545,461,461,7487,7487,21599,300830,1497445600,31,29,21,31,12,11
irregular-n06-t064-b00008-frandom-s18,Standard,irregular-n06-t064-b00008-frandom,64,8,random,s18,3a59a5a56f318acd66318b1d8d463d08cfda6be5092f0230cc4b356a176b7af5,6,8,10,8,8,128,3,259747708,H0,9,13,5,0,5,0,0,0,0,0,0,0,119,363,243,243,4353,4353,12677,201907,1427652,21,20,11,21,10,8
irregular-n06-t064-b00008-frandom-s18,Accelerated,irregular-n06-t064-b00008-frandom,64,8,random,s18,3a59a5a56f318acd66318b1d8d463d08cfda6be5092f0230cc4b356a176b7af5,6,8,10,8,8,128,3,228088250,H0,3,11,0,3,3,0,0,0,0,3,1,3,119,341,223,223,3873,3873,11222,173764,1427652,21,20,11,21,10,8
irregular-n06-t064-b00008-frandom-s19,Standard,irregular-n06-t064-b00008-frandom,64,8,random,s19,ddc820e709beb105e4c587a733a3afffe058a27f0676c34bc6bfe6984cdf57d5,6,10,11,8,9,167,3,519383416,H1,11,15,7,0,7,0,0,0,0,0,0,0,147,587,507,507,8393,8393,27565,417080,3718038,22,21,11,22,11,10
irregular-n06-t064-b00008-frandom-s19,Accelerated,irregular-n06-t064-b00008-frandom,64,8,random,s19,ddc820e709beb105e4c587a733a3afffe058a27f0676c34bc6bfe6984cdf57d5,6,10,11,8,9,167,3,555219250,H1,5,14,0,5,5,1,0,1,0,4,0,4,147,681,581,581,9247,9247,29781,416483,913397328,30,30,19,30,11,10
irregular-n06-t064-b00008-frandom-s20,Standard,irregular-n06-t064-b00008-frandom,64,8,random,s20,05a5872e3f1cb505a24e023ca943641b6aafe3962c7e33703ce9530379cf4b66,6,10,10,8,9,153,3,405453666,H0,11,15,7,0,7,0,0,0,0,0,0,0,147,587,379,379,6601,6601,21370,351360,898700,20,19,10,21,10,9
irregular-n06-t064-b00008-frandom-s20,Accelerated,irregular-n06-t064-b00008-frandom,64,8,random,s20,05a5872e3f1cb505a24e023ca943641b6aafe3962c7e33703ce9530379cf4b66,6,10,10,8,9,153,3,419386917,H0,5,14,0,5,5,1,0,1,0,4,0,4,147,681,421,421,7007,7007,22458,354402,138526568,28,27,17,28,10,9
irregular-n06-t064-b00064-falternating-s01,Standard,irregular-n06-t064-b00064-falternating,64,64,alternating,s01,0a9e8632c26fbac524457b912a92d8890a2c195d16e3ee983ddd3285315f507b,6,9,67,64,65,805,3,268386834,H0,11,15,7,0,7,0,0,0,0,0,0,0,77,271,238,238,4384,4384,15313,229452,15473244974342435715881732530215650718256,134,132,67,134,65,2
irregular-n06-t064-b00064-falternating-s01,Accelerated,irregular-n06-t064-b00064-falternating,64,64,alternating,s01,0a9e8632c26fbac524457b912a92d8890a2c195d16e3ee983ddd3285315f507b,6,9,67,64,65,805,3,225927125,H0,4,13,0,4,4,1,1,0,0,3,1,3,77,213,191,191,3631,3631,12969,195512,286005373763332006639148208814032737106147638069748215546980,198,196,129,198,65,2
irregular-n06-t064-b00064-falternating-s02,Standard,irregular-n06-t064-b00064-falternating,64,64,alternating,s02,0326bfad062bee799f12acfda0bedc49706ab7ee1eab3b4fdb509a08c5de8af0,6,7,66,64,65,674,3,200614542,H1,11,15,7,0,7,0,0,0,0,0,0,0,61,215,191,191,3541,3541,11041,156648,9144335883627287446033707563343658213988,133,132,67,133,63,2
irregular-n06-t064-b00064-falternating-s02,Accelerated,irregular-n06-t064-b00064-falternating,64,64,alternating,s02,0326bfad062bee799f12acfda0bedc49706ab7ee1eab3b4fdb509a08c5de8af0,6,7,66,64,65,674,3,193745875,H1,5,14,0,5,5,1,1,0,0,4,0,4,61,211,187,187,3435,3435,10908,149629,312879957067108631956753595090414961045956306093982305308200,198,196,131,198,63,2
irregular-n06-t064-b00064-falternating-s03,Standard,irregular-n06-t064-b00064-falternating,64,64,alternating,s03,10a3f81d35b6b4fbbb9f824c086e19e66fe4ee0dda207fd5e58105acd5d1634f,6,10,67,64,66,881,3,313913292,H1,10,14,7,0,7,0,0,0,0,0,0,0,85,341,300,300,5130,5130,17659,265089,25634916861329484654503439425290848157940,135,134,67,135,65,2
irregular-n06-t064-b00064-falternating-s03,Accelerated,irregular-n06-t064-b00064-falternating,64,64,alternating,s03,10a3f81d35b6b4fbbb9f824c086e19e66fe4ee0dda207fd5e58105acd5d1634f,6,10,67,64,66,881,3,246540625,H1,4,12,0,4,4,1,1,0,0,3,0,3,85,261,230,230,3980,3980,13969,210930,1002642090050063593186759167128139918077999715486459687902136,200,199,131,200,65,2
irregular-n06-t064-b00064-falternating-s04,Standard,irregular-n06-t064-b00064-falternating,64,64,alternating,s04,0a9188521d439467d6bd5935239be6378d574075323b62c0350e1c8cd286c87a,6,7,66,64,65,672,3,225761125,L0,13,17,9,0,9,0,0,0,0,0,0,0,61,286,236,236,4092,4092,12343,171024,6686279589663824064933464039689268754760,133,132,66,133,66,65
irregular-n06-t064-b00064-falternating-s04,Accelerated,irregular-n06-t064-b00064-falternating,64,64,alternating,s04,0a9188521d439467d6bd5935239be6378d574075323b62c0350e1c8cd286c87a,6,7,66,64,65,672,3,124371542,L0,2,10,0,2,2,0,0,0,0,2,2,2,61,140,120,120,2214,2214,6701,94319,6121138605659498024614503230456131364094,133,131,66,133,66,65
irregular-n06-t064-b00064-falternating-s05,Standard,irregular-n06-t064-b00064-falternating,64,64,alternating,s05,360d31262ab5822fbcfe4813b38c68b317709ad341eaf6531bc9b575d604f783,6,9,66,64,65,803,3,232328291,H1,10,14,6,0,6,0,0,0,0,0,0,0,77,253,211,211,3841,3841,12889,193408,9516455443568695122027618073257454125034,133,132,67,133,65,2
irregular-n06-t064-b00064-falternating-s05,Accelerated,irregular-n06-t064-b00064-falternating,64,64,alternating,s05,360d31262ab5822fbcfe4813b38c68b317709ad341eaf6531bc9b575d604f783,6,9,66,64,65,803,3,199662167,H1,4,12,0,4,4,0,0,0,0,4,0,4,77,231,189,189,3357,3357,11142,162228,9516455443568695122027618073257454125034,133,132,67,133,65,2
irregular-n06-t064-b00064-falternating-s06,Standard,irregular-n06-t064-b00064-falternating,64,64,alternating,s06,c7623cce0e73bc57638950c6d9457fb6b81b8795dbef947af946fd3a1ef18fca,6,7,66,64,65,668,3,202350625,L0,13,17,9,0,9,0,0,0,0,0,0,0,61,238,194,194,3526,3526,11147,163942,6411208616532386722836481707592871171724,133,131,66,133,64,63
irregular-n06-t064-b00064-falternating-s06,Accelerated,irregular-n06-t064-b00064-falternating,64,64,alternating,s06,c7623cce0e73bc57638950c6d9457fb6b81b8795dbef947af946fd3a1ef18fca,6,7,66,64,65,668,3,137307250,L0,3,13,0,3,3,2,0,2,0,1,3,1,61,142,120,120,2334,2334,7480,112592,197003395348674867130055471594113958230899020945854161187680,197,193,131,197,64,63
irregular-n06-t064-b00064-falternating-s07,Standard,irregular-n06-t064-b00064-falternating,64,64,alternating,s07,1395d5ae4fd989d1cf52394792c135e0ceec8e62281b22db83089ddc156b870c,6,6,66,64,65,599,3,140138250,L0,12,16,8,0,8,0,0,0,0,0,0,0,53,209,129,129,2501,2501,7416,108398,4984896142773727794486035673796407197624,132,131,66,132,63,62
irregular-n06-t064-b00064-falternating-s07,Accelerated,irregular-n06-t064-b00064-falternating,64,64,alternating,s07,1395d5ae4fd989d1cf52394792c135e0ceec8e62281b22db83089ddc156b870c,6,6,66,64,65,599,3,84890959,L0,1,9,0,1,1,0,0,0,0,1,3,1,53,118,78,78,1534,1534,4447,63146,4984896142773727794486035673796407197624,132,130,66,132,63,62
irregular-n06-t064-b00064-falternating-s08,Standard,irregular-n06-t064-b00064-falternating,64,64,alternating,s08,482ab7e16e0d9a74a65bf9b9869e16ee26bac5f95182016abb45912093da5cb1,6,8,67,64,65,744,3,185666666,H0,9,13,5,0,5,0,0,0,0,0,0,0,69,223,166,166,3114,3114,10475,153894,15907822511552470047013292724266312143286,134,133,67,134,66,2
irregular-n06-t064-b00064-falternating-s08,Accelerated,irregular-n06-t064-b00064-falternating,64,64,alternating,s08,482ab7e16e0d9a74a65bf9b9869e16ee26bac5f95182016abb45912093da5cb1,6,8,67,64,65,744,3,164990958,H0,4,12,0,4,4,0,0,0,0,4,0,4,69,207,150,150,2778,2778,9249,136512,15907822511552470047013292724266312143286,134,133,67,134,66,2
irregular-n06-t064-b00064-falternating-s09,Standard,irregular-n06-t064-b00064-falternating,64,64,alternating,s09,4b3f0497ac1b16e8281085c85504e028d63054b0f669d9373e6ba2d25d76dc35,6,9,66,64,65,801,3,232955667,H1,10,14,6,0,6,0,0,0,0,0,0,0,77,253,211,211,3841,3841,12916,193886,12118781567160407069795862903145011373458,134,132,67,134,65,2
irregular-n06-t064-b00064-falternating-s09,Accelerated,irregular-n06-t064-b00064-falternating,64,64,alternating,s09,4b3f0497ac1b16e8281085c85504e028d63054b0f669d9373e6ba2d25d76dc35,6,9,66,64,65,801,3,217708083,H1,5,14,0,5,5,1,1,0,0,4,0,4,77,239,197,197,3569,3569,12187,183280,504480116436540335229330425336029907401983613188099154766868,199,196,131,199,65,2
irregular-n06-t064-b00064-falternating-s10,Standard,irregular-n06-t064-b00064-falternating,64,64,alternating,s10,cb88a12babf1e5fce926e4c10b3a55c84445d6f1128afeee0cd74b59d86b6b36,6,10,67,64,66,885,3,276555833,H0,10,14,6,0,6,0,0,0,0,0,0,0,85,279,246,246,4408,4408,15199,240800,22984327688133593457413007857933465505288,135,133,67,135,66,2
irregular-n06-t064-b00064-falternating-s10,Accelerated,irregular-n06-t064-b00064-falternating,64,64,alternating,s10,cb88a12babf1e5fce926e4c10b3a55c84445d6f1128afeee0cd74b59d86b6b36,6,10,67,64,66,885,3,202324792,H0,3,11,0,3,3,0,0,0,0,3,1,3,85,195,173,173,3157,3157,11148,177404,20862152997513937074290362874353619362694,134,133,67,134,66,2
irregular-n06-t064-b00064-falternating-s11,Standard,irregular-n06-t064-b00064-falternating,64,64,alternating,s11,8d8fd81517f2d993950d9b70e2714279a986247b5731386c5b25196914a91b76,6,8,67,64,65,740,3,212833375,H1,10,14,6,0,6,0,0,0,0,0,0,0,69,227,200,200,3634,3634,11930,172240,11402391037379704601644609554780932600756,134,132,67,134,65,2
irregular-n06-t064-b00064-falternating-s11,Accelerated,irregular-n06-t064-b00064-falternating,64,64,alternating,s11,8d8fd81517f2d993950d9b70e2714279a986247b5731386c5b25196914a91b76,6,8,67,64,65,740,3,185292875,H1,4,12,0,4,4,0,0,0,0,4,0,4,69,207,180,180,3192,3192,10454,146870,11402391037379704601644609554780932600756,134,132,67,134,65,2
irregular-n06-t064-b00064-falternating-s12,Standard,irregular-n06-t064-b00064-falternating,64,64,alternating,s12,455f36706cb9e0461d6cb04c372f98e66c24901580e6c9f3b64049f45c606ce4,6,8,66,64,65,739,3,218888166,L0,11,15,7,0,7,0,0,0,0,0,0,0,69,228,207,207,3707,3707,11704,174641,8426730546161333204913366529792451573640,133,133,67,133,65,64
irregular-n06-t064-b00064-falternating-s12,Accelerated,irregular-n06-t064-b00064-falternating,64,64,alternating,s12,455f36706cb9e0461d6cb04c372f98e66c24901580e6c9f3b64049f45c606ce4,6,8,66,64,65,739,3,181342000,L0,3,11,0,3,3,0,0,0,0,3,1,3,69,206,185,185,3179,3179,9991,139827,8426730546161333204913366529792451573640,133,131,67,133,65,64
irregular-n06-t064-b00064-falternating-s13,Standard,irregular-n06-t064-b00064-falternating,64,64,alternating,s13,2e7c482137ea3f17759c149814665694b48b8620063d15131ac3e0a1947582c5,6,9,67,64,66,813,3,251803458,H1,13,17,9,0,9,0,0,0,0,0,0,0,77,326,210,210,3978,3978,13906,217467,20575146045445032403285710764528910023640,134,133,67,134,65,2
irregular-n06-t064-b00064-falternating-s13,Accelerated,irregular-n06-t064-b00064-falternating,64,64,alternating,s13,2e7c482137ea3f17759c149814665694b48b8620063d15131ac3e0a1947582c5,6,9,67,64,66,813,3,196957875,H1,4,13,0,4,4,1,1,0,0,3,1,3,77,213,155,155,3083,3083,11084,171316,1253708487537033114600801219790861201289352864994392478808640,200,199,132,200,65,2
irregular-n06-t064-b00064-falternating-s14,Standard,irregular-n06-t064-b00064-falternating,64,64,alternating,s14,25534fac345131a20322131a3f8a7c2e91511ae5e357f25dfd6154bee012966b,6,7,66,64,65,673,3,206513791,L0,12,16,8,0,8,0,0,0,0,0,0,0,61,244,196,196,3556,3556,11234,165148,6961097263252101687870782198674078172686,133,131,66,133,66,65
irregular-n06-t064-b00064-falternating-s14,Accelerated,irregular-n06-t064-b00064-falternating,64,64,alternating,s14,25534fac345131a20322131a3f8a7c2e91511ae5e357f25dfd6154bee012966b,6,7,66,64,65,673,3,125691584,L0,2,10,0,2,2,0,0,0,0,2,2,2,61,140,116,116,2178,2178,6801,99180,4648382079240845328853740637437938347192,132,130,66,132,66,65
irregular-n06-t064-b00064-falternating-s15,Standard,irregular-n06-t064-b00064-falternating,64,64,alternating,s15,5c1e5ed3be54caecedfad7865edcb043340fe8165658825c97d8fe2e5de0e2a2,6,9,67,64,65,806,3,271929041,H1,9,13,6,0,6,0,0,0,0,0,0,0,77,305,264,264,4544,4544,15588,225351,12618387800149618030454268177657295979838,134,132,67,134,65,2
irregular-n06-t064-b00064-falternating-s15,Accelerated,irregular-n06-t064-b00064-falternating,64,64,alternating,s15,5c1e5ed3be54caecedfad7865edcb043340fe8165658825c97d8fe2e5de0e2a2,6,9,67,64,65,806,3,202161375,H1,3,10,0,3,3,0,0,0,0,3,0,3,77,229,198,198,3408,3408,11463,162711,8467373309655049004786965363780099607960,133,132,67,133,65,2
irregular-n06-t064-b00064-falternating-s16,Standard,irregular-n06-t064-b00064-falternating,64,64,alternating,s16,6f5bc4f4f3b331ad7aad9f8603198aa2ed6014e947451ef23a94458c6a02074b,6,8,66,64,65,742,3,242783959,H1,10,14,7,0,7,0,0,0,0,0,0,0,69,277,240,240,4190,4190,13406,188501,10061399000917921598541009936271793575978,133,132,66,133,63,2
irregular-n06-t064-b00064-falternating-s16,Accelerated,irregular-n06-t064-b00064-falternating,64,64,alternating,s16,6f5bc4f4f3b331ad7aad9f8603198aa2ed6014e947451ef23a94458c6a02074b,6,8,66,64,65,742,3,193292541,H1,4,12,0,4,4,1,1,0,0,3,0,3,69,213,185,185,3275,3275,10664,150531,387822074598051247490067946121124722241961892566092531287708,198,194,131,199,63,2
irregular-n06-t064-b00064-falternating-s17,Standard,irregular-n06-t064-b00064-falternating,64,64,alternating,s17,73384468496f22232502470f5c69a43d5adb0005da2c638dbaa2af5b3d6622e1,6,8,67,64,66,746,3,236146750,L1,9,13,6,0,6,0,0,0,0,0,0,0,69,273,244,244,4124,4124,12762,179391,17588469123436023737691649622515240244616,134,133,67,134,67,66
irregular-n06-t064-b00064-falternating-s17,Accelerated,irregular-n06-t064-b00064-falternating,64,64,alternating,s17,73384468496f22232502470f5c69a43d5adb0005da2c638dbaa2af5b3d6622e1,6,8,67,64,66,746,3,144211750,L1,2,9,0,2,2,0,0,0,0,2,1,2,69,157,142,142,2504,2504,7876,112339,13277025186650921828537847660750682884994,134,132,67,134,67,66
irregular-n06-t064-b00064-falternating-s18,Standard,irregular-n06-t064-b00064-falternating,64,64,alternating,s18,3a59a5a56f318acd66318b1d8d463d08cfda6be5092f0230cc4b356a176b7af5,6,8,66,64,66,743,3,215723875,L0,11,15,7,0,7,0,0,0,0,0,0,0,69,228,207,207,3707,3707,11579,172427,7786386782413541915147698518601531942912,133,133,67,134,65,64
irregular-n06-t064-b00064-falternating-s18,Accelerated,irregular-n06-t064-b00064-falternating,64,64,alternating,s18,3a59a5a56f318acd66318b1d8d463d08cfda6be5092f0230cc4b356a176b7af5,6,8,66,64,66,743,3,179966625,L0,3,11,0,3,3,0,0,0,0,3,1,3,69,206,185,185,3179,3179,9923,138351,7137126066400176140494371727126659492484,133,131,67,134,65,64
irregular-n06-t064-b00064-falternating-s19,Standard,irregular-n06-t064-b00064-falternating,64,64,alternating,s19,ddc820e709beb105e4c587a733a3afffe058a27f0676c34bc6bfe6984cdf57d5,6,10,67,64,66,875,3,301787667,H1,9,13,6,0,6,0,0,0,0,0,0,0,85,337,300,300,5044,5044,16573,241233,16883963325326315470746734726433994651428,134,133,67,134,65,2
irregular-n06-t064-b00064-falternating-s19,Accelerated,irregular-n06-t064-b00064-falternating,64,64,alternating,s19,ddc820e709beb105e4c587a733a3afffe058a27f0676c34bc6bfe6984cdf57d5,6,10,67,64,66,875,3,226162542,H1,3,10,0,3,3,0,0,0,0,3,0,3,85,253,225,225,3783,3783,12539,179826,16654688209499558999860717403921167227408,134,133,67,134,65,2
irregular-n06-t064-b00064-falternating-s20,Standard,irregular-n06-t064-b00064-falternating,64,64,alternating,s20,05a5872e3f1cb505a24e023ca943641b6aafe3962c7e33703ce9530379cf4b66,6,10,67,64,66,874,3,301860167,H0,13,17,9,0,9,0,0,0,0,0,0,0,85,344,264,264,4750,4750,16693,269668,16183957929104431864443936992462090565082,134,133,67,134,64,2
irregular-n06-t064-b00064-falternating-s20,Accelerated,irregular-n06-t064-b00064-falternating,64,64,alternating,s20,05a5872e3f1cb505a24e023ca943641b6aafe3962c7e33703ce9530379cf4b66,6,10,67,64,66,874,3,207670250,H0,4,13,0,4,4,1,1,0,0,3,1,3,85,203,163,163,3103,3103,11384,190939,746212623094837890849844550776596726294244379578872691738512,199,197,132,200,64,2
irregular-n06-t064-b00064-frandom-s01,Standard,irregular-n06-t064-b00064-frandom,64,64,random,s01,0a9e8632c26fbac524457b912a92d8890a2c195d16e3ee983ddd3285315f507b,6,9,66,64,64,967,3,397570542,H0,12,16,8,0,8,0,0,0,0,0,0,0,133,430,376,376,6556,6556,20807,314223,5393851078088887623061530923329207697648,132,131,67,132,63,59
irregular-n06-t064-b00064-frandom-s01,Accelerated,irregular-n06-t064-b00064-frandom,64,64,random,s01,0a9e8632c26fbac524457b912a92d8890a2c195d16e3ee983ddd3285315f507b,6,9,66,64,64,967,3,371428083,H0,5,14,0,5,5,1,1,0,0,4,0,4,133,411,357,357,6135,6135,19346,289298,38731242630356451803944165507764441703551049737937083868200,195,194,128,195,63,59
irregular-n06-t064-b00064-frandom-s02,Standard,irregular-n06-t064-b00064-frandom,64,64,random,s02,0326bfad062bee799f12acfda0bedc49706ab7ee1eab3b4fdb509a08c5de8af0,6,7,67,64,65,860,3,305091583,H0,12,16,8,0,8,0,0,0,0,0,0,0,105,342,300,300,5344,5344,15162,224799,10055372020915493773352026391293556803828,133,133,67,133,65,64
irregular-n06-t064-b00064-frandom-s02,Accelerated,irregular-n06-t064-b00064-frandom,64,64,random,s02,0326bfad062bee799f12acfda0bedc49706ab7ee1eab3b4fdb509a08c5de8af0,6,7,67,64,65,860,3,328807292,H0,7,18,0,7,7,3,0,3,0,4,0,4,105,357,315,315,5681,5681,16622,240593,321697276066257230780487234860737067473122148465702467584448,198,198,131,199,65,64
irregular-n06-t064-b00064-frandom-s03,Standard,irregular-n06-t064-b00064-frandom,64,64,random,s03,10a3f81d35b6b4fbbb9f824c086e19e66fe4ee0dda207fd5e58105acd5d1634f,6,10,67,64,65,1063,3,488276250,L0,10,14,6,0,6,0,0,0,0,0,0,0,147,581,501,501,8207,8207,25017,378559,13048070291640379121114407191638740428346,134,133,67,134,68,67
irregular-n06-t064-b00064-frandom-s03,Accelerated,irregular-n06-t064-b00064-frandom,64,64,random,s03,10a3f81d35b6b4fbbb9f824c086e19e66fe4ee0dda207fd5e58105acd5d1634f,6,10,67,64,65,1063,3,525014041,L0,4,13,0,4,4,1,0,1,0,3,1,3,147,675,575,575,9061,9061,27204,377363,204602370442537402816090839858936973818117595723588620703288,198,197,130,198,68,67
irregular-n06-t064-b00064-frandom-s04,Standard,irregular-n06-t064-b00064-frandom,64,64,random,s04,0a9188521d439467d6bd5935239be6378d574075323b62c0350e1c8cd286c87a,6,7,67,64,65,859,3,260983542,L0,8,12,4,0,4,0,0,0,0,0,0,0,105,315,273,273,4635,4635,12495,177704,11039126481231644183629877730496422538574,134,133,67,134,68,67
irregular-n06-t064-b00064-frandom-s04,Accelerated,irregular-n06-t064-b00064-frandom,64,64,random,s04,0a9188521d439467d6bd5935239be6378d574075323b62c0350e1c8cd286c87a,6,7,67,64,65,859,3,233353375,L0,2,10,0,2,2,0,0,0,0,2,2,2,105,295,253,253,4155,4155,11433,156046,11039126481231644183629877730496422538574,134,132,67,134,68,67
irregular-n06-t064-b00064-frandom-s05,Standard,irregular-n06-t064-b00064-frandom,64,64,random,s05,360d31262ab5822fbcfe4813b38c68b317709ad341eaf6531bc9b575d604f783,6,9,67,64,64,982,3,385436125,H0,10,14,6,0,6,0,0,0,0,0,0,0,133,423,369,369,6327,6327,19294,291217,9223416916245315493616578272166995311980,133,133,67,133,67,65
irregular-n06-t064-b00064-frandom-s05,Accelerated,irregular-n06-t064-b00064-frandom,64,64,random,s05,360d31262ab5822fbcfe4813b38c68b317709ad341eaf6531bc9b575d604f783,6,9,67,64,64,982,3,341160917,H0,4,12,0,4,4,0,0,0,0,4,0,4,133,399,345,345,5763,5763,17378,255765,9223416916245315493616578272166995311980,133,133,67,133,67,65
irregular-n06-t064-b00064-frandom-s06,Standard,irregular-n06-t064-b00064-frandom,64,64,random,s06,c7623cce0e73bc57638950c6d9457fb6b81b8795dbef947af946fd3a1ef18fca,6,7,66,64,65,857,3,339640416,H0,11,15,7,0,7,0,0,0,0,0,0,0,105,419,363,363,6137,6137,16359,220464,6091461072143010160862150052825903614936,133,132,66,133,65,64
irregular-n06-t064-b00064-frandom-s06,Accelerated,irregular-n06-t064-b00064-frandom,64,64,random,s06,c7623cce0e73bc57638950c6d9457fb6b81b8795dbef947af946fd3a1ef18fca,6,7,66,64,65,857,3,356885542,H0,4,13,0,4,4,1,0,1,0,3,1,3,105,482,412,412,6636,6636,17679,219009,63944990081037263050456944483102418106220441476502326738528,196,196,129,196,65,64
irregular-n06-t064-b00064-frandom-s07,Standard,irregular-n06-t064-b00064-frandom,64,64,random,s07,1395d5ae4fd989d1cf52394792c135e0ceec8e62281b22db83089ddc156b870c,6,6,67,64,65,787,3,285918916,H0,12,16,8,0,8,0,0,0,0,0,0,0,91,364,316,316,5428,5428,13901,191378,8179775787491500874985269899654060438998,133,132,67,133,65,64
irregular-n06-t064-b00064-frandom-s07,Accelerated,irregular-n06-t064-b00064-frandom,64,64,random,s07,1395d5ae4fd989d1cf52394792c135e0ceec8e62281b22db83089ddc156b870c,6,6,67,64,65,787,3,173278541,H0,3,11,0,3,3,0,0,0,0,3,1,3,91,201,177,177,3195,3195,8550,117895,8063688066235281972046461226914227261546,133,132,67,133,65,64
irregular-n06-t064-b00064-frandom-s08,Standard,irregular-n06-t064-b00064-frandom,64,64,random,s08,482ab7e16e0d9a74a65bf9b9869e16ee26bac5f95182016abb45912093da5cb1,6,8,67,64,65,929,3,338097750,L1,10,14,6,0,6,0,0,0,0,0,0,0,119,454,374,374,6202,6202,16508,236494,9516804097122196958851066621784960685746,133,133,67,134,67,66
irregular-n06-t064-b00064-frandom-s08,Accelerated,irregular-n06-t064-b00064-frandom,64,64,random,s08,482ab7e16e0d9a74a65bf9b9869e16ee26bac5f95182016abb45912093da5cb1,6,8,67,64,65,929,3,263466583,L1,3,11,0,3,3,0,0,0,0,3,1,3,119,351,291,291,4857,4857,13267,185718,6782583561781082858441044640745325269182,133,132,67,134,67,66
irregular-n06-t064-b00064-frandom-s09,Standard,irregular-n06-t064-b00064-frandom,64,64,random,s09,4b3f0497ac1b16e8281085c85504e028d63054b0f669d9373e6ba2d25d76dc35,6,9,66,64,65,977,3,474759958,H0,14,18,10,0,10,0,0,0,0,0,0,0,133,551,479,479,8105,8105,25301,394183,6703948162376886893776058411331284936068,133,132,66,133,64,63
irregular-n06-t064-b00064-frandom-s09,Accelerated,irregular-n06-t064-b00064-frandom,64,64,random,s09,4b3f0497ac1b16e8281085c85504e028d63054b0f669d9373e6ba2d25d76dc35,6,9,66,64,65,977,3,523087041,H0,7,18,0,7,7,3,0,3,0,4,0,4,133,653,563,563,9233,9233,28549,413122,217273720203069676750599207731485664329201846463306107997408,198,196,131,198,64,63
irregular-n06-t064-b00064-frandom-s10,Standard,irregular-n06-t064-b00064-frandom,64,64,random,s10,cb88a12babf1e5fce926e4c10b3a55c84445d6f1128afeee0cd74b59d86b6b36,6,10,67,64,66,1064,3,380991458,H1,10,14,6,0,6,0,0,0,0,0,0,0,147,462,386,386,6454,6454,20299,293804,13795081741362151662236341834487923111360,134,134,67,134,66,65
irregular-n06-t064-b00064-frandom-s10,Accelerated,irregular-n06-t064-b00064-frandom,64,64,random,s10,cb88a12babf1e5fce926e4c10b3a55c84445d6f1128afeee0cd74b59d86b6b36,6,10,67,64,66,1064,3,348774417,H1,4,13,0,4,4,1,0,1,0,3,1,3,147,437,365,365,5975,5975,18856,262748,38653728751317677828102447354332355464300034261901383172916,195,191,126,196,66,65
irregular-n06-t064-b00064-frandom-s11,Standard,irregular-n06-t064-b00064-frandom,64,64,random,s11,8d8fd81517f2d993950d9b70e2714279a986247b5731386c5b25196914a91b76,6,8,66,64,65,920,3,250865542,L0,8,12,4,0,4,0,0,0,0,0,0,0,119,357,267,267,4605,4605,12382,180569,6941108295298794764758316207418641050208,133,133,67,133,63,62
irregular-n06-t064-b00064-frandom-s11,Accelerated,irregular-n06-t064-b00064-frandom,64,64,random,s11,8d8fd81517f2d993950d9b70e2714279a986247b5731386c5b25196914a91b76,6,8,66,64,65,920,3,214665583,L0,1,9,0,1,1,0,0,0,0,1,3,1,119,334,244,244,4040,4040,10828,150132,4559842355797840014591041205977713208284,132,130,67,133,63,62
irregular-n06-t064-b00064-frandom-s12,Standard,irregular-n06-t064-b00064-frandom,64,64,random,s12,455f36706cb9e0461d6cb04c372f98e66c24901580e6c9f3b64049f45c606ce4,6,8,66,64,65,925,3,293271416,L0,11,15,7,0,7,0,0,0,0,0,0,0,119,470,306,306,5286,5286,14572,217058,7426826333406409804652652797987437392152,133,133,67,134,66,66
irregular-n06-t064-b00064-frandom-s12,Accelerated,irregular-n06-t064-b00064-frandom,64,64,random,s12,455f36706cb9e0461d6cb04c372f98e66c24901580e6c9f3b64049f45c606ce4,6,8,66,64,65,925,3,300912083,L0,4,13,0,4,4,1,0,1,0,3,1,3,119,543,344,344,5650,5650,15406,207188,13341508179516109688621382281998076366669345472363855156860,194,193,124,194,66,66
irregular-n06-t064-b00064-frandom-s13,Standard,irregular-n06-t064-b00064-frandom,64,64,random,s13,2e7c482137ea3f17759c149814665694b48b8620063d15131ac3e0a1947582c5,6,9,66,64,65,988,3,334855542,L0,8,12,4,0,4,0,0,0,0,0,0,0,133,399,339,339,5637,5637,16124,235536,6098155958753689253030891696764125600330,133,132,66,133,67,66
irregular-n06-t064-b00064-frandom-s13,Accelerated,irregular-n06-t064-b00064-frandom,64,64,random,s13,2e7c482137ea3f17759c149814665694b48b8620063d15131ac3e0a1947582c5,6,9,66,64,65,988,3,294728875,L0,2,10,0,2,2,0,0,0,0,2,2,2,133,375,317,317,5115,5115,14719,207175,6098155958753689253030891696764125600330,133,132,66,133,67,66
irregular-n06-t064-b00064-frandom-s14,Standard,irregular-n06-t064-b00064-frandom,64,64,random,s14,25534fac345131a20322131a3f8a7c2e91511ae5e357f25dfd6154bee012966b,6,7,66,64,64,853,3,313146291,H1,10,14,6,0,6,0,0,0,0,0,0,0,105,405,349,349,5843,5843,15684,224834,5539333873545590053748341859267896744088,133,131,66,133,67,65
irregular-n06-t064-b00064-frandom-s14,Accelerated,irregular-n06-t064-b00064-frandom,64,64,random,s14,25534fac345131a20322131a3f8a7c2e91511ae5e357f25dfd6154bee012966b,6,7,66,64,64,853,3,357744292,H1,5,14,0,5,5,1,0,1,0,4,0,4,105,483,413,413,6679,6679,17920,244646,28543159732180194081134913982698024227015857470783859674288,195,194,129,195,67,65
irregular-n06-t064-b00064-frandom-s15,Standard,irregular-n06-t064-b00064-frandom,64,64,random,s15,5c1e5ed3be54caecedfad7865edcb043340fe8165658825c97d8fe2e5de0e2a2,6,9,67,64,65,996,3,258830542,L0,8,12,4,0,4,0,0,0,0,0,0,0,133,399,258,258,4512,4512,13101,198944,8537083265876558396824558367340100817672,133,133,67,134,68,67
irregular-n06-t064-b00064-frandom-s15,Accelerated,irregular-n06-t064-b00064-frandom,64,64,random,s15,5c1e5ed3be54caecedfad7865edcb043340fe8165658825c97d8fe2e5de0e2a2,6,9,67,64,65,996,3,225968875,L0,2,10,0,2,2,0,0,0,0,2,2,2,133,375,236,236,3990,3990,11633,169835,7802999848603006987196435467705803290286,133,132,67,134,68,67
irregular-n06-t064-b00064-frandom-s16,Standard,irregular-n06-t064-b00064-frandom,64,64,random,s16,6f5bc4f4f3b331ad7aad9f8603198aa2ed6014e947451ef23a94458c6a02074b,6,8,66,64,64,919,3,371469042,H0,11,15,7,0,7,0,0,0,0,0,0,0,119,475,411,411,6889,6889,18828,277508,4339308848043982144090615954394093585044,132,131,66,132,67,65
irregular-n06-t064-b00064-frandom-s16,Accelerated,irregular-n06-t064-b00064-frandom,64,64,random,s16,6f5bc4f4f3b331ad7aad9f8603198aa2ed6014e947451ef23a94458c6a02074b,6,8,66,64,64,919,3,398094333,H0,5,14,0,5,5,1,0,1,0,4,0,4,119,549,469,469,7535,7535,20743,291617,55798336742398905157317071214921423171528209510661804599908,196,195,130,196,67,65
irregular-n06-t064-b00064-frandom-s17,Standard,irregular-n06-t064-b00064-frandom,64,64,random,s17,73384468496f22232502470f5c69a43d5adb0005da2c638dbaa2af5b3d6622e1,6,8,66,64,64,920,3,284870125,L0,8,12,4,0,4,0,0,0,0,0,0,0,119,357,309,309,5199,5199,14300,211616,5660495498404246350906026503722491929470,133,131,67,133,67,66
irregular-n06-t064-b00064-frandom-s17,Accelerated,irregular-n06-t064-b00064-frandom,64,64,random,s17,73384468496f22232502470f5c69a43d5adb0005da2c638dbaa2af5b3d6622e1,6,8,66,64,64,920,3,251368750,L0,2,10,0,2,2,0,0,0,0,2,2,2,119,335,287,287,4677,4677,12731,182223,5660495498404246350906026503722491929470,133,131,67,133,67,66
irregular-n06-t064-b00064-frandom-s18,Standard,irregular-n06-t064-b00064-frandom,64,64,random,s18,3a59a5a56f318acd66318b1d8d463d08cfda6be5092f0230cc4b356a176b7af5,6,8,67,64,65,929,3,243141917,H1,9,13,5,0,5,0,0,0,0,0,0,0,119,363,243,243,4353,4353,12345,181725,11943514776747813188612643236992398589942,134,133,67,134,67,65
irregular-n06-t064-b00064-frandom-s18,Accelerated,irregular-n06-t064-b00064-frandom,64,64,random,s18,3a59a5a56f318acd66318b1d8d463d08cfda6be5092f0230cc4b356a176b7af5,6,8,67,64,65,929,3,229988167,H1,4,12,0,4,4,0,0,0,0,4,0,4,119,357,237,237,4167,4167,11882,168482,11943514776747813188612643236992398589942,134,133,67,134,67,65
irregular-n06-t064-b00064-frandom-s19,Standard,irregular-n06-t064-b00064-frandom,64,64,random,s19,ddc820e709beb105e4c587a733a3afffe058a27f0676c34bc6bfe6984cdf57d5,6,10,67,64,65,1062,3,368594875,L1,8,12,4,0,4,0,0,0,0,0,0,0,147,441,381,381,6327,6327,18815,285769,6850853180818797235206695850639932400016,133,133,67,134,68,67
irregular-n06-t064-b00064-frandom-s19,Accelerated,irregular-n06-t064-b00064-frandom,64,64,random,s19,ddc820e709beb105e4c587a733a3afffe058a27f0676c34bc6bfe6984cdf57d5,6,10,67,64,65,1062,3,327783083,L1,2,10,0,2,2,0,0,0,0,2,2,2,147,415,355,355,5721,5721,17020,249663,6495603427058538515178653655425063752526,133,132,67,134,68,67
irregular-n06-t064-b00064-frandom-s20,Standard,irregular-n06-t064-b00064-frandom,64,64,random,s20,05a5872e3f1cb505a24e023ca943641b6aafe3962c7e33703ce9530379cf4b66,6,10,66,64,65,1050,3,430678416,H0,12,16,8,0,8,0,0,0,0,0,0,0,147,488,408,408,6976,6976,22445,346772,9174232089022538914173233533137721001252,133,133,67,134,65,63
irregular-n06-t064-b00064-frandom-s20,Accelerated,irregular-n06-t064-b00064-frandom,64,64,random,s20,05a5872e3f1cb505a24e023ca943641b6aafe3962c7e33703ce9530379cf4b66,6,10,66,64,65,1050,3,411628333,H0,6,16,0,6,6,2,0,2,0,4,0,4,147,483,403,403,6833,6833,22336,336512,333753105557658783671423758901023467194835914940756020240760,198,197,131,198,65,63
irregular-n06-t128-b00001-falternating-s01,Standard,irregular-n06-t128-b00001-falternating,128,1,alternating,s01,e230bdf5f80152046b654e841ababda894917eed3d166955da380a3b5e4fc6bb,6,12,5,2,3,83,3,278573833,H0,10,14,6,0,6,0,0,0,0,0,0,0,101,331,211,211,4057,4057,15794,271726,466,9,9,5,10,4,2
irregular-n06-t128-b00001-falternating-s01,Accelerated,irregular-n06-t128-b00001-falternating,128,1,alternating,s01,e230bdf5f80152046b654e841ababda894917eed3d166955da380a3b5e4fc6bb,6,12,5,2,3,83,3,233746792,H0,4,12,0,4,4,0,0,0,0,4,0,4,101,303,183,183,3447,3447,13360,224809,466,9,8,5,10,4,2
irregular-n06-t128-b00001-falternating-s02,Standard,irregular-n06-t128-b00001-falternating,128,1,alternating,s02,695a7ec10cde3e2b7ddbf366d71bc987f6140f7885bebda41c81838870ad6a3b,6,10,4,2,3,75,3,243143125,L0,10,14,6,0,6,0,0,0,0,0,0,0,85,279,216,216,3970,3970,13563,213155,374,9,9,5,10,4,3
irregular-n06-t128-b00001-falternating-s02,Accelerated,irregular-n06-t128-b00001-falternating,128,1,alternating,s02,695a7ec10cde3e2b7ddbf366d71bc987f6140f7885bebda41c81838870ad6a3b,6,10,4,2,3,75,3,172682334,L0,2,10,0,2,2,0,0,0,0,2,2,2,85,194,152,152,2822,2822,9750,149246,374,9,7,5,10,4,3
irregular-n06-t128-b00001-falternating-s03,Standard,irregular-n06-t128-b00001-falternating,128,1,alternating,s03,10a3f81d35b6b4fbbb9f824c086e19e66fe4ee0dda207fd5e58105acd5d1634f,6,10,4,2,3,73,3,276708667,L0,11,15,7,0,7,0,0,0,0,0,0,0,85,299,242,242,4444,4444,15409,239354,324,9,9,5,10,4,3
irregular-n06-t128-b00001-falternating-s03,Accelerated,irregular-n06-t128-b00001-falternating,128,1,alternating,s03,10a3f81d35b6b4fbbb9f824c086e19e66fe4ee0dda207fd5e58105acd5d1634f,6,10,4,2,3,73,3,230946875,L0,3,12,0,3,3,1,1,0,0,2,2,2,85,234,196,196,3698,3698,13228,201006,2952,12,11,7,12,4,3
irregular-n06-t128-b00001-falternating-s04,Standard,irregular-n06-t128-b00001-falternating,128,1,alternating,s04,2e146265adf640246263c1ddd6d2b30fb9416afb5ee98a1f8fc09fc21299f2cd,6,8,4,2,3,59,3,200814916,L0,10,14,6,0,6,0,0,0,0,0,0,0,69,224,200,200,3586,3586,10598,146236,168,8,8,4,10,4,3
irregular-n06-t128-b00001-falternating-s04,Accelerated,irregular-n06-t128-b00001-falternating,128,1,alternating,s04,2e146265adf640246263c1ddd6d2b30fb9416afb5ee98a1f8fc09fc21299f2cd,6,8,4,2,3,59,3,164049833,L0,2,10,0,2,2,0,0,0,0,2,2,2,69,202,178,178,3058,3058,8920,113714,168,8,6,4,10,4,3
irregular-n06-t128-b00001-falternating-s05,Standard,irregular-n06-t128-b00001-falternating,128,1,alternating,s05,b477d1c0f368ecf04959d7522b2c6d4e547b889045caf0cba0957d54672066fc,6,12,5,2,4,85,3,268685208,H0,10,14,6,0,6,0,0,0,0,0,0,0,101,331,208,208,3994,3994,14986,258735,494,9,9,5,10,3,2
irregular-n06-t128-b00001-falternating-s05,Accelerated,irregular-n06-t128-b00001-falternating,128,1,alternating,s05,b477d1c0f368ecf04959d7522b2c6d4e547b889045caf0cba0957d54672066fc,6,12,5,2,4,85,3,199358167,H0,3,11,0,3,3,0,0,0,0,3,1,3,101,231,149,149,2909,2909,11213,194436,494,9,7,5,10,3,2
irregular-n06-t128-b00001-falternating-s06,Standard,irregular-n06-t128-b00001-falternating,128,1,alternating,s06,29efb4e77243fb6d76d5ab7e49277e1c1a14c49b6a900b98e212ea1763bf0b5d,6,9,4,2,3,70,3,207602917,L0,11,15,7,0,7,0,0,0,0,0,0,0,77,304,196,196,3566,3566,11260,170428,416,9,9,5,10,4,3
irregular-n06-t128-b00001-falternating-s06,Accelerated,irregular-n06-t128-b00001-falternating,128,1,alternating,s06,29efb4e77243fb6d76d5ab7e49277e1c1a14c49b6a900b98e212ea1763bf0b5d,6,9,4,2,3,70,3,129250416,L0,1,9,0,1,1,0,0,0,0,1,3,1,77,172,118,118,2214,2214,7006,104255,416,9,7,5,10,4,3
irregular-n06-t128-b00001-falternating-s07,Standard,irregular-n06-t128-b00001-falternating,128,1,alternating,s07,30e5fd18f85b4f9296d131aa5b27aaee6fe19f040a3b99c1d472de2ec7a24aae,6,8,4,2,3,63,3,208875166,L0,11,15,7,0,7,0,0,0,0,0,0,0,69,272,204,204,3670,3670,11809,172977,224,8,7,4,10,4,3
irregular-n06-t128-b00001-falternating-s07,Accelerated,irregular-n06-t128-b00001-falternating,128,1,alternating,s07,30e5fd18f85b4f9296d131aa5b27aaee6fe19f040a3b99c1d472de2ec7a24aae,6,8,4,2,3,63,3,125616000,L0,1,9,0,1,1,0,0,0,0,1,3,1,69,154,120,120,2224,2224,7035,98646,200,8,6,4,10,4,3
irregular-n06-t128-b00001-falternating-s08,Standard,irregular-n06-t128-b00001-falternating,128,1,alternating,s08,4dc31f0db4cff514824ca3ae1b7f5a635c0ed753eae4d16ca9f2a0fa1beb5d79,6,11,4,2,3,78,3,316490625,L0,12,16,8,0,8,0,0,0,0,0,0,0,93,331,271,271,4979,4979,17612,285462,324,9,9,5,10,4,3
irregular-n06-t128-b00001-falternating-s08,Accelerated,irregular-n06-t128-b00001-falternating,128,1,alternating,s08,4dc31f0db4cff514824ca3ae1b7f5a635c0ed753eae4d16ca9f2a0fa1beb5d79,6,11,4,2,3,78,3,278922125,L0,4,14,0,4,4,2,2,0,0,2,2,2,93,264,224,224,4266,4266,15813,256811,3600,12,11,8,13,4,3
irregular-n06-t128-b00001-falternating-s09,Standard,irregular-n06-t128-b00001-falternating,128,1,alternating,s09,6668a3a34b0361fdf9509990b92244fd0a5bb900fa9af4765ecd2c587c4f2506,6,13,5,2,3,92,3,369796500,H0,11,15,7,0,7,0,0,0,0,0,0,0,109,358,277,277,5081,5081,20536,359966,848,10,9,5,10,4,2
irregular-n06-t128-b00001-falternating-s09,Accelerated,irregular-n06-t128-b00001-falternating,128,1,alternating,s09,6668a3a34b0361fdf9509990b92244fd0a5bb900fa9af4765ecd2c587c4f2506,6,13,5,2,3,92,3,309186709,H0,4,12,0,4,4,0,0,0,0,4,0,4,109,327,246,246,4386,4386,17227,291810,848,10,9,5,10,4,2
irregular-n06-t128-b00001-falternating-s10,Standard,irregular-n06-t128-b00001-falternating,128,1,alternating,s10,cb88a12babf1e5fce926e4c10b3a55c84445d6f1128afeee0cd74b59d86b6b36,6,10,5,2,3,79,3,229810833,H0,11,15,7,0,7,0,0,0,0,0,0,0,85,283,184,184,3584,3584,12601,210122,496,9,9,5,10,3,2
irregular-n06-t128-b00001-falternating-s10,Accelerated,irregular-n06-t128-b00001-falternating,128,1,alternating,s10,cb88a12babf1e5fce926e4c10b3a55c84445d6f1128afeee0cd74b59d86b6b36,6,10,5,2,3,79,3,204620042,H0,5,14,0,5,5,1,1,0,0,4,0,4,85,263,164,164,3164,3164,11465,187403,3864,12,10,7,13,3,2
irregular-n06-t128-b00001-falternating-s11,Standard,irregular-n06-t128-b00001-falternating,128,1,alternating,s11,9a47d1985e3d5c2996d957b7433ac0cc16375d4bccdafd16188e61492d99cf91,6,10,4,2,3,72,3,270880916,H0,10,14,6,0,6,0,0,0,0,0,0,0,85,279,243,243,4393,4393,15601,238404,456,9,8,5,10,3,2
irregular-n06-t128-b00001-falternating-s11,Accelerated,irregular-n06-t128-b00001-falternating,128,1,alternating,s11,9a47d1985e3d5c2996d957b7433ac0cc16375d4bccdafd16188e61492d99cf91,6,10,4,2,3,72,3,194634958,H0,3,11,0,3,3,0,0,0,0,3,1,3,85,195,171,171,3147,3147,11226,171824,352,9,7,5,10,3,2
irregular-n06-t128-b00001-falternating-s12,Standard,irregular-n06-t128-b00001-falternating,128,1,alternating,s12,16b32186a5720ffef7043ac0ffd2034c171a848dc67a83820918b46c28f5b69f,6,12,5,2,3,84,3,312951875,H0,10,14,6,0,6,0,0,0,0,0,0,0,101,331,265,265,4759,4759,17378,288663,398,9,8,5,10,4,2
irregular-n06-t128-b00001-falternating-s12,Accelerated,irregular-n06-t128-b00001-falternating,128,1,alternating,s12,16b32186a5720ffef7043ac0ffd2034c171a848dc67a83820918b46c28f5b69f,6,12,5,2,3,84,3,270366458,H0,4,12,0,4,4,0,0,0,0,4,0,4,101,303,237,237,4149,4149,15266,245639,398,9,8,5,10,4,2
irregular-n06-t128-b00001-falternating-s13,Standard,irregular-n06-t128-b00001-falternating,128,1,alternating,s13,c632835c13c05dc3cb33bbb62f087df1c1b73582fcb79e417b457202aa88f1af,6,12,5,2,3,82,3,342150959,H0,11,15,7,0,7,0,0,0,0,0,0,0,101,355,277,277,5155,5155,19576,322167,556,10,8,5,10,4,2
irregular-n06-t128-b00001-falternating-s13,Accelerated,irregular-n06-t128-b00001-falternating,128,1,alternating,s13,c632835c13c05dc3cb33bbb62f087df1c1b73582fcb79e417b457202aa88f1af,6,12,5,2,3,82,3,354651209,H0,6,16,0,6,6,2,1,1,0,4,0,4,101,359,281,281,5261,5261,20489,340217,5592,13,12,8,13,4,2
irregular-n06-t128-b00001-falternating-s14,Standard,irregular-n06-t128-b00001-falternating,128,1,alternating,s14,bf45c748e2bc9442aba367e99598a0c09025f9bbe732b8406156771ce1177825,6,9,4,2,3,66,3,231717792,L0,10,14,6,0,6,0,0,0,0,0,0,0,77,303,231,231,4055,4055,12943,185604,204,8,8,4,10,4,3
irregular-n06-t128-b00001-falternating-s14,Accelerated,irregular-n06-t128-b00001-falternating,128,1,alternating,s14,bf45c748e2bc9442aba367e99598a0c09025f9bbe732b8406156771ce1177825,6,9,4,2,3,66,3,152125250,L0,2,10,0,2,2,0,0,0,0,2,2,2,77,176,140,140,2586,2586,8327,119870,204,8,7,4,10,4,3
irregular-n06-t128-b00001-falternating-s15,Standard,irregular-n06-t128-b00001-falternating,128,1,alternating,s15,de552f148af939db451d7cd17f8b77917c3c3be64b8ebecf630cdeb593406086,6,13,5,2,3,91,3,399402125,H0,9,13,6,0,6,0,0,0,0,0,0,0,109,381,338,338,5986,5986,21420,348195,520,10,9,5,10,3,2
irregular-n06-t128-b00001-falternating-s15,Accelerated,irregular-n06-t128-b00001-falternating,128,1,alternating,s15,de552f148af939db451d7cd17f8b77917c3c3be64b8ebecf630cdeb593406086,6,13,5,2,3,91,3,407086084,H0,5,14,0,5,5,2,1,1,0,3,0,3,109,385,342,342,6092,6092,22781,371844,9104,14,12,9,14,3,2
irregular-n06-t128-b00001-falternating-s16,Standard,irregular-n06-t128-b00001-falternating,128,1,alternating,s16,6f5bc4f4f3b331ad7aad9f8603198aa2ed6014e947451ef23a94458c6a02074b,6,8,4,2,3,60,3,221868667,L0,11,15,7,0,7,0,0,0,0,0,0,0,69,275,219,219,3953,3953,12115,167241,180,8,7,4,10,3,2
irregular-n06-t128-b00001-falternating-s16,Accelerated,irregular-n06-t128-b00001-falternating,128,1,alternating,s16,6f5bc4f4f3b331ad7aad9f8603198aa2ed6014e947451ef23a94458c6a02074b,6,8,4,2,3,60,3,137474500,L0,2,10,0,2,2,0,0,0,0,2,2,2,69,158,130,130,2440,2440,7436,101210,180,8,6,4,10,3,2
irregular-n06-t128-b00001-falternating-s17,Standard,irregular-n06-t128-b00001-falternating,128,1,alternating,s17,f627f95decee0be343a63b5616f6c4fde84901cfe8f2fcd7695ead6cd7707ccf,6,10,5,2,3,72,3,245988708,H1,11,15,7,0,7,0,0,0,0,0,0,0,85,299,206,206,3952,3952,13542,215876,450,9,9,5,10,3,2
irregular-n06-t128-b00001-falternating-s17,Accelerated,irregular-n06-t128-b00001-falternating,128,1,alternating,s17,f627f95decee0be343a63b5616f6c4fde84901cfe8f2fcd7695ead6cd7707ccf,6,10,5,2,3,72,3,238464167,H1,4,13,0,4,4,1,1,0,0,3,1,3,85,294,201,201,3803,3803,13306,202562,7524,13,11,8,14,3,2
irregular-n06-t128-b00001-falternating-s18,Standard,irregular-n06-t128-b00001-falternating,128,1,alternating,s18,8b36c20a74b17f13637248a633ccb471b5b277417ae4a5dc19ba4f6f8ed6ba6e,6,11,5,2,3,78,3,281242375,L0,10,14,6,0,6,0,0,0,0,0,0,0,93,305,245,245,4387,4387,15125,240246,410,9,9,5,10,4,3
irregular-n06-t128-b00001-falternating-s18,Accelerated,irregular-n06-t128-b00001-falternating,128,1,alternating,s18,8b36c20a74b17f13637248a633ccb471b5b277417ae4a5dc19ba4f6f8ed6ba6e,6,11,5,2,3,78,3,201360500,L0,2,10,0,2,2,0,0,0,0,2,2,2,93,212,172,172,3114,3114,10838,168089,410,9,7,5,10,4,3
irregular-n06-t128-b00001-falternating-s19,Standard,irregular-n06-t128-b00001-falternating,128,1,alternating,s19,0e317e5016a1f62843844aa9690b6aecfc179db9a05fc1331f825bb01adea8b9,6,12,5,2,4,87,3,334671125,H1,10,14,6,0,6,0,0,0,0,0,0,0,101,331,301,301,5227,5227,18134,290054,648,10,10,5,10,3,2
irregular-n06-t128-b00001-falternating-s19,Accelerated,irregular-n06-t128-b00001-falternating,128,1,alternating,s19,0e317e5016a1f62843844aa9690b6aecfc179db9a05fc1331f825bb01adea8b9,6,12,5,2,4,87,3,237944000,H1,2,10,0,2,2,0,0,0,0,2,2,2,101,230,210,210,3688,3688,12987,204447,648,10,8,5,10,3,2
irregular-n06-t128-b00001-falternating-s20,Standard,irregular-n06-t128-b00001-falternating,128,1,alternating,s20,ed004ade4c6ed54b3f9efc0ea6326cac8047911ab26a4d8a9441a067a5d5b044,6,13,5,2,4,93,3,344898083,H0,11,15,7,0,7,0,0,0,0,0,0,0,109,383,254,254,4864,4864,19061,336574,694,10,9,5,10,4,2
irregular-n06-t128-b00001-falternating-s20,Accelerated,irregular-n06-t128-b00001-falternating,128,1,alternating,s20,ed004ade4c6ed54b3f9efc0ea6326cac8047911ab26a4d8a9441a067a5d5b044,6,13,5,2,4,93,3,335999292,H0,5,14,0,5,5,1,1,0,0,4,0,4,109,379,250,250,4758,4758,19045,328121,8396,14,12,8,14,4,2
irregular-n06-t128-b00001-frandom-s01,Standard,irregular-n06-t128-b00001-frandom,128,1,random,s01,e230bdf5f80152046b654e841ababda894917eed3d166955da380a3b5e4fc6bb,6,12,5,2,3,86,3,590973375,L1,12,16,8,0,8,0,0,0,0,0,0,0,174,696,600,600,9816,9816,32166,478492,444,9,9,5,10,3,2
irregular-n06-t128-b00001-frandom-s01,Accelerated,irregular-n06-t128-b00001-frandom,128,1,random,s01,e230bdf5f80152046b654e841ababda894917eed3d166955da380a3b5e4fc6bb,6,12,5,2,3,86,3,352666416,L1,4,13,0,4,4,1,0,1,0,3,1,3,174,380,332,332,5696,5696,19013,284481,416,9,8,5,10,3,2
irregular-n06-t128-b00001-frandom-s02,Standard,irregular-n06-t128-b00001-frandom,128,1,random,s02,695a7ec10cde3e2b7ddbf366d71bc987f6140f7885bebda41c81838870ad6a3b,6,10,5,2,4,77,3,386195291,L0,11,15,7,0,7,0,0,0,0,0,0,0,125,499,415,415,6893,6893,20932,289055,336,9,9,5,10,5,4
irregular-n06-t128-b00001-frandom-s02,Accelerated,irregular-n06-t128-b00001-frandom,128,1,random,s02,695a7ec10cde3e2b7ddbf366d71bc987f6140f7885bebda41c81838870ad6a3b,6,10,5,2,4,77,3,231936417,L0,3,11,0,3,3,0,0,0,0,3,1,3,125,275,233,233,4055,4055,12705,173877,296,9,7,5,10,5,4
irregular-n06-t128-b00001-frandom-s03,Standard,irregular-n06-t128-b00001-frandom,128,1,random,s03,10a3f81d35b6b4fbbb9f824c086e19e66fe4ee0dda207fd5e58105acd5d1634f,6,10,5,2,3,79,3,434200333,L0,9,13,5,0,5,0,0,0,0,0,0,0,146,558,478,478,7694,7694,22878,330890,384,9,9,5,10,6,5
irregular-n06-t128-b00001-frandom-s03,Accelerated,irregular-n06-t128-b00001-frandom,128,1,random,s03,10a3f81d35b6b4fbbb9f824c086e19e66fe4ee0dda207fd5e58105acd5d1634f,6,10,5,2,3,79,3,465169333,L0,3,12,0,3,3,1,0,1,0,2,2,2,146,653,553,553,8579,8579,25294,332029,944,10,10,6,10,6,5
irregular-n06-t128-b00001-frandom-s04,Standard,irregular-n06-t128-b00001-frandom,128,1,random,s04,2e146265adf640246263c1ddd6d2b30fb9416afb5ee98a1f8fc09fc21299f2cd,6,8,4,2,2,61,3,283674500,L0,11,15,7,0,7,0,0,0,0,0,0,0,102,328,286,286,5046,5046,14365,209645,224,8,8,4,10,3,2
irregular-n06-t128-b00001-frandom-s04,Accelerated,irregular-n06-t128-b00001-frandom,128,1,random,s04,2e146265adf640246263c1ddd6d2b30fb9416afb5ee98a1f8fc09fc21299f2cd,6,8,4,2,2,61,3,291935959,L0,4,13,0,4,4,1,0,1,0,3,1,3,102,337,295,295,5141,5141,14864,205987,1648,11,10,7,12,3,2
irregular-n06-t128-b00001-frandom-s05,Standard,irregular-n06-t128-b00001-frandom,128,1,random,s05,b477d1c0f368ecf04959d7522b2c6d4e547b889045caf0cba0957d54672066fc,6,12,5,2,4,90,3,383746708,L1,10,14,6,0,6,0,0,0,0,0,0,0,126,479,371,371,6265,6265,20460,319937,474,9,9,5,10,5,4
irregular-n06-t128-b00001-frandom-s05,Accelerated,irregular-n06-t128-b00001-frandom,128,1,random,s05,b477d1c0f368ecf04959d7522b2c6d4e547b889045caf0cba0957d54672066fc,6,12,5,2,4,90,3,230010167,L1,2,10,0,2,2,0,0,0,0,2,2,2,126,258,204,204,3604,3604,12044,192098,468,9,8,5,10,5,4
irregular-n06-t128-b00001-frandom-s06,Standard,irregular-n06-t128-b00001-frandom,128,1,random,s06,29efb4e77243fb6d76d5ab7e49277e1c1a14c49b6a900b98e212ea1763bf0b5d,6,9,4,2,3,71,3,285451250,L0,8,12,4,0,4,0,0,0,0,0,0,0,114,342,300,300,5028,5028,14052,192128,404,9,9,5,10,3,2
irregular-n06-t128-b00001-frandom-s06,Accelerated,irregular-n06-t128-b00001-frandom,128,1,random,s06,29efb4e77243fb6d76d5ab7e49277e1c1a14c49b6a900b98e212ea1763bf0b5d,6,9,4,2,3,71,3,192044875,L0,0,8,0,0,0,0,0,0,0,0,4,0,114,228,200,200,3352,3352,9533,125080,196,8,7,5,10,3,2
irregular-n06-t128-b00001-frandom-s07,Standard,irregular-n06-t128-b00001-frandom,128,1,random,s07,30e5fd18f85b4f9296d131aa5b27aaee6fe19f040a3b99c1d472de2ec7a24aae,6,8,4,2,3,65,3,255213458,L0,9,13,5,0,5,0,0,0,0,0,0,0,102,307,265,265,4555,4555,13089,188875,238,8,8,4,10,4,3
irregular-n06-t128-b00001-frandom-s07,Accelerated,irregular-n06-t128-b00001-frandom,128,1,random,s07,30e5fd18f85b4f9296d131aa5b27aaee6fe19f040a3b99c1d472de2ec7a24aae,6,8,4,2,3,65,3,218614750,L0,2,10,0,2,2,0,0,0,0,2,2,2,102,285,243,243,4021,4021,11553,155950,238,8,7,4,10,4,3
irregular-n06-t128-b00001-frandom-s08,Standard,irregular-n06-t128-b00001-frandom,128,1,random,s08,4dc31f0db4cff514824ca3ae1b7f5a635c0ed753eae4d16ca9f2a0fa1beb5d79,6,11,5,2,3,81,3,403918209,L0,10,14,6,0,6,0,0,0,0,0,0,0,138,437,383,383,6505,6505,21619,328431,350,9,9,5,10,4,3
irregular-n06-t128-b00001-frandom-s08,Accelerated,irregular-n06-t128-b00001-frandom,128,1,random,s08,4dc31f0db4cff514824ca3ae1b7f5a635c0ed753eae4d16ca9f2a0fa1beb5d79,6,11,5,2,3,81,3,363035916,L0,4,13,0,4,4,1,0,1,0,3,1,3,138,411,357,357,5931,5931,19828,288839,350,9,8,5,10,4,3
irregular-n06-t128-b00001-frandom-s09,Standard,irregular-n06-t128-b00001-frandom,128,1,random,s09,6668a3a34b0361fdf9509990b92244fd0a5bb900fa9af4765ecd2c587c4f2506,6,13,5,2,3,88,3,541289208,L0,10,14,6,0,6,0,0,0,0,0,0,0,187,743,475,475,7985,7985,26591,418091,336,9,8,5,10,6,4
irregular-n06-t128-b00001-frandom-s09,Accelerated,irregular-n06-t128-b00001-frandom,128,1,random,s09,6668a3a34b0361fdf9509990b92244fd0a5bb900fa9af4765ecd2c587c4f2506,6,13,5,2,3,88,3,318867875,L0,2,10,0,2,2,0,0,0,0,2,2,2,187,401,267,267,4665,4665,16257,248134,318,9,7,5,10,6,4
irregular-n06-t128-b00001-frandom-s10,Standard,irregular-n06-t128-b00001-frandom,128,1,random,s10,cb88a12babf1e5fce926e4c10b3a55c84445d6f1128afeee0cd74b59d86b6b36,6,10,5,2,4,82,3,218031333,L1,7,11,4,0,4,0,0,0,0,0,0,0,66,236,215,215,3705,3705,10214,147027,624,10,10,5,10,3,2
irregular-n06-t128-b00001-frandom-s10,Accelerated,irregular-n06-t128-b00001-frandom,128,1,random,s10,cb88a12babf1e5fce926e4c10b3a55c84445d6f1128afeee0cd74b59d86b6b36,6,10,5,2,4,82,3,128339417,L1,0,7,0,0,0,0,0,0,0,0,3,0,66,131,120,120,2140,2140,5986,88049,338,9,7,5,10,3,2
irregular-n06-t128-b00001-frandom-s11,Standard,irregular-n06-t128-b00001-frandom,128,1,random,s11,9a47d1985e3d5c2996d957b7433ac0cc16375d4bccdafd16188e61492d99cf91,6,10,4,2,3,74,3,366998000,L0,8,12,4,0,4,0,0,0,0,0,0,0,147,441,381,381,6327,6327,18376,268062,266,9,9,5,10,5,5
irregular-n06-t128-b00001-frandom-s11,Accelerated,irregular-n06-t128-b00001-frandom,128,1,random,s11,9a47d1985e3d5c2996d957b7433ac0cc16375d4bccdafd16188e61492d99cf91,6,10,4,2,3,74,3,330079917,L0,2,10,0,2,2,0,0,0,0,2,2,2,147,415,355,355,5721,5721,16865,235062,212,8,7,5,10,5,5
irregular-n06-t128-b00001-frandom-s12,Standard,irregular-n06-t128-b00001-frandom,128,1,random,s12,16b32186a5720ffef7043ac0ffd2034c171a848dc67a83820918b46c28f5b69f,6,12,5,2,3,87,3,490725875,L0,9,13,5,0,5,0,0,0,0,0,0,0,174,546,474,474,7866,7866,25333,404679,438,9,9,5,10,6,5
irregular-n06-t128-b00001-frandom-s12,Accelerated,irregular-n06-t128-b00001-frandom,128,1,random,s12,16b32186a5720ffef7043ac0ffd2034c171a848dc67a83820918b46c28f5b69f,6,12,5,2,3,87,3,445560083,L0,3,11,0,3,3,0,0,0,0,3,1,3,174,517,445,445,7207,7207,23511,364657,438,9,8,5,10,6,5
irregular-n06-t128-b00001-frandom-s13,Standard,irregular-n06-t128-b00001-frandom,128,1,random,s13,c632835c13c05dc3cb33bbb62f087df1c1b73582fcb79e417b457202aa88f1af,6,12,5,2,3,86,3,356375166,L0,9,13,5,0,5,0,0,0,0,0,0,0,127,382,331,331,5731,5731,18360,279470,516,10,10,5,10,4,4
irregular-n06-t128-b00001-frandom-s13,Accelerated,irregular-n06-t128-b00001-frandom,128,1,random,s13,c632835c13c05dc3cb33bbb62f087df1c1b73582fcb79e417b457202aa88f1af,6,12,5,2,3,86,3,311342834,L0,3,12,0,3,3,1,0,1,0,2,2,2,127,353,302,302,5084,5084,16435,236738,354,9,8,5,10,4,4
irregular-n06-t128-b00001-frandom-s14,Standard,irregular-n06-t128-b00001-frandom,128,1,random,s14,bf45c748e2bc9442aba367e99598a0c09025f9bbe732b8406156771ce1177825,6,9,4,2,3,71,3,306266459,H0,12,16,8,0,8,0,0,0,0,0,0,0,113,469,305,305,5407,5407,16282,220805,322,9,8,5,10,4,2
irregular-n06-t128-b00001-frandom-s14,Accelerated,irregular-n06-t128-b00001-frandom,128,1,random,s14,bf45c748e2bc9442aba367e99598a0c09025f9bbe732b8406156771ce1177825,6,9,4,2,3,71,3,335993083,H0,6,16,0,6,6,2,0,2,0,4,0,4,113,555,350,350,6042,6042,18220,231204,2716,12,11,7,12,4,2
irregular-n06-t128-b00001-frandom-s15,Standard,irregular-n06-t128-b00001-frandom,128,1,random,s15,de552f148af939db451d7cd17f8b77917c3c3be64b8ebecf630cdeb593406086,6,13,5,2,3,96,3,427801625,L0,10,14,6,0,6,0,0,0,0,0,0,0,137,443,350,350,6288,6288,22798,380120,568,10,9,5,10,6,5
irregular-n06-t128-b00001-frandom-s15,Accelerated,irregular-n06-t128-b00001-frandom,128,1,random,s15,de552f148af939db451d7cd17f8b77917c3c3be64b8ebecf630cdeb593406086,6,13,5,2,3,96,3,372260125,L0,4,12,0,4,4,0,0,0,0,4,0,4,137,411,318,318,5556,5556,20358,327330,568,10,8,5,10,6,5
irregular-n06-t128-b00001-frandom-s16,Standard,irregular-n06-t128-b00001-frandom,128,1,random,s16,6f5bc4f4f3b331ad7aad9f8603198aa2ed6014e947451ef23a94458c6a02074b,6,8,4,2,3,61,3,253469833,L0,11,15,7,0,7,0,0,0,0,0,0,0,85,288,255,255,4555,4555,13099,179573,174,8,8,4,10,3,2
irregular-n06-t128-b00001-frandom-s16,Accelerated,irregular-n06-t128-b00001-frandom,128,1,random,s16,6f5bc4f4f3b331ad7aad9f8603198aa2ed6014e947451ef23a94458c6a02074b,6,8,4,2,3,61,3,236099541,L0,3,12,0,3,3,1,0,1,0,2,2,2,85,282,249,249,4345,4345,12509,161134,1608,11,10,7,12,3,2
irregular-n06-t128-b00001-frandom-s17,Standard,irregular-n06-t128-b00001-frandom,128,1,random,s17,f627f95decee0be343a63b5616f6c4fde84901cfe8f2fcd7695ead6cd7707ccf,6,10,5,2,3,74,3,367568125,L0,8,12,4,0,4,0,0,0,0,0,0,0,147,441,369,369,6075,6075,18379,270847,372,9,8,5,10,6,4
irregular-n06-t128-b00001-frandom-s17,Accelerated,irregular-n06-t128-b00001-frandom,128,1,random,s17,f627f95decee0be343a63b5616f6c4fde84901cfe8f2fcd7695ead6cd7707ccf,6,10,5,2,3,74,3,315507459,L0,2,10,0,2,2,0,0,0,0,2,2,2,147,415,347,347,5553,5553,16648,236344,372,9,8,5,10,6,4
irregular-n06-t128-b00001-frandom-s18,Standard,irregular-n06-t128-b00001-frandom,128,1,random,s18,8b36c20a74b17f13637248a633ccb471b5b277417ae4a5dc19ba4f6f8ed6ba6e,6,11,4,2,3,79,3,344368208,L0,9,13,5,0,5,0,0,0,0,0,0,0,137,412,358,358,5950,5950,17906,244892,400,9,9,5,10,3,2
irregular-n06-t128-b00001-frandom-s18,Accelerated,irregular-n06-t128-b00001-frandom,128,1,random,s18,8b36c20a74b17f13637248a633ccb471b5b277417ae4a5dc19ba4f6f8ed6ba6e,6,11,4,2,3,79,3,223899625,L0,0,8,0,0,0,0,0,0,0,0,4,0,137,274,238,238,3938,3938,11778,153426,304,9,7,5,10,3,2
irregular-n06-t128-b00001-frandom-s19,Standard,irregular-n06-t128-b00001-frandom,128,1,random,s19,0e317e5016a1f62843844aa9690b6aecfc179db9a05fc1331f825bb01adea8b9,6,12,5,2,3,88,3,426129625,H0,9,13,5,0,5,0,0,0,0,0,0,0,150,455,392,392,6626,6626,21736,352997,532,10,9,5,10,5,4
irregular-n06-t128-b00001-frandom-s19,Accelerated,irregular-n06-t128-b00001-frandom,128,1,random,s19,0e317e5016a1f62843844aa9690b6aecfc179db9a05fc1331f825bb01adea8b9,6,12,5,2,3,88,3,382757625,H0,3,11,0,3,3,0,0,0,0,3,1,3,150,426,363,363,5967,5967,19365,304166,532,10,9,5,10,5,4
irregular-n06-t128-b00001-frandom-s20,Standard,irregular-n06-t128-b00001-frandom,128,1,random,s20,ed004ade4c6ed54b3f9efc0ea6326cac8047911ab26a4d8a9441a067a5d5b044,6,13,5,2,3,94,3,399299792,L0,8,12,4,0,4,0,0,0,0,0,0,0,137,411,360,360,6126,6126,20649,335282,506,9,10,5,10,6,5
irregular-n06-t128-b00001-frandom-s20,Accelerated,irregular-n06-t128-b00001-frandom,128,1,random,s20,ed004ade4c6ed54b3f9efc0ea6326cac8047911ab26a4d8a9441a067a5d5b044,6,13,5,2,3,94,3,344010084,L0,2,10,0,2,2,0,0,0,0,2,2,2,137,379,328,328,5394,5394,18299,282548,370,9,8,5,10,6,5
irregular-n06-t128-b00008-falternating-s01,Standard,irregular-n06-t128-b00008-falternating,128,8,alternating,s01,e230bdf5f80152046b654e841ababda894917eed3d166955da380a3b5e4fc6bb,6,12,11,8,10,170,3,297749625,H0,10,14,6,0,6,0,0,0,0,0,0,0,101,331,211,211,4057,4057,15939,277352,3246342,22,21,11,22,10,2
irregular-n06-t128-b00008-falternating-s01,Accelerated,irregular-n06-t128-b00008-falternating,128,8,alternating,s01,e230bdf5f80152046b654e841ababda894917eed3d166955da380a3b5e4fc6bb,6,12,11,8,10,170,3,260581042,H0,4,12,0,4,4,0,0,0,0,4,0,4,101,303,183,183,3447,3447,13557,231194,3246342,22,21,11,22,10,2
irregular-n06-t128-b00008-falternating-s02,Standard,irregular-n06-t128-b00008-falternating,128,8,alternating,s02,695a7ec10cde3e2b7ddbf366d71bc987f6140f7885bebda41c81838870ad6a3b,6,10,11,8,10,154,3,294106666,H0,11,15,7,0,7,0,0,0,0,0,0,0,85,339,255,255,4549,4549,15841,245948,5764170,23,22,11,23,9,2
irregular-n06-t128-b00008-falternating-s02,Accelerated,irregular-n06-t128-b00008-falternating,128,8,alternating,s02,695a7ec10cde3e2b7ddbf366d71bc987f6140f7885bebda41c81838870ad6a3b,6,10,11,8,10,154,3,308362208,H0,6,16,0,6,6,2,1,1,0,4,0,4,85,383,278,278,4814,4814,16864,257924,3898942884,32,31,20,33,9,2
irregular-n06-t128-b00008-falternating-s03,Standard,irregular-n06-t128-b00008-falternating,128,8,alternating,s03,10a3f81d35b6b4fbbb9f824c086e19e66fe4ee0dda207fd5e58105acd5d1634f,6,10,10,8,9,145,3,342728542,H1,14,18,10,0,10,0,0,0,0,0,0,0,85,364,288,288,5190,5190,18887,304378,1793312,21,20,10,21,8,2
irregular-n06-t128-b00008-falternating-s03,Accelerated,irregular-n06-t128-b00008-falternating,128,8,alternating,s03,10a3f81d35b6b4fbbb9f824c086e19e66fe4ee0dda207fd5e58105acd5d1634f,6,10,10,8,9,145,3,299187917,H1,5,15,0,5,5,2,2,0,0,3,1,3,85,302,245,245,4507,4507,16794,266870,1086847816,31,28,20,31,8,2
irregular-n06-t128-b00008-falternating-s04,Standard,irregular-n06-t128-b00008-falternating,128,8,alternating,s04,2e146265adf640246263c1ddd6d2b30fb9416afb5ee98a1f8fc09fc21299f2cd,6,8,11,8,10,133,3,239564833,H1,11,15,7,0,7,0,0,0,0,0,0,0,69,243,219,219,3985,3985,12826,188084,3673392,22,21,11,22,9,2
irregular-n06-t128-b00008-falternating-s04,Accelerated,irregular-n06-t128-b00008-falternating,128,8,alternating,s04,2e146265adf640246263c1ddd6d2b30fb9416afb5ee98a1f8fc09fc21299f2cd,6,8,11,8,10,133,3,200612208,H1,4,13,0,4,4,1,1,0,0,3,1,3,69,191,175,175,3295,3295,10986,159865,2962750272,32,31,19,32,9,2
irregular-n06-t128-b00008-falternating-s05,Standard,irregular-n06-t128-b00008-falternating,128,8,alternating,s05,b477d1c0f368ecf04959d7522b2c6d4e547b889045caf0cba0957d54672066fc,6,12,11,8,10,175,3,322480959,H0,11,15,7,0,7,0,0,0,0,0,0,0,101,355,232,232,4498,4498,17841,307449,5012486,23,22,11,23,11,2
irregular-n06-t128-b00008-falternating-s05,Accelerated,irregular-n06-t128-b00008-falternating,128,8,alternating,s05,b477d1c0f368ecf04959d7522b2c6d4e547b889045caf0cba0957d54672066fc,6,12,11,8,10,175,3,312410375,H0,5,14,0,5,5,1,1,0,0,4,0,4,101,351,228,228,4392,4392,17401,294473,3453721112,32,31,18,32,11,2
irregular-n06-t128-b00008-falternating-s06,Standard,irregular-n06-t128-b00008-falternating,128,8,alternating,s06,29efb4e77243fb6d76d5ab7e49277e1c1a14c49b6a900b98e212ea1763bf0b5d,6,9,11,8,10,141,3,250877125,L0,13,17,9,0,9,0,0,0,0,0,0,0,77,323,215,215,3987,3987,13342,209033,4399470,23,22,11,23,10,9
irregular-n06-t128-b00008-falternating-s06,Accelerated,irregular-n06-t128-b00008-falternating,128,8,alternating,s06,29efb4e77243fb6d76d5ab7e49277e1c1a14c49b6a900b98e212ea1763bf0b5d,6,9,11,8,10,141,3,188383916,L0,2,11,0,2,2,1,0,1,0,1,3,1,77,208,154,154,2970,2970,10240,157899,6523679064,33,32,22,33,10,9
irregular-n06-t128-b00008-falternating-s07,Standard,irregular-n06-t128-b00008-falternating,128,8,alternating,s07,30e5fd18f85b4f9296d131aa5b27aaee6fe19f040a3b99c1d472de2ec7a24aae,6,8,10,8,9,124,3,248016000,H1,12,16,8,0,8,0,0,0,0,0,0,0,69,276,208,208,3776,3776,12610,189596,2500420,22,20,11,22,8,2
irregular-n06-t128-b00008-falternating-s07,Accelerated,irregular-n06-t128-b00008-falternating,128,8,alternating,s07,30e5fd18f85b4f9296d131aa5b27aaee6fe19f040a3b99c1d472de2ec7a24aae,6,8,10,8,9,124,3,168570333,H1,3,12,0,3,3,1,1,0,0,2,2,2,69,166,132,132,2542,2542,8629,132670,1471183616,31,28,20,31,8,2
irregular-n06-t128-b00008-falternating-s08,Standard,irregular-n06-t128-b00008-falternating,128,8,alternating,s08,4dc31f0db4cff514824ca3ae1b7f5a635c0ed753eae4d16ca9f2a0fa1beb5d79,6,11,11,8,9,157,3,280147208,H0,9,13,5,0,5,0,0,0,0,0,0,0,93,301,241,241,4305,4305,15795,252572,3438600,22,21,11,22,10,2
irregular-n06-t128-b00008-falternating-s08,Accelerated,irregular-n06-t128-b00008-falternating,128,8,alternating,s08,4dc31f0db4cff514824ca3ae1b7f5a635c0ed753eae4d16ca9f2a0fa1beb5d79,6,11,11,8,9,157,3,247381042,H0,4,12,0,4,4,0,0,0,0,4,0,4,93,279,219,219,3843,3843,13883,221231,3438600,22,21,11,22,10,2
irregular-n06-t128-b00008-falternating-s09,Standard,irregular-n06-t128-b00008-falternating,128,8,alternating,s09,6668a3a34b0361fdf9509990b92244fd0a5bb900fa9af4765ecd2c587c4f2506,6,13,11,8,9,172,3,355608500,H0,10,14,6,0,6,0,0,0,0,0,0,0,109,357,276,276,5038,5038,20262,351733,3967116,22,21,11,22,10,2
irregular-n06-t128-b00008-falternating-s09,Accelerated,irregular-n06-t128-b00008-falternating,128,8,alternating,s09,6668a3a34b0361fdf9509990b92244fd0a5bb900fa9af4765ecd2c587c4f2506,6,13,11,8,9,172,3,327603459,H0,5,14,0,5,5,1,1,0,0,4,0,4,109,335,254,254,4598,4598,18651,327922,2578657104,32,29,20,32,10,2
irregular-n06-t128-b00008-falternating-s10,Standard,irregular-n06-t128-b00008-falternating,128,8,alternating,s10,cb88a12babf1e5fce926e4c10b3a55c84445d6f1128afeee0cd74b59d86b6b36,6,10,11,8,10,155,3,230203875,H0,10,14,6,0,6,0,0,0,0,0,0,0,85,279,180,180,3478,3478,12457,206229,4235576,23,21,11,23,10,2
irregular-n06-t128-b00008-falternating-s10,Accelerated,irregular-n06-t128-b00008-falternating,128,8,alternating,s10,cb88a12babf1e5fce926e4c10b3a55c84445d6f1128afeee0cd74b59d86b6b36,6,10,11,8,10,155,3,193221208,H0,4,12,0,4,4,0,0,0,0,4,0,4,85,255,156,156,2952,2952,10670,172154,4235576,23,21,11,23,10,2
irregular-n06-t128-b00008-falternating-s11,Standard,irregular-n06-t128-b00008-falternating,128,8,alternating,s11,9a47d1985e3d5c2996d957b7433ac0cc16375d4bccdafd16188e61492d99cf91,6,10,11,8,9,140,3,277421916,H0,10,14,6,0,6,0,0,0,0,0,0,0,85,279,243,243,4393,4393,16040,249657,2744220,22,20,11,22,10,2
irregular-n06-t128-b00008-falternating-s11,Accelerated,irregular-n06-t128-b00008-falternating,128,8,alternating,s11,9a47d1985e3d5c2996d957b7433ac0cc16375d4bccdafd16188e61492d99cf91,6,10,11,8,9,140,3,200612708,H0,3,11,0,3,3,0,0,0,0,3,1,3,85,195,171,171,3147,3147,11431,179392,1886940,21,20,11,21,10,2
irregular-n06-t128-b00008-falternating-s12,Standard,irregular-n06-t128-b00008-falternating,128,8,alternating,s12,16b32186a5720ffef7043ac0ffd2034c171a848dc67a83820918b46c28f5b69f,6,12,11,8,10,176,3,341478667,H0,10,14,6,0,6,0,0,0,0,0,0,0,101,331,265,265,4759,4759,18041,304556,5062622,23,22,11,23,10,2
irregular-n06-t128-b00008-falternating-s12,Accelerated,irregular-n06-t128-b00008-falternating,128,8,alternating,s12,16b32186a5720ffef7043ac0ffd2034c171a848dc67a83820918b46c28f5b69f,6,12,11,8,10,176,3,279800458,H0,4,12,0,4,4,0,0,0,0,4,0,4,101,303,237,237,4149,4149,15645,258118,5062622,23,21,11,23,10,2
irregular-n06-t128-b00008-falternating-s13,Standard,irregular-n06-t128-b00008-falternating,128,8,alternating,s13,c632835c13c05dc3cb33bbb62f087df1c1b73582fcb79e417b457202aa88f1af,6,12,11,8,10,167,3,330894584,H0,12,16,8,0,8,0,0,0,0,0,0,0,101,336,258,258,4800,4800,18415,317287,4250888,23,21,11,23,10,2
irregular-n06-t128-b00008-falternating-s13,Accelerated,irregular-n06-t128-b00008-falternating,128,8,alternating,s13,c632835c13c05dc3cb33bbb62f087df1c1b73582fcb79e417b457202aa88f1af,6,12,11,8,10,167,3,295432583,H0,5,14,0,5,5,1,1,0,0,4,0,4,101,311,233,233,4253,4253,16347,276808,2795236996,32,30,19,32,10,2
irregular-n06-t128-b00008-falternating-s14,Standard,irregular-n06-t128-b00008-falternating,128,8,alternating,s14,bf45c748e2bc9442aba367e99598a0c09025f9bbe732b8406156771ce1177825,6,9,11,8,10,142,3,272119250,H1,13,17,9,0,9,0,0,0,0,0,0,0,77,312,240,240,4310,4310,14618,223494,3669462,22,21,11,22,8,2
irregular-n06-t128-b00008-falternating-s14,Accelerated,irregular-n06-t128-b00008-falternating,128,8,alternating,s14,bf45c748e2bc9442aba367e99598a0c09025f9bbe732b8406156771ce1177825,6,9,11,8,10,142,3,219861250,H1,4,13,0,4,4,1,1,0,0,3,1,3,77,238,184,184,3322,3322,11352,171115,1932806400,31,29,19,32,8,2
irregular-n06-t128-b00008-falternating-s15,Standard,irregular-n06-t128-b00008-falternating,128,8,alternating,s15,de552f148af939db451d7cd17f8b77917c3c3be64b8ebecf630cdeb593406086,6,13,11,8,10,186,3,337136125,H0,7,11,4,0,4,0,0,0,0,0,0,0,109,329,286,286,4894,4894,18077,289724,6295768,23,22,11,23,11,2
irregular-n06-t128-b00008-falternating-s15,Accelerated,irregular-n06-t128-b00008-falternating,128,8,alternating,s15,de552f148af939db451d7cd17f8b77917c3c3be64b8ebecf630cdeb593406086,6,13,11,8,10,186,3,326354833,H0,3,10,0,3,3,0,0,0,0,3,0,3,109,325,282,282,4788,4788,17541,275925,6295768,23,22,11,23,11,2
irregular-n06-t128-b00008-falternating-s16,Standard,irregular-n06-t128-b00008-falternating,128,8,alternating,s16,6f5bc4f4f3b331ad7aad9f8603198aa2ed6014e947451ef23a94458c6a02074b,6,8,11,8,9,130,3,206832000,H1,10,14,6,0,6,0,0,0,0,0,0,0,69,227,185,185,3439,3439,11280,165534,3402940,22,21,11,22,9,2
irregular-n06-t128-b00008-falternating-s16,Accelerated,irregular-n06-t128-b00008-falternating,128,8,alternating,s16,6f5bc4f4f3b331ad7aad9f8603198aa2ed6014e947451ef23a94458c6a02074b,6,8,11,8,9,130,3,194948417,H1,5,14,0,5,5,1,1,0,0,4,0,4,69,215,173,173,3209,3209,10797,159071,1994739104,31,29,20,31,9,2
irregular-n06-t128-b00008-falternating-s17,Standard,irregular-n06-t128-b00008-falternating,128,8,alternating,s17,f627f95decee0be343a63b5616f6c4fde84901cfe8f2fcd7695ead6cd7707ccf,6,10,11,8,10,142,3,239947833,H1,10,14,6,0,6,0,0,0,0,0,0,0,85,279,186,186,3532,3532,12025,193141,3223202,22,22,11,22,9,2
irregular-n06-t128-b00008-falternating-s17,Accelerated,irregular-n06-t128-b00008-falternating,128,8,alternating,s17,f627f95decee0be343a63b5616f6c4fde84901cfe8f2fcd7695ead6cd7707ccf,6,10,11,8,10,142,3,203538792,H1,4,12,0,4,4,0,0,0,0,4,0,4,85,255,162,162,3006,3006,10448,162574,3223202,22,21,11,22,9,2
irregular-n06-t128-b00008-falternating-s18,Standard,irregular-n06-t128-b00008-falternating,128,8,alternating,s18,8b36c20a74b17f13637248a633ccb471b5b277417ae4a5dc19ba4f6f8ed6ba6e,6,11,11,8,10,156,3,373152959,H1,14,18,10,0,10,0,0,0,0,0,0,0,93,398,318,318,5660,5660,20359,332873,2082704,21,21,11,22,6,2
irregular-n06-t128-b00008-falternating-s18,Accelerated,irregular-n06-t128-b00008-falternating,128,8,alternating,s18,8b36c20a74b17f13637248a633ccb471b5b277417ae4a5dc19ba4f6f8ed6ba6e,6,11,11,8,10,156,3,341056167,H1,5,15,0,5,5,2,2,0,0,3,1,3,93,330,270,270,4912,4912,18140,293382,1950758784,31,29,21,32,6,2
irregular-n06-t128-b00008-falternating-s19,Standard,irregular-n06-t128-b00008-falternating,128,8,alternating,s19,0e317e5016a1f62843844aa9690b6aecfc179db9a05fc1331f825bb01adea8b9,6,12,11,8,10,171,3,397236542,H1,11,15,7,0,7,0,0,0,0,0,0,0,101,403,363,363,6113,6113,21277,334898,6001276,23,23,12,23,8,2
irregular-n06-t128-b00008-falternating-s19,Accelerated,irregular-n06-t128-b00008-falternating,128,8,alternating,s19,0e317e5016a1f62843844aa9690b6aecfc179db9a05fc1331f825bb01adea8b9,6,12,11,8,10,171,3,303520792,H1,4,12,0,4,4,0,0,0,0,4,0,4,101,303,273,273,4617,4617,16445,258016,6001276,23,21,12,23,8,2
irregular-n06-t128-b00008-falternating-s20,Standard,irregular-n06-t128-b00008-falternating,128,8,alternating,s20,ed004ade4c6ed54b3f9efc0ea6326cac8047911ab26a4d8a9441a067a5d5b044,6,13,11,8,10,187,3,356724666,H0,11,15,7,0,7,0,0,0,0,0,0,0,109,383,254,254,4864,4864,19374,343544,6306132,23,22,11,23,10,2
irregular-n06-t128-b00008-falternating-s20,Accelerated,irregular-n06-t128-b00008-falternating,128,8,alternating,s20,ed004ade4c6ed54b3f9efc0ea6326cac8047911ab26a4d8a9441a067a5d5b044,6,13,11,8,10,187,3,348163333,H0,5,14,0,5,5,1,1,0,0,4,0,4,109,379,250,250,4758,4758,19168,333523,5260559700,33,31,20,33,10,2
irregular-n06-t128-b00008-frandom-s01,Standard,irregular-n06-t128-b00008-frandom,128,8,random,s01,e230bdf5f80152046b654e841ababda894917eed3d166955da380a3b5e4fc6bb,6,12,11,8,9,188,3,609755042,H1,11,15,7,0,7,0,0,0,0,0,0,0,175,694,598,598,9754,9754,32226,493137,2276000,22,22,11,23,9,8
irregular-n06-t128-b00008-frandom-s01,Accelerated,irregular-n06-t128-b00008-frandom,128,8,random,s01,e230bdf5f80152046b654e841ababda894917eed3d166955da380a3b5e4fc6bb,6,12,11,8,9,188,3,361068333,H1,3,12,0,3,3,1,0,1,0,2,2,2,175,377,329,329,5603,5603,19103,296129,237929760,28,27,17,29,9,8
irregular-n06-t128-b00008-frandom-s02,Standard,irregular-n06-t128-b00008-frandom,128,8,random,s02,695a7ec10cde3e2b7ddbf366d71bc987f6140f7885bebda41c81838870ad6a3b,6,10,11,8,9,165,3,471715583,H0,13,17,9,0,9,0,0,0,0,0,0,0,147,594,450,450,7726,7726,24890,392315,3258192,22,21,11,22,10,9
irregular-n06-t128-b00008-frandom-s02,Accelerated,irregular-n06-t128-b00008-frandom,128,8,random,s02,695a7ec10cde3e2b7ddbf366d71bc987f6140f7885bebda41c81838870ad6a3b,6,10,11,8,9,165,3,513590459,H0,7,18,0,7,7,3,0,3,0,4,0,4,147,695,515,515,8585,8585,27783,414942,2108108712,31,30,20,31,10,9
irregular-n06-t128-b00008-frandom-s03,Standard,irregular-n06-t128-b00008-frandom,128,8,random,s03,10a3f81d35b6b4fbbb9f824c086e19e66fe4ee0dda207fd5e58105acd5d1634f,6,10,11,8,9,169,3,424353875,H0,10,14,6,0,6,0,0,0,0,0,0,0,147,467,389,389,6699,6699,21146,336281,2953754,22,21,11,23,11,10
irregular-n06-t128-b00008-frandom-s03,Accelerated,irregular-n06-t128-b00008-frandom,128,8,random,s03,10a3f81d35b6b4fbbb9f824c086e19e66fe4ee0dda207fd5e58105acd5d1634f,6,10,11,8,9,169,3,380176500,H0,4,12,0,4,4,0,0,0,0,4,0,4,147,441,363,363,6093,6093,19306,299422,2953754,22,21,11,23,11,10
irregular-n06-t128-b00008-frandom-s04,Standard,irregular-n06-t128-b00008-frandom,128,8,random,s04,2e146265adf640246263c1ddd6d2b30fb9416afb5ee98a1f8fc09fc21299f2cd,6,8,10,8,9,140,3,283753500,L0,8,12,4,0,4,0,0,0,0,0,0,0,119,357,309,309,5199,5199,14311,207761,1229856,21,21,11,21,11,11
irregular-n06-t128-b00008-frandom-s04,Accelerated,irregular-n06-t128-b00008-frandom,128,8,random,s04,2e146265adf640246263c1ddd6d2b30fb9416afb5ee98a1f8fc09fc21299f2cd,6,8,10,8,9,140,3,251593041,L0,2,10,0,2,2,0,0,0,0,2,2,2,119,335,287,287,4677,4677,12936,180566,941458,20,19,11,21,11,11
irregular-n06-t128-b00008-frandom-s05,Standard,irregular-n06-t128-b00008-frandom,128,8,random,s05,b477d1c0f368ecf04959d7522b2c6d4e547b889045caf0cba0957d54672066fc,6,12,11,8,8,184,3,401014000,H0,9,13,5,0,5,0,0,0,0,0,0,0,175,531,351,351,6141,6141,20849,357290,2577144,22,21,11,22,11,10
irregular-n06-t128-b00008-frandom-s05,Accelerated,irregular-n06-t128-b00008-frandom,128,8,random,s05,b477d1c0f368ecf04959d7522b2c6d4e547b889045caf0cba0957d54672066fc,6,12,11,8,8,184,3,345526708,H0,3,11,0,3,3,0,0,0,0,3,1,3,175,501,321,321,5451,5451,18107,302206,2577144,22,20,11,22,11,10
irregular-n06-t128-b00008-frandom-s06,Standard,irregular-n06-t128-b00008-frandom,128,8,random,s06,29efb4e77243fb6d76d5ab7e49277e1c1a14c49b6a900b98e212ea1763bf0b5d,6,9,11,8,10,155,3,345261083,H1,10,14,6,0,6,0,0,0,0,0,0,0,133,423,327,327,5733,5733,18085,278128,4544096,23,21,11,23,9,6
irregular-n06-t128-b00008-frandom-s06,Accelerated,irregular-n06-t128-b00008-frandom,128,8,random,s06,29efb4e77243fb6d76d5ab7e49277e1c1a14c49b6a900b98e212ea1763bf0b5d,6,9,11,8,10,155,3,379113875,H1,6,16,0,6,6,2,2,0,0,4,0,4,133,447,351,351,6297,6297,20549,313617,1704850068,31,30,19,31,9,6
irregular-n06-t128-b00008-frandom-s07,Standard,irregular-n06-t128-b00008-frandom,128,8,random,s07,30e5fd18f85b4f9296d131aa5b27aaee6fe19f040a3b99c1d472de2ec7a24aae,6,8,10,8,8,128,3,323927833,H1,11,15,7,0,7,0,0,0,0,0,0,0,119,380,332,332,5764,5764,17106,254444,638362,20,19,10,20,10,9
irregular-n06-t128-b00008-frandom-s07,Accelerated,irregular-n06-t128-b00008-frandom,128,8,random,s07,30e5fd18f85b4f9296d131aa5b27aaee6fe19f040a3b99c1d472de2ec7a24aae,6,8,10,8,8,128,3,295749583,H1,4,12,0,4,4,0,0,0,0,4,0,4,119,357,309,309,5199,5199,15340,220572,638362,20,19,10,20,10,9
irregular-n06-t128-b00008-frandom-s08,Standard,irregular-n06-t128-b00008-frandom,128,8,random,s08,4dc31f0db4cff514824ca3ae1b7f5a635c0ed753eae4d16ca9f2a0fa1beb5d79,6,11,11,8,9,178,3,413328333,L0,8,12,4,0,4,0,0,0,0,0,0,0,161,483,417,417,6891,6891,21424,324341,2703664,22,22,11,22,12,11
irregular-n06-t128-b00008-frandom-s08,Accelerated,irregular-n06-t128-b00008-frandom,128,8,random,s08,4dc31f0db4cff514824ca3ae1b7f5a635c0ed753eae4d16ca9f2a0fa1beb5d79,6,11,11,8,9,178,3,369565875,L0,2,10,0,2,2,0,0,0,0,2,2,2,161,455,389,389,6243,6243,19639,285391,1670230,21,20,11,22,12,11
irregular-n06-t128-b00008-frandom-s09,Standard,irregular-n06-t128-b00008-frandom,128,8,random,s09,6668a3a34b0361fdf9509990b92244fd0a5bb900fa9af4765ecd2c587c4f2506,6,13,11,8,10,191,3,655674125,H1,11,15,7,0,7,0,0,0,0,0,0,0,189,750,626,626,10086,10086,35060,552092,4757758,23,22,11,23,9,7
irregular-n06-t128-b00008-frandom-s09,Accelerated,irregular-n06-t128-b00008-frandom,128,8,random,s09,6668a3a34b0361fdf9509990b92244fd0a5bb900fa9af4765ecd2c587c4f2506,6,13,11,8,10,191,3,770241375,H1,6,17,0,6,6,3,1,2,0,3,1,3,189,927,772,772,12282,12282,42695,634131,1577350248,31,30,19,31,9,7
irregular-n06-t128-b00008-frandom-s10,Standard,irregular-n06-t128-b00008-frandom,128,8,random,s10,cb88a12babf1e5fce926e4c10b3a55c84445d6f1128afeee0cd74b59d86b6b36,6,10,11,8,10,174,3,386232333,L1,8,12,5,0,5,0,0,0,0,0,0,0,147,550,444,444,7012,7012,20982,276355,3272368,22,22,11,22,11,10
irregular-n06-t128-b00008-frandom-s10,Accelerated,irregular-n06-t128-b00008-frandom,128,8,random,s10,cb88a12babf1e5fce926e4c10b3a55c84445d6f1128afeee0cd74b59d86b6b36,6,10,11,8,10,174,3,429117000,L1,4,13,0,4,4,2,0,2,0,2,1,2,147,651,520,520,8030,8030,23578,287639,292931360,29,28,16,29,11,10
irregular-n06-t128-b00008-frandom-s11,Standard,irregular-n06-t128-b00008-frandom,128,8,random,s11,9a47d1985e3d5c2996d957b7433ac0cc16375d4bccdafd16188e61492d99cf91,6,10,11,8,9,170,3,363105875,L1,10,14,6,0,6,0,0,0,0,0,0,0,147,443,368,368,6218,6218,19082,293437,2671742,22,21,11,22,12,11
irregular-n06-t128-b00008-frandom-s11,Accelerated,irregular-n06-t128-b00008-frandom,128,8,random,s11,9a47d1985e3d5c2996d957b7433ac0cc16375d4bccdafd16188e61492d99cf91,6,10,11,8,9,170,3,331766625,L1,4,14,0,4,4,2,0,2,0,2,2,2,147,419,344,344,5698,5698,17709,267885,1628957536,31,27,21,31,12,11
irregular-n06-t128-b00008-frandom-s12,Standard,irregular-n06-t128-b00008-frandom,128,8,random,s12,16b32186a5720ffef7043ac0ffd2034c171a848dc67a83820918b46c28f5b69f,6,12,11,8,10,184,3,595813542,H1,11,15,7,0,7,0,0,0,0,0,0,0,175,561,489,489,8331,8331,30181,500800,3493706,22,21,11,22,10,9
irregular-n06-t128-b00008-frandom-s12,Accelerated,irregular-n06-t128-b00008-frandom,128,8,random,s12,16b32186a5720ffef7043ac0ffd2034c171a848dc67a83820918b46c28f5b69f,6,12,11,8,10,184,3,553082833,H1,5,14,0,5,5,1,0,1,0,4,0,4,175,537,465,465,7827,7827,28859,475273,1323176928,31,29,20,31,10,9
irregular-n06-t128-b00008-frandom-s13,Standard,irregular-n06-t128-b00008-frandom,128,8,random,s13,c632835c13c05dc3cb33bbb62f087df1c1b73582fcb79e417b457202aa88f1af,6,12,11,8,9,193,3,518789375,L0,9,13,5,0,5,0,0,0,0,0,0,0,175,549,477,477,7959,7959,24920,387680,4089272,22,22,12,23,12,11
irregular-n06-t128-b00008-frandom-s13,Accelerated,irregular-n06-t128-b00008-frandom,128,8,random,s13,c632835c13c05dc3cb33bbb62f087df1c1b73582fcb79e417b457202aa88f1af,6,12,11,8,9,193,3,464844209,L0,3,11,0,3,3,0,0,0,0,3,1,3,175,519,447,447,7269,7269,22790,343263,3711072,22,21,12,23,12,11
irregular-n06-t128-b00008-frandom-s14,Standard,irregular-n06-t128-b00008-frandom,128,8,random,s14,bf45c748e2bc9442aba367e99598a0c09025f9bbe732b8406156771ce1177825,6,9,10,8,8,151,3,307653000,L1,9,13,5,0,5,0,0,0,0,0,0,0,115,351,288,288,5082,5082,15638,235126,1404892,21,20,11,21,11,11
irregular-n06-t128-b00008-frandom-s14,Accelerated,irregular-n06-t128-b00008-frandom,128,8,random,s14,bf45c748e2bc9442aba367e99598a0c09025f9bbe732b8406156771ce1177825,6,9,10,8,8,151,3,269850292,L1,3,11,0,3,3,0,0,0,0,3,1,3,115,327,264,264,4518,4518,13991,203451,1404892,21,20,11,21,11,11
irregular-n06-t128-b00008-frandom-s15,Standard,irregular-n06-t128-b00008-frandom,128,8,random,s15,de552f148af939db451d7cd17f8b77917c3c3be64b8ebecf630cdeb593406086,6,13,11,8,10,207,3,789556125,H0,12,16,8,0,8,0,0,0,0,0,0,0,189,781,677,677,11195,11195,38470,655115,5768470,23,22,12,23,12,10
irregular-n06-t128-b00008-frandom-s15,Accelerated,irregular-n06-t128-b00008-frandom,128,8,random,s15,de552f148af939db451d7cd17f8b77917c3c3be64b8ebecf630cdeb593406086,6,13,11,8,10,207,3,625372041,H0,5,14,0,5,5,1,0,1,0,4,0,4,189,619,541,541,9111,9111,32354,552176,3800229316,32,31,21,33,12,10
irregular-n06-t128-b00008-frandom-s16,Standard,irregular-n06-t128-b00008-frandom,128,8,random,s16,6f5bc4f4f3b331ad7aad9f8603198aa2ed6014e947451ef23a94458c6a02074b,6,8,10,8,8,135,3,305006625,H0,9,13,5,0,5,0,0,0,0,0,0,0,119,363,315,315,5385,5385,15265,225957,1446558,21,20,11,21,10,8
irregular-n06-t128-b00008-frandom-s16,Accelerated,irregular-n06-t128-b00008-frandom,128,8,random,s16,6f5bc4f4f3b331ad7aad9f8603198aa2ed6014e947451ef23a94458c6a02074b,6,8,10,8,8,135,3,292927042,H0,4,12,0,4,4,0,0,0,0,4,0,4,119,357,309,309,5199,5199,14829,211525,1446558,21,20,11,21,10,8
irregular-n06-t128-b00008-frandom-s17,Standard,irregular-n06-t128-b00008-frandom,128,8,random,s17,f627f95decee0be343a63b5616f6c4fde84901cfe8f2fcd7695ead6cd7707ccf,6,10,11,8,10,155,3,513176334,H0,12,16,8,0,8,0,0,0,0,0,0,0,147,588,492,492,8100,8100,25367,392332,2810318,22,21,11,22,9,8
irregular-n06-t128-b00008-frandom-s17,Accelerated,irregular-n06-t128-b00008-frandom,128,8,random,s17,f627f95decee0be343a63b5616f6c4fde84901cfe8f2fcd7695ead6cd7707ccf,6,10,11,8,10,155,3,403806708,H0,4,12,0,4,4,0,0,0,0,4,0,4,147,441,369,369,6075,6075,19348,295595,2603200,22,21,11,22,9,8
irregular-n06-t128-b00008-frandom-s18,Standard,irregular-n06-t128-b00008-frandom,128,8,random,s18,8b36c20a74b17f13637248a633ccb471b5b277417ae4a5dc19ba4f6f8ed6ba6e,6,11,11,8,10,176,3,474866458,H1,9,13,5,0,5,0,0,0,0,0,0,0,161,505,439,439,7353,7353,22900,368640,2874912,22,21,11,23,10,9
irregular-n06-t128-b00008-frandom-s18,Accelerated,irregular-n06-t128-b00008-frandom,128,8,random,s18,8b36c20a74b17f13637248a633ccb471b5b277417ae4a5dc19ba4f6f8ed6ba6e,6,11,11,8,10,176,3,419593583,H1,3,11,0,3,3,0,0,0,0,3,1,3,161,477,411,411,6705,6705,21081,328494,2874912,22,21,11,23,10,9
irregular-n06-t128-b00008-frandom-s19,Standard,irregular-n06-t128-b00008-frandom,128,8,random,s19,0e317e5016a1f62843844aa9690b6aecfc179db9a05fc1331f825bb01adea8b9,6,12,11,9,10,196,3,457898208,L1,8,12,4,0,4,0,0,0,0,0,0,0,175,525,453,453,7455,7455,24706,379133,6063600,23,23,12,23,12,11
irregular-n06-t128-b00008-frandom-s19,Accelerated,irregular-n06-t128-b00008-frandom,128,8,random,s19,0e317e5016a1f62843844aa9690b6aecfc179db9a05fc1331f825bb01adea8b9,6,12,11,9,10,196,3,412686750,L1,2,10,0,2,2,0,0,0,0,2,2,2,175,495,423,423,6765,6765,22467,331946,6063600,23,22,12,23,12,11
irregular-n06-t128-b00008-frandom-s20,Standard,irregular-n06-t128-b00008-frandom,128,8,random,s20,ed004ade4c6ed54b3f9efc0ea6326cac8047911ab26a4d8a9441a067a5d5b044,6,13,11,8,10,208,3,555480500,L0,11,15,7,0,7,0,0,0,0,0,0,0,189,750,506,506,8590,8590,29410,489551,4810900,23,23,12,24,12,11
irregular-n06-t128-b00008-frandom-s20,Accelerated,irregular-n06-t128-b00008-frandom,128,8,random,s20,ed004ade4c6ed54b3f9efc0ea6326cac8047911ab26a4d8a9441a067a5d5b044,6,13,11,8,10,208,3,578478375,L0,5,15,0,5,5,2,0,2,0,3,1,3,189,875,570,570,9320,9320,31311,480609,631993440,30,29,19,30,12,11
irregular-n06-t128-b00064-falternating-s01,Standard,irregular-n06-t128-b00064-falternating,128,64,alternating,s01,e230bdf5f80152046b654e841ababda894917eed3d166955da380a3b5e4fc6bb,6,12,67,64,66,1017,3,335409416,H0,11,15,7,0,7,0,0,0,0,0,0,0,101,355,235,235,4561,4561,18445,318920,33914071777680575610577743239024517516550,135,134,68,135,67,2
irregular-n06-t128-b00064-falternating-s01,Accelerated,irregular-n06-t128-b00064-falternating,128,64,alternating,s01,e230bdf5f80152046b654e841ababda894917eed3d166955da380a3b5e4fc6bb,6,12,67,64,66,1017,3,318635458,H0,5,14,0,5,5,1,1,0,0,4,0,4,101,351,231,231,4455,4455,17918,305381,1401903799073162485483320555376990462397039488357743600223000,200,199,131,200,67,2
irregular-n06-t128-b00064-falternating-s02,Standard,irregular-n06-t128-b00064-falternating,128,64,alternating,s02,695a7ec10cde3e2b7ddbf366d71bc987f6140f7885bebda41c81838870ad6a3b,6,10,67,64,65,872,3,267692459,H0,12,16,8,0,8,0,0,0,0,0,0,0,85,284,221,221,4119,4119,14721,241227,15113620566367187340386088921851394812818,134,133,67,134,64,2
irregular-n06-t128-b00064-falternating-s02,Accelerated,irregular-n06-t128-b00064-falternating,128,64,alternating,s02,695a7ec10cde3e2b7ddbf366d71bc987f6140f7885bebda41c81838870ad6a3b,6,10,67,64,65,872,3,236549167,H0,5,14,0,5,5,1,1,0,0,4,0,4,85,263,200,200,3656,3656,13171,212369,646847365046156436733891354694543928158670332518081797695428,199,196,132,199,64,2
irregular-n06-t128-b00064-falternating-s03,Standard,irregular-n06-t128-b00064-falternating,128,64,alternating,s03,10a3f81d35b6b4fbbb9f824c086e19e66fe4ee0dda207fd5e58105acd5d1634f,6,10,67,64,65,874,3,308201000,H1,13,17,9,0,9,0,0,0,0,0,0,0,85,344,268,268,4770,4770,17295,277009,16826444432627343946296709193942411494176,134,133,67,134,65,2
irregular-n06-t128-b00064-falternating-s03,Accelerated,irregular-n06-t128-b00064-falternating,128,64,alternating,s03,10a3f81d35b6b4fbbb9f824c086e19e66fe4ee0dda207fd5e58105acd5d1634f,6,10,67,64,65,874,3,240405750,H1,4,13,0,4,4,1,1,0,0,3,1,3,85,262,205,205,3667,3667,13290,209748,757630685900701332294644201188134820913087906444840720300320,199,197,132,199,65,2
irregular-n06-t128-b00064-falternating-s04,Standard,irregular-n06-t128-b00064-falternating,128,64,alternating,s04,2e146265adf640246263c1ddd6d2b30fb9416afb5ee98a1f8fc09fc21299f2cd,6,8,66,64,65,735,3,233927125,H1,11,15,7,0,7,0,0,0,0,0,0,0,69,243,219,219,3985,3985,12780,185369,9780651407962571659124644604997123217912,133,132,66,133,64,2
irregular-n06-t128-b00064-falternating-s04,Accelerated,irregular-n06-t128-b00064-falternating,128,64,alternating,s04,2e146265adf640246263c1ddd6d2b30fb9416afb5ee98a1f8fc09fc21299f2cd,6,8,66,64,65,735,3,225273000,H1,5,14,0,5,5,1,1,0,0,4,0,4,69,239,215,215,3879,3879,12655,178199,378399954020505081019665593685481609255162070734263210602696,198,197,131,198,64,2
irregular-n06-t128-b00064-falternating-s05,Standard,irregular-n06-t128-b00064-falternating,128,64,alternating,s05,b477d1c0f368ecf04959d7522b2c6d4e547b889045caf0cba0957d54672066fc,6,12,67,64,65,1011,3,281513292,H0,10,14,6,0,6,0,0,0,0,0,0,0,101,331,208,208,3994,3994,15757,272320,17467866491995863650534458880543734738926,134,133,67,134,66,2
irregular-n06-t128-b00064-falternating-s05,Accelerated,irregular-n06-t128-b00064-falternating,128,64,alternating,s05,b477d1c0f368ecf04959d7522b2c6d4e547b889045caf0cba0957d54672066fc,6,12,67,64,65,1011,3,308039084,H0,5,14,0,5,5,1,1,0,0,4,0,4,101,351,228,228,4392,4392,17414,294394,641954459595260208133302953581148434135767294163928232003184,199,198,131,199,66,2
irregular-n06-t128-b00064-falternating-s06,Standard,irregular-n06-t128-b00064-falternating,128,64,alternating,s06,29efb4e77243fb6d76d5ab7e49277e1c1a14c49b6a900b98e212ea1763bf0b5d,6,9,66,64,66,802,3,191879334,L0,10,14,6,0,6,0,0,0,0,0,0,0,77,286,178,178,3188,3188,10309,159485,10801175640471596834264326351131012589012,133,133,67,134,66,65
irregular-n06-t128-b00064-falternating-s06,Accelerated,irregular-n06-t128-b00064-falternating,128,64,alternating,s06,29efb4e77243fb6d76d5ab7e49277e1c1a14c49b6a900b98e212ea1763bf0b5d,6,9,66,64,66,802,3,110435375,L0,0,8,0,0,0,0,0,0,0,0,4,0,77,154,100,100,1836,1836,5890,89513,10801175640471596834264326351131012589012,133,131,67,134,66,65
irregular-n06-t128-b00064-falternating-s07,Standard,irregular-n06-t128-b00064-falternating,128,64,alternating,s07,30e5fd18f85b4f9296d131aa5b27aaee6fe19f040a3b99c1d472de2ec7a24aae,6,8,66,64,65,736,3,235220000,H1,13,17,9,0,9,0,0,0,0,0,0,0,69,280,212,212,3882,3882,12980,198449,7624899987989419195412159428537514314728,133,132,66,133,61,2
irregular-n06-t128-b00064-falternating-s07,Accelerated,irregular-n06-t128-b00064-falternating,128,64,alternating,s07,30e5fd18f85b4f9296d131aa5b27aaee6fe19f040a3b99c1d472de2ec7a24aae,6,8,66,64,65,736,3,181533750,H1,4,13,0,4,4,1,1,0,0,3,1,3,69,214,163,163,3001,3001,10097,151502,237248571723144453326602946227705243107588054087987566020608,198,194,131,198,61,2
irregular-n06-t128-b00064-falternating-s08,Standard,irregular-n06-t128-b00064-falternating,128,64,alternating,s08,4dc31f0db4cff514824ca3ae1b7f5a635c0ed753eae4d16ca9f2a0fa1beb5d79,6,11,67,64,66,946,3,299658291,H0,11,15,7,0,7,0,0,0,0,0,0,0,93,309,249,249,4517,4517,16338,271175,24356347461199326340078708342097173248264,135,134,67,135,66,2
irregular-n06-t128-b00064-falternating-s08,Accelerated,irregular-n06-t128-b00064-falternating,128,64,alternating,s08,4dc31f0db4cff514824ca3ae1b7f5a635c0ed753eae4d16ca9f2a0fa1beb5d79,6,11,67,64,66,946,3,270668208,H0,5,14,0,5,5,1,1,0,0,4,0,4,93,287,227,227,4055,4055,14817,243729,1303512839260421247496446329751327963769836841353293134318200,200,199,131,201,66,2
irregular-n06-t128-b00064-falternating-s09,Standard,irregular-n06-t128-b00064-falternating,128,64,alternating,s09,6668a3a34b0361fdf9509990b92244fd0a5bb900fa9af4765ecd2c587c4f2506,6,13,67,64,66,1074,3,358930625,H0,10,14,6,0,6,0,0,0,0,0,0,0,109,357,276,276,5038,5038,20331,354256,18955776042207345409230352403605568557020,134,133,67,134,66,2
irregular-n06-t128-b00064-falternating-s09,Accelerated,irregular-n06-t128-b00064-falternating,128,64,alternating,s09,6668a3a34b0361fdf9509990b92244fd0a5bb900fa9af4765ecd2c587c4f2506,6,13,67,64,66,1074,3,390761667,H0,5,14,0,5,5,1,1,0,0,4,0,4,109,379,298,298,5478,5478,22416,385176,436420451295836469021832190031977924876457276599476374966128,199,198,128,199,66,2
irregular-n06-t128-b00064-falternating-s10,Standard,irregular-n06-t128-b00064-falternating,128,64,alternating,s10,cb88a12babf1e5fce926e4c10b3a55c84445d6f1128afeee0cd74b59d86b6b36,6,10,67,64,66,883,3,264138458,H0,12,16,8,0,8,0,0,0,0,0,0,0,85,303,204,204,4004,4004,14383,244991,18926711884060188317753206897176907114976,134,133,67,134,65,2
irregular-n06-t128-b00064-falternating-s10,Accelerated,irregular-n06-t128-b00064-falternating,128,64,alternating,s10,cb88a12babf1e5fce926e4c10b3a55c84445d6f1128afeee0cd74b59d86b6b36,6,10,67,64,66,883,3,266141625,H0,6,16,0,6,6,2,2,0,0,4,0,4,85,303,204,204,4004,4004,14948,250242,777243005502803199312335093030193573778065235199151329301084,199,198,131,200,65,2
irregular-n06-t128-b00064-falternating-s11,Standard,irregular-n06-t128-b00064-falternating,128,64,alternating,s11,9a47d1985e3d5c2996d957b7433ac0cc16375d4bccdafd16188e61492d99cf91,6,10,67,64,65,872,3,279058459,H0,10,14,6,0,6,0,0,0,0,0,0,0,85,279,243,243,4393,4393,15903,247067,18682296297556952037535902040525283926712,134,133,67,134,65,2
irregular-n06-t128-b00064-falternating-s11,Accelerated,irregular-n06-t128-b00064-falternating,128,64,alternating,s11,9a47d1985e3d5c2996d957b7433ac0cc16375d4bccdafd16188e61492d99cf91,6,10,67,64,65,872,3,200739166,H0,3,11,0,3,3,0,0,0,0,3,1,3,85,195,171,171,3147,3147,11402,178618,14874461365017039440859863986718009525274,134,132,67,134,65,2
irregular-n06-t128-b00064-falternating-s12,Standard,irregular-n06-t128-b00064-falternating,128,64,alternating,s12,16b32186a5720ffef7043ac0ffd2034c171a848dc67a83820918b46c28f5b69f,6,12,67,64,66,1006,3,370246709,H0,11,15,7,0,7,0,0,0,0,0,0,0,101,403,315,315,5489,5489,20746,341363,24270717905705505695956082778990836472298,135,133,67,135,65,2
irregular-n06-t128-b00064-falternating-s12,Accelerated,irregular-n06-t128-b00064-falternating,128,64,alternating,s12,16b32186a5720ffef7043ac0ffd2034c171a848dc67a83820918b46c28f5b69f,6,12,67,64,66,1006,3,363567875,H0,5,14,0,5,5,1,0,1,0,4,0,4,101,447,337,337,5609,5609,20517,321704,901690610203427949882019505976249159599164128454830260977804,200,198,132,200,65,2
irregular-n06-t128-b00064-falternating-s13,Standard,irregular-n06-t128-b00064-falternating,128,64,alternating,s13,c632835c13c05dc3cb33bbb62f087df1c1b73582fcb79e417b457202aa88f1af,6,12,67,64,66,1009,3,326859750,H0,11,15,7,0,7,0,0,0,0,0,0,0,101,335,257,257,4757,4757,17929,304196,32358901583588128839333846583990360564936,135,134,67,135,65,2
irregular-n06-t128-b00064-falternating-s13,Accelerated,irregular-n06-t128-b00064-falternating,128,64,alternating,s13,c632835c13c05dc3cb33bbb62f087df1c1b73582fcb79e417b457202aa88f1af,6,12,67,64,66,1009,3,292499292,H0,5,14,0,5,5,1,1,0,0,4,0,4,101,311,233,233,4253,4253,16269,275521,2083278065712300316687229053904951603200358381406473051046164,201,199,133,201,65,2
irregular-n06-t128-b00064-falternating-s14,Standard,irregular-n06-t128-b00064-falternating,128,64,alternating,s14,bf45c748e2bc9442aba367e99598a0c09025f9bbe732b8406156771ce1177825,6,9,67,64,66,803,3,291161625,H1,14,18,10,0,10,0,0,0,0,0,0,0,77,330,258,258,4688,4688,15981,246748,13269912787968996927597575526865918447920,134,133,67,134,59,2
irregular-n06-t128-b00064-falternating-s14,Accelerated,irregular-n06-t128-b00064-falternating,128,64,alternating,s14,bf45c748e2bc9442aba367e99598a0c09025f9bbe732b8406156771ce1177825,6,9,67,64,66,803,3,255082125,H1,5,15,0,5,5,2,2,0,0,3,1,3,77,274,220,220,4078,4078,14259,215694,546312787902547600319088040699902453646539692124772352072976,199,197,132,199,59,2
irregular-n06-t128-b00064-falternating-s15,Standard,irregular-n06-t128-b00064-falternating,128,64,alternating,s15,de552f148af939db451d7cd17f8b77917c3c3be64b8ebecf630cdeb593406086,6,13,67,64,66,1082,3,414127041,H0,9,13,6,0,6,0,0,0,0,0,0,0,109,381,338,338,5986,5986,22587,370730,27996050351874032385045625986475088420376,135,134,67,135,66,2
irregular-n06-t128-b00064-falternating-s15,Accelerated,irregular-n06-t128-b00064-falternating,128,64,alternating,s15,de552f148af939db451d7cd17f8b77917c3c3be64b8ebecf630cdeb593406086,6,13,67,64,66,1082,3,403177333,H0,4,12,0,4,4,1,1,0,0,3,0,3,109,377,334,334,5880,5880,22404,358834,1106767600544165850320938350012740831162573876303755517023040,200,199,131,200,66,2
irregular-n06-t128-b00064-falternating-s16,Standard,irregular-n06-t128-b00064-falternating,128,64,alternating,s16,6f5bc4f4f3b331ad7aad9f8603198aa2ed6014e947451ef23a94458c6a02074b,6,8,67,64,65,741,3,207324292,H1,10,14,6,0,6,0,0,0,0,0,0,0,69,227,185,185,3439,3439,11518,169062,15617997792317509633156222952390113986492,134,132,67,134,65,2
irregular-n06-t128-b00064-falternating-s16,Accelerated,irregular-n06-t128-b00064-falternating,128,64,alternating,s16,6f5bc4f4f3b331ad7aad9f8603198aa2ed6014e947451ef23a94458c6a02074b,6,8,67,64,65,741,3,177040958,H1,4,12,0,4,4,0,0,0,0,4,0,4,69,207,165,165,2997,2997,9877,140354,15617997792317509633156222952390113986492,134,132,67,134,65,2
irregular-n06-t128-b00064-falternating-s17,Standard,irregular-n06-t128-b00064-falternating,128,64,alternating,s17,f627f95decee0be343a63b5616f6c4fde84901cfe8f2fcd7695ead6cd7707ccf,6,10,67,64,66,873,3,252559375,H1,11,15,7,0,7,0,0,0,0,0,0,0,85,299,206,206,3952,3952,13570,219094,14281665354666971274076601182641311851608,134,133,67,134,64,2
irregular-n06-t128-b00064-falternating-s17,Accelerated,irregular-n06-t128-b00064-falternating,128,64,alternating,s17,f627f95decee0be343a63b5616f6c4fde84901cfe8f2fcd7695ead6cd7707ccf,6,10,67,64,66,873,3,246849625,H1,5,14,0,5,5,1,1,0,0,4,0,4,85,295,202,202,3846,3846,13681,214902,1343837801271356490353290861157467804120452600154516568133816,200,199,133,200,64,2
irregular-n06-t128-b00064-falternating-s18,Standard,irregular-n06-t128-b00064-falternating,128,64,alternating,s18,8b36c20a74b17f13637248a633ccb471b5b277417ae4a5dc19ba4f6f8ed6ba6e,6,11,67,64,66,940,3,407449917,H1,15,19,11,0,11,0,0,0,0,0,0,0,93,420,340,340,6122,6122,22119,364736,21139092960367167275016668121072627918240,134,134,67,135,58,2
irregular-n06-t128-b00064-falternating-s18,Accelerated,irregular-n06-t128-b00064-falternating,128,64,alternating,s18,8b36c20a74b17f13637248a633ccb471b5b277417ae4a5dc19ba4f6f8ed6ba6e,6,11,67,64,66,940,3,330427958,H1,5,15,0,5,5,2,2,0,0,3,1,3,93,330,270,270,4912,4912,18047,294864,2521359996238879591816208358655294177067030328415905940059168,201,199,133,201,58,2
irregular-n06-t128-b00064-falternating-s19,Standard,irregular-n06-t128-b00064-falternating,128,64,alternating,s19,0e317e5016a1f62843844aa9690b6aecfc179db9a05fc1331f825bb01adea8b9,6,12,67,64,66,1010,3,347172917,H1,10,14,6,0,6,0,0,0,0,0,0,0,101,331,301,301,5227,5227,18506,300587,18941565964005825447659857434670033814108,134,134,67,135,64,2
irregular-n06-t128-b00064-falternating-s19,Accelerated,irregular-n06-t128-b00064-falternating,128,64,alternating,s19,0e317e5016a1f62843844aa9690b6aecfc179db9a05fc1331f825bb01adea8b9,6,12,67,64,66,1010,3,303205583,H1,4,12,0,4,4,0,0,0,0,4,0,4,101,303,273,273,4617,4617,16590,261806,18941565964005825447659857434670033814108,134,132,67,135,64,2
irregular-n06-t128-b00064-falternating-s20,Standard,irregular-n06-t128-b00064-falternating,128,64,alternating,s20,ed004ade4c6ed54b3f9efc0ea6326cac8047911ab26a4d8a9441a067a5d5b044,6,13,67,64,66,1083,3,363090917,H0,11,15,7,0,7,0,0,0,0,0,0,0,109,383,254,254,4864,4864,19633,348242,34117751685723683459985087109720334420948,135,134,68,135,66,2
irregular-n06-t128-b00064-falternating-s20,Accelerated,irregular-n06-t128-b00064-falternating,128,64,alternating,s20,ed004ade4c6ed54b3f9efc0ea6326cac8047911ab26a4d8a9441a067a5d5b044,6,13,67,64,66,1083,3,350966917,H0,5,14,0,5,5,1,1,0,0,4,0,4,109,379,250,250,4758,4758,19210,334390,1951958720647168027920461615412955225279611667943895779756756,201,199,132,201,66,2
irregular-n06-t128-b00064-frandom-s01,Standard,irregular-n06-t128-b00064-frandom,128,64,random,s01,e230bdf5f80152046b654e841ababda894917eed3d166955da380a3b5e4fc6bb,6,12,67,64,65,1187,3,473466709,L0,8,12,4,0,4,0,0,0,0,0,0,0,175,525,453,453,7455,7455,23579,382008,9817150717767836461614015375235458567792,133,133,67,134,68,67
irregular-n06-t128-b00064-frandom-s01,Accelerated,irregular-n06-t128-b00064-frandom,128,64,random,s01,e230bdf5f80152046b654e841ababda894917eed3d166955da380a3b5e4fc6bb,6,12,67,64,65,1187,3,471502458,L0,2,10,0,2,2,0,0,0,0,2,2,2,175,495,423,423,6765,6765,21639,340741,8593898071587289336620530463902087224464,133,132,67,134,68,67
irregular-n06-t128-b00064-frandom-s02,Standard,irregular-n06-t128-b00064-frandom,128,64,random,s02,695a7ec10cde3e2b7ddbf366d71bc987f6140f7885bebda41c81838870ad6a3b,6,10,67,64,65,1059,3,486926959,H1,12,16,8,0,8,0,0,0,0,0,0,0,147,493,433,433,7539,7539,24939,407514,16684057210062989766385703246493658768264,134,133,67,134,66,65
irregular-n06-t128-b00064-frandom-s02,Accelerated,irregular-n06-t128-b00064-frandom,128,64,random,s02,695a7ec10cde3e2b7ddbf366d71bc987f6140f7885bebda41c81838870ad6a3b,6,10,67,64,65,1059,3,483550667,H1,6,16,0,6,6,2,0,2,0,4,0,4,147,493,433,433,7539,7539,25597,415989,932528366282536325874826304815511433944171095212392549812200,200,198,133,200,66,65
irregular-n06-t128-b00064-frandom-s03,Standard,irregular-n06-t128-b00064-frandom,128,64,random,s03,10a3f81d35b6b4fbbb9f824c086e19e66fe4ee0dda207fd5e58105acd5d1634f,6,10,67,64,65,1066,3,487311250,L1,10,14,6,0,6,0,0,0,0,0,0,0,147,581,501,501,8207,8207,25721,371777,17790994324782098127162775868732058511870,134,134,67,135,66,65
irregular-n06-t128-b00064-frandom-s03,Accelerated,irregular-n06-t128-b00064-frandom,128,64,random,s03,10a3f81d35b6b4fbbb9f824c086e19e66fe4ee0dda207fd5e58105acd5d1634f,6,10,67,64,65,1066,3,286497291,L1,2,10,0,2,2,0,0,0,0,2,2,2,147,315,275,275,4681,4681,15314,220792,13653771798878983870628994545498560087244,134,132,67,135,66,65
irregular-n06-t128-b00064-frandom-s04,Standard,irregular-n06-t128-b00064-frandom,128,64,random,s04,2e146265adf640246263c1ddd6d2b30fb9416afb5ee98a1f8fc09fc21299f2cd,6,8,66,64,64,914,3,379312166,H0,10,14,6,0,6,0,0,0,0,0,0,0,119,469,405,405,6703,6703,19167,276195,2656576368486340723208248825530988030984,131,131,66,132,67,65
irregular-n06-t128-b00064-frandom-s04,Accelerated,irregular-n06-t128-b00064-frandom,128,64,random,s04,2e146265adf640246263c1ddd6d2b30fb9416afb5ee98a1f8fc09fc21299f2cd,6,8,66,64,64,914,3,397249416,H0,4,13,0,4,4,1,0,1,0,3,1,3,119,543,463,463,7349,7349,20980,285700,23739566525351764572663058532391164310444457772234962529016,194,194,129,194,67,65
irregular-n06-t128-b00064-frandom-s05,Standard,irregular-n06-t128-b00064-frandom,128,64,random,s05,b477d1c0f368ecf04959d7522b2c6d4e547b889045caf0cba0957d54672066fc,6,12,67,64,65,1194,3,470895375,L0,9,13,5,0,5,0,0,0,0,0,0,0,175,669,429,429,7207,7207,23469,373383,9532244192650796477749042393231227651428,133,133,67,134,68,67
irregular-n06-t128-b00064-frandom-s05,Accelerated,irregular-n06-t128-b00064-frandom,128,64,random,s05,b477d1c0f368ecf04959d7522b2c6d4e547b889045caf0cba0957d54672066fc,6,12,67,64,65,1194,3,479344000,L0,3,12,0,3,3,1,0,1,0,2,2,2,175,783,483,483,7769,7769,25480,378898,34141315783071554094248876191692386379765004436012323251840,195,195,128,195,68,67
irregular-n06-t128-b00064-frandom-s06,Standard,irregular-n06-t128-b00064-frandom,128,64,random,s06,29efb4e77243fb6d76d5ab7e49277e1c1a14c49b6a900b98e212ea1763bf0b5d,6,9,67,64,66,1001,3,395802000,L1,10,14,6,0,6,0,0,0,0,0,0,0,133,508,430,430,6994,6994,20424,299519,21574659389998732242262668256338539003582,134,134,67,135,67,67
irregular-n06-t128-b00064-frandom-s06,Accelerated,irregular-n06-t128-b00064-frandom,128,64,random,s06,29efb4e77243fb6d76d5ab7e49277e1c1a14c49b6a900b98e212ea1763bf0b5d,6,9,67,64,66,1001,3,285646000,L1,2,10,0,2,2,0,0,0,0,2,2,2,133,375,317,317,5115,5115,14945,210844,15463761658026555610933205495942219185858,134,133,67,135,67,67
irregular-n06-t128-b00064-frandom-s07,Standard,irregular-n06-t128-b00064-frandom,128,64,random,s07,30e5fd18f85b4f9296d131aa5b27aaee6fe19f040a3b99c1d472de2ec7a24aae,6,8,67,64,65,928,3,323926000,L0,9,13,5,0,5,0,0,0,0,0,0,0,119,373,325,325,5535,5535,15597,236717,11077003728116000225446326768356409033904,134,132,67,134,68,66
irregular-n06-t128-b00064-frandom-s07,Accelerated,irregular-n06-t128-b00064-frandom,128,64,random,s07,30e5fd18f85b4f9296d131aa5b27aaee6fe19f040a3b99c1d472de2ec7a24aae,6,8,67,64,65,928,3,287445500,L0,3,11,0,3,3,0,0,0,0,3,1,3,119,351,303,303,5013,5013,14248,208261,11077003728116000225446326768356409033904,134,132,67,134,68,66
irregular-n06-t128-b00064-frandom-s08,Standard,irregular-n06-t128-b00064-frandom,128,64,random,s08,4dc31f0db4cff514824ca3ae1b7f5a635c0ed753eae4d16ca9f2a0fa1beb5d79,6,11,67,64,64,1115,3,498890333,H0,11,15,7,0,7,0,0,0,0,0,0,0,161,517,451,451,7725,7725,26115,430569,10907575658196747560266676798750368142524,134,133,67,134,65,62
irregular-n06-t128-b00064-frandom-s08,Accelerated,irregular-n06-t128-b00064-frandom,128,64,random,s08,4dc31f0db4cff514824ca3ae1b7f5a635c0ed753eae4d16ca9f2a0fa1beb5d79,6,11,67,64,64,1115,3,465347458,H0,5,14,0,5,5,1,1,0,0,4,0,4,161,495,429,429,7263,7263,24367,398415,97092599338537040296269516838390605738466343182566056299400,196,195,129,197,65,62
irregular-n06-t128-b00064-frandom-s09,Standard,irregular-n06-t128-b00064-frandom,128,64,random,s09,6668a3a34b0361fdf9509990b92244fd0a5bb900fa9af4765ecd2c587c4f2506,6,13,67,64,65,1248,3,674847541,H1,12,16,8,0,8,0,0,0,0,0,0,0,189,756,632,632,10272,10272,36122,583996,22577452663156088424366213946769750215380,135,134,67,135,67,64
irregular-n06-t128-b00064-frandom-s09,Accelerated,irregular-n06-t128-b00064-frandom,128,64,random,s09,6668a3a34b0361fdf9509990b92244fd0a5bb900fa9af4765ecd2c587c4f2506,6,13,67,64,65,1248,3,523760833,H1,5,14,0,5,5,1,0,1,0,4,0,4,189,569,476,476,7790,7790,27788,446753,329681191438285105307024149078895623728118010107047133245424,198,198,132,198,67,64
irregular-n06-t128-b00064-frandom-s10,Standard,irregular-n06-t128-b00064-frandom,128,64,random,s10,cb88a12babf1e5fce926e4c10b3a55c84445d6f1128afeee0cd74b59d86b6b36,6,10,67,64,65,1063,3,518121208,H0,10,14,7,0,7,0,0,0,0,0,0,0,147,605,524,524,8684,8684,26848,403685,17680406844287473141632158432203494377844,134,133,67,134,66,63
irregular-n06-t128-b00064-frandom-s10,Accelerated,irregular-n06-t128-b00064-frandom,128,64,random,s10,cb88a12babf1e5fce926e4c10b3a55c84445d6f1128afeee0cd74b59d86b6b36,6,10,67,64,65,1063,3,581533792,H0,5,14,0,5,5,2,1,1,0,3,0,3,147,719,618,618,9958,9958,30943,444164,614041397151565546028010924379334546200385398862370549043680,199,198,131,199,66,63
irregular-n06-t128-b00064-frandom-s11,Standard,irregular-n06-t128-b00064-frandom,128,64,random,s11,9a47d1985e3d5c2996d957b7433ac0cc16375d4bccdafd16188e61492d99cf91,6,10,67,64,66,1045,3,495014292,H1,12,16,8,0,8,0,0,0,0,0,0,0,147,588,508,508,8436,8436,25576,361976,10092304936042163412781609498449315891718,133,132,67,134,65,62
irregular-n06-t128-b00064-frandom-s11,Accelerated,irregular-n06-t128-b00064-frandom,128,64,random,s11,9a47d1985e3d5c2996d957b7433ac0cc16375d4bccdafd16188e61492d99cf91,6,10,67,64,66,1045,3,378291833,H1,5,14,0,5,5,1,0,1,0,4,0,4,147,443,383,383,6413,6413,19672,269869,7552695148436711141765791397943181783951210769952507628792,193,188,126,194,65,62
irregular-n06-t128-b00064-frandom-s12,Standard,irregular-n06-t128-b00064-frandom,128,64,random,s12,16b32186a5720ffef7043ac0ffd2034c171a848dc67a83820918b46c28f5b69f,6,12,67,64,65,1185,3,663320667,H0,12,16,8,0,8,0,0,0,0,0,0,0,175,705,609,609,10083,10083,34399,574142,17151513939442832842702957282358268674018,134,133,68,134,65,62
irregular-n06-t128-b00064-frandom-s12,Accelerated,irregular-n06-t128-b00064-frandom,128,64,random,s12,16b32186a5720ffef7043ac0ffd2034c171a848dc67a83820918b46c28f5b69f,6,12,67,64,65,1185,3,721294291,H0,6,16,0,6,6,2,0,2,0,4,0,4,175,825,705,705,11331,11331,37644,586696,476037168999964289397238225751846987215951792921479864265176,199,199,131,199,65,62
irregular-n06-t128-b00064-frandom-s13,Standard,irregular-n06-t128-b00064-frandom,128,64,random,s13,c632835c13c05dc3cb33bbb62f087df1c1b73582fcb79e417b457202aa88f1af,6,12,67,64,65,1195,3,501221792,H0,9,13,5,0,5,0,0,0,0,0,0,0,175,549,477,477,7959,7959,26562,427562,23024387978094943090363868155509556169632,135,134,67,135,68,67
irregular-n06-t128-b00064-frandom-s13,Accelerated,irregular-n06-t128-b00064-frandom,128,64,random,s13,c632835c13c05dc3cb33bbb62f087df1c1b73582fcb79e417b457202aa88f1af,6,12,67,64,65,1195,3,446704750,H0,3,11,0,3,3,0,0,0,0,3,1,3,175,519,447,447,7269,7269,23876,372706,23024387978094943090363868155509556169632,135,134,67,135,68,67
irregular-n06-t128-b00064-frandom-s14,Standard,irregular-n06-t128-b00064-frandom,128,64,random,s14,bf45c748e2bc9442aba367e99598a0c09025f9bbe732b8406156771ce1177825,6,9,67,64,65,997,3,335009291,L0,10,14,6,0,6,0,0,0,0,0,0,0,133,406,337,337,5797,5797,17088,265083,12964258266143403744408768219487387644052,134,133,67,134,66,65
irregular-n06-t128-b00064-frandom-s14,Accelerated,irregular-n06-t128-b00064-frandom,128,64,random,s14,bf45c748e2bc9442aba367e99598a0c09025f9bbe732b8406156771ce1177825,6,9,67,64,65,997,3,291908959,L0,2,10,0,2,2,0,0,0,0,2,2,2,133,380,311,311,5147,5147,15029,220067,9651374635045671363759201309509028553996,133,132,67,134,66,65
irregular-n06-t128-b00064-frandom-s15,Standard,irregular-n06-t128-b00064-frandom,128,64,random,s15,de552f148af939db451d7cd17f8b77917c3c3be64b8ebecf630cdeb593406086,6,13,67,64,65,1270,3,471596791,L0,8,12,4,0,4,0,0,0,0,0,0,0,189,567,438,438,7308,7308,23600,379081,20258054210632600455037920398578411463236,134,134,68,135,68,68
irregular-n06-t128-b00064-frandom-s15,Accelerated,irregular-n06-t128-b00064-frandom,128,64,random,s15,de552f148af939db451d7cd17f8b77917c3c3be64b8ebecf630cdeb593406086,6,13,67,64,65,1270,3,409242375,L0,2,10,0,2,2,0,0,0,0,2,2,2,189,535,406,406,6576,6576,21228,327936,14857448228817675968391530234003950666258,134,133,68,135,68,68
irregular-n06-t128-b00064-frandom-s16,Standard,irregular-n06-t128-b00064-frandom,128,64,random,s16,6f5bc4f4f3b331ad7aad9f8603198aa2ed6014e947451ef23a94458c6a02074b,6,8,66,64,65,919,3,418187917,H1,13,17,9,0,9,0,0,0,0,0,0,0,119,497,433,433,7411,7411,21460,313549,5890975194688873916614535777057029193468,133,131,67,133,65,62
irregular-n06-t128-b00064-frandom-s16,Accelerated,irregular-n06-t128-b00064-frandom,128,64,random,s16,6f5bc4f4f3b331ad7aad9f8603198aa2ed6014e947451ef23a94458c6a02074b,6,8,66,64,65,919,3,297018042,H1,5,15,0,5,5,2,1,1,0,3,1,3,119,305,273,273,5075,5075,15780,234955,156552637194845465587262552826174288128664929857497689198016,197,196,130,198,65,62
irregular-n06-t128-b00064-frandom-s17,Standard,irregular-n06-t128-b00064-frandom,128,64,random,s17,f627f95decee0be343a63b5616f6c4fde84901cfe8f2fcd7695ead6cd7707ccf,6,10,67,64,65,1055,3,354785375,L0,9,13,5,0,5,0,0,0,0,0,0,0,147,461,348,348,5946,5946,18157,279963,12607405485499640663441557962557266719652,134,134,67,134,67,66
irregular-n06-t128-b00064-frandom-s17,Accelerated,irregular-n06-t128-b00064-frandom,128,64,random,s17,f627f95decee0be343a63b5616f6c4fde84901cfe8f2fcd7695ead6cd7707ccf,6,10,67,64,65,1055,3,315498375,L0,3,11,0,3,3,0,0,0,0,3,1,3,147,435,324,324,5382,5382,16527,244919,9228238331195295406106767940741772017950,133,132,67,134,67,66
irregular-n06-t128-b00064-frandom-s18,Standard,irregular-n06-t128-b00064-frandom,128,64,random,s18,8b36c20a74b17f13637248a633ccb471b5b277417ae4a5dc19ba4f6f8ed6ba6e,6,11,67,64,66,1138,3,456367291,L1,10,14,6,0,6,0,0,0,0,0,0,0,161,506,440,440,7396,7396,23031,363426,23276416459795218705400095996839189548916,135,134,68,135,68,68
irregular-n06-t128-b00064-frandom-s18,Accelerated,irregular-n06-t128-b00064-frandom,128,64,random,s18,8b36c20a74b17f13637248a633ccb471b5b277417ae4a5dc19ba4f6f8ed6ba6e,6,11,67,64,66,1138,3,413128417,L1,4,13,0,4,4,1,0,1,0,3,1,3,161,479,413,413,6791,6791,21292,327594,127816280993549298405824242865593007956794984853206077405760,197,195,130,197,68,68
irregular-n06-t128-b00064-frandom-s19,Standard,irregular-n06-t128-b00064-frandom,128,64,random,s19,0e317e5016a1f62843844aa9690b6aecfc179db9a05fc1331f825bb01adea8b9,6,12,67,64,66,1187,3,582532125,L0,11,15,7,0,7,0,0,0,0,0,0,0,175,671,575,575,9293,9293,30589,438777,17324304950125983447111241780651139569798,134,134,67,134,67,66
irregular-n06-t128-b00064-frandom-s19,Accelerated,irregular-n06-t128-b00064-frandom,128,64,random,s19,0e317e5016a1f62843844aa9690b6aecfc179db9a05fc1331f825bb01adea8b9,6,12,67,64,66,1187,3,471620208,L0,5,15,0,5,5,2,0,2,0,3,1,3,175,523,451,451,7441,7441,25099,359749,396107171796136869534020204777173778512954292171475708553896,198,196,132,198,67,66
irregular-n06-t128-b00064-frandom-s20,Standard,irregular-n06-t128-b00064-frandom,128,64,random,s20,ed004ade4c6ed54b3f9efc0ea6326cac8047911ab26a4d8a9441a067a5d5b044,6,13,67,64,65,1251,3,510586916,L0,8,12,4,0,4,0,0,0,0,0,0,0,189,567,489,489,8019,8019,25929,432696,17619182628130698332403510596661138801964,134,133,68,134,68,66
irregular-n06-t128-b00064-frandom-s20,Accelerated,irregular-n06-t128-b00064-frandom,128,64,random,s20,ed004ade4c6ed54b3f9efc0ea6326cac8047911ab26a4d8a9441a067a5d5b044,6,13,67,64,65,1251,3,453677083,L0,2,10,0,2,2,0,0,0,0,2,2,2,189,535,457,457,7287,7287,23436,377447,17619182628130698332403510596661138801964,134,133,68,134,68,66
irregular-n08-t064-b00001-falternating-s01,Standard,irregular-n08-t064-b00001-falternating,64,1,alternating,s01,ba5cecc6dcda49ff8a2e143eee654ed09765b0097a0614f6f3729e99dfc11313,8,16,5,2,3,122,3,2388213875,H0,12,16,8,0,8,0,0,0,0,0,0,0,169,707,611,611,22171,22171,133317,3139582,854,10,10,5,12,4,2
irregular-n08-t064-b00001-falternating-s01,Accelerated,irregular-n08-t064-b00001-falternating,64,1,alternating,s01,ba5cecc6dcda49ff8a2e143eee654ed09765b0097a0614f6f3729e99dfc11313,8,16,5,2,3,122,3,2016316292,H0,5,14,0,5,5,1,1,0,0,4,0,4,169,571,499,499,18403,18403,113279,2652235,7624,13,12,8,14,4,2
irregular-n08-t064-b00001-falternating-s02,Standard,irregular-n08-t064-b00001-falternating,64,1,alternating,s02,b939abd800078bf46d3d4ad0b75088d3d8344221d27293dcc4de5d829fb44bbf,8,12,5,2,3,93,3,1326140917,L0,12,16,8,0,8,0,0,0,0,0,0,0,129,444,396,396,14696,14696,68028,1391054,398,9,9,5,12,4,3
irregular-n08-t064-b00001-falternating-s02,Accelerated,irregular-n08-t064-b00001-falternating,64,1,alternating,s02,b939abd800078bf46d3d4ad0b75088d3d8344221d27293dcc4de5d829fb44bbf,8,12,5,2,3,93,3,1046562750,L0,3,12,0,3,3,1,0,1,0,2,2,2,129,338,306,306,11586,11586,54278,1065717,3800,12,11,8,12,4,3
irregular-n08-t064-b00001-falternating-s03,Standard,irregular-n08-t064-b00001-falternating,64,1,alternating,s03,b837791606a828ecb78fdd5f888c8de8f32e3e2992471ce35a5daa1b6fec6f8f,8,16,5,2,3,116,3,2372735541,H0,13,17,9,0,9,0,0,0,0,0,0,0,169,684,612,612,22060,22060,133036,3122437,760,10,9,5,12,3,2
irregular-n08-t064-b00001-falternating-s03,Accelerated,irregular-n08-t064-b00001-falternating,64,1,alternating,s03,b837791606a828ecb78fdd5f888c8de8f32e3e2992471ce35a5daa1b6fec6f8f,8,16,5,2,3,116,3,1845564500,H0,6,16,0,6,6,2,0,2,0,4,0,4,169,525,471,471,17131,17131,103912,2442493,5896,13,11,8,13,3,2
irregular-n08-t064-b00001-falternating-s04,Standard,irregular-n08-t064-b00001-falternating,64,1,alternating,s04,5f514bfac46588b0c708d3825324967f37e0086a99e3894093932a00ad238334,8,15,5,2,4,113,3,1798596083,L0,13,17,9,0,9,0,0,0,0,0,0,0,159,666,474,474,17558,17558,94174,2178423,726,10,10,5,12,4,3
irregular-n08-t064-b00001-falternating-s04,Accelerated,irregular-n08-t064-b00001-falternating,64,1,alternating,s04,5f514bfac46588b0c708d3825324967f37e0086a99e3894093932a00ad238334,8,15,5,2,4,113,3,1312492917,L0,3,12,0,3,3,1,1,0,0,2,2,2,159,416,320,320,12356,12356,69541,1632520,14100,14,12,9,15,4,3
irregular-n08-t064-b00001-falternating-s05,Standard,irregular-n08-t064-b00001-falternating,64,1,alternating,s05,c031a2bea4dfb1e151a184305bb9371e03886a542ee8c41c6afd4b40e5faf675,8,11,5,2,3,92,3,1267855791,L0,10,14,6,0,6,0,0,0,0,0,0,0,119,467,431,431,15287,15287,67265,1283795,556,10,10,5,12,4,3
irregular-n08-t064-b00001-falternating-s05,Accelerated,irregular-n08-t064-b00001-falternating,64,1,alternating,s05,c031a2bea4dfb1e151a184305bb9371e03886a542ee8c41c6afd4b40e5faf675,8,11,5,2,3,92,3,731859917,L0,1,9,0,1,1,0,0,0,0,1,3,1,119,260,242,242,8802,8802,37390,701309,556,10,7,5,12,4,3
irregular-n08-t064-b00001-falternating-s06,Standard,irregular-n08-t064-b00001-falternating,64,1,alternating,s06,93788ebdd5bdf4260e0ae0e294636a2ec1e2802886ca32c3f75c4b6cda533820,8,11,5,2,3,91,3,1187471708,H0,13,17,9,0,9,0,0,0,0,0,0,0,119,498,338,338,12862,12862,64882,1366607,494,9,9,5,12,4,2
irregular-n08-t064-b00001-falternating-s06,Accelerated,irregular-n08-t064-b00001-falternating,64,1,alternating,s06,93788ebdd5bdf4260e0ae0e294636a2ec1e2802886ca32c3f75c4b6cda533820,8,11,5,2,3,91,3,1015399875,H0,5,14,0,5,5,1,0,1,0,4,0,4,119,401,281,281,10829,10829,55065,1135092,3440,12,11,7,12,4,2
irregular-n08-t064-b00001-falternating-s07,Standard,irregular-n08-t064-b00001-falternating,64,1,alternating,s07,8aed45395b51ade09b33ce51b3187fe2f6324cd2bbf34efa6f345aa61ad82271,8,12,5,2,3,98,3,1129378750,H0,11,15,7,0,7,0,0,0,0,0,0,0,129,443,320,320,12226,12226,58434,1268943,610,10,9,5,12,4,2
irregular-n08-t064-b00001-falternating-s07,Accelerated,irregular-n08-t064-b00001-falternating,64,1,alternating,s07,8aed45395b51ade09b33ce51b3187fe2f6324cd2bbf34efa6f345aa61ad82271,8,12,5,2,3,98,3,1094937666,H0,5,14,0,5,5,1,0,1,0,4,0,4,129,435,312,312,11874,11874,58138,1207527,5440,13,12,7,13,4,2
irregular-n08-t064-b00001-falternating-s08,Standard,irregular-n08-t064-b00001-falternating,64,1,alternating,s08,af1e06a6fadd70f3aaa88e8fc8ee1a0724be7e2ef4268a74de177db71174775d,8,14,5,2,3,110,3,1700866375,H0,13,17,9,0,9,0,0,0,0,0,0,0,149,631,439,439,16511,16511,88610,2032724,750,10,10,5,12,3,2
irregular-n08-t064-b00001-falternating-s08,Accelerated,irregular-n08-t064-b00001-falternating,64,1,alternating,s08,af1e06a6fadd70f3aaa88e8fc8ee1a0724be7e2ef4268a74de177db71174775d,8,14,5,2,3,110,3,1503705750,H0,6,16,0,6,6,2,1,1,0,4,0,4,149,519,375,375,14383,14383,80248,1827758,5712,13,11,8,14,3,2
irregular-n08-t064-b00001-falternating-s09,Standard,irregular-n08-t064-b00001-falternating,64,1,alternating,s09,f70b6ec0ccf69e2d28e22fb5fd7358728408afe9006a74c8334d428867db306d,8,17,5,2,4,133,3,2661108750,H1,13,17,9,0,9,0,0,0,0,0,0,0,179,750,658,658,23742,23742,142344,3403578,1080,11,11,6,12,3,2
irregular-n08-t064-b00001-falternating-s09,Accelerated,irregular-n08-t064-b00001-falternating,64,1,alternating,s09,f70b6ec0ccf69e2d28e22fb5fd7358728408afe9006a74c8334d428867db306d,8,17,5,2,4,133,3,1948356084,H1,5,15,0,5,5,2,2,0,0,3,1,3,179,485,439,439,16655,16655,103437,2564759,39168,16,14,10,16,3,2
irregular-n08-t064-b00001-falternating-s10,Standard,irregular-n08-t064-b00001-falternating,64,1,alternating,s10,b5fc1713c511742bee64080ac1b491d139662cbcb35cabb5f8fac88cc39045a6,8,12,5,2,3,94,3,1144665916,L0,12,16,8,0,8,0,0,0,0,0,0,0,129,444,327,327,12485,12485,56669,1166299,498,9,9,5,12,3,2
irregular-n08-t064-b00001-falternating-s10,Accelerated,irregular-n08-t064-b00001-falternating,64,1,alternating,s10,b5fc1713c511742bee64080ac1b491d139662cbcb35cabb5f8fac88cc39045a6,8,12,5,2,3,94,3,931105250,L0,3,12,0,3,3,1,1,0,0,2,2,2,129,338,260,260,10112,10112,47396,953367,3436,12,11,8,13,3,2
irregular-n08-t064-b00001-falternating-s11,Standard,irregular-n08-t064-b00001-falternating,64,1,alternating,s11,d5a4afe62328050dbf8a8e5d144b47cdbfcf04431f3ce4c2282a393ee7cb78eb,8,10,5,2,3,83,3,907193208,H1,10,14,6,0,6,0,0,0,0,0,0,0,109,355,292,292,10878,10878,48001,947566,328,9,9,5,12,3,2
irregular-n08-t064-b00001-falternating-s11,Accelerated,irregular-n08-t064-b00001-falternating,64,1,alternating,s11,d5a4afe62328050dbf8a8e5d144b47cdbfcf04431f3ce4c2282a393ee7cb78eb,8,10,5,2,3,83,3,867746333,H1,4,13,0,4,4,1,0,1,0,3,1,3,109,342,279,279,10297,10297,45884,865106,5008,13,10,8,13,3,2
irregular-n08-t064-b00001-falternating-s12,Standard,irregular-n08-t064-b00001-falternating,64,1,alternating,s12,071bba0a3d793e695df583dc7f357c0ec26d2141a162ca2d57133ae0b7940264,8,14,5,2,4,108,3,1429009209,L0,11,15,7,0,7,0,0,0,0,0,0,0,149,588,408,408,14856,14856,77002,1675156,770,10,10,5,12,4,3
irregular-n08-t064-b00001-falternating-s12,Accelerated,irregular-n08-t064-b00001-falternating,64,1,alternating,s12,071bba0a3d793e695df583dc7f357c0ec26d2141a162ca2d57133ae0b7940264,8,14,5,2,4,108,3,838168250,L0,1,9,0,1,1,0,0,0,0,1,3,1,149,326,236,236,8808,8808,44783,964905,770,10,8,5,12,4,3
irregular-n08-t064-b00001-falternating-s13,Standard,irregular-n08-t064-b00001-falternating,64,1,alternating,s13,358b82b87941959a39dba1d93c1ca367869ec19ad9f0f71413bcd030078564de,8,14,5,2,3,109,3,1539114250,H0,11,15,7,0,7,0,0,0,0,0,0,0,149,484,436,436,16020,16020,84352,1858097,540,10,9,5,12,3,2
irregular-n08-t064-b00001-falternating-s13,Accelerated,irregular-n08-t064-b00001-falternating,64,1,alternating,s13,358b82b87941959a39dba1d93c1ca367869ec19ad9f0f71413bcd030078564de,8,14,5,2,3,109,3,1662931208,H0,5,14,0,5,5,1,1,0,0,4,0,4,149,503,455,455,16799,16799,93238,2025404,8680,14,12,8,14,3,2
irregular-n08-t064-b00001-falternating-s14,Standard,irregular-n08-t064-b00001-falternating,64,1,alternating,s14,ea69515534ab4c492754a0a0500dee4c1394387fa8eedc28c3724456574c393e,8,14,5,2,3,103,3,1518608041,H1,10,14,6,0,6,0,0,0,0,0,0,0,149,483,426,426,15524,15524,77426,1659892,520,10,9,5,12,3,2
irregular-n08-t064-b00001-falternating-s14,Accelerated,irregular-n08-t064-b00001-falternating,64,1,alternating,s14,ea69515534ab4c492754a0a0500dee4c1394387fa8eedc28c3724456574c393e,8,14,5,2,3,103,3,1174261166,H1,4,13,0,4,4,1,1,0,0,3,1,3,149,351,313,313,11645,11645,59082,1267345,10528,14,11,9,15,3,2
irregular-n08-t064-b00001-falternating-s15,Standard,irregular-n08-t064-b00001-falternating,64,1,alternating,s15,7ef445dc6b2dcaf96e93447ab58b952b4e7322b3b2f98240174d73fc4cf4bdfc,8,13,5,2,3,102,3,1966987000,L0,13,17,9,0,9,0,0,0,0,0,0,0,139,660,560,560,19972,19972,108178,2323224,644,10,9,5,12,4,3
irregular-n08-t064-b00001-falternating-s15,Accelerated,irregular-n08-t064-b00001-falternating,64,1,alternating,s15,7ef445dc6b2dcaf96e93447ab58b952b4e7322b3b2f98240174d73fc4cf4bdfc,8,13,5,2,3,102,3,970968083,L0,2,10,0,2,2,0,0,0,0,2,2,2,139,312,272,272,10076,10076,52152,1104476,644,10,7,5,12,4,3
irregular-n08-t064-b00001-falternating-s16,Standard,irregular-n08-t064-b00001-falternating,64,1,alternating,s16,36e41124647e5fcefb0732f43d507b8af1c4755b5028f25cc94bd12d1801718a,8,17,5,2,4,128,3,2435289250,H0,12,16,8,0,8,0,0,0,0,0,0,0,179,716,652,652,23196,23196,128310,2934497,1394,11,11,6,12,4,2
irregular-n08-t064-b00001-falternating-s16,Accelerated,irregular-n08-t064-b00001-falternating,64,1,alternating,s16,36e41124647e5fcefb0732f43d507b8af1c4755b5028f25cc94bd12d1801718a,8,17,5,2,4,128,3,2532092292,H0,5,14,0,5,5,1,0,1,0,4,0,4,179,809,729,729,25221,25221,141640,3093104,1504,11,10,6,12,4,2
irregular-n08-t064-b00001-falternating-s17,Standard,irregular-n08-t064-b00001-falternating,64,1,alternating,s17,0f8c30151b279969aabbf403542e5213da34b2e080068c823d62db33d8380d72,8,16,5,2,3,116,3,1643531333,H0,11,15,7,0,7,0,0,0,0,0,0,0,169,579,420,420,16022,16022,87857,2012797,678,10,9,5,12,4,2
irregular-n08-t064-b00001-falternating-s17,Accelerated,irregular-n08-t064-b00001-falternating,64,1,alternating,s17,0f8c30151b279969aabbf403542e5213da34b2e080068c823d62db33d8380d72,8,16,5,2,3,116,3,1623517375,H0,5,14,0,5,5,1,0,1,0,4,0,4,169,571,412,412,15670,15670,88096,1927407,6476,13,12,8,13,4,2
irregular-n08-t064-b00001-falternating-s18,Standard,irregular-n08-t064-b00001-falternating,64,1,alternating,s18,59b937ca7638f5671965d01cbf0ba1ea7cfe0d9b98d3cf1bd9769379275d3eb0,8,10,4,2,3,84,3,1165454917,H1,12,16,8,0,8,0,0,0,0,0,0,0,109,443,403,403,14579,14579,61315,1116596,322,9,9,5,12,3,2
irregular-n08-t064-b00001-falternating-s18,Accelerated,irregular-n08-t064-b00001-falternating,64,1,alternating,s18,59b937ca7638f5671965d01cbf0ba1ea7cfe0d9b98d3cf1bd9769379275d3eb0,8,10,4,2,3,84,3,858559750,H1,3,12,0,3,3,1,0,0,1,2,1,3,109,334,304,304,11004,11004,45631,791710,2816,12,10,8,12,3,2
irregular-n08-t064-b00001-falternating-s19,Standard,irregular-n08-t064-b00001-falternating,64,1,alternating,s19,25223b6949cb360533e361ba5d29fc1af6af6bd0bccc9bf044c49528530ae81d,8,17,5,2,3,122,3,1935940667,H0,11,15,7,0,7,0,0,0,0,0,0,0,179,715,491,491,18019,18019,104948,2494152,762,10,10,5,12,3,2
irregular-n08-t064-b00001-falternating-s19,Accelerated,irregular-n08-t064-b00001-falternating,64,1,alternating,s19,25223b6949cb360533e361ba5d29fc1af6af6bd0bccc9bf044c49528530ae81d,8,17,5,2,3,122,3,1861501750,H0,4,13,0,4,4,1,1,0,0,3,1,3,179,604,436,436,16420,16420,102062,2452951,20732,15,13,10,15,3,2
irregular-n08-t064-b00001-falternating-s20,Standard,irregular-n08-t064-b00001-falternating,64,1,alternating,s20,4fea9057835dfdc80ba17cff7199630df7edf8334fb538f1c3fc0b2a48d2d7c7,8,12,5,2,4,100,3,1608151500,H1,13,17,9,0,9,0,0,0,0,0,0,0,129,540,468,468,17108,17108,88127,1858314,688,10,10,5,12,3,2
irregular-n08-t064-b00001-falternating-s20,Accelerated,irregular-n08-t064-b00001-falternating,64,1,alternating,s20,4fea9057835dfdc80ba17cff7199630df7edf8334fb538f1c3fc0b2a48d2d7c7,8,12,5,2,4,100,3,1183323500,H1,5,15,0,5,5,2,2,0,0,3,1,3,129,355,319,319,12263,12263,64037,1366983,15192,14,12,9,15,3,2
irregular-n08-t064-b00001-frandom-s01,Standard,irregular-n08-t064-b00001-frandom,64,1,random,s01,ba5cecc6dcda49ff8a2e143eee654ed09765b0097a0614f6f3729e99dfc11313,8,16,5,2,3,118,3,3528508708,H0,11,15,7,0,7,0,0,0,0,0,0,0,297,1187,1059,1059,36443,36443,187147,4206258,524,10,9,5,12,3,2
irregular-n08-t064-b00001-frandom-s01,Accelerated,irregular-n08-t064-b00001-frandom,64,1,random,s01,ba5cecc6dcda49ff8a2e143eee654ed09765b0097a0614f6f3729e99dfc11313,8,16,5,2,3,118,3,4062098334,H0,5,14,0,5,5,1,0,1,0,4,0,4,297,1403,1243,1243,42043,42043,225289,4849922,2080,12,10,7,12,3,2
irregular-n08-t064-b00001-frandom-s02,Standard,irregular-n08-t064-b00001-frandom,64,1,random,s02,b939abd800078bf46d3d4ad0b75088d3d8344221d27293dcc4de5d829fb44bbf,8,12,5,2,3,101,3,1562326209,H1,11,15,7,0,7,0,0,0,0,0,0,0,175,556,502,502,18050,18050,85829,1670307,648,10,10,5,12,3,2
irregular-n08-t064-b00001-frandom-s02,Accelerated,irregular-n08-t064-b00001-frandom,64,1,random,s02,b939abd800078bf46d3d4ad0b75088d3d8344221d27293dcc4de5d829fb44bbf,8,12,5,2,3,101,3,1298127791,H1,5,15,0,5,5,2,1,1,0,3,1,3,175,431,395,395,14717,14717,72699,1393194,16272,14,13,9,15,3,2
irregular-n08-t064-b00001-frandom-s03,Standard,irregular-n08-t064-b00001-frandom,64,1,random,s03,b837791606a828ecb78fdd5f888c8de8f32e3e2992471ce35a5daa1b6fec6f8f,8,16,5,2,4,121,3,2110074000,L0,12,16,8,0,8,0,0,0,0,0,0,0,199,642,588,588,21360,21360,112510,2449457,896,10,11,6,12,4,3
irregular-n08-t064-b00001-frandom-s03,Accelerated,irregular-n08-t064-b00001-frandom,64,1,random,s03,b837791606a828ecb78fdd5f888c8de8f32e3e2992471ce35a5daa1b6fec6f8f,8,16,5,2,4,121,3,1955309958,L0,4,13,0,4,4,1,1,0,0,3,1,3,199,608,554,554,19838,19838,106943,2263836,20192,15,12,10,16,4,3
irregular-n08-t064-b00001-frandom-s04,Standard,irregular-n08-t064-b00001-frandom,64,1,random,s04,5f514bfac46588b0c708d3825324967f37e0086a99e3894093932a00ad238334,8,15,5,2,3,116,3,3172639083,H1,13,17,9,0,9,0,0,0,0,0,0,0,247,1018,914,914,32070,32070,173876,3965248,776,10,10,5,12,3,2
irregular-n08-t064-b00001-frandom-s04,Accelerated,irregular-n08-t064-b00001-frandom,64,1,random,s04,5f514bfac46588b0c708d3825324967f37e0086a99e3894093932a00ad238334,8,15,5,2,3,116,3,1943519959,H1,3,12,0,3,3,1,1,0,0,2,2,2,247,590,538,538,19576,19576,106984,2344754,18088,15,13,10,15,3,2
irregular-n08-t064-b00001-frandom-s05,Standard,irregular-n08-t064-b00001-frandom,64,1,random,s05,c031a2bea4dfb1e151a184305bb9371e03886a542ee8c41c6afd4b40e5faf675,8,11,5,2,2,90,3,2034331291,H0,11,15,7,0,7,0,0,0,0,0,0,0,212,847,759,759,26079,26079,104328,2092641,522,10,8,5,12,4,2
irregular-n08-t064-b00001-frandom-s05,Accelerated,irregular-n08-t064-b00001-frandom,64,1,random,s05,c031a2bea4dfb1e151a184305bb9371e03886a542ee8c41c6afd4b40e5faf675,8,11,5,2,2,90,3,1604821208,H0,5,14,0,5,5,1,0,1,0,4,0,4,212,662,596,596,20576,20576,83113,1609641,1416,11,10,6,12,4,2
irregular-n08-t064-b00001-frandom-s06,Standard,irregular-n08-t064-b00001-frandom,64,1,random,s06,93788ebdd5bdf4260e0ae0e294636a2ec1e2802886ca32c3f75c4b6cda533820,8,11,5,2,3,93,3,1425953625,L1,11,15,7,0,7,0,0,0,0,0,0,0,140,553,497,497,17849,17849,72868,1382540,380,9,9,5,12,3,2
irregular-n08-t064-b00001-frandom-s06,Accelerated,irregular-n08-t064-b00001-frandom,64,1,random,s06,93788ebdd5bdf4260e0ae0e294636a2ec1e2802886ca32c3f75c4b6cda533820,8,11,5,2,3,93,3,825875666,L1,2,10,0,2,2,0,0,0,0,2,2,2,140,303,275,275,10143,10143,41715,766161,360,9,7,5,12,3,2
irregular-n08-t064-b00001-frandom-s07,Standard,irregular-n08-t064-b00001-frandom,64,1,random,s07,8aed45395b51ade09b33ce51b3187fe2f6324cd2bbf34efa6f345aa61ad82271,8,12,5,2,3,98,3,1438423833,L0,11,15,7,0,7,0,0,0,0,0,0,0,176,560,464,464,17044,17044,71580,1485066,384,9,9,5,12,5,4
irregular-n08-t064-b00001-frandom-s07,Accelerated,irregular-n08-t064-b00001-frandom,64,1,random,s07,8aed45395b51ade09b33ce51b3187fe2f6324cd2bbf34efa6f345aa61ad82271,8,12,5,2,3,98,3,1040509416,L0,4,13,0,4,4,1,0,1,0,3,1,3,176,386,322,322,12010,12010,52721,1060624,340,9,7,6,12,5,4
irregular-n08-t064-b00001-frandom-s08,Standard,irregular-n08-t064-b00001-frandom,64,1,random,s08,af1e06a6fadd70f3aaa88e8fc8ee1a0724be7e2ef4268a74de177db71174775d,8,14,5,2,3,111,3,2184157792,H0,9,13,5,0,5,0,0,0,0,0,0,0,259,783,699,699,24435,24435,109154,2484198,592,10,9,5,12,5,4
irregular-n08-t064-b00001-frandom-s08,Accelerated,irregular-n08-t064-b00001-frandom,64,1,random,s08,af1e06a6fadd70f3aaa88e8fc8ee1a0724be7e2ef4268a74de177db71174775d,8,14,5,2,3,111,3,2033157208,H0,3,11,0,3,3,0,0,0,0,3,1,3,259,749,665,665,22889,22889,103116,2286037,592,10,8,5,12,5,4
irregular-n08-t064-b00001-frandom-s09,Standard,irregular-n08-t064-b00001-frandom,64,1,random,s09,f70b6ec0ccf69e2d28e22fb5fd7358728408afe9006a74c8334d428867db306d,8,17,5,2,4,130,3,2645908208,L0,12,16,8,0,8,0,0,0,0,0,0,0,211,849,725,725,26069,26069,144318,3175412,880,10,10,5,12,5,4
irregular-n08-t064-b00001-frandom-s09,Accelerated,irregular-n08-t064-b00001-frandom,64,1,random,s09,f70b6ec0ccf69e2d28e22fb5fd7358728408afe9006a74c8334d428867db306d,8,17,5,2,4,130,3,1599403000,L0,4,13,0,4,4,1,1,0,0,3,1,3,211,475,413,413,15461,15461,86914,1934769,16688,15,12,10,15,5,4
irregular-n08-t064-b00001-frandom-s10,Standard,irregular-n08-t064-b00001-frandom,64,1,random,s10,b5fc1713c511742bee64080ac1b491d139662cbcb35cabb5f8fac88cc39045a6,8,12,5,2,3,98,3,1311810042,L0,10,14,6,0,6,0,0,0,0,0,0,0,152,481,436,436,15922,15922,65506,1279992,468,9,10,5,12,4,3
irregular-n08-t064-b00001-frandom-s10,Accelerated,irregular-n08-t064-b00001-frandom,64,1,random,s10,b5fc1713c511742bee64080ac1b491d139662cbcb35cabb5f8fac88cc39045a6,8,12,5,2,3,98,3,1161424458,L0,3,11,0,3,3,0,0,0,0,3,1,3,152,449,404,404,14418,14418,60083,1099517,408,9,8,5,12,4,3
irregular-n08-t064-b00001-frandom-s11,Standard,irregular-n08-t064-b00001-frandom,64,1,random,s11,d5a4afe62328050dbf8a8e5d144b47cdbfcf04431f3ce4c2282a393ee7cb78eb,8,10,4,2,3,82,3,1259550792,L0,10,14,6,0,6,0,0,0,0,0,0,0,128,504,452,452,16268,16268,64478,1156758,294,9,9,5,12,3,2
irregular-n08-t064-b00001-frandom-s11,Accelerated,irregular-n08-t064-b00001-frandom,64,1,random,s11,d5a4afe62328050dbf8a8e5d144b47cdbfcf04431f3ce4c2282a393ee7cb78eb,8,10,4,2,3,82,3,1330651708,L0,3,12,0,3,3,1,0,1,0,2,2,2,128,576,511,511,17789,17789,70865,1153517,216,8,8,5,12,3,2
irregular-n08-t064-b00001-frandom-s12,Standard,irregular-n08-t064-b00001-frandom,64,1,random,s12,071bba0a3d793e695df583dc7f357c0ec26d2141a162ca2d57133ae0b7940264,8,14,5,2,4,110,3,1469448500,L0,11,15,7,0,7,0,0,0,0,0,0,0,147,481,403,403,15081,15081,78084,1777594,820,10,10,5,12,5,4
irregular-n08-t064-b00001-frandom-s12,Accelerated,irregular-n08-t064-b00001-frandom,64,1,random,s12,071bba0a3d793e695df583dc7f357c0ec26d2141a162ca2d57133ae0b7940264,8,14,5,2,4,110,3,1094093000,L0,3,12,0,3,3,1,1,0,0,2,2,2,147,340,288,288,10982,10982,58434,1331907,9000,14,11,9,14,5,4
irregular-n08-t064-b00001-frandom-s13,Standard,irregular-n08-t064-b00001-frandom,64,1,random,s13,358b82b87941959a39dba1d93c1ca367869ec19ad9f0f71413bcd030078564de,8,14,5,2,3,114,3,1117361000,L0,10,14,6,0,6,0,0,0,0,0,0,0,121,372,315,315,12061,12061,53539,1215826,766,10,11,6,12,4,4
irregular-n08-t064-b00001-frandom-s13,Accelerated,irregular-n08-t064-b00001-frandom,64,1,random,s13,358b82b87941959a39dba1d93c1ca367869ec19ad9f0f71413bcd030078564de,8,14,5,2,3,114,3,941712875,L0,3,11,0,3,3,0,0,0,0,3,1,3,121,335,278,278,10328,10328,46537,992404,520,10,9,6,12,4,4
irregular-n08-t064-b00001-frandom-s14,Standard,irregular-n08-t064-b00001-frandom,64,1,random,s14,ea69515534ab4c492754a0a0500dee4c1394387fa8eedc28c3724456574c393e,8,14,5,2,3,111,3,2308494917,L1,10,14,6,0,6,0,0,0,0,0,0,0,232,899,719,719,25255,25255,116227,2515191,552,10,10,5,12,4,3
irregular-n08-t064-b00001-frandom-s14,Accelerated,irregular-n08-t064-b00001-frandom,64,1,random,s14,ea69515534ab4c492754a0a0500dee4c1394387fa8eedc28c3724456574c393e,8,14,5,2,3,111,3,1276584125,L1,2,10,0,2,2,0,0,0,0,2,2,2,232,472,382,382,13738,13738,62589,1273579,486,9,8,5,12,4,3
irregular-n08-t064-b00001-frandom-s15,Standard,irregular-n08-t064-b00001-frandom,64,1,random,s15,7ef445dc6b2dcaf96e93447ab58b952b4e7322b3b2f98240174d73fc4cf4bdfc,8,13,5,2,3,109,3,1427959458,L0,11,15,7,0,7,0,0,0,0,0,0,0,138,454,415,415,15617,15617,67194,1398545,660,10,11,6,12,4,3
irregular-n08-t064-b00001-frandom-s15,Accelerated,irregular-n08-t064-b00001-frandom,64,1,random,s15,7ef445dc6b2dcaf96e93447ab58b952b4e7322b3b2f98240174d73fc4cf4bdfc,8,13,5,2,3,109,3,1091054042,L0,3,12,0,3,3,1,1,0,0,2,2,2,138,323,297,297,11449,11449,52232,1128201,11176,14,12,10,16,4,3
irregular-n08-t064-b00001-frandom-s16,Standard,irregular-n08-t064-b00001-frandom,64,1,random,s16,36e41124647e5fcefb0732f43d507b8af1c4755b5028f25cc94bd12d1801718a,8,17,5,2,4,131,3,2798254375,L0,9,13,5,0,5,0,0,0,0,0,0,0,246,942,842,842,29198,29198,142862,2724183,1120,11,11,6,12,4,3
irregular-n08-t064-b00001-frandom-s16,Accelerated,irregular-n08-t064-b00001-frandom,64,1,random,s16,36e41124647e5fcefb0732f43d507b8af1c4755b5028f25cc94bd12d1801718a,8,17,5,2,4,131,3,1474019292,L0,0,8,0,0,0,0,0,0,0,0,4,0,246,492,442,442,15566,15566,74563,1399052,722,10,9,6,12,4,3
irregular-n08-t064-b00001-frandom-s17,Standard,irregular-n08-t064-b00001-frandom,64,1,random,s17,0f8c30151b279969aabbf403542e5213da34b2e080068c823d62db33d8380d72,8,16,5,2,3,117,3,2593315083,H1,11,15,7,0,7,0,0,0,0,0,0,0,265,1059,723,723,25499,25499,133442,3286415,560,10,9,5,12,3,2
irregular-n08-t064-b00001-frandom-s17,Accelerated,irregular-n08-t064-b00001-frandom,64,1,random,s17,0f8c30151b279969aabbf403542e5213da34b2e080068c823d62db33d8380d72,8,16,5,2,3,117,3,2280194875,H1,5,14,0,5,5,1,1,0,0,4,0,4,265,859,607,607,21931,21931,120855,2930172,8680,14,12,8,14,3,2
irregular-n08-t064-b00001-frandom-s18,Standard,irregular-n08-t064-b00001-frandom,64,1,random,s18,59b937ca7638f5671965d01cbf0ba1ea7cfe0d9b98d3cf1bd9769379275d3eb0,8,10,4,2,2,79,3,1689088333,H0,12,16,8,0,8,0,0,0,0,0,0,0,183,732,660,660,22660,22660,84947,1545808,186,8,7,5,12,4,3
irregular-n08-t064-b00001-frandom-s18,Accelerated,irregular-n08-t064-b00001-frandom,64,1,random,s18,59b937ca7638f5671965d01cbf0ba1ea7cfe0d9b98d3cf1bd9769379275d3eb0,8,10,4,2,2,79,3,1236815167,H0,4,12,0,4,4,0,0,0,0,4,0,4,183,549,495,495,16995,16995,62039,1063920,158,8,7,4,12,4,3
irregular-n08-t064-b00001-frandom-s19,Standard,irregular-n08-t064-b00001-frandom,64,1,random,s19,25223b6949cb360533e361ba5d29fc1af6af6bd0bccc9bf044c49528530ae81d,8,17,5,2,3,127,3,3300384166,H0,14,18,10,0,10,0,0,0,0,0,0,0,245,1020,884,884,31510,31510,172633,4162540,884,10,10,5,12,3,2
irregular-n08-t064-b00001-frandom-s19,Accelerated,irregular-n08-t064-b00001-frandom,64,1,random,s19,25223b6949cb360533e361ba5d29fc1af6af6bd0bccc9bf044c49528530ae81d,8,17,5,2,3,127,3,3946247041,H0,8,20,0,8,8,4,2,2,0,4,0,4,245,1225,1055,1055,37165,37165,210345,4885913,15440,14,13,9,15,3,2
irregular-n08-t064-b00001-frandom-s20,Standard,irregular-n08-t064-b00001-frandom,64,1,random,s20,4fea9057835dfdc80ba17cff7199630df7edf8334fb538f1c3fc0b2a48d2d7c7,8,12,4,2,3,91,3,1575807292,L0,11,15,7,0,7,0,0,0,0,0,0,0,151,603,543,543,19455,19455,81391,1428334,296,9,9,5,12,3,2
irregular-n08-t064-b00001-frandom-s20,Accelerated,irregular-n08-t064-b00001-frandom,64,1,random,s20,4fea9057835dfdc80ba17cff7199630df7edf8334fb538f1c3fc0b2a48d2d7c7,8,12,4,2,3,91,3,915655208,L0,2,10,0,2,2,0,0,0,0,2,2,2,151,332,302,302,11138,11138,46352,819010,224,8,7,5,12,3,2
irregular-n08-t064-b00008-falternating-s01,Standard,irregular-n08-t064-b00008-falternating,64,8,alternating,s01,ba5cecc6dcda49ff8a2e143eee654ed09765b0097a0614f6f3729e99dfc11313,8,16,11,8,10,240,3,2210062541,H0,12,16,8,0,8,0,0,0,0,0,0,0,169,611,539,539,20131,20131,124525,3028763,6538098,23,23,12,23,9,2
irregular-n08-t064-b00008-falternating-s01,Accelerated,irregular-n08-t064-b00008-falternating,64,8,alternating,s01,ba5cecc6dcda49ff8a2e143eee654ed09765b0097a0614f6f3729e99dfc11313,8,16,11,8,10,240,3,2365105333,H0,6,16,0,6,6,2,1,1,0,4,0,4,169,635,563,563,21155,21155,136696,3275742,727285464064,40,39,22,40,9,2
irregular-n08-t064-b00008-falternating-s02,Standard,irregular-n08-t064-b00008-falternating,64,8,alternating,s02,b939abd800078bf46d3d4ad0b75088d3d8344221d27293dcc4de5d829fb44bbf,8,12,10,8,9,179,3,1618301834,H1,13,17,9,0,9,0,0,0,0,0,0,0,129,540,476,476,17308,17308,87760,1840933,1471164,21,20,10,21,8,2
irregular-n08-t064-b00008-falternating-s02,Accelerated,irregular-n08-t064-b00008-falternating,64,8,alternating,s02,b939abd800078bf46d3d4ad0b75088d3d8344221d27293dcc4de5d829fb44bbf,8,12,10,8,9,179,3,1454937542,H1,7,18,0,7,7,3,2,1,0,4,0,4,129,453,405,405,15121,15121,80069,1694836,764334792,30,28,19,30,8,2
irregular-n08-t064-b00008-falternating-s03,Standard,irregular-n08-t064-b00008-falternating,64,8,alternating,s03,b837791606a828ecb78fdd5f888c8de8f32e3e2992471ce35a5daa1b6fec6f8f,8,16,12,8,10,232,3,2403455125,H0,12,16,8,0,8,0,0,0,0,0,0,0,169,683,611,611,21987,21987,136817,3252850,7328920,23,22,12,23,10,2
irregular-n08-t064-b00008-falternating-s03,Accelerated,irregular-n08-t064-b00008-falternating,64,8,alternating,s03,b837791606a828ecb78fdd5f888c8de8f32e3e2992471ce35a5daa1b6fec6f8f,8,16,12,8,10,232,3,1847938500,H0,5,14,0,5,5,1,1,0,0,4,0,4,169,523,469,469,16985,16985,104954,2491474,4797924048,33,32,19,33,10,2
irregular-n08-t064-b00008-falternating-s04,Standard,irregular-n08-t064-b00008-falternating,64,8,alternating,s04,5f514bfac46588b0c708d3825324967f37e0086a99e3894093932a00ad238334,8,15,12,8,10,228,3,1798469500,H0,13,17,9,0,9,0,0,0,0,0,0,0,159,666,474,474,17558,17558,96946,2255566,7358846,23,23,12,24,10,2
irregular-n08-t064-b00008-falternating-s04,Accelerated,irregular-n08-t064-b00008-falternating,64,8,alternating,s04,5f514bfac46588b0c708d3825324967f37e0086a99e3894093932a00ad238334,8,15,12,8,10,228,3,1540690875,H0,5,14,0,5,5,1,0,1,0,4,0,4,159,537,393,393,14781,14781,84706,1945693,4143898296,32,32,14,32,10,2
irregular-n08-t064-b00008-falternating-s05,Standard,irregular-n08-t064-b00008-falternating,64,8,alternating,s05,c031a2bea4dfb1e151a184305bb9371e03886a542ee8c41c6afd4b40e5faf675,8,11,11,8,10,179,3,1565266666,L0,13,17,9,0,9,0,0,0,0,0,0,0,119,564,519,519,18269,18269,89336,1772288,4416212,23,22,11,23,10,9
irregular-n08-t064-b00008-falternating-s05,Accelerated,irregular-n08-t064-b00008-falternating,64,8,alternating,s05,c031a2bea4dfb1e151a184305bb9371e03886a542ee8c41c6afd4b40e5faf675,8,11,11,8,10,179,3,791218333,L0,2,10,0,2,2,0,0,0,0,2,2,2,119,268,250,250,9154,9154,43916,879389,4416212,23,20,11,23,10,9
irregular-n08-t064-b00008-falternating-s06,Standard,irregular-n08-t064-b00008-falternating,64,8,alternating,s06,93788ebdd5bdf4260e0ae0e294636a2ec1e2802886ca32c3f75c4b6cda533820,8,11,11,8,10,165,3,1173982709,H0,13,17,9,0,9,0,0,0,0,0,0,0,119,498,338,338,12862,12862,66975,1424008,3311678,22,21,11,22,7,2
irregular-n08-t064-b00008-falternating-s06,Accelerated,irregular-n08-t064-b00008-falternating,64,8,alternating,s06,93788ebdd5bdf4260e0ae0e294636a2ec1e2802886ca32c3f75c4b6cda533820,8,11,11,8,10,165,3,994136542,H0,5,14,0,5,5,1,0,1,0,4,0,4,119,401,281,281,10829,10829,57292,1200477,161181512,28,27,13,28,7,2
irregular-n08-t064-b00008-falternating-s07,Standard,irregular-n08-t064-b00008-falternating,64,8,alternating,s07,8aed45395b51ade09b33ce51b3187fe2f6324cd2bbf34efa6f345aa61ad82271,8,12,11,8,9,186,3,1316375208,H0,14,18,10,0,10,0,0,0,0,0,0,0,129,541,377,377,14185,14185,71462,1557659,3463356,22,22,11,23,10,2
irregular-n08-t064-b00008-falternating-s07,Accelerated,irregular-n08-t064-b00008-falternating,64,8,alternating,s07,8aed45395b51ade09b33ce51b3187fe2f6324cd2bbf34efa6f345aa61ad82271,8,12,11,8,9,186,3,1340153375,H0,7,18,0,7,7,3,1,2,0,4,0,4,129,485,362,362,14084,14084,74084,1601229,538890915104,39,39,21,39,10,2
irregular-n08-t064-b00008-falternating-s08,Standard,irregular-n08-t064-b00008-falternating,64,8,alternating,s08,af1e06a6fadd70f3aaa88e8fc8ee1a0724be7e2ef4268a74de177db71174775d,8,14,11,8,10,211,3,1544240709,H0,14,18,10,0,10,0,0,0,0,0,0,0,149,521,377,377,14529,14529,80937,1915761,4449888,23,22,11,23,10,2
irregular-n08-t064-b00008-falternating-s08,Accelerated,irregular-n08-t064-b00008-falternating,64,8,alternating,s08,af1e06a6fadd70f3aaa88e8fc8ee1a0724be7e2ef4268a74de177db71174775d,8,14,11,8,10,211,3,1539781458,H0,8,20,0,8,8,4,1,3,0,4,0,4,149,523,379,379,14675,14675,83083,1913368,4649599304,33,31,22,33,10,2
irregular-n08-t064-b00008-falternating-s09,Standard,irregular-n08-t064-b00008-falternating,64,8,alternating,s09,f70b6ec0ccf69e2d28e22fb5fd7358728408afe9006a74c8334d428867db306d,8,17,12,8,10,251,3,2529446792,H1,12,16,8,0,8,0,0,0,0,0,0,0,179,716,624,624,22280,22280,136597,3281675,8344518,23,23,12,24,8,2
irregular-n08-t064-b00008-falternating-s09,Accelerated,irregular-n08-t064-b00008-falternating,64,8,alternating,s09,f70b6ec0ccf69e2d28e22fb5fd7358728408afe9006a74c8334d428867db306d,8,17,12,8,10,251,3,1860934958,H1,4,12,0,4,4,0,0,0,0,4,0,4,179,537,468,468,16710,16710,103624,2443607,7257592,23,21,12,24,8,2
irregular-n08-t064-b00008-falternating-s10,Standard,irregular-n08-t064-b00008-falternating,64,8,alternating,s10,b5fc1713c511742bee64080ac1b491d139662cbcb35cabb5f8fac88cc39045a6,8,12,11,8,10,195,3,1371967833,H1,14,18,10,0,10,0,0,0,0,0,0,0,129,548,392,392,14712,14712,74199,1599380,5867664,23,23,12,23,9,2
irregular-n08-t064-b00008-falternating-s10,Accelerated,irregular-n08-t064-b00008-falternating,64,8,alternating,s10,b5fc1713c511742bee64080ac1b491d139662cbcb35cabb5f8fac88cc39045a6,8,12,11,8,10,195,3,1205844333,H1,6,16,0,6,6,2,2,0,0,4,0,4,129,451,334,334,12764,12764,67516,1445641,5112815200,33,32,20,33,9,2
irregular-n08-t064-b00008-falternating-s11,Standard,irregular-n08-t064-b00008-falternating,64,8,alternating,s11,d5a4afe62328050dbf8a8e5d144b47cdbfcf04431f3ce4c2282a393ee7cb78eb,8,10,11,8,9,167,3,1116981083,H1,12,16,8,0,8,0,0,0,0,0,0,0,109,436,352,352,12888,12888,63501,1278260,3041334,22,20,11,22,8,2
irregular-n08-t064-b00008-falternating-s11,Accelerated,irregular-n08-t064-b00008-falternating,64,8,alternating,s11,d5a4afe62328050dbf8a8e5d144b47cdbfcf04431f3ce4c2282a393ee7cb78eb,8,10,11,8,9,167,3,819640833,H1,3,11,0,3,3,0,0,0,0,3,1,3,109,326,263,263,9593,9593,46843,909729,2270464,22,19,11,22,8,2
irregular-n08-t064-b00008-falternating-s12,Standard,irregular-n08-t064-b00008-falternating,64,8,alternating,s12,071bba0a3d793e695df583dc7f357c0ec26d2141a162ca2d57133ae0b7940264,8,14,11,8,10,198,3,1329062542,L0,10,14,6,0,6,0,0,0,0,0,0,0,149,560,380,380,13652,13652,73939,1638684,2364180,22,21,11,22,10,9
irregular-n08-t064-b00008-falternating-s12,Accelerated,irregular-n08-t064-b00008-falternating,64,8,alternating,s12,071bba0a3d793e695df583dc7f357c0ec26d2141a162ca2d57133ae0b7940264,8,14,11,8,10,198,3,735233875,L0,0,8,0,0,0,0,0,0,0,0,4,0,149,298,208,208,7604,7604,40482,879366,2364180,22,20,11,22,10,9
irregular-n08-t064-b00008-falternating-s13,Standard,irregular-n08-t064-b00008-falternating,64,8,alternating,s13,358b82b87941959a39dba1d93c1ca367869ec19ad9f0f71413bcd030078564de,8,14,12,8,10,214,3,1865269833,H0,12,16,8,0,8,0,0,0,0,0,0,0,149,596,532,532,19188,19188,106423,2387156,6538492,23,22,12,23,10,2
irregular-n08-t064-b00008-falternating-s13,Accelerated,irregular-n08-t064-b00008-falternating,64,8,alternating,s13,358b82b87941959a39dba1d93c1ca367869ec19ad9f0f71413bcd030078564de,8,14,12,8,10,214,3,2226848500,H0,5,15,0,5,5,2,1,1,0,3,1,3,149,726,646,646,23062,23062,130555,2835885,10275649756,34,32,21,34,10,2
irregular-n08-t064-b00008-falternating-s14,Standard,irregular-n08-t064-b00008-falternating,64,8,alternating,s14,ea69515534ab4c492754a0a0500dee4c1394387fa8eedc28c3724456574c393e,8,14,11,8,10,211,3,1836011750,H1,13,17,9,0,9,0,0,0,0,0,0,0,149,604,528,528,18976,18976,102394,2284427,6922096,23,23,12,23,5,2
irregular-n08-t064-b00008-falternating-s14,Accelerated,irregular-n08-t064-b00008-falternating,64,8,alternating,s14,ea69515534ab4c492754a0a0500dee4c1394387fa8eedc28c3724456574c393e,8,14,11,8,10,211,3,1433498042,H1,5,14,0,5,5,1,1,0,0,4,0,4,149,463,406,406,14672,14672,80927,1791837,10472778752,34,30,22,34,5,2
irregular-n08-t064-b00008-falternating-s15,Standard,irregular-n08-t064-b00008-falternating,64,8,alternating,s15,7ef445dc6b2dcaf96e93447ab58b952b4e7322b3b2f98240174d73fc4cf4bdfc,8,13,11,8,10,197,3,1661069083,H1,12,16,8,0,8,0,0,0,0,0,0,0,139,556,476,476,17212,17212,95119,2070676,5154236,23,21,11,23,9,2
irregular-n08-t064-b00008-falternating-s15,Accelerated,irregular-n08-t064-b00008-falternating,64,8,alternating,s15,7ef445dc6b2dcaf96e93447ab58b952b4e7322b3b2f98240174d73fc4cf4bdfc,8,13,11,8,10,197,3,1232187500,H1,4,12,0,4,4,0,0,0,0,4,0,4,139,417,357,357,12909,12909,70950,1502554,4121084,22,21,11,22,9,2
irregular-n08-t064-b00008-falternating-s16,Standard,irregular-n08-t064-b00008-falternating,64,8,alternating,s16,36e41124647e5fcefb0732f43d507b8af1c4755b5028f25cc94bd12d1801718a,8,17,12,9,10,250,3,2065789875,H0,11,15,7,0,7,0,0,0,0,0,0,0,179,587,539,539,19563,19563,111083,2653697,8324504,23,23,12,24,9,2
irregular-n08-t064-b00008-falternating-s16,Accelerated,irregular-n08-t064-b00008-falternating,64,8,alternating,s16,36e41124647e5fcefb0732f43d507b8af1c4755b5028f25cc94bd12d1801718a,8,17,12,9,10,250,3,1904997000,H0,5,14,0,5,5,1,1,0,0,4,0,4,179,553,505,505,18101,18101,105443,2475399,7394747420,33,32,20,34,9,2
irregular-n08-t064-b00008-falternating-s17,Standard,irregular-n08-t064-b00008-falternating,64,8,alternating,s17,0f8c30151b279969aabbf403542e5213da34b2e080068c823d62db33d8380d72,8,16,11,9,10,233,3,1546501959,H0,10,14,6,0,6,0,0,0,0,0,0,0,169,547,388,388,14646,14646,85866,2061586,7477634,23,22,12,23,10,2
irregular-n08-t064-b00008-falternating-s17,Accelerated,irregular-n08-t064-b00008-falternating,64,8,alternating,s17,0f8c30151b279969aabbf403542e5213da34b2e080068c823d62db33d8380d72,8,16,11,9,10,233,3,1333654708,H0,4,12,0,4,4,0,0,0,0,4,0,4,169,507,348,348,12918,12918,75405,1734100,7477634,23,21,12,23,10,2
irregular-n08-t064-b00008-falternating-s18,Standard,irregular-n08-t064-b00008-falternating,64,8,alternating,s18,59b937ca7638f5671965d01cbf0ba1ea7cfe0d9b98d3cf1bd9769379275d3eb0,8,10,11,8,9,167,3,1322998084,H1,14,18,10,0,10,0,0,0,0,0,0,0,109,464,424,424,15512,15512,72609,1440199,2759708,22,21,11,22,9,2
irregular-n08-t064-b00008-falternating-s18,Accelerated,irregular-n08-t064-b00008-falternating,64,8,alternating,s18,59b937ca7638f5671965d01cbf0ba1ea7cfe0d9b98d3cf1bd9769379275d3eb0,8,10,11,8,9,167,3,962364417,H1,5,15,0,5,5,2,2,0,0,3,1,3,109,303,283,283,10859,10859,51744,1032704,2346194296,32,29,20,32,9,2
irregular-n08-t064-b00008-falternating-s19,Standard,irregular-n08-t064-b00008-falternating,64,8,alternating,s19,25223b6949cb360533e361ba5d29fc1af6af6bd0bccc9bf044c49528530ae81d,8,17,12,8,10,245,3,1917119709,H0,11,15,7,0,7,0,0,0,0,0,0,0,179,613,445,445,16845,16845,103070,2589162,8942878,24,23,12,24,10,2
irregular-n08-t064-b00008-falternating-s19,Accelerated,irregular-n08-t064-b00008-falternating,64,8,alternating,s19,25223b6949cb360533e361ba5d29fc1af6af6bd0bccc9bf044c49528530ae81d,8,17,12,8,10,245,3,1878494250,H0,5,14,0,5,5,1,0,1,0,4,0,4,179,605,437,437,16493,16493,105495,2562420,4600509648,33,32,14,33,10,2
irregular-n08-t064-b00008-falternating-s20,Standard,irregular-n08-t064-b00008-falternating,64,8,alternating,s20,4fea9057835dfdc80ba17cff7199630df7edf8334fb538f1c3fc0b2a48d2d7c7,8,12,11,8,10,190,3,1651948417,H1,14,18,10,0,10,0,0,0,0,0,0,0,129,548,476,476,17460,17460,93532,2016226,5649780,23,22,11,23,9,2
irregular-n08-t064-b00008-falternating-s20,Accelerated,irregular-n08-t064-b00008-falternating,64,8,alternating,s20,4fea9057835dfdc80ba17cff7199630df7edf8334fb538f1c3fc0b2a48d2d7c7,8,12,11,8,10,190,3,1427676500,H1,6,16,0,6,6,2,2,0,0,4,0,4,129,451,397,397,14825,14825,81770,1745251,4366400720,33,30,21,33,9,2
irregular-n08-t064-b00008-frandom-s01,Standard,irregular-n08-t064-b00008-frandom,64,8,random,s01,ba5cecc6dcda49ff8a2e143eee654ed09765b0097a0614f6f3729e99dfc11313,8,16,11,8,9,256,3,2719195209,H1,8,12,4,0,4,0,0,0,0,0,0,0,297,891,795,795,27699,27699,136653,3317085,4410032,23,22,12,23,12,11
irregular-n08-t064-b00008-frandom-s01,Accelerated,irregular-n08-t064-b00008-frandom,64,8,random,s01,ba5cecc6dcda49ff8a2e143eee654ed09765b0097a0614f6f3729e99dfc11313,8,16,11,8,9,256,3,2685650708,H1,3,11,0,3,3,0,0,0,0,3,1,3,297,883,787,787,27243,27243,137974,3302134,4410032,23,21,12,23,12,11
irregular-n08-t064-b00008-frandom-s02,Standard,irregular-n08-t064-b00008-frandom,64,8,random,s02,b939abd800078bf46d3d4ad0b75088d3d8344221d27293dcc4de5d829fb44bbf,8,12,11,8,9,208,3,2579710208,H0,12,16,8,0,8,0,0,0,0,0,0,0,225,923,827,827,29187,29187,132323,2890500,6087854,23,22,12,23,11,8
irregular-n08-t064-b00008-frandom-s02,Accelerated,irregular-n08-t064-b00008-frandom,64,8,random,s02,b939abd800078bf46d3d4ad0b75088d3d8344221d27293dcc4de5d829fb44bbf,8,12,11,8,9,208,3,3021857375,H0,7,18,0,7,7,3,0,3,0,4,0,4,225,1123,1003,1003,35139,35139,160451,3279924,4158643896,32,32,21,32,11,8
irregular-n08-t064-b00008-frandom-s03,Standard,irregular-n08-t064-b00008-frandom,64,8,random,s03,b837791606a828ecb78fdd5f888c8de8f32e3e2992471ce35a5daa1b6fec6f8f,8,16,11,8,9,242,3,3019370084,H1,11,15,7,0,7,0,0,0,0,0,0,0,297,939,843,843,29987,29987,151243,3854062,2603798,22,21,11,22,11,10
irregular-n08-t064-b00008-frandom-s03,Accelerated,irregular-n08-t064-b00008-frandom,64,8,random,s03,b837791606a828ecb78fdd5f888c8de8f32e3e2992471ce35a5daa1b6fec6f8f,8,16,11,8,9,242,3,3033435625,H1,6,16,0,6,6,2,0,2,0,4,0,4,297,923,827,827,29523,29523,153977,4018624,1329464880,31,28,20,32,11,10
irregular-n08-t064-b00008-frandom-s04,Standard,irregular-n08-t064-b00008-frandom,64,8,random,s04,5f514bfac46588b0c708d3825324967f37e0086a99e3894093932a00ad238334,8,15,12,8,10,254,3,3387008292,H1,11,15,7,0,7,0,0,0,0,0,0,0,279,1115,995,995,34683,34683,178710,4258876,8349260,23,23,12,24,8,6
irregular-n08-t064-b00008-frandom-s04,Accelerated,irregular-n08-t064-b00008-frandom,64,8,random,s04,5f514bfac46588b0c708d3825324967f37e0086a99e3894093932a00ad238334,8,15,12,8,10,254,3,2879678542,H1,5,14,0,5,5,1,1,0,0,4,0,4,279,897,807,807,28647,28647,156783,3677750,15453692912,34,33,23,35,8,6
irregular-n08-t064-b00008-frandom-s05,Standard,irregular-n08-t064-b00008-frandom,64,8,random,s05,c031a2bea4dfb1e151a184305bb9371e03886a542ee8c41c6afd4b40e5faf675,8,11,11,8,9,201,3,2052939000,L0,11,15,7,0,7,0,0,0,0,0,0,0,207,820,732,732,25596,25596,104118,2101259,2509728,22,22,11,22,10,9
irregular-n08-t064-b00008-frandom-s05,Accelerated,irregular-n08-t064-b00008-frandom,64,8,random,s05,c031a2bea4dfb1e151a184305bb9371e03886a542ee8c41c6afd4b40e5faf675,8,11,11,8,9,201,3,2232008042,L0,3,12,0,3,3,1,0,1,0,2,2,2,207,964,854,854,29086,29086,116270,2121504,257069536,28,28,15,29,10,9
irregular-n08-t064-b00008-frandom-s06,Standard,irregular-n08-t064-b00008-frandom,64,8,random,s06,93788ebdd5bdf4260e0ae0e294636a2ec1e2802886ca32c3f75c4b6cda533820,8,11,11,8,10,206,3,2142415958,H1,12,16,8,0,8,0,0,0,0,0,0,0,207,828,740,740,26052,26052,109067,2207298,3691844,22,22,11,23,9,8
irregular-n08-t064-b00008-frandom-s06,Accelerated,irregular-n08-t064-b00008-frandom,64,8,random,s06,93788ebdd5bdf4260e0ae0e294636a2ec1e2802886ca32c3f75c4b6cda533820,8,11,11,8,10,206,3,2317141084,H1,4,13,0,4,4,1,0,1,0,3,1,3,207,972,862,862,29542,29542,121734,2231388,366402048,29,29,17,29,9,8
irregular-n08-t064-b00008-frandom-s07,Standard,irregular-n08-t064-b00008-frandom,64,8,random,s07,8aed45395b51ade09b33ce51b3187fe2f6324cd2bbf34efa6f345aa61ad82271,8,12,11,8,9,203,3,2473690459,H1,12,16,8,0,8,0,0,0,0,0,0,0,225,923,812,812,28542,28542,128928,2736790,3753752,22,21,11,22,8,6
irregular-n08-t064-b00008-frandom-s07,Accelerated,irregular-n08-t064-b00008-frandom,64,8,random,s07,8aed45395b51ade09b33ce51b3187fe2f6324cd2bbf34efa6f345aa61ad82271,8,12,11,8,9,203,3,2774265625,H1,6,16,0,6,6,2,0,2,0,4,0,4,225,1107,972,972,33582,33582,147059,2855440,635995284,30,30,18,30,8,6
irregular-n08-t064-b00008-frandom-s08,Standard,irregular-n08-t064-b00008-frandom,64,8,random,s08,af1e06a6fadd70f3aaa88e8fc8ee1a0724be7e2ef4268a74de177db71174775d,8,14,11,8,10,230,3,3314218833,H0,14,18,10,0,10,0,0,0,0,0,0,0,261,1080,968,968,34240,34240,177605,4080608,5091416,23,22,11,23,8,6
irregular-n08-t064-b00008-frandom-s08,Accelerated,irregular-n08-t064-b00008-frandom,64,8,random,s08,af1e06a6fadd70f3aaa88e8fc8ee1a0724be7e2ef4268a74de177db71174775d,8,14,11,8,10,230,3,2749554375,H0,7,18,0,7,7,3,0,3,0,4,0,4,261,857,773,773,27901,27901,152159,3376798,2893955328,32,31,20,32,8,6
irregular-n08-t064-b00008-frandom-s09,Standard,irregular-n08-t064-b00008-frandom,64,8,random,s09,f70b6ec0ccf69e2d28e22fb5fd7358728408afe9006a74c8334d428867db306d,8,17,11,9,9,264,3,3926220959,L0,10,14,6,0,6,0,0,0,0,0,0,0,315,1251,1115,1115,38579,38579,204791,5122571,4329518,23,22,12,23,12,11
irregular-n08-t064-b00008-frandom-s09,Accelerated,irregular-n08-t064-b00008-frandom,64,8,random,s09,f70b6ec0ccf69e2d28e22fb5fd7358728408afe9006a74c8334d428867db306d,8,17,11,9,9,264,3,4458224208,L0,4,13,0,4,4,1,0,1,0,3,1,3,315,1481,1311,1311,44447,44447,242203,5727273,594893200,30,29,19,30,12,11
irregular-n08-t064-b00008-frandom-s10,Standard,irregular-n08-t064-b00008-frandom,64,8,random,s10,b5fc1713c511742bee64080ac1b491d139662cbcb35cabb5f8fac88cc39045a6,8,12,11,8,8,196,3,2396262750,H1,11,15,7,0,7,0,0,0,0,0,0,0,225,915,809,809,28301,28301,121754,2577683,2705060,22,22,11,22,9,5
irregular-n08-t064-b00008-frandom-s10,Accelerated,irregular-n08-t064-b00008-frandom,64,8,random,s10,b5fc1713c511742bee64080ac1b491d139662cbcb35cabb5f8fac88cc39045a6,8,12,11,8,8,196,3,1505409166,H1,4,13,0,4,4,1,1,0,0,3,1,3,225,531,473,473,17309,17309,78578,1616540,396316576,29,28,17,30,9,5
irregular-n08-t064-b00008-frandom-s11,Standard,irregular-n08-t064-b00008-frandom,64,8,random,s11,d5a4afe62328050dbf8a8e5d144b47cdbfcf04431f3ce4c2282a393ee7cb78eb,8,10,11,8,9,174,3,1893571959,L1,12,16,8,0,8,0,0,0,0,0,0,0,189,756,676,676,23876,23876,94064,1919335,1848808,21,21,11,22,11,10
irregular-n08-t064-b00008-frandom-s11,Accelerated,irregular-n08-t064-b00008-frandom,64,8,random,s11,d5a4afe62328050dbf8a8e5d144b47cdbfcf04431f3ce4c2282a393ee7cb78eb,8,10,11,8,9,174,3,1448133292,L1,5,14,0,5,5,1,0,1,0,4,0,4,189,569,509,509,18053,18053,74413,1468601,63476992,26,22,17,27,11,10
irregular-n08-t064-b00008-frandom-s12,Standard,irregular-n08-t064-b00008-frandom,64,8,random,s12,071bba0a3d793e695df583dc7f357c0ec26d2141a162ca2d57133ae0b7940264,8,14,11,8,9,235,3,2889848542,L1,10,14,6,0,6,0,0,0,0,0,0,0,261,1035,923,923,32051,32051,151366,3271450,4710144,23,23,12,23,12,11
irregular-n08-t064-b00008-frandom-s12,Accelerated,irregular-n08-t064-b00008-frandom,64,8,random,s12,071bba0a3d793e695df583dc7f357c0ec26d2141a162ca2d57133ae0b7940264,8,14,11,8,9,235,3,3197941333,L1,4,13,0,4,4,1,0,1,0,3,1,3,261,1223,1083,1083,36803,36803,170521,3372276,538023512,30,29,17,30,12,11
irregular-n08-t064-b00008-frandom-s13,Standard,irregular-n08-t064-b00008-frandom,64,8,random,s13,358b82b87941959a39dba1d93c1ca367869ec19ad9f0f71413bcd030078564de,8,14,11,8,9,232,3,2812026583,L1,10,14,6,0,6,0,0,0,0,0,0,0,261,1008,890,890,30662,30662,151853,3376535,3225744,22,22,11,23,9,8
irregular-n08-t064-b00008-frandom-s13,Accelerated,irregular-n08-t064-b00008-frandom,64,8,random,s13,358b82b87941959a39dba1d93c1ca367869ec19ad9f0f71413bcd030078564de,8,14,11,8,9,232,3,1483227333,L1,2,11,0,2,2,1,1,0,0,1,3,1,261,525,465,465,16337,16337,79690,1672378,230960748,28,22,18,29,9,8
irregular-n08-t064-b00008-frandom-s14,Standard,irregular-n08-t064-b00008-frandom,64,8,random,s14,ea69515534ab4c492754a0a0500dee4c1394387fa8eedc28c3724456574c393e,8,14,11,8,9,228,3,2813223542,L0,11,15,7,0,7,0,0,0,0,0,0,0,261,1016,898,898,31118,31118,143812,3223791,2890804,22,22,11,23,12,11
irregular-n08-t064-b00008-frandom-s14,Accelerated,irregular-n08-t064-b00008-frandom,64,8,random,s14,ea69515534ab4c492754a0a0500dee4c1394387fa8eedc28c3724456574c393e,8,14,11,8,9,228,3,3249501541,L0,6,16,0,6,6,2,0,2,0,4,0,4,261,1233,1087,1087,37147,37147,170413,3518313,301321288,29,28,17,30,12,11
irregular-n08-t064-b00008-frandom-s15,Standard,irregular-n08-t064-b00008-frandom,64,8,random,s15,7ef445dc6b2dcaf96e93447ab58b952b4e7322b3b2f98240174d73fc4cf4bdfc,8,13,11,8,10,221,3,2834455458,H1,14,18,10,0,10,0,0,0,0,0,0,0,243,1006,902,902,31978,31978,152920,3034056,4749596,23,22,11,23,9,8
irregular-n08-t064-b00008-frandom-s15,Accelerated,irregular-n08-t064-b00008-frandom,64,8,random,s15,7ef445dc6b2dcaf96e93447ab58b952b4e7322b3b2f98240174d73fc4cf4bdfc,8,13,11,8,10,221,3,2355142834,H1,7,18,0,7,7,3,1,2,0,4,0,4,243,799,721,721,26097,26097,129652,2532858,4247699328,32,31,21,33,9,8
irregular-n08-t064-b00008-frandom-s16,Standard,irregular-n08-t064-b00008-frandom,64,8,random,s16,36e41124647e5fcefb0732f43d507b8af1c4755b5028f25cc94bd12d1801718a,8,17,12,8,10,282,3,3315577625,L0,11,15,7,0,7,0,0,0,0,0,0,0,315,1021,919,919,32711,32711,164364,4101977,7745024,23,23,12,25,13,12
irregular-n08-t064-b00008-frandom-s16,Accelerated,irregular-n08-t064-b00008-frandom,64,8,random,s16,36e41124647e5fcefb0732f43d507b8af1c4755b5028f25cc94bd12d1801718a,8,17,12,8,10,282,3,3311870458,L0,5,14,0,5,5,1,0,1,0,4,0,4,315,1013,911,911,32255,32255,169943,4172419,14535331384,34,33,23,35,13,12
irregular-n08-t064-b00008-frandom-s17,Standard,irregular-n08-t064-b00008-frandom,64,8,random,s17,0f8c30151b279969aabbf403542e5213da34b2e080068c823d62db33d8380d72,8,16,12,8,10,270,3,3820595167,H1,13,17,9,0,9,0,0,0,0,0,0,0,297,1220,1092,1092,38308,38308,202769,4780516,7434920,23,23,12,24,9,7
irregular-n08-t064-b00008-frandom-s17,Accelerated,irregular-n08-t064-b00008-frandom,64,8,random,s17,0f8c30151b279969aabbf403542e5213da34b2e080068c823d62db33d8380d72,8,16,12,8,10,270,3,4402205333,H1,7,18,0,7,7,3,1,2,0,4,0,4,297,1469,1309,1309,45253,45253,238961,5356935,2602598080,32,31,20,32,9,7
irregular-n08-t064-b00008-frandom-s18,Standard,irregular-n08-t064-b00008-frandom,64,8,random,s18,59b937ca7638f5671965d01cbf0ba1ea7cfe0d9b98d3cf1bd9769379275d3eb0,8,10,11,8,9,191,3,1971631709,H1,13,17,9,0,9,0,0,0,0,0,0,0,189,776,696,696,24736,24736,98591,2038115,3726104,22,21,11,22,9,5
irregular-n08-t064-b00008-frandom-s18,Accelerated,irregular-n08-t064-b00008-frandom,64,8,random,s18,59b937ca7638f5671965d01cbf0ba1ea7cfe0d9b98d3cf1bd9769379275d3eb0,8,10,11,8,9,191,3,1568522917,H1,5,14,0,5,5,1,1,0,0,4,0,4,189,607,547,547,19627,19627,81340,1597569,1585403136,31,30,19,32,9,5
irregular-n08-t064-b00008-frandom-s19,Standard,irregular-n08-t064-b00008-frandom,64,8,random,s19,25223b6949cb360533e361ba5d29fc1af6af6bd0bccc9bf044c49528530ae81d,8,17,12,8,9,271,3,3219207042,H0,10,14,6,0,6,0,0,0,0,0,0,0,315,987,885,885,31249,31249,166800,4051390,6512996,23,22,12,24,12,11
irregular-n08-t064-b00008-frandom-s19,Accelerated,irregular-n08-t064-b00008-frandom,64,8,random,s19,25223b6949cb360533e361ba5d29fc1af6af6bd0bccc9bf044c49528530ae81d,8,17,12,8,9,271,3,2978440417,H0,4,12,0,4,4,0,0,0,0,4,0,4,315,945,843,843,29331,29331,157591,3701908,6512996,23,22,12,24,12,11
irregular-n08-t064-b00008-frandom-s20,Standard,irregular-n08-t064-b00008-frandom,64,8,random,s20,4fea9057835dfdc80ba17cff7199630df7edf8334fb538f1c3fc0b2a48d2d7c7,8,12,11,8,9,205,3,2520605167,H1,13,17,9,0,9,0,0,0,0,0,0,0,225,924,828,828,29260,29260,130705,2781256,3046756,22,21,11,22,9,6
irregular-n08-t064-b00008-frandom-s20,Accelerated,irregular-n08-t064-b00008-frandom,64,8,random,s20,4fea9057835dfdc80ba17cff7199630df7edf8334fb538f1c3fc0b2a48d2d7c7,8,12,11,8,9,205,3,2865925083,H1,6,16,0,6,6,2,1,1,0,4,0,4,225,1107,987,987,34227,34227,154210,3008375,1212569872,31,30,19,31,9,6
irregular-n08-t064-b00064-falternating-s01,Standard,irregular-n08-t064-b00064-falternating,64,64,alternating,s01,ba5cecc6dcda49ff8a2e143eee654ed09765b0097a0614f6f3729e99dfc11313,8,16,67,64,66,1356,3,2075748875,H0,11,15,7,0,7,0,0,0,0,0,0,0,169,579,507,507,18755,18755,116553,2825338,29441595626259088930899130232248495947918,135,134,67,135,66,2
irregular-n08-t064-b00064-falternating-s01,Accelerated,irregular-n08-t064-b00064-falternating,64,64,alternating,s01,ba5cecc6dcda49ff8a2e143eee654ed09765b0097a0614f6f3729e99dfc11313,8,16,67,64,66,1356,3,2029966250,H0,5,14,0,5,5,1,0,1,0,4,0,4,169,571,499,499,18403,18403,116308,2732370,793115592844951184183537104795260495804943097890436797134936,199,199,69,199,66,2
irregular-n08-t064-b00064-falternating-s02,Standard,irregular-n08-t064-b00064-falternating,64,64,alternating,s02,b939abd800078bf46d3d4ad0b75088d3d8344221d27293dcc4de5d829fb44bbf,8,12,67,64,65,1078,3,1753176083,H1,15,19,11,0,11,0,0,0,0,0,0,0,129,572,508,508,18692,18692,96318,2075043,11327793993813038676479335805502684638304,134,133,67,134,62,2
irregular-n08-t064-b00064-falternating-s02,Accelerated,irregular-n08-t064-b00064-falternating,64,64,alternating,s02,b939abd800078bf46d3d4ad0b75088d3d8344221d27293dcc4de5d829fb44bbf,8,12,67,64,65,1078,3,1443567250,H1,7,18,0,7,7,3,2,1,0,4,0,4,129,453,405,405,15121,15121,80405,1733804,993791999447718818534776910575985932618936858782775357190280,200,198,132,200,62,2
irregular-n08-t064-b00064-falternating-s03,Standard,irregular-n08-t064-b00064-falternating,64,64,alternating,s03,b837791606a828ecb78fdd5f888c8de8f32e3e2992471ce35a5daa1b6fec6f8f,8,16,68,64,66,1357,3,2026437333,H0,11,15,7,0,7,0,0,0,0,0,0,0,169,555,501,501,18361,18361,115254,2792145,45704865426661181176192586439072272462556,136,134,68,136,66,2
irregular-n08-t064-b00064-falternating-s03,Accelerated,irregular-n08-t064-b00064-falternating,64,64,alternating,s03,b837791606a828ecb78fdd5f888c8de8f32e3e2992471ce35a5daa1b6fec6f8f,8,16,68,64,66,1357,3,1836501291,H0,5,14,0,5,5,1,1,0,0,4,0,4,169,523,469,469,16985,16985,105134,2501305,2745293172520870046749360704412760960106086791975092323273636,201,199,132,202,66,2
irregular-n08-t064-b00064-falternating-s04,Standard,irregular-n08-t064-b00064-falternating,64,64,alternating,s04,5f514bfac46588b0c708d3825324967f37e0086a99e3894093932a00ad238334,8,15,67,64,66,1283,3,1800271458,H0,13,17,9,0,9,0,0,0,0,0,0,0,159,666,474,474,17558,17558,95703,2225480,23407436596304108569363254718240150088732,135,134,67,135,65,2
irregular-n08-t064-b00064-falternating-s04,Accelerated,irregular-n08-t064-b00064-falternating,64,64,alternating,s04,5f514bfac46588b0c708d3825324967f37e0086a99e3894093932a00ad238334,8,15,67,64,66,1283,3,1529478583,H0,5,14,0,5,5,1,0,1,0,4,0,4,159,537,393,393,14781,14781,83715,1906983,483591917465916418050892223115773916531654525599618787731792,199,198,69,199,65,2
irregular-n08-t064-b00064-falternating-s05,Standard,irregular-n08-t064-b00064-falternating,64,64,alternating,s05,c031a2bea4dfb1e151a184305bb9371e03886a542ee8c41c6afd4b40e5faf675,8,11,67,64,65,1007,3,1530603584,L0,15,19,11,0,11,0,0,0,0,0,0,0,119,507,471,471,17083,17083,85270,1762226,12795700195197327263566879720297015242500,134,133,67,134,62,61
irregular-n08-t064-b00064-falternating-s05,Accelerated,irregular-n08-t064-b00064-falternating,64,64,alternating,s05,c031a2bea4dfb1e151a184305bb9371e03886a542ee8c41c6afd4b40e5faf675,8,11,67,64,65,1007,3,1722061084,L0,6,17,0,6,6,3,1,2,0,3,1,3,119,592,547,547,19421,19421,99632,1962141,459569775300292177048666618137417533366036235267911479749320,199,197,132,199,62,61
irregular-n08-t064-b00064-falternating-s06,Standard,irregular-n08-t064-b00064-falternating,64,64,alternating,s06,93788ebdd5bdf4260e0ae0e294636a2ec1e2802886ca32c3f75c4b6cda533820,8,11,67,64,65,1011,3,1111465792,H0,12,16,8,0,8,0,0,0,0,0,0,0,119,476,316,316,11916,11916,62309,1309863,17094253543874689269345807767753696687506,134,132,67,134,66,2
irregular-n08-t064-b00064-falternating-s06,Accelerated,irregular-n08-t064-b00064-falternating,64,64,alternating,s06,93788ebdd5bdf4260e0ae0e294636a2ec1e2802886ca32c3f75c4b6cda533820,8,11,67,64,65,1011,3,999071708,H0,5,14,0,5,5,1,0,1,0,4,0,4,119,401,281,281,10829,10829,55869,1147000,256835051158569139826336234999563826383669343967048865886752,198,197,68,198,66,2
irregular-n08-t064-b00064-falternating-s07,Standard,irregular-n08-t064-b00064-falternating,64,64,alternating,s07,8aed45395b51ade09b33ce51b3187fe2f6324cd2bbf34efa6f345aa61ad82271,8,12,67,64,65,1084,3,1324619625,H0,13,17,9,0,9,0,0,0,0,0,0,0,129,540,376,376,14112,14112,71743,1549058,18757661163251993709109375240466118359700,134,133,67,134,65,2
irregular-n08-t064-b00064-falternating-s07,Accelerated,irregular-n08-t064-b00064-falternating,64,64,alternating,s07,8aed45395b51ade09b33ce51b3187fe2f6324cd2bbf34efa6f345aa61ad82271,8,12,67,64,65,1084,3,1110933333,H0,5,14,0,5,5,1,0,1,0,4,0,4,129,435,312,312,11874,11874,61017,1285450,313893941817918002347962307237706031730480077444546974044752,198,197,69,198,65,2
irregular-n08-t064-b00064-falternating-s08,Standard,irregular-n08-t064-b00064-falternating,64,64,alternating,s08,af1e06a6fadd70f3aaa88e8fc8ee1a0724be7e2ef4268a74de177db71174775d,8,14,67,64,66,1222,3,1449343709,H0,11,15,7,0,7,0,0,0,0,0,0,0,149,511,367,367,14031,14031,78283,1843931,34819927919669105547182885781091334180370,135,134,67,135,66,2
irregular-n08-t064-b00064-falternating-s08,Accelerated,irregular-n08-t064-b00064-falternating,64,64,alternating,s08,af1e06a6fadd70f3aaa88e8fc8ee1a0724be7e2ef4268a74de177db71174775d,8,14,67,64,66,1222,3,1405794750,H0,5,14,0,5,5,1,0,1,0,4,0,4,149,503,359,359,13679,13679,77366,1763735,800622210393455640841326688183414680653103596526923298466176,199,199,69,199,66,2
irregular-n08-t064-b00064-falternating-s09,Standard,irregular-n08-t064-b00064-falternating,64,64,alternating,s09,f70b6ec0ccf69e2d28e22fb5fd7358728408afe9006a74c8334d428867db306d,8,17,67,64,66,1420,3,2644091500,H1,13,17,9,0,9,0,0,0,0,0,0,0,179,750,658,658,23742,23742,147622,3596761,22336469310708704159785603426184738582614,135,134,67,135,64,2
irregular-n08-t064-b00064-falternating-s09,Accelerated,irregular-n08-t064-b00064-falternating,64,64,alternating,s09,f70b6ec0ccf69e2d28e22fb5fd7358728408afe9006a74c8334d428867db306d,8,17,67,64,66,1420,3,2331795334,H1,6,16,0,6,6,2,2,0,0,4,0,4,179,621,552,552,20338,20338,132505,3277117,2880002954175728682861329544778260648474965025236138176481920,201,199,134,202,64,2
irregular-n08-t064-b00064-falternating-s10,Standard,irregular-n08-t064-b00064-falternating,64,64,alternating,s10,b5fc1713c511742bee64080ac1b491d139662cbcb35cabb5f8fac88cc39045a6,8,12,67,64,65,1085,3,1375319333,H1,14,18,10,0,10,0,0,0,0,0,0,0,129,548,392,392,14712,14712,75382,1631745,22674160074729694240314677346882815883264,135,134,67,135,64,2
irregular-n08-t064-b00064-falternating-s10,Accelerated,irregular-n08-t064-b00064-falternating,64,64,alternating,s10,b5fc1713c511742bee64080ac1b491d139662cbcb35cabb5f8fac88cc39045a6,8,12,67,64,65,1085,3,1219581583,H1,6,16,0,6,6,2,2,0,0,4,0,4,129,451,334,334,12764,12764,68266,1470491,1565316734535192485878894442090724234967270229198869117663776,200,199,133,201,64,2
irregular-n08-t064-b00064-falternating-s11,Standard,irregular-n08-t064-b00064-falternating,64,64,alternating,s11,d5a4afe62328050dbf8a8e5d144b47cdbfcf04431f3ce4c2282a393ee7cb78eb,8,10,67,64,65,947,3,1122458209,H1,12,16,8,0,8,0,0,0,0,0,0,0,109,436,352,352,12888,12888,62878,1255520,21596110723410639416350133084181630704630,134,133,67,134,65,2
irregular-n08-t064-b00064-falternating-s11,Accelerated,irregular-n08-t064-b00064-falternating,64,64,alternating,s11,d5a4afe62328050dbf8a8e5d144b47cdbfcf04431f3ce4c2282a393ee7cb78eb,8,10,67,64,65,947,3,820557500,H1,3,11,0,3,3,0,0,0,0,3,1,3,109,326,263,263,9593,9593,46188,888086,15841511286240255471161100803935830848610,134,132,67,134,65,2
irregular-n08-t064-b00064-falternating-s12,Standard,irregular-n08-t064-b00064-falternating,64,64,alternating,s12,071bba0a3d793e695df583dc7f357c0ec26d2141a162ca2d57133ae0b7940264,8,14,67,64,66,1222,3,1506109875,L0,12,16,8,0,8,0,0,0,0,0,0,0,149,589,409,409,14929,14929,82211,1857505,36598371551430414396993869349020791233270,135,135,68,136,65,64
irregular-n08-t064-b00064-falternating-s12,Accelerated,irregular-n08-t064-b00064-falternating,64,64,alternating,s12,071bba0a3d793e695df583dc7f357c0ec26d2141a162ca2d57133ae0b7940264,8,14,67,64,66,1222,3,896030959,L0,1,9,0,1,1,0,0,0,0,1,3,1,149,326,236,236,8808,8808,48837,1101852,36598371551430414396993869349020791233270,135,133,68,136,65,64
irregular-n08-t064-b00064-falternating-s13,Standard,irregular-n08-t064-b00064-falternating,64,64,alternating,s13,358b82b87941959a39dba1d93c1ca367869ec19ad9f0f71413bcd030078564de,8,14,68,64,66,1225,3,2029736458,H0,12,16,8,0,8,0,0,0,0,0,0,0,149,623,559,559,20319,20319,113875,2578795,35408860121797282942071756037537378564916,135,134,68,135,66,2
irregular-n08-t064-b00064-falternating-s13,Accelerated,irregular-n08-t064-b00064-falternating,64,64,alternating,s13,358b82b87941959a39dba1d93c1ca367869ec19ad9f0f71413bcd030078564de,8,14,68,64,66,1225,3,1698681500,H0,5,14,0,5,5,1,1,0,0,4,0,4,149,503,455,455,16799,16799,96566,2186741,3356981138481996802861682996762404647871397080477828875955620,202,200,133,202,66,2
irregular-n08-t064-b00064-falternating-s14,Standard,irregular-n08-t064-b00064-falternating,64,64,alternating,s14,ea69515534ab4c492754a0a0500dee4c1394387fa8eedc28c3724456574c393e,8,14,67,64,66,1211,3,1795333791,H1,12,16,8,0,8,0,0,0,0,0,0,0,149,596,520,520,18624,18624,98769,2142580,25905392125498042192179355247319561125168,135,134,67,135,65,2
irregular-n08-t064-b00064-falternating-s14,Accelerated,irregular-n08-t064-b00064-falternating,64,64,alternating,s14,ea69515534ab4c492754a0a0500dee4c1394387fa8eedc28c3724456574c393e,8,14,67,64,66,1211,3,1330913291,H1,3,11,0,3,3,0,0,0,0,3,1,3,149,446,389,389,13895,13895,74351,1574251,25905392125498042192179355247319561125168,135,133,67,135,65,2
irregular-n08-t064-b00064-falternating-s15,Standard,irregular-n08-t064-b00064-falternating,64,64,alternating,s15,7ef445dc6b2dcaf96e93447ab58b952b4e7322b3b2f98240174d73fc4cf4bdfc,8,13,67,64,66,1152,3,1852182500,H1,14,18,10,0,10,0,0,0,0,0,0,0,139,590,510,510,18682,18682,105008,2354083,29159862196884544994675518443487803297188,135,134,67,135,64,2
irregular-n08-t064-b00064-falternating-s15,Accelerated,irregular-n08-t064-b00064-falternating,64,64,alternating,s15,7ef445dc6b2dcaf96e93447ab58b952b4e7322b3b2f98240174d73fc4cf4bdfc,8,13,67,64,66,1152,3,1600432625,H1,6,16,0,6,6,2,2,0,0,4,0,4,139,485,425,425,15849,15849,92140,2056806,1833198170179056743594332413704750155168225606222049279281120,201,199,133,201,64,2
irregular-n08-t064-b00064-falternating-s16,Standard,irregular-n08-t064-b00064-falternating,64,64,alternating,s16,36e41124647e5fcefb0732f43d507b8af1c4755b5028f25cc94bd12d1801718a,8,17,68,64,66,1417,3,2199733916,H0,11,15,7,0,7,0,0,0,0,0,0,0,179,613,565,565,20673,20673,118876,2825534,47271275283981123366761011601526595721982,136,135,68,136,66,2
irregular-n08-t064-b00064-falternating-s16,Accelerated,irregular-n08-t064-b00064-falternating,64,64,alternating,s16,36e41124647e5fcefb0732f43d507b8af1c4755b5028f25cc94bd12d1801718a,8,17,68,64,66,1417,3,2170623917,H0,5,14,0,5,5,1,0,1,0,4,0,4,179,605,557,557,20321,20321,120463,2780095,1581615250911582833960873602766046888888370906292891708370480,200,200,70,200,66,2
irregular-n08-t064-b00064-falternating-s17,Standard,irregular-n08-t064-b00064-falternating,64,64,alternating,s17,0f8c30151b279969aabbf403542e5213da34b2e080068c823d62db33d8380d72,8,16,68,64,66,1358,3,1738432541,H0,11,15,7,0,7,0,0,0,0,0,0,0,169,579,420,420,16022,16022,94941,2304437,42728562913777752340480947117467511129454,135,135,68,136,66,2
irregular-n08-t064-b00064-falternating-s17,Accelerated,irregular-n08-t064-b00064-falternating,64,64,alternating,s17,0f8c30151b279969aabbf403542e5213da34b2e080068c823d62db33d8380d72,8,16,68,64,66,1358,3,2036459333,H0,6,16,0,6,6,2,1,1,0,4,0,4,169,635,476,476,18422,18422,115171,2734595,56187480418903002224616794976639326066292299726649885012622535669516073494130144,265,264,134,265,66,2
irregular-n08-t064-b00064-falternating-s18,Standard,irregular-n08-t064-b00064-falternating,64,64,alternating,s18,59b937ca7638f5671965d01cbf0ba1ea7cfe0d9b98d3cf1bd9769379275d3eb0,8,10,67,64,65,951,3,1202181167,H1,12,16,8,0,8,0,0,0,0,0,0,0,109,436,396,396,14300,14300,66838,1299773,11879473597174309735570870565533441784012,134,133,67,134,64,2
irregular-n08-t064-b00064-falternating-s18,Accelerated,irregular-n08-t064-b00064-falternating,64,64,alternating,s18,59b937ca7638f5671965d01cbf0ba1ea7cfe0d9b98d3cf1bd9769379275d3eb0,8,10,67,64,65,951,3,969302083,H1,5,14,0,5,5,1,1,0,0,4,0,4,109,343,313,313,11429,11429,54309,1050200,499275150606964049018107279773540981554602684861299387801976,199,196,131,199,64,2
irregular-n08-t064-b00064-falternating-s19,Standard,irregular-n08-t064-b00064-falternating,64,64,alternating,s19,25223b6949cb360533e361ba5d29fc1af6af6bd0bccc9bf044c49528530ae81d,8,17,67,64,66,1412,3,2208485833,H0,13,17,9,0,9,0,0,0,0,0,0,0,179,750,526,526,19554,19554,121604,2994918,26493893219708411728157166142675550081502,135,134,67,135,66,2
irregular-n08-t064-b00064-falternating-s19,Accelerated,irregular-n08-t064-b00064-falternating,64,64,alternating,s19,25223b6949cb360533e361ba5d29fc1af6af6bd0bccc9bf044c49528530ae81d,8,17,67,64,66,1412,3,2432343125,H0,7,18,0,7,7,3,0,3,0,4,0,4,179,879,599,599,21911,21911,137490,3215489,707763650323364489895973893899045264205994731135815627437184,199,198,132,199,66,2
irregular-n08-t064-b00064-falternating-s20,Standard,irregular-n08-t064-b00064-falternating,64,64,alternating,s20,4fea9057835dfdc80ba17cff7199630df7edf8334fb538f1c3fc0b2a48d2d7c7,8,12,67,64,66,1084,3,1672917709,H1,14,18,10,0,10,0,0,0,0,0,0,0,129,548,476,476,17460,17460,93399,2021869,26571944210867246454974353663987291497790,135,134,67,135,63,2
irregular-n08-t064-b00064-falternating-s20,Accelerated,irregular-n08-t064-b00064-falternating,64,64,alternating,s20,4fea9057835dfdc80ba17cff7199630df7edf8334fb538f1c3fc0b2a48d2d7c7,8,12,67,64,66,1084,3,1437107750,H1,6,16,0,6,6,2,2,0,0,4,0,4,129,451,397,397,14825,14825,81878,1759205,2008527925339151128435751100127308389379287594629117972529920,201,198,133,201,63,2
irregular-n08-t064-b00064-frandom-s01,Standard,irregular-n08-t064-b00064-frandom,64,64,random,s01,ba5cecc6dcda49ff8a2e143eee654ed09765b0097a0614f6f3729e99dfc11313,8,16,67,64,66,1600,3,3602307667,L1,10,14,6,0,6,0,0,0,0,0,0,0,297,1179,1051,1051,36403,36403,189274,4428125,23451255070621509112420017533302340213848,135,135,68,135,68,67
irregular-n08-t064-b00064-frandom-s01,Accelerated,irregular-n08-t064-b00064-frandom,64,64,random,s01,ba5cecc6dcda49ff8a2e143eee654ed09765b0097a0614f6f3729e99dfc11313,8,16,67,64,66,1600,3,4410346542,L1,5,15,0,5,5,2,0,2,0,3,1,3,297,1459,1299,1299,44651,44651,239649,5368064,3125580227727744042036248712598962571326469256051875376331312,201,200,135,202,68,67
irregular-n08-t064-b00064-frandom-s02,Standard,irregular-n08-t064-b00064-frandom,64,64,random,s02,b939abd800078bf46d3d4ad0b75088d3d8344221d27293dcc4de5d829fb44bbf,8,12,67,64,65,1325,3,1938752000,L0,9,13,5,0,5,0,0,0,0,0,0,0,225,699,627,627,22203,22203,99049,2136076,13026167600585328522651004918948401601872,134,133,67,135,68,67
irregular-n08-t064-b00064-frandom-s02,Accelerated,irregular-n08-t064-b00064-frandom,64,64,random,s02,b939abd800078bf46d3d4ad0b75088d3d8344221d27293dcc4de5d829fb44bbf,8,12,67,64,65,1325,3,1798587875,L0,3,11,0,3,3,0,0,0,0,3,1,3,225,667,595,595,20715,20715,95061,1967695,13026167600585328522651004918948401601872,134,133,67,135,68,67
irregular-n08-t064-b00064-frandom-s03,Standard,irregular-n08-t064-b00064-frandom,64,64,random,s03,b837791606a828ecb78fdd5f888c8de8f32e3e2992471ce35a5daa1b6fec6f8f,8,16,68,64,66,1614,3,3576249125,L0,11,15,7,0,7,0,0,0,0,0,0,0,297,1180,1052,1052,36476,36476,180324,4311802,49121673623165005762746079332514515451956,136,136,68,137,66,65
irregular-n08-t064-b00064-frandom-s03,Accelerated,irregular-n08-t064-b00064-frandom,64,64,random,s03,b837791606a828ecb78fdd5f888c8de8f32e3e2992471ce35a5daa1b6fec6f8f,8,16,68,64,66,1614,3,4251545791,L0,4,14,0,4,4,2,0,2,0,2,2,2,297,1458,1298,1298,44578,44578,219819,4875230,9508613764725741143504994866284954337044476326368240877125688,203,202,135,204,66,65
irregular-n08-t064-b00064-frandom-s04,Standard,irregular-n08-t064-b00064-frandom,64,64,random,s04,5f514bfac46588b0c708d3825324967f37e0086a99e3894093932a00ad238334,8,15,68,64,66,1535,3,2978213792,H0,11,15,7,0,7,0,0,0,0,0,0,0,279,905,815,815,29103,29103,157371,3851805,42881005140891808801445936334000873879954,135,134,68,135,66,64
irregular-n08-t064-b00064-frandom-s04,Accelerated,irregular-n08-t064-b00064-frandom,64,64,random,s04,5f514bfac46588b0c708d3825324967f37e0086a99e3894093932a00ad238334,8,15,68,64,66,1535,3,2941995583,H0,5,14,0,5,5,1,0,1,0,4,0,4,279,897,807,807,28647,28647,159658,3804824,1131887729602605007078309327702166264279530222938063512564128,200,199,132,200,66,64
irregular-n08-t064-b00064-frandom-s05,Standard,irregular-n08-t064-b00064-frandom,64,64,random,s05,c031a2bea4dfb1e151a184305bb9371e03886a542ee8c41c6afd4b40e5faf675,8,11,67,64,64,1241,3,2372695250,H0,13,17,9,0,9,0,0,0,0,0,0,0,207,857,769,769,27381,27381,123563,2630789,7938704010494327866941688162193616921870,133,132,67,133,64,61
irregular-n08-t064-b00064-frandom-s05,Accelerated,irregular-n08-t064-b00064-frandom,64,64,random,s05,c031a2bea4dfb1e151a184305bb9371e03886a542ee8c41c6afd4b40e5faf675,8,11,67,64,64,1241,3,2775716833,H0,7,18,0,7,7,3,1,2,0,4,0,4,207,1033,923,923,32419,32419,150201,3065934,206180840853637196550514178465898171214018805046946622306784,198,197,131,198,64,61
irregular-n08-t064-b00064-frandom-s06,Standard,irregular-n08-t064-b00064-frandom,64,64,random,s06,93788ebdd5bdf4260e0ae0e294636a2ec1e2802886ca32c3f75c4b6cda533820,8,11,67,64,65,1255,3,2593636666,H1,13,17,9,0,9,0,0,0,0,0,0,0,207,1004,894,894,31090,31090,135491,2778110,18756875703126328654084736880365696180122,134,134,67,135,66,64
irregular-n08-t064-b00064-frandom-s06,Accelerated,irregular-n08-t064-b00064-frandom,64,64,random,s06,93788ebdd5bdf4260e0ae0e294636a2ec1e2802886ca32c3f75c4b6cda533820,8,11,67,64,65,1255,3,2447475375,H1,5,14,0,5,5,1,0,1,0,4,0,4,207,973,863,863,29615,29615,130618,2570071,612113983042791343507876791981874016621089500832125883410360,199,198,132,199,66,64
irregular-n08-t064-b00064-frandom-s07,Standard,irregular-n08-t064-b00064-frandom,64,64,random,s07,8aed45395b51ade09b33ce51b3187fe2f6324cd2bbf34efa6f345aa61ad82271,8,12,66,64,63,1293,3,1994705667,H0,11,15,7,0,7,0,0,0,0,0,0,0,225,708,613,613,21923,21923,104516,2379237,6677902483710315362455277568098686862582,133,132,67,133,65,61
irregular-n08-t064-b00064-frandom-s07,Accelerated,irregular-n08-t064-b00064-frandom,64,64,random,s07,8aed45395b51ade09b33ce51b3187fe2f6324cd2bbf34efa6f345aa61ad82271,8,12,66,64,63,1293,3,1941409291,H0,5,14,0,5,5,1,1,0,0,4,0,4,225,691,598,598,21360,21360,101839,2310899,19203457681874399019088081111075401102795809278003331637440,194,193,127,194,65,61
irregular-n08-t064-b00064-frandom-s08,Standard,irregular-n08-t064-b00064-frandom,64,64,random,s08,af1e06a6fadd70f3aaa88e8fc8ee1a0724be7e2ef4268a74de177db71174775d,8,14,67,64,65,1466,3,3039082666,H0,11,15,7,0,7,0,0,0,0,0,0,0,261,1043,931,931,32507,32507,153310,3528523,16885491086812913120122893199214137634864,134,134,67,135,65,63
irregular-n08-t064-b00064-frandom-s08,Accelerated,irregular-n08-t064-b00064-frandom,64,64,random,s08,af1e06a6fadd70f3aaa88e8fc8ee1a0724be7e2ef4268a74de177db71174775d,8,14,67,64,65,1466,3,1707582542,H0,3,11,0,3,3,0,0,0,0,3,1,3,261,559,503,503,18023,18023,88696,1954392,14234281359758749667754555815257913378466,134,132,67,135,65,63
irregular-n08-t064-b00064-frandom-s09,Standard,irregular-n08-t064-b00064-frandom,64,64,random,s09,f70b6ec0ccf69e2d28e22fb5fd7358728408afe9006a74c8334d428867db306d,8,17,68,64,66,1676,3,3177498625,L1,11,15,7,0,7,0,0,0,0,0,0,0,315,1252,880,880,31096,31096,162068,3930666,32746534126205481774377778804800833218906,135,135,68,136,68,67
irregular-n08-t064-b00064-frandom-s09,Accelerated,irregular-n08-t064-b00064-frandom,64,64,random,s09,f70b6ec0ccf69e2d28e22fb5fd7358728408afe9006a74c8334d428867db306d,8,17,68,64,66,1676,3,3429192917,L1,5,15,0,5,5,2,0,2,0,3,1,3,315,1483,1018,1018,35148,35148,178745,3963981,489943157470560311085768000933306362067617041320002671850400,199,197,130,200,68,67
irregular-n08-t064-b00064-frandom-s10,Standard,irregular-n08-t064-b00064-frandom,64,64,random,s10,b5fc1713c511742bee64080ac1b491d139662cbcb35cabb5f8fac88cc39045a6,8,12,66,64,65,1301,3,2535658208,H1,13,17,9,0,9,0,0,0,0,0,0,0,225,924,828,828,29260,29260,132023,2835909,4405739857780836190708265376403175395650,132,132,66,133,65,63
irregular-n08-t064-b00064-frandom-s10,Accelerated,irregular-n08-t064-b00064-frandom,64,64,random,s10,b5fc1713c511742bee64080ac1b491d139662cbcb35cabb5f8fac88cc39045a6,8,12,66,64,65,1301,3,2905800958,H1,7,18,0,7,7,3,0,3,0,4,0,4,225,1109,989,989,34373,34373,155757,3097826,101584301617033253096633224161625440921566052438375566777840,197,196,129,197,65,63
irregular-n08-t064-b00064-frandom-s11,Standard,irregular-n08-t064-b00064-frandom,64,64,random,s11,d5a4afe62328050dbf8a8e5d144b47cdbfcf04431f3ce4c2282a393ee7cb78eb,8,10,67,64,65,1193,3,1878748375,L0,11,15,7,0,7,0,0,0,0,0,0,0,189,755,675,675,23803,23803,92825,1847265,19157950109683506808296029378046632131608,134,135,68,135,65,64
irregular-n08-t064-b00064-frandom-s11,Accelerated,irregular-n08-t064-b00064-frandom,64,64,random,s11,d5a4afe62328050dbf8a8e5d144b47cdbfcf04431f3ce4c2282a393ee7cb78eb,8,10,67,64,65,1193,3,2094351250,L0,4,13,0,4,4,1,0,1,0,3,1,3,189,886,786,786,26994,26994,108711,2081185,39648531044060584054117125522086029649111175012846140378088,195,195,128,195,65,64
irregular-n08-t064-b00064-frandom-s12,Standard,irregular-n08-t064-b00064-frandom,64,64,random,s12,071bba0a3d793e695df583dc7f357c0ec26d2141a162ca2d57133ae0b7940264,8,14,67,64,65,1453,3,2966372042,H1,11,15,7,0,7,0,0,0,0,0,0,0,261,1043,931,931,32507,32507,152740,3288318,12081749303583891467080497170117731058840,134,134,67,135,65,63
irregular-n08-t064-b00064-frandom-s12,Accelerated,irregular-n08-t064-b00064-frandom,64,64,random,s12,071bba0a3d793e695df583dc7f357c0ec26d2141a162ca2d57133ae0b7940264,8,14,67,64,65,1453,3,3283845208,H1,4,13,0,4,4,1,0,1,0,3,1,3,261,1230,1090,1090,37186,37186,174356,3444042,66600235709484198590944153023834242600457726888181401181056,196,196,129,196,65,63
irregular-n08-t064-b00064-frandom-s13,Standard,irregular-n08-t064-b00064-frandom,64,64,random,s13,358b82b87941959a39dba1d93c1ca367869ec19ad9f0f71413bcd030078564de,8,14,67,64,66,1473,3,3049773625,H1,12,16,8,0,8,0,0,0,0,0,0,0,261,1044,932,932,32580,32580,159009,3479463,21375091086935465407851281195437839300540,134,135,68,136,65,63
irregular-n08-t064-b00064-frandom-s13,Accelerated,irregular-n08-t064-b00064-frandom,64,64,random,s13,358b82b87941959a39dba1d93c1ca367869ec19ad9f0f71413bcd030078564de,8,14,67,64,66,1473,3,2261590667,H1,4,12,0,4,4,0,0,0,0,4,0,4,261,783,699,699,24435,24435,120346,2507871,18796363205674546624467985905993879973542,134,133,68,136,65,63
irregular-n08-t064-b00064-frandom-s14,Standard,irregular-n08-t064-b00064-frandom,64,64,random,s14,ea69515534ab4c492754a0a0500dee4c1394387fa8eedc28c3724456574c393e,8,14,67,64,66,1459,3,3194621166,H1,12,16,8,0,8,0,0,0,0,0,0,0,261,1071,959,959,33711,33711,167366,3912000,26500201879858547652141628615209029817280,135,134,67,135,67,66
irregular-n08-t064-b00064-frandom-s14,Accelerated,irregular-n08-t064-b00064-frandom,64,64,random,s14,ea69515534ab4c492754a0a0500dee4c1394387fa8eedc28c3724456574c393e,8,14,67,64,66,1459,3,3626268333,H1,6,16,0,6,6,2,0,2,0,4,0,4,261,1287,1147,1147,39667,39667,194492,4180839,2032098307690954291914063148890946693574572078895270187675648,201,200,133,201,67,66
irregular-n08-t064-b00064-frandom-s15,Standard,irregular-n08-t064-b00064-frandom,64,64,random,s15,7ef445dc6b2dcaf96e93447ab58b952b4e7322b3b2f98240174d73fc4cf4bdfc,8,13,67,64,65,1379,3,2824096000,H0,12,16,8,0,8,0,0,0,0,0,0,0,243,972,868,868,30404,30404,154115,3361520,22385572992233753796211959944548847896640,135,134,67,135,66,65
irregular-n08-t064-b00064-frandom-s15,Accelerated,irregular-n08-t064-b00064-frandom,64,64,random,s15,7ef445dc6b2dcaf96e93447ab58b952b4e7322b3b2f98240174d73fc4cf4bdfc,8,13,67,64,65,1379,3,2133570375,H0,5,14,0,5,5,1,0,1,0,4,0,4,243,731,653,653,22949,22949,118750,2514027,50036554737089093178303877279049662570670065113276661401480,195,191,129,196,66,65
irregular-n08-t064-b00064-frandom-s16,Standard,irregular-n08-t064-b00064-frandom,64,64,random,s16,36e41124647e5fcefb0732f43d507b8af1c4755b5028f25cc94bd12d1801718a,8,17,67,64,66,1658,3,4170520250,H1,13,17,9,0,9,0,0,0,0,0,0,0,315,1268,1132,1132,39564,39564,229219,5487458,27475154951836092371179556070278826377008,135,134,67,135,67,65
irregular-n08-t064-b00064-frandom-s16,Accelerated,irregular-n08-t064-b00064-frandom,64,64,random,s16,36e41124647e5fcefb0732f43d507b8af1c4755b5028f25cc94bd12d1801718a,8,17,67,64,66,1658,3,4751304333,H1,7,18,0,7,7,3,0,3,0,4,0,4,315,1507,1337,1337,45961,45961,266183,6101557,1362064256316910928233666737760373351130171421312411603894464,200,199,132,200,67,65
irregular-n08-t064-b00064-frandom-s17,Standard,irregular-n08-t064-b00064-frandom,64,64,random,s17,0f8c30151b279969aabbf403542e5213da34b2e080068c823d62db33d8380d72,8,16,68,64,66,1605,3,3680030750,H0,13,17,9,0,9,0,0,0,0,0,0,0,297,1196,1068,1068,37388,37388,199212,4492196,41182120722822430795540542259928539610184,135,135,68,136,65,64
irregular-n08-t064-b00064-frandom-s17,Accelerated,irregular-n08-t064-b00064-frandom,64,64,random,s17,0f8c30151b279969aabbf403542e5213da34b2e080068c823d62db33d8380d72,8,16,68,64,66,1605,3,4088272625,H0,6,16,0,6,6,2,1,1,0,4,0,4,297,1419,1259,1259,43267,43267,224809,4668195,1856147090703156431268243728489283783734517917656222294327668,201,200,133,201,65,64
irregular-n08-t064-b00064-frandom-s18,Standard,irregular-n08-t064-b00064-frandom,64,64,random,s18,59b937ca7638f5671965d01cbf0ba1ea7cfe0d9b98d3cf1bd9769379275d3eb0,8,10,66,64,64,1188,3,1630345875,H0,12,16,8,0,8,0,0,0,0,0,0,0,189,616,556,556,20156,20156,79517,1683310,5472718522489752212995143749876328405170,133,132,67,133,67,66
irregular-n08-t064-b00064-frandom-s18,Accelerated,irregular-n08-t064-b00064-frandom,64,64,random,s18,59b937ca7638f5671965d01cbf0ba1ea7cfe0d9b98d3cf1bd9769379275d3eb0,8,10,66,64,64,1188,3,1606729458,H0,6,16,0,6,6,2,0,2,0,4,0,4,189,609,549,549,19773,19773,81197,1673138,281196839913219958964062492515466284405619283693128052835900,198,197,132,199,67,66
irregular-n08-t064-b00064-frandom-s19,Standard,irregular-n08-t064-b00064-frandom,64,64,random,s19,25223b6949cb360533e361ba5d29fc1af6af6bd0bccc9bf044c49528530ae81d,8,17,68,64,66,1671,3,3603521209,H0,11,15,7,0,7,0,0,0,0,0,0,0,315,1021,919,919,32711,32711,187090,4987304,41038760591970404722833502727372707436876,135,134,68,136,67,65
irregular-n08-t064-b00064-frandom-s19,Accelerated,irregular-n08-t064-b00064-frandom,64,64,random,s19,25223b6949cb360533e361ba5d29fc1af6af6bd0bccc9bf044c49528530ae81d,8,17,68,64,66,1671,3,3559235416,H0,5,14,0,5,5,1,0,1,0,4,0,4,315,1013,911,911,32255,32255,190251,4964275,637604157766743686825285413757650847511139152173664534304244,199,198,131,199,67,65
irregular-n08-t064-b00064-frandom-s20,Standard,irregular-n08-t064-b00064-frandom,64,64,random,s20,4fea9057835dfdc80ba17cff7199630df7edf8334fb538f1c3fc0b2a48d2d7c7,8,12,67,64,65,1329,3,1823727042,L0,8,12,4,0,4,0,0,0,0,0,0,0,225,675,603,603,21171,21171,91433,1953574,18607623601679052003038322418425957831808,134,134,67,135,68,67
irregular-n08-t064-b00064-frandom-s20,Accelerated,irregular-n08-t064-b00064-frandom,64,64,random,s20,4fea9057835dfdc80ba17cff7199630df7edf8334fb538f1c3fc0b2a48d2d7c7,8,12,67,64,65,1329,3,1683499333,L0,2,10,0,2,2,0,0,0,0,2,2,2,225,643,571,571,19683,19683,86651,1798410,16628038399608972063770847535722778576892,134,133,67,135,68,67
irregular-n08-t128-b00001-falternating-s01,Standard,irregular-n08-t128-b00001-falternating,128,1,alternating,s01,7ef399163d410338f88d755888965d3dfacccbb1f545fd3f96d4cff99453c85c,8,19,6,2,4,148,3,2309678833,H0,11,15,7,0,7,0,0,0,0,0,0,0,199,651,558,558,20344,20344,125653,3225497,1484,11,11,6,12,4,2
irregular-n08-t128-b00001-falternating-s01,Accelerated,irregular-n08-t128-b00001-falternating,128,1,alternating,s01,7ef399163d410338f88d755888965d3dfacccbb1f545fd3f96d4cff99453c85c,8,19,6,2,4,148,3,2127371542,H0,5,14,0,5,5,1,1,0,0,4,0,4,199,613,520,520,18710,18710,118569,2980590,26064,15,14,9,16,4,2
irregular-n08-t128-b00001-falternating-s02,Standard,irregular-n08-t128-b00001-falternating,128,1,alternating,s02,01254477d78b669525bb7ae920cb4588b2a3d614428174d0263adf1cd45f3bdb,8,18,5,2,4,136,3,2661052709,L0,13,17,9,0,9,0,0,0,0,0,0,0,189,764,700,700,24884,24884,147340,3496885,966,10,11,6,12,4,3
irregular-n08-t128-b00001-falternating-s02,Accelerated,irregular-n08-t128-b00001-falternating,128,1,alternating,s02,01254477d78b669525bb7ae920cb4588b2a3d614428174d0263adf1cd45f3bdb,8,18,5,2,4,136,3,1612347917,L0,3,12,0,3,3,1,1,0,0,2,2,2,189,438,406,406,14870,14870,88352,2116676,22376,15,11,10,16,4,3
irregular-n08-t128-b00001-falternating-s03,Standard,irregular-n08-t128-b00001-falternating,128,1,alternating,s03,0560c4c8790f42fbd78dfd186aec2840f9681149b8a2d9ef71d20b66111bc3d6,8,20,5,2,4,144,3,2842544833,H0,12,16,8,0,8,0,0,0,0,0,0,0,209,836,692,692,24868,24868,156781,3997054,1480,11,11,6,12,4,2
irregular-n08-t128-b00001-falternating-s03,Accelerated,irregular-n08-t128-b00001-falternating,128,1,alternating,s03,0560c4c8790f42fbd78dfd186aec2840f9681149b8a2d9ef71d20b66111bc3d6,8,20,5,2,4,144,3,2238645333,H0,5,14,0,5,5,1,1,0,0,4,0,4,209,643,535,535,19355,19355,124547,3181147,42208,16,13,10,16,4,2
irregular-n08-t128-b00001-falternating-s04,Standard,irregular-n08-t128-b00001-falternating,128,1,alternating,s04,2daf58a5488195c0344a7e80ef4b3021a2eb673dab0e72332930debe237c2b70,8,20,5,2,4,152,3,2962372958,H0,9,13,6,0,6,0,0,0,0,0,0,0,209,833,756,756,26684,26684,163276,3962018,1332,11,11,6,12,4,2
irregular-n08-t128-b00001-falternating-s04,Accelerated,irregular-n08-t128-b00001-falternating,128,1,alternating,s04,2daf58a5488195c0344a7e80ef4b3021a2eb673dab0e72332930debe237c2b70,8,20,5,2,4,152,3,2205887625,H0,3,10,0,3,3,0,0,0,0,3,0,3,209,625,567,567,20013,20013,123499,2928851,1332,11,9,6,12,4,2
irregular-n08-t128-b00001-falternating-s05,Standard,irregular-n08-t128-b00001-falternating,128,1,alternating,s05,03bb4b04c13fa5a30282508116ae033c5bc67c73a46b6aef6c176e2025165cfc,8,14,5,2,4,114,3,2094930458,L0,12,16,8,0,8,0,0,0,0,0,0,0,149,700,645,645,22479,22479,118215,2452036,790,10,10,5,12,4,3
irregular-n08-t128-b00001-falternating-s05,Accelerated,irregular-n08-t128-b00001-falternating,128,1,alternating,s05,03bb4b04c13fa5a30282508116ae033c5bc67c73a46b6aef6c176e2025165cfc,8,14,5,2,4,114,3,1010167375,L0,1,9,0,1,1,0,0,0,0,1,3,1,149,326,304,304,10988,10988,54612,1126971,790,10,8,5,12,4,3
irregular-n08-t128-b00001-falternating-s06,Standard,irregular-n08-t128-b00001-falternating,128,1,alternating,s06,439c09eba4d8cf28df61591a55541a1a416148e235034670554c07d628cce48f,8,16,5,2,3,122,3,1834980125,H0,10,14,6,0,6,0,0,0,0,0,0,0,169,547,499,499,18123,18123,99980,2319186,960,10,10,5,12,4,2
irregular-n08-t128-b00001-falternating-s06,Accelerated,irregular-n08-t128-b00001-falternating,128,1,alternating,s06,439c09eba4d8cf28df61591a55541a1a416148e235034670554c07d628cce48f,8,16,5,2,3,122,3,1650417167,H0,4,12,0,4,4,0,0,0,0,4,0,4,169,507,459,459,16395,16395,92784,2083026,1040,11,8,5,12,4,2
irregular-n08-t128-b00001-falternating-s07,Standard,irregular-n08-t128-b00001-falternating,128,1,alternating,s07,e41fb7754596f526a11c5019a2d5018302c3241fd226e692a88a17cbcf0e7e74,8,16,5,2,4,123,3,1749350709,L0,11,15,7,0,7,0,0,0,0,0,0,0,169,555,474,474,17344,17344,93459,2211653,774,10,10,5,12,4,3
irregular-n08-t128-b00001-falternating-s07,Accelerated,irregular-n08-t128-b00001-falternating,128,1,alternating,s07,e41fb7754596f526a11c5019a2d5018302c3241fd226e692a88a17cbcf0e7e74,8,16,5,2,4,123,3,1292833500,L0,3,12,0,3,3,1,1,0,0,2,2,2,169,394,340,340,12608,12608,70037,1657807,17640,15,11,10,15,4,3
irregular-n08-t128-b00001-falternating-s08,Standard,irregular-n08-t128-b00001-falternating,128,1,alternating,s08,9a876b4fff46382cdc793e50811a9184fe0b7de0f8043a3462b14ade66014cbb,8,21,6,2,4,152,3,2599158917,H0,12,16,8,0,8,0,0,0,0,0,0,0,219,883,591,591,21751,21751,139969,3732985,1484,11,11,6,12,4,2
irregular-n08-t128-b00001-falternating-s08,Accelerated,irregular-n08-t128-b00001-falternating,128,1,alternating,s08,9a876b4fff46382cdc793e50811a9184fe0b7de0f8043a3462b14ade66014cbb,8,21,6,2,4,152,3,2731235042,H0,6,16,0,6,6,2,1,1,0,4,0,4,219,1009,644,644,23082,23082,151653,3930186,19200,15,13,9,16,4,2
irregular-n08-t128-b00001-falternating-s09,Standard,irregular-n08-t128-b00001-falternating,128,1,alternating,s09,5475f579c35552a1f37bccd253ff979a2070cf47c72e28e11a96084432cffa26,8,21,5,2,4,153,3,3541988083,L0,12,16,8,0,8,0,0,0,0,0,0,0,219,910,834,834,29766,29766,198227,5109972,1498,11,11,6,12,5,4
irregular-n08-t128-b00001-falternating-s09,Accelerated,irregular-n08-t128-b00001-falternating,128,1,alternating,s09,5475f579c35552a1f37bccd253ff979a2070cf47c72e28e11a96084432cffa26,8,21,5,2,4,153,3,2413609625,L0,2,11,0,2,2,1,1,0,0,1,3,1,219,564,526,526,19574,19574,134453,3541129,53984,16,14,11,17,5,4
irregular-n08-t128-b00001-falternating-s10,Standard,irregular-n08-t128-b00001-falternating,128,1,alternating,s10,94befaf543fb1ea35aee1a197aacde116f63a195de703e7ac68ff594d85b0869,8,20,5,2,4,149,3,3162917250,H0,13,17,9,0,9,0,0,0,0,0,0,0,209,876,768,768,27656,27656,171572,4342055,1224,11,11,6,12,3,2
irregular-n08-t128-b00001-falternating-s10,Accelerated,irregular-n08-t128-b00001-falternating,128,1,alternating,s10,94befaf543fb1ea35aee1a197aacde116f63a195de703e7ac68ff594d85b0869,8,20,5,2,4,149,3,2772087959,H0,6,16,0,6,6,2,2,0,0,4,0,4,209,723,642,642,23596,23596,151595,3924700,43200,16,14,11,17,3,2
irregular-n08-t128-b00001-falternating-s11,Standard,irregular-n08-t128-b00001-falternating,128,1,alternating,s11,080febd89517bbb7af3ec1dcc87b534356469908212d2d888f8117c314e6f63a,8,16,5,2,3,124,3,2196007166,H1,9,13,6,0,6,0,0,0,0,0,0,0,169,673,612,612,21644,21644,125576,2850218,744,10,10,5,12,3,2
irregular-n08-t128-b00001-falternating-s11,Accelerated,irregular-n08-t128-b00001-falternating,128,1,alternating,s11,080febd89517bbb7af3ec1dcc87b534356469908212d2d888f8117c314e6f63a,8,16,5,2,3,124,3,1718567375,H1,4,12,0,4,4,1,1,0,0,3,0,3,169,521,475,475,16937,16937,98717,2219538,18260,15,12,10,15,3,2
irregular-n08-t128-b00001-falternating-s12,Standard,irregular-n08-t128-b00001-falternating,128,1,alternating,s12,9a0257cea78f6fd8f5c489fc440c1e4f45b5c7a35a01da75c69ec493f3935172,8,15,5,2,4,115,3,1946723458,L0,11,15,7,0,7,0,0,0,0,0,0,0,159,628,580,580,20476,20476,109099,2324932,996,10,11,6,12,4,3
irregular-n08-t128-b00001-falternating-s12,Accelerated,irregular-n08-t128-b00001-falternating,128,1,alternating,s12,9a0257cea78f6fd8f5c489fc440c1e4f45b5c7a35a01da75c69ec493f3935172,8,15,5,2,4,115,3,1098303750,L0,1,9,0,1,1,0,0,0,0,1,3,1,159,348,324,324,11704,11704,60258,1258416,996,10,8,6,12,4,3
irregular-n08-t128-b00001-falternating-s13,Standard,irregular-n08-t128-b00001-falternating,128,1,alternating,s13,3376eef2ab58754e47fdbb1a9bc76b4642c516c40c21a8c73231a42486138115,8,17,5,2,3,127,3,1953693959,H0,11,15,7,0,7,0,0,0,0,0,0,0,179,587,503,503,18555,18555,108112,2601552,924,10,10,5,12,4,2
irregular-n08-t128-b00001-falternating-s13,Accelerated,irregular-n08-t128-b00001-falternating,128,1,alternating,s13,3376eef2ab58754e47fdbb1a9bc76b4642c516c40c21a8c73231a42486138115,8,17,5,2,3,127,3,1801620666,H0,5,14,0,5,5,1,1,0,0,4,0,4,179,553,469,469,17093,17093,102450,2424149,9108,14,12,8,14,4,2
irregular-n08-t128-b00001-falternating-s14,Standard,irregular-n08-t128-b00001-falternating,128,1,alternating,s14,d5c5344ef4b35cb21054e0514341f209d7a724da6fd820bd1893e8ee544f0300,8,20,5,2,4,144,3,2818229000,L0,12,16,8,0,8,0,0,0,0,0,0,0,209,836,720,720,25496,25496,152548,3754316,920,10,11,6,12,4,3
irregular-n08-t128-b00001-falternating-s14,Accelerated,irregular-n08-t128-b00001-falternating,128,1,alternating,s14,d5c5344ef4b35cb21054e0514341f209d7a724da6fd820bd1893e8ee544f0300,8,20,5,2,4,144,3,1641621791,L0,2,10,0,2,2,0,0,0,0,2,2,2,209,466,408,408,14820,14820,87990,2145041,920,10,9,6,12,4,3
irregular-n08-t128-b00001-falternating-s15,Standard,irregular-n08-t128-b00001-falternating,128,1,alternating,s15,e79e78cf54ec9e689cfa1cdcf5af9d13c323f13e698a447b07ded3fc54a91d98,8,21,5,2,3,145,3,2801083250,H0,10,14,6,0,6,0,0,0,0,0,0,0,219,707,644,644,23278,23278,152517,3987790,1266,11,10,5,12,4,2
irregular-n08-t128-b00001-falternating-s15,Accelerated,irregular-n08-t128-b00001-falternating,128,1,alternating,s15,e79e78cf54ec9e689cfa1cdcf5af9d13c323f13e698a447b07ded3fc54a91d98,8,21,5,2,3,145,3,3072448167,H0,5,14,0,5,5,1,1,0,0,4,0,4,219,741,678,678,24732,24732,174075,4572966,34416,16,14,10,16,4,2
irregular-n08-t128-b00001-falternating-s16,Standard,irregular-n08-t128-b00001-falternating,128,1,alternating,s16,90c5ceaa2d71e1f48a0c6b06a90426d7f91ec711456451652d0db4331a8e9fb8,8,20,5,2,4,148,3,2405090333,H0,10,14,6,0,6,0,0,0,0,0,0,0,209,675,573,573,20873,20873,129254,3309871,1296,11,10,6,12,4,2
irregular-n08-t128-b00001-falternating-s16,Accelerated,irregular-n08-t128-b00001-falternating,128,1,alternating,s16,90c5ceaa2d71e1f48a0c6b06a90426d7f91ec711456451652d0db4331a8e9fb8,8,20,5,2,4,148,3,2133027625,H0,4,12,0,4,4,0,0,0,0,4,0,4,209,627,525,525,18801,18801,118032,2916829,1296,11,10,6,12,4,2
irregular-n08-t128-b00001-falternating-s17,Standard,irregular-n08-t128-b00001-falternating,128,1,alternating,s17,39d1cf2e5202712b5a049855a39daf4199bc358bd0cc4c2c403fa0b1661c3ebb,8,24,6,2,4,172,3,3204402125,H0,12,16,8,0,8,0,0,0,0,0,0,0,249,996,664,664,24288,24288,171588,4942248,1904,11,11,6,12,4,2
irregular-n08-t128-b00001-falternating-s17,Accelerated,irregular-n08-t128-b00001-falternating,128,1,alternating,s17,39d1cf2e5202712b5a049855a39daf4199bc358bd0cc4c2c403fa0b1661c3ebb,8,24,6,2,4,172,3,2407466875,H0,4,12,0,4,4,0,0,0,0,4,0,4,249,747,498,498,18216,18216,131137,3720235,1904,11,9,6,12,4,2
irregular-n08-t128-b00001-falternating-s18,Standard,irregular-n08-t128-b00001-falternating,128,1,alternating,s18,70555038a5223c812c1ff31329a40fcb3e1698f47124a1170dcd7fabd4d5043b,8,14,5,2,4,114,3,1867972834,L0,12,16,8,0,8,0,0,0,0,0,0,0,149,623,547,547,19803,19803,103506,2248749,708,10,10,5,12,4,3
irregular-n08-t128-b00001-falternating-s18,Accelerated,irregular-n08-t128-b00001-falternating,128,1,alternating,s18,70555038a5223c812c1ff31329a40fcb3e1698f47124a1170dcd7fabd4d5043b,8,14,5,2,4,114,3,1296342708,L0,3,12,0,3,3,1,1,0,0,2,2,2,149,390,352,352,13300,13300,71862,1581550,7824,13,12,8,14,4,3
irregular-n08-t128-b00001-falternating-s19,Standard,irregular-n08-t128-b00001-falternating,128,1,alternating,s19,dca9806bb5b04f88788b6afb5066f21a696f94b34f13151df4af7450fdd7f6f4,8,21,5,2,4,153,3,3091976000,L0,12,16,8,0,8,0,0,0,0,0,0,0,219,757,697,697,25493,25493,167448,4445453,1284,11,11,6,12,5,4
irregular-n08-t128-b00001-falternating-s19,Accelerated,irregular-n08-t128-b00001-falternating,128,1,alternating,s19,dca9806bb5b04f88788b6afb5066f21a696f94b34f13151df4af7450fdd7f6f4,8,21,5,2,4,153,3,2579567709,L0,4,14,0,4,4,2,1,1,0,2,2,2,219,588,548,548,20592,20592,142234,3833397,35280,16,13,10,16,5,4
irregular-n08-t128-b00001-falternating-s20,Standard,irregular-n08-t128-b00001-falternating,128,1,alternating,s20,b4145525d646da6bae63aecfc4076e5496f16042bf013d20a9ae5a66b89da36f,8,16,5,2,4,119,3,2032903875,L0,10,14,6,0,6,0,0,0,0,0,0,0,169,667,583,583,20719,20719,114258,2486174,672,10,10,5,12,4,3
irregular-n08-t128-b00001-falternating-s20,Accelerated,irregular-n08-t128-b00001-falternating,128,1,alternating,s20,b4145525d646da6bae63aecfc4076e5496f16042bf013d20a9ae5a66b89da36f,8,16,5,2,4,119,3,1156567166,L0,1,9,0,1,1,0,0,0,0,1,3,1,169,370,328,328,11948,11948,64251,1355439,672,10,8,5,12,4,3
irregular-n08-t128-b00001-frandom-s01,Standard,irregular-n08-t128-b00001-frandom,128,1,random,s01,7ef399163d410338f88d755888965d3dfacccbb1f545fd3f96d4cff99453c85c,8,19,5,2,4,144,3,3842580958,L0,14,18,10,0,10,0,0,0,0,0,0,0,237,1176,1001,1001,35631,35631,209149,5056930,842,10,11,6,12,5,4
irregular-n08-t128-b00001-frandom-s01,Accelerated,irregular-n08-t128-b00001-frandom,128,1,random,s01,7ef399163d410338f88d755888965d3dfacccbb1f545fd3f96d4cff99453c85c,8,19,5,2,4,144,3,2214827666,L0,4,13,0,4,4,1,0,1,0,3,1,3,237,597,521,521,19637,19637,117386,2935993,27660,15,14,10,16,5,4
irregular-n08-t128-b00001-frandom-s02,Standard,irregular-n08-t128-b00001-frandom,128,1,random,s02,01254477d78b669525bb7ae920cb4588b2a3d614428174d0263adf1cd45f3bdb,8,18,5,2,4,139,3,3347209250,H1,11,15,7,0,7,0,0,0,0,0,0,0,295,1179,967,967,33895,33895,177665,3943920,814,10,10,5,12,3,2
irregular-n08-t128-b00001-frandom-s02,Accelerated,irregular-n08-t128-b00001-frandom,128,1,random,s02,01254477d78b669525bb7ae920cb4588b2a3d614428174d0263adf1cd45f3bdb,8,18,5,2,4,139,3,3668502083,H1,5,14,0,5,5,1,0,1,0,4,0,4,295,1389,1124,1124,38534,38534,199633,4036478,1712,11,11,6,12,3,2
irregular-n08-t128-b00001-frandom-s03,Standard,irregular-n08-t128-b00001-frandom,128,1,random,s03,0560c4c8790f42fbd78dfd186aec2840f9681149b8a2d9ef71d20b66111bc3d6,8,20,5,2,3,138,3,3554461458,H0,10,14,6,0,6,0,0,0,0,0,0,0,328,1031,929,929,32797,32797,183319,4640279,652,10,10,5,12,6,5
irregular-n08-t128-b00001-frandom-s03,Accelerated,irregular-n08-t128-b00001-frandom,128,1,random,s03,0560c4c8790f42fbd78dfd186aec2840f9681149b8a2d9ef71d20b66111bc3d6,8,20,5,2,3,138,3,3277506584,H0,4,12,0,4,4,0,0,0,0,4,0,4,328,984,882,882,30678,30678,173031,4252402,652,10,9,5,12,6,5
irregular-n08-t128-b00001-frandom-s04,Standard,irregular-n08-t128-b00001-frandom,128,1,random,s04,2daf58a5488195c0344a7e80ef4b3021a2eb673dab0e72332930debe237c2b70,8,20,5,2,3,148,3,4552450750,H0,10,14,6,0,6,0,0,0,0,0,0,0,368,1431,1271,1271,43615,43615,223278,5732372,810,10,9,6,12,6,4
irregular-n08-t128-b00001-frandom-s04,Accelerated,irregular-n08-t128-b00001-frandom,128,1,random,s04,2daf58a5488195c0344a7e80ef4b3021a2eb673dab0e72332930debe237c2b70,8,20,5,2,3,148,3,3576661250,H0,4,12,0,4,4,0,0,0,0,4,0,4,368,1104,984,984,34056,34056,179640,4525638,760,10,9,6,12,6,4
irregular-n08-t128-b00001-frandom-s05,Standard,irregular-n08-t128-b00001-frandom,128,1,random,s05,03bb4b04c13fa5a30282508116ae033c5bc67c73a46b6aef6c176e2025165cfc,8,14,5,2,3,112,3,2764480458,L0,13,17,9,0,9,0,0,0,0,0,0,0,231,952,852,852,30084,30084,145413,3321419,524,10,9,5,12,3,2
irregular-n08-t128-b00001-frandom-s05,Accelerated,irregular-n08-t128-b00001-frandom,128,1,random,s05,03bb4b04c13fa5a30282508116ae033c5bc67c73a46b6aef6c176e2025165cfc,8,14,5,2,3,112,3,1707634584,L0,3,12,0,3,3,1,1,0,0,2,2,2,231,552,502,502,18394,18394,90542,1998407,7828,13,12,9,14,3,2
irregular-n08-t128-b00001-frandom-s06,Standard,irregular-n08-t128-b00001-frandom,128,1,random,s06,439c09eba4d8cf28df61591a55541a1a416148e235034670554c07d628cce48f,8,16,5,2,3,126,3,2213680250,H1,11,15,7,0,7,0,0,0,0,0,0,0,199,662,596,596,21824,21824,122015,2793464,924,10,10,5,12,3,2
irregular-n08-t128-b00001-frandom-s06,Accelerated,irregular-n08-t128-b00001-frandom,128,1,random,s06,439c09eba4d8cf28df61591a55541a1a416148e235034670554c07d628cce48f,8,16,5,2,3,126,3,1728447459,H1,3,12,0,3,3,1,1,0,0,2,2,2,199,495,451,451,16867,16867,96504,2154469,16128,14,13,9,15,3,2
irregular-n08-t128-b00001-frandom-s07,Standard,irregular-n08-t128-b00001-frandom,128,1,random,s07,e41fb7754596f526a11c5019a2d5018302c3241fd226e692a88a17cbcf0e7e74,8,16,5,2,4,130,3,3900253625,L0,15,19,11,0,11,0,0,0,0,0,0,0,264,1288,1153,1153,40019,40019,214809,4821162,1068,11,10,5,12,5,4
irregular-n08-t128-b00001-frandom-s07,Accelerated,irregular-n08-t128-b00001-frandom,128,1,random,s07,e41fb7754596f526a11c5019a2d5018302c3241fd226e692a88a17cbcf0e7e74,8,16,5,2,4,130,3,4870912375,L0,9,22,0,9,9,5,1,4,0,4,0,4,264,1706,1517,1517,51651,51651,274161,5678200,19528,15,14,10,16,5,4
irregular-n08-t128-b00001-frandom-s08,Standard,irregular-n08-t128-b00001-frandom,128,1,random,s08,9a876b4fff46382cdc793e50811a9184fe0b7de0f8043a3462b14ade66014cbb,8,21,6,2,4,161,3,3490228500,L0,9,13,5,0,5,0,0,0,0,0,0,0,345,1036,913,913,31723,31723,183465,4596218,1520,11,12,6,12,4,4
irregular-n08-t128-b00001-frandom-s08,Accelerated,irregular-n08-t128-b00001-frandom,128,1,random,s08,9a876b4fff46382cdc793e50811a9184fe0b7de0f8043a3462b14ade66014cbb,8,21,6,2,4,161,3,3222214084,L0,1,9,0,1,1,0,0,0,0,1,3,1,345,984,866,866,29530,29530,173044,4173153,1156,11,9,6,12,4,4
irregular-n08-t128-b00001-frandom-s09,Standard,irregular-n08-t128-b00001-frandom,128,1,random,s09,5475f579c35552a1f37bccd253ff979a2070cf47c72e28e11a96084432cffa26,8,21,5,2,4,154,3,4434601292,L1,12,16,8,0,8,0,0,0,0,0,0,0,344,1335,1191,1191,41099,41099,237672,5590071,1180,11,11,6,12,4,3
irregular-n08-t128-b00001-frandom-s09,Accelerated,irregular-n08-t128-b00001-frandom,128,1,random,s09,5475f579c35552a1f37bccd253ff979a2070cf47c72e28e11a96084432cffa26,8,21,5,2,4,154,3,3173034042,L1,4,13,0,4,4,1,0,1,0,3,1,3,344,992,884,884,30464,30464,169850,3665398,932,10,9,6,12,4,3
irregular-n08-t128-b00001-frandom-s10,Standard,irregular-n08-t128-b00001-frandom,128,1,random,s10,94befaf543fb1ea35aee1a197aacde116f63a195de703e7ac68ff594d85b0869,8,20,5,2,4,150,3,4170256458,L0,10,14,6,0,6,0,0,0,0,0,0,0,327,1301,1157,1157,39917,39917,223619,5098498,1002,10,11,6,12,5,4
irregular-n08-t128-b00001-frandom-s10,Accelerated,irregular-n08-t128-b00001-frandom,128,1,random,s10,94befaf543fb1ea35aee1a197aacde116f63a195de703e7ac68ff594d85b0869,8,20,5,2,4,150,3,2232419333,L0,1,9,0,1,1,0,0,0,0,1,3,1,327,694,620,620,21800,21800,119131,2578254,1002,10,9,6,12,5,4
irregular-n08-t128-b00001-frandom-s11,Standard,irregular-n08-t128-b00001-frandom,128,1,random,s11,080febd89517bbb7af3ec1dcc87b534356469908212d2d888f8117c314e6f63a,8,16,5,2,3,123,3,2161569208,H1,10,14,6,0,6,0,0,0,0,0,0,0,231,891,615,615,21975,21975,114125,2662101,636,10,9,5,12,5,4
irregular-n08-t128-b00001-frandom-s11,Accelerated,irregular-n08-t128-b00001-frandom,128,1,random,s11,080febd89517bbb7af3ec1dcc87b534356469908212d2d888f8117c314e6f63a,8,16,5,2,3,123,3,2418789542,H1,5,14,0,5,5,1,0,1,0,4,0,4,231,1077,732,732,25698,25698,130060,2783499,1488,11,11,6,12,5,4
irregular-n08-t128-b00001-frandom-s12,Standard,irregular-n08-t128-b00001-frandom,128,1,random,s12,9a0257cea78f6fd8f5c489fc440c1e4f45b5c7a35a01da75c69ec493f3935172,8,15,5,2,4,117,3,1938632166,L0,12,16,8,0,8,0,0,0,0,0,0,0,189,727,591,591,21259,21259,102540,2177835,840,10,10,6,12,5,4
irregular-n08-t128-b00001-frandom-s12,Accelerated,irregular-n08-t128-b00001-frandom,128,1,random,s12,9a0257cea78f6fd8f5c489fc440c1e4f45b5c7a35a01da75c69ec493f3935172,8,15,5,2,4,117,3,1120034750,L0,4,14,0,4,4,2,0,2,0,2,2,2,189,391,323,323,12059,12059,57964,1238562,2764,12,9,7,12,5,4
irregular-n08-t128-b00001-frandom-s13,Standard,irregular-n08-t128-b00001-frandom,128,1,random,s13,3376eef2ab58754e47fdbb1a9bc76b4642c516c40c21a8c73231a42486138115,8,17,5,2,4,131,3,3724952750,L0,13,17,9,0,9,0,0,0,0,0,0,0,314,1263,1127,1127,39279,39279,195017,4341461,662,10,10,5,12,4,3
irregular-n08-t128-b00001-frandom-s13,Accelerated,irregular-n08-t128-b00001-frandom,128,1,random,s13,3376eef2ab58754e47fdbb1a9bc76b4642c516c40c21a8c73231a42486138115,8,17,5,2,4,131,3,4193080375,L0,5,15,0,5,5,2,1,1,0,3,1,3,314,1499,1329,1329,45457,45457,225208,4636429,7504,13,12,9,15,4,3
irregular-n08-t128-b00001-frandom-s14,Standard,irregular-n08-t128-b00001-frandom,128,1,random,s14,d5c5344ef4b35cb21054e0514341f209d7a724da6fd820bd1893e8ee544f0300,8,20,5,2,3,146,3,3387414125,H0,9,13,5,0,5,0,0,0,0,0,0,0,328,991,880,880,30906,30906,177293,4645606,1332,11,10,6,12,6,4
irregular-n08-t128-b00001-frandom-s14,Accelerated,irregular-n08-t128-b00001-frandom,128,1,random,s14,d5c5344ef4b35cb21054e0514341f209d7a724da6fd820bd1893e8ee544f0300,8,20,5,2,3,146,3,3088810916,H0,3,11,0,3,3,0,0,0,0,3,1,3,328,944,833,833,28787,28787,164177,4166363,1332,11,10,6,12,6,4
irregular-n08-t128-b00001-frandom-s15,Standard,irregular-n08-t128-b00001-frandom,128,1,random,s15,e79e78cf54ec9e689cfa1cdcf5af9d13c323f13e698a447b07ded3fc54a91d98,8,21,5,2,4,151,3,5106345083,H1,11,15,7,0,7,0,0,0,0,0,0,0,385,1534,1366,1366,47014,47014,272550,6627063,1170,11,10,6,12,3,2
irregular-n08-t128-b00001-frandom-s15,Accelerated,irregular-n08-t128-b00001-frandom,128,1,random,s15,e79e78cf54ec9e689cfa1cdcf5af9d13c323f13e698a447b07ded3fc54a91d98,8,21,5,2,4,151,3,5671584250,H1,5,15,0,5,5,2,0,2,0,3,1,3,385,1823,1613,1613,54557,54557,309880,6914553,7008,13,13,9,13,3,2
irregular-n08-t128-b00001-frandom-s16,Standard,irregular-n08-t128-b00001-frandom,128,1,random,s16,90c5ceaa2d71e1f48a0c6b06a90426d7f91ec711456451652d0db4331a8e9fb8,8,20,6,2,4,153,3,3333226875,L0,10,14,6,0,6,0,0,0,0,0,0,0,328,992,887,887,31093,31093,170334,4331458,1052,11,10,6,12,5,4
irregular-n08-t128-b00001-frandom-s16,Accelerated,irregular-n08-t128-b00001-frandom,128,1,random,s16,90c5ceaa2d71e1f48a0c6b06a90426d7f91ec711456451652d0db4331a8e9fb8,8,20,6,2,4,153,3,3294450084,L0,3,11,0,3,3,0,0,0,0,3,1,3,328,983,878,878,30548,30548,172201,4283421,1052,11,10,6,12,5,4
irregular-n08-t128-b00001-frandom-s17,Standard,irregular-n08-t128-b00001-frandom,128,1,random,s17,39d1cf2e5202712b5a049855a39daf4199bc358bd0cc4c2c403fa0b1661c3ebb,8,24,6,2,4,173,3,6099284667,L0,10,14,6,0,6,0,0,0,0,0,0,0,440,1752,1560,1560,53640,53640,304827,8070379,1338,11,11,6,12,7,6
irregular-n08-t128-b00001-frandom-s17,Accelerated,irregular-n08-t128-b00001-frandom,128,1,random,s17,39d1cf2e5202712b5a049855a39daf4199bc358bd0cc4c2c403fa0b1661c3ebb,8,24,6,2,4,173,3,7010999542,L0,4,13,0,4,4,1,0,1,0,3,1,3,440,2081,1841,1841,62169,62169,363623,9041418,5248,13,12,8,13,7,6
irregular-n08-t128-b00001-frandom-s18,Standard,irregular-n08-t128-b00001-frandom,128,1,random,s18,70555038a5223c812c1ff31329a40fcb3e1698f47124a1170dcd7fabd4d5043b,8,14,5,2,3,111,3,2580913666,H1,11,15,7,0,7,0,0,0,0,0,0,0,231,923,827,827,28779,28779,135818,3010037,576,10,9,5,12,3,2
irregular-n08-t128-b00001-frandom-s18,Accelerated,irregular-n08-t128-b00001-frandom,128,1,random,s18,70555038a5223c812c1ff31329a40fcb3e1698f47124a1170dcd7fabd4d5043b,8,14,5,2,3,111,3,2915674292,H1,5,14,0,5,5,1,0,1,0,4,0,4,231,1085,965,965,32879,32879,158964,3372395,1072,11,10,6,12,3,2
irregular-n08-t128-b00001-frandom-s19,Standard,irregular-n08-t128-b00001-frandom,128,1,random,s19,dca9806bb5b04f88788b6afb5066f21a696f94b34f13151df4af7450fdd7f6f4,8,21,6,2,3,157,3,4909441958,L1,9,13,5,0,5,0,0,0,0,0,0,0,386,1494,1326,1326,45306,45306,255504,6393357,1066,11,11,6,12,4,3
irregular-n08-t128-b00001-frandom-s19,Accelerated,irregular-n08-t128-b00001-frandom,128,1,random,s19,dca9806bb5b04f88788b6afb5066f21a696f94b34f13151df4af7450fdd7f6f4,8,21,6,2,3,157,3,2781580083,L1,2,10,0,2,2,0,0,0,0,2,2,2,386,815,731,731,25671,25671,145994,3505395,1004,10,9,6,12,4,3
irregular-n08-t128-b00001-frandom-s20,Standard,irregular-n08-t128-b00001-frandom,128,1,random,s20,b4145525d646da6bae63aecfc4076e5496f16042bf013d20a9ae5a66b89da36f,8,16,5,2,3,121,3,2842703916,L1,9,13,5,0,5,0,0,0,0,0,0,0,264,1016,880,880,30448,30448,150103,3337604,492,9,9,5,12,4,3
irregular-n08-t128-b00001-frandom-s20,Accelerated,irregular-n08-t128-b00001-frandom,128,1,random,s20,b4145525d646da6bae63aecfc4076e5496f16042bf013d20a9ae5a66b89da36f,8,16,5,2,3,121,3,3157449542,L1,3,12,0,3,3,1,0,1,0,2,2,2,264,1201,1031,1031,34899,34899,173064,3514939,1040,11,10,6,12,4,3
irregular-n08-t128-b00008-falternating-s01,Standard,irregular-n08-t128-b00008-falternating,128,8,alternating,s01,7ef399163d410338f88d755888965d3dfacccbb1f545fd3f96d4cff99453c85c,8,19,12,8,10,271,3,2327926083,H0,10,14,6,0,6,0,0,0,0,0,0,0,199,643,550,550,19992,19992,127187,3267936,8818994,24,23,12,24,10,2
irregular-n08-t128-b00008-falternating-s01,Accelerated,irregular-n08-t128-b00008-falternating,128,8,alternating,s01,7ef399163d410338f88d755888965d3dfacccbb1f545fd3f96d4cff99453c85c,8,19,12,8,10,271,3,2175531333,H0,5,14,0,5,5,1,1,0,0,4,0,4,199,613,520,520,18710,18710,121507,3064890,10092403520,34,32,20,34,10,2
irregular-n08-t128-b00008-falternating-s02,Standard,irregular-n08-t128-b00008-falternating,128,8,alternating,s02,01254477d78b669525bb7ae920cb4588b2a3d614428174d0263adf1cd45f3bdb,8,18,12,8,11,273,3,2876993667,H0,12,16,8,0,8,0,0,0,0,0,0,0,189,791,727,727,26007,26007,159720,3865828,11936288,24,24,12,24,10,2
irregular-n08-t128-b00008-falternating-s02,Accelerated,irregular-n08-t128-b00008-falternating,128,8,alternating,s02,01254477d78b669525bb7ae920cb4588b2a3d614428174d0263adf1cd45f3bdb,8,18,12,8,11,273,3,1997881584,H0,4,13,0,4,4,1,0,1,0,3,1,3,189,495,463,463,17335,17335,111009,2752501,6676625696,33,32,14,33,10,2
irregular-n08-t128-b00008-falternating-s03,Standard,irregular-n08-t128-b00008-falternating,128,8,alternating,s03,0560c4c8790f42fbd78dfd186aec2840f9681149b8a2d9ef71d20b66111bc3d6,8,20,12,9,11,287,3,2891263958,H0,11,15,7,0,7,0,0,0,0,0,0,0,209,835,691,691,24795,24795,161847,4162837,15399208,24,24,12,24,10,2
irregular-n08-t128-b00008-falternating-s03,Accelerated,irregular-n08-t128-b00008-falternating,128,8,alternating,s03,0560c4c8790f42fbd78dfd186aec2840f9681149b8a2d9ef71d20b66111bc3d6,8,20,12,9,11,287,3,3172114292,H0,6,16,0,6,6,2,1,1,0,4,0,4,209,963,783,783,27499,27499,181446,4540865,35402361552,36,33,23,36,10,2
irregular-n08-t128-b00008-falternating-s04,Standard,irregular-n08-t128-b00008-falternating,128,8,alternating,s04,2daf58a5488195c0344a7e80ef4b3021a2eb673dab0e72332930debe237c2b70,8,20,12,9,10,282,3,3391743584,H0,11,15,8,0,8,0,0,0,0,0,0,0,209,881,804,804,28756,28756,187372,4743129,9328540,24,23,12,24,10,2
irregular-n08-t128-b00008-falternating-s04,Accelerated,irregular-n08-t128-b00008-falternating,128,8,alternating,s04,2daf58a5488195c0344a7e80ef4b3021a2eb673dab0e72332930debe237c2b70,8,20,12,9,10,282,3,3876907167,H0,6,16,0,6,6,3,1,2,0,3,0,3,209,1041,945,945,33355,33355,220413,5381297,15759517248,34,32,22,35,10,2
irregular-n08-t128-b00008-falternating-s05,Standard,irregular-n08-t128-b00008-falternating,128,8,alternating,s05,03bb4b04c13fa5a30282508116ae033c5bc67c73a46b6aef6c176e2025165cfc,8,14,11,8,10,217,3,2204082167,L0,13,17,9,0,9,0,0,0,0,0,0,0,149,708,653,653,22831,22831,126977,2736872,6168458,23,23,12,24,10,9
irregular-n08-t128-b00008-falternating-s05,Accelerated,irregular-n08-t128-b00008-falternating,128,8,alternating,s05,03bb4b04c13fa5a30282508116ae033c5bc67c73a46b6aef6c176e2025165cfc,8,14,11,8,10,217,3,1399276833,L0,3,12,0,3,3,1,1,0,0,2,2,2,149,390,368,368,13748,13748,79006,1793947,15614959868,34,32,23,35,10,9
irregular-n08-t128-b00008-falternating-s06,Standard,irregular-n08-t128-b00008-falternating,128,8,alternating,s06,439c09eba4d8cf28df61591a55541a1a416148e235034670554c07d628cce48f,8,16,11,8,10,234,3,2412163208,H0,13,17,9,0,9,0,0,0,0,0,0,0,169,708,644,644,23236,23236,134531,3140598,5749240,23,22,11,23,10,2
irregular-n08-t128-b00008-falternating-s06,Accelerated,irregular-n08-t128-b00008-falternating,128,8,alternating,s06,439c09eba4d8cf28df61591a55541a1a416148e235034670554c07d628cce48f,8,16,11,8,10,234,3,2041288250,H0,6,16,0,6,6,2,0,2,0,4,0,4,169,573,525,525,19293,19293,115177,2674700,2307295072,32,31,20,32,10,2
irregular-n08-t128-b00008-falternating-s07,Standard,irregular-n08-t128-b00008-falternating,128,8,alternating,s07,e41fb7754596f526a11c5019a2d5018302c3241fd226e692a88a17cbcf0e7e74,8,16,11,8,10,236,3,2248040208,H0,13,17,9,0,9,0,0,0,0,0,0,0,169,708,600,600,21728,21728,122781,2865730,5833832,23,22,11,23,10,2
irregular-n08-t128-b00008-falternating-s07,Accelerated,irregular-n08-t128-b00008-falternating,128,8,alternating,s07,e41fb7754596f526a11c5019a2d5018302c3241fd226e692a88a17cbcf0e7e74,8,16,11,8,10,236,3,2522425833,H0,7,18,0,7,7,3,0,3,0,4,0,4,169,829,694,694,24736,24736,141335,3142384,2572014584,32,31,20,32,10,2
irregular-n08-t128-b00008-falternating-s08,Standard,irregular-n08-t128-b00008-falternating,128,8,alternating,s08,9a876b4fff46382cdc793e50811a9184fe0b7de0f8043a3462b14ade66014cbb,8,21,12,8,10,291,3,2690293459,H0,12,16,8,0,8,0,0,0,0,0,0,0,219,883,591,591,21751,21751,145368,3968448,8505448,24,23,12,24,10,2
irregular-n08-t128-b00008-falternating-s08,Accelerated,irregular-n08-t128-b00008-falternating,128,8,alternating,s08,9a876b4fff46382cdc793e50811a9184fe0b7de0f8043a3462b14ade66014cbb,8,21,12,8,10,291,3,2791093833,H0,6,16,0,6,6,2,1,1,0,4,0,4,219,1009,644,644,23082,23082,154538,4060226,9882768768,34,32,20,34,10,2
irregular-n08-t128-b00008-falternating-s09,Standard,irregular-n08-t128-b00008-falternating,128,8,alternating,s09,5475f579c35552a1f37bccd253ff979a2070cf47c72e28e11a96084432cffa26,8,21,12,8,10,288,3,3691690792,H1,13,17,9,0,9,0,0,0,0,0,0,0,219,918,842,842,30118,30118,207184,5451886,9589720,24,23,12,24,9,2
irregular-n08-t128-b00008-falternating-s09,Accelerated,irregular-n08-t128-b00008-falternating,128,8,alternating,s09,5475f579c35552a1f37bccd253ff979a2070cf47c72e28e11a96084432cffa26,8,21,12,8,10,288,3,3151142125,H1,6,16,0,6,6,2,0,2,0,4,0,4,219,743,686,686,24992,24992,179309,4738185,4419509624,33,32,21,33,9,2
irregular-n08-t128-b00008-falternating-s10,Standard,irregular-n08-t128-b00008-falternating,128,8,alternating,s10,94befaf543fb1ea35aee1a197aacde116f63a195de703e7ac68ff594d85b0869,8,20,12,8,10,295,3,2496415791,H0,10,14,6,0,6,0,0,0,0,0,0,0,209,675,594,594,21524,21524,134645,3426641,12946612,24,24,12,24,10,2
irregular-n08-t128-b00008-falternating-s10,Accelerated,irregular-n08-t128-b00008-falternating,128,8,alternating,s10,94befaf543fb1ea35aee1a197aacde116f63a195de703e7ac68ff594d85b0869,8,20,12,8,10,295,3,2239187292,H0,4,12,0,4,4,0,0,0,0,4,0,4,209,627,546,546,19452,19452,124507,3069516,12946612,24,23,12,24,10,2
irregular-n08-t128-b00008-falternating-s11,Standard,irregular-n08-t128-b00008-falternating,128,8,alternating,s11,080febd89517bbb7af3ec1dcc87b534356469908212d2d888f8117c314e6f63a,8,16,12,8,10,244,3,2489232375,H1,11,15,8,0,8,0,0,0,0,0,0,0,169,713,652,652,23372,23372,144397,3412183,9149400,24,23,12,24,8,2
irregular-n08-t128-b00008-falternating-s11,Accelerated,irregular-n08-t128-b00008-falternating,128,8,alternating,s11,080febd89517bbb7af3ec1dcc87b534356469908212d2d888f8117c314e6f63a,8,16,12,8,10,244,3,2248970042,H1,6,16,0,6,6,3,3,0,0,3,0,3,169,601,555,555,20393,20393,131660,3174202,13553857756560,44,42,32,56,8,2
irregular-n08-t128-b00008-falternating-s12,Standard,irregular-n08-t128-b00008-falternating,128,8,alternating,s12,9a0257cea78f6fd8f5c489fc440c1e4f45b5c7a35a01da75c69ec493f3935172,8,15,11,8,10,221,3,2402106375,L0,13,17,9,0,9,0,0,0,0,0,0,0,159,756,696,696,24320,24320,140054,3061138,4449830,23,22,11,23,10,9
irregular-n08-t128-b00008-falternating-s12,Accelerated,irregular-n08-t128-b00008-falternating,128,8,alternating,s12,9a0257cea78f6fd8f5c489fc440c1e4f45b5c7a35a01da75c69ec493f3935172,8,15,11,8,10,221,3,1529026541,L0,3,12,0,3,3,1,0,1,0,2,2,2,159,416,392,392,14636,14636,87954,2010203,9225377480,34,31,22,34,10,9
irregular-n08-t128-b00008-falternating-s13,Standard,irregular-n08-t128-b00008-falternating,128,8,alternating,s13,3376eef2ab58754e47fdbb1a9bc76b4642c516c40c21a8c73231a42486138115,8,17,11,8,10,236,3,2161629000,H0,11,15,7,0,7,0,0,0,0,0,0,0,179,613,529,529,19665,19665,120761,2937716,6190738,23,22,11,23,10,2
irregular-n08-t128-b00008-falternating-s13,Accelerated,irregular-n08-t128-b00008-falternating,128,8,alternating,s13,3376eef2ab58754e47fdbb1a9bc76b4642c516c40c21a8c73231a42486138115,8,17,11,8,10,236,3,2104103167,H0,5,14,0,5,5,1,0,1,0,4,0,4,179,605,521,521,19313,19313,119343,2818968,2191331544,32,31,13,32,10,2
irregular-n08-t128-b00008-falternating-s14,Standard,irregular-n08-t128-b00008-falternating,128,8,alternating,s14,d5c5344ef4b35cb21054e0514341f209d7a724da6fd820bd1893e8ee544f0300,8,20,12,8,10,277,3,3163177292,H0,13,17,9,0,9,0,0,0,0,0,0,0,209,876,760,760,27216,27216,172026,4368380,7925948,23,23,12,24,8,2
irregular-n08-t128-b00008-falternating-s14,Accelerated,irregular-n08-t128-b00008-falternating,128,8,alternating,s14,d5c5344ef4b35cb21054e0514341f209d7a724da6fd820bd1893e8ee544f0300,8,20,12,8,10,277,3,3584852542,H0,6,16,0,6,6,2,0,2,0,4,0,4,209,1027,882,882,31020,31020,202134,4977022,1749984288,31,30,19,31,8,2
irregular-n08-t128-b00008-falternating-s15,Standard,irregular-n08-t128-b00008-falternating,128,8,alternating,s15,e79e78cf54ec9e689cfa1cdcf5af9d13c323f13e698a447b07ded3fc54a91d98,8,21,12,8,10,288,3,2930745166,H0,11,15,7,0,7,0,0,0,0,0,0,0,219,715,652,652,23630,23630,162665,4354033,10663614,24,23,12,24,10,2
irregular-n08-t128-b00008-falternating-s15,Accelerated,irregular-n08-t128-b00008-falternating,128,8,alternating,s15,e79e78cf54ec9e689cfa1cdcf5af9d13c323f13e698a447b07ded3fc54a91d98,8,21,12,8,10,288,3,2712980417,H0,5,14,0,5,5,1,1,0,0,4,0,4,219,673,610,610,21824,21824,153716,4040531,12147615792,34,32,21,35,10,2
irregular-n08-t128-b00008-falternating-s16,Standard,irregular-n08-t128-b00008-falternating,128,8,alternating,s16,90c5ceaa2d71e1f48a0c6b06a90426d7f91ec711456451652d0db4331a8e9fb8,8,20,12,8,11,290,3,2704107917,H0,11,15,7,0,7,0,0,0,0,0,0,0,209,715,613,613,22593,22593,145325,3812508,13771484,24,23,12,24,10,2
irregular-n08-t128-b00008-falternating-s16,Accelerated,irregular-n08-t128-b00008-falternating,128,8,alternating,s16,90c5ceaa2d71e1f48a0c6b06a90426d7f91ec711456451652d0db4331a8e9fb8,8,20,12,8,11,290,3,3168273792,H0,6,16,0,6,6,2,1,1,0,4,0,4,209,787,685,685,25681,25681,175541,4613218,8512838562688,43,43,24,43,10,2
irregular-n08-t128-b00008-falternating-s17,Standard,irregular-n08-t128-b00008-falternating,128,8,alternating,s17,39d1cf2e5202712b5a049855a39daf4199bc358bd0cc4c2c403fa0b1661c3ebb,8,24,12,8,11,327,3,3583579417,H0,13,17,9,0,9,0,0,0,0,0,0,0,249,1044,712,712,26352,26352,192111,5571113,14822136,24,24,12,25,10,2
irregular-n08-t128-b00008-falternating-s17,Accelerated,irregular-n08-t128-b00008-falternating,128,8,alternating,s17,39d1cf2e5202712b5a049855a39daf4199bc358bd0cc4c2c403fa0b1661c3ebb,8,24,12,8,11,327,3,3095987125,H0,5,14,0,5,5,1,0,1,0,4,0,4,249,843,594,594,22344,22344,169483,4845278,13706341840,34,33,14,34,10,2
irregular-n08-t128-b00008-falternating-s18,Standard,irregular-n08-t128-b00008-falternating,128,8,alternating,s18,70555038a5223c812c1ff31329a40fcb3e1698f47124a1170dcd7fabd4d5043b,8,14,11,8,9,207,3,1907684459,H0,12,16,8,0,8,0,0,0,0,0,0,0,149,623,547,547,19803,19803,105170,2265156,4078822,22,22,11,23,10,2
irregular-n08-t128-b00008-falternating-s18,Accelerated,irregular-n08-t128-b00008-falternating,128,8,alternating,s18,70555038a5223c812c1ff31329a40fcb3e1698f47124a1170dcd7fabd4d5043b,8,14,11,8,9,207,3,2109665667,H0,6,16,0,6,6,2,0,2,0,4,0,4,149,727,632,632,22490,22490,119623,2409626,1578924416,31,30,20,31,10,2
irregular-n08-t128-b00008-falternating-s19,Standard,irregular-n08-t128-b00008-falternating,128,8,alternating,s19,dca9806bb5b04f88788b6afb5066f21a696f94b34f13151df4af7450fdd7f6f4,8,21,12,8,10,298,3,2913928333,H0,12,16,8,0,8,0,0,0,0,0,0,0,219,716,656,656,23760,23760,160467,4309338,15479976,24,24,12,24,10,2
irregular-n08-t128-b00008-falternating-s19,Accelerated,irregular-n08-t128-b00008-falternating,128,8,alternating,s19,dca9806bb5b04f88788b6afb5066f21a696f94b34f13151df4af7450fdd7f6f4,8,21,12,8,10,298,3,2670943291,H0,5,14,0,5,5,1,1,0,0,4,0,4,219,673,613,613,21881,21881,150424,3935045,30798756800,35,32,23,36,10,2
irregular-n08-t128-b00008-falternating-s20,Standard,irregular-n08-t128-b00008-falternating,128,8,alternating,s20,b4145525d646da6bae63aecfc4076e5496f16042bf013d20a9ae5a66b89da36f,8,16,12,8,10,243,3,2228792875,H1,13,17,9,0,9,0,0,0,0,0,0,0,169,684,600,600,21496,21496,126919,2952000,9383280,24,23,12,24,7,2
irregular-n08-t128-b00008-falternating-s20,Accelerated,irregular-n08-t128-b00008-falternating,128,8,alternating,s20,b4145525d646da6bae63aecfc4076e5496f16042bf013d20a9ae5a66b89da36f,8,16,12,8,10,243,3,1735908125,H1,5,14,0,5,5,1,1,0,0,4,0,4,169,523,460,460,16562,16562,100096,2309264,5824535432,33,30,21,34,7,2
irregular-n08-t128-b00008-frandom-s01,Standard,irregular-n08-t128-b00008-frandom,128,8,random,s01,7ef399163d410338f88d755888965d3dfacccbb1f545fd3f96d4cff99453c85c,8,19,12,8,10,301,3,3979123334,L1,10,14,6,0,6,0,0,0,0,0,0,0,351,1358,1112,1112,38288,38288,211265,4943601,6832684,23,23,12,24,11,10
irregular-n08-t128-b00008-frandom-s01,Accelerated,irregular-n08-t128-b00008-frandom,128,8,random,s01,7ef399163d410338f88d755888965d3dfacccbb1f545fd3f96d4cff99453c85c,8,19,12,8,10,301,3,4427959583,L1,4,14,0,4,4,2,0,2,0,2,2,2,351,1617,1313,1313,44353,44353,238501,5105209,899310560,30,30,19,31,11,10
irregular-n08-t128-b00008-frandom-s02,Standard,irregular-n08-t128-b00008-frandom,128,8,random,s02,01254477d78b669525bb7ae920cb4588b2a3d614428174d0263adf1cd45f3bdb,8,18,12,8,10,287,3,4314037416,L0,11,15,7,0,7,0,0,0,0,0,0,0,333,1324,1180,1180,40828,40828,230191,5804526,6425964,23,23,12,24,13,12
irregular-n08-t128-b00008-frandom-s02,Accelerated,irregular-n08-t128-b00008-frandom,128,8,random,s02,01254477d78b669525bb7ae920cb4588b2a3d614428174d0263adf1cd45f3bdb,8,18,12,8,10,287,3,5191023542,L0,6,17,0,6,6,3,0,3,0,3,1,3,333,1641,1461,1461,50237,50237,283680,6716320,14396200568,34,33,23,35,13,12
irregular-n08-t128-b00008-frandom-s03,Standard,irregular-n08-t128-b00008-frandom,128,8,random,s03,0560c4c8790f42fbd78dfd186aec2840f9681149b8a2d9ef71d20b66111bc3d6,8,20,12,8,9,299,3,4721093166,H0,11,15,7,0,7,0,0,0,0,0,0,0,369,1436,1276,1276,43916,43916,247815,6143383,8671792,24,23,12,24,12,11
irregular-n08-t128-b00008-frandom-s03,Accelerated,irregular-n08-t128-b00008-frandom,128,8,random,s03,0560c4c8790f42fbd78dfd186aec2840f9681149b8a2d9ef71d20b66111bc3d6,8,20,12,8,9,299,3,5558499083,H0,6,16,0,6,6,2,0,2,0,4,0,4,369,1749,1549,1549,52693,52693,302025,7014367,2316298400,32,31,20,33,12,11
irregular-n08-t128-b00008-frandom-s04,Standard,irregular-n08-t128-b00008-frandom,128,8,random,s04,2daf58a5488195c0344a7e80ef4b3021a2eb673dab0e72332930debe237c2b70,8,20,12,8,10,310,3,3647286667,L0,8,12,4,0,4,0,0,0,0,0,0,0,369,1107,987,987,34227,34227,181584,4627250,4782424,23,23,12,24,13,12
irregular-n08-t128-b00008-frandom-s04,Accelerated,irregular-n08-t128-b00008-frandom,128,8,random,s04,2daf58a5488195c0344a7e80ef4b3021a2eb673dab0e72332930debe237c2b70,8,20,12,8,10,310,3,3390056625,L0,2,10,0,2,2,0,0,0,0,2,2,2,369,1059,939,939,32051,32051,173448,4309538,4782424,23,21,12,24,13,12
irregular-n08-t128-b00008-frandom-s05,Standard,irregular-n08-t128-b00008-frandom,128,8,random,s05,03bb4b04c13fa5a30282508116ae033c5bc67c73a46b6aef6c176e2025165cfc,8,14,12,8,9,236,3,2574587584,H0,11,15,7,0,7,0,0,0,0,0,0,0,261,827,743,743,26551,26551,133307,3258945,8893374,24,22,12,24,10,8
irregular-n08-t128-b00008-frandom-s05,Accelerated,irregular-n08-t128-b00008-frandom,128,8,random,s05,03bb4b04c13fa5a30282508116ae033c5bc67c73a46b6aef6c176e2025165cfc,8,14,12,8,9,236,3,2734622000,H0,6,16,0,6,6,2,1,1,0,4,0,4,261,855,771,771,27755,27755,144412,3534293,8517631248,33,32,21,34,10,8
irregular-n08-t128-b00008-frandom-s06,Standard,irregular-n08-t128-b00008-frandom,128,8,random,s06,439c09eba4d8cf28df61591a55541a1a416148e235034670554c07d628cce48f,8,16,11,8,9,258,3,3354010625,L0,10,14,6,0,6,0,0,0,0,0,0,0,297,1148,1020,1020,35100,35100,169510,3979094,4050684,22,23,12,23,9,9
irregular-n08-t128-b00008-frandom-s06,Accelerated,irregular-n08-t128-b00008-frandom,128,8,random,s06,439c09eba4d8cf28df61591a55541a1a416148e235034670554c07d628cce48f,8,16,11,8,9,258,3,3869759834,L0,3,12,0,3,3,1,0,1,0,2,2,2,297,1394,1234,1234,41826,41826,201162,4326426,415689400,29,29,18,29,9,9
irregular-n08-t128-b00008-frandom-s07,Standard,irregular-n08-t128-b00008-frandom,128,8,random,s07,e41fb7754596f526a11c5019a2d5018302c3241fd226e692a88a17cbcf0e7e74,8,16,11,9,10,265,3,2649236500,L0,9,13,5,0,5,0,0,0,0,0,0,0,297,892,796,796,27772,27772,133124,3070425,4863442,23,23,12,24,12,12
irregular-n08-t128-b00008-frandom-s07,Accelerated,irregular-n08-t128-b00008-frandom,128,8,random,s07,e41fb7754596f526a11c5019a2d5018302c3241fd226e692a88a17cbcf0e7e74,8,16,11,9,10,265,3,2458065584,L0,3,12,0,3,3,1,0,1,0,2,2,2,297,853,757,757,26013,26013,125726,2814840,201721752,28,22,12,30,12,12
irregular-n08-t128-b00008-frandom-s08,Standard,irregular-n08-t128-b00008-frandom,128,8,random,s08,9a876b4fff46382cdc793e50811a9184fe0b7de0f8043a3462b14ade66014cbb,8,21,12,8,10,307,3,4566167792,H1,10,14,6,0,6,0,0,0,0,0,0,0,387,1539,1103,1103,38735,38735,239108,6611543,8873004,24,22,12,24,10,8
irregular-n08-t128-b00008-frandom-s08,Accelerated,irregular-n08-t128-b00008-frandom,128,8,random,s08,9a876b4fff46382cdc793e50811a9184fe0b7de0f8043a3462b14ade66014cbb,8,21,12,8,10,307,3,4018930500,H1,5,14,0,5,5,1,0,1,0,4,0,4,387,1245,918,918,33060,33060,213713,5944067,3868805940,32,31,20,32,10,8
irregular-n08-t128-b00008-frandom-s09,Standard,irregular-n08-t128-b00008-frandom,128,8,random,s09,5475f579c35552a1f37bccd253ff979a2070cf47c72e28e11a96084432cffa26,8,21,11,8,9,304,3,4710032667,H1,12,16,8,0,8,0,0,0,0,0,0,0,387,1261,1135,1135,40383,40383,244031,6598372,6469384,23,22,12,23,9,6
irregular-n08-t128-b00008-frandom-s09,Accelerated,irregular-n08-t128-b00008-frandom,128,8,random,s09,5475f579c35552a1f37bccd253ff979a2070cf47c72e28e11a96084432cffa26,8,21,11,8,9,304,3,4886543500,H1,7,18,0,7,7,3,0,3,0,4,0,4,387,1277,1151,1151,41295,41295,253933,6832624,2138347832,31,29,20,31,9,6
irregular-n08-t128-b00008-frandom-s10,Standard,irregular-n08-t128-b00008-frandom,128,8,random,s10,94befaf543fb1ea35aee1a197aacde116f63a195de703e7ac68ff594d85b0869,8,20,12,8,10,320,3,5390779666,H0,12,16,8,0,8,0,0,0,0,0,0,0,369,1515,1355,1355,47283,47283,288841,7746212,17294594,25,24,12,25,11,10
irregular-n08-t128-b00008-frandom-s10,Accelerated,irregular-n08-t128-b00008-frandom,128,8,random,s10,94befaf543fb1ea35aee1a197aacde116f63a195de703e7ac68ff594d85b0869,8,20,12,8,10,320,3,6438384167,H0,6,16,0,6,6,2,0,2,0,4,0,4,369,1827,1627,1627,55987,55987,353596,9221186,11651838624,34,33,22,34,11,10
irregular-n08-t128-b00008-frandom-s11,Standard,irregular-n08-t128-b00008-frandom,128,8,random,s11,080febd89517bbb7af3ec1dcc87b534356469908212d2d888f8117c314e6f63a,8,16,11,8,9,246,3,2915420791,H1,11,15,7,0,7,0,0,0,0,0,0,0,297,932,807,807,28609,28609,147747,3887928,2278204,22,21,11,22,11,10
irregular-n08-t128-b00008-frandom-s11,Accelerated,irregular-n08-t128-b00008-frandom,128,8,random,s11,080febd89517bbb7af3ec1dcc87b534356469908212d2d888f8117c314e6f63a,8,16,11,8,9,246,3,2742249917,H1,5,14,0,5,5,1,0,1,0,4,0,4,297,893,770,770,26936,26936,142318,3684083,308675420,29,25,19,29,11,10
irregular-n08-t128-b00008-frandom-s12,Standard,irregular-n08-t128-b00008-frandom,128,8,random,s12,9a0257cea78f6fd8f5c489fc440c1e4f45b5c7a35a01da75c69ec493f3935172,8,15,11,8,10,242,3,3112934625,H0,13,17,9,0,9,0,0,0,0,0,0,0,279,1124,920,920,32512,32512,163308,3769213,4750704,23,22,11,23,9,8
irregular-n08-t128-b00008-frandom-s12,Accelerated,irregular-n08-t128-b00008-frandom,128,8,random,s12,9a0257cea78f6fd8f5c489fc440c1e4f45b5c7a35a01da75c69ec493f3935172,8,15,11,8,10,242,3,3566737666,H0,7,18,0,7,7,3,0,3,0,4,0,4,279,1335,1080,1080,37490,37490,193694,4283286,3589770120,32,31,21,33,9,8
irregular-n08-t128-b00008-frandom-s13,Standard,irregular-n08-t128-b00008-frandom,128,8,random,s13,3376eef2ab58754e47fdbb1a9bc76b4642c516c40c21a8c73231a42486138115,8,17,12,8,10,274,3,3139361208,H0,10,14,6,0,6,0,0,0,0,0,0,0,315,987,885,885,31249,31249,163525,3850218,6718732,23,23,12,24,12,11
irregular-n08-t128-b00008-frandom-s13,Accelerated,irregular-n08-t128-b00008-frandom,128,8,random,s13,3376eef2ab58754e47fdbb1a9bc76b4642c516c40c21a8c73231a42486138115,8,17,12,8,10,274,3,2940497459,H0,4,12,0,4,4,0,0,0,0,4,0,4,315,945,843,843,29331,29331,159683,3577023,6718732,23,22,12,24,12,11
irregular-n08-t128-b00008-frandom-s14,Standard,irregular-n08-t128-b00008-frandom,128,8,random,s14,d5c5344ef4b35cb21054e0514341f209d7a724da6fd820bd1893e8ee544f0300,8,20,12,8,10,304,3,5854302958,L1,13,17,9,0,9,0,0,0,0,0,0,0,369,1757,1557,1557,53149,53149,306468,8020067,7113784,23,23,12,24,10,9
irregular-n08-t128-b00008-frandom-s14,Accelerated,irregular-n08-t128-b00008-frandom,128,8,random,s14,d5c5344ef4b35cb21054e0514341f209d7a724da6fd820bd1893e8ee544f0300,8,20,12,8,10,304,3,7286262334,L1,6,17,0,6,6,3,0,3,0,3,1,3,369,2349,2069,2069,69293,69293,389999,9398546,6268997104,33,33,21,33,10,9
irregular-n08-t128-b00008-frandom-s15,Standard,irregular-n08-t128-b00008-frandom,128,8,random,s15,e79e78cf54ec9e689cfa1cdcf5af9d13c323f13e698a447b07ded3fc54a91d98,8,21,12,8,10,292,3,4580526541,H1,11,15,7,0,7,0,0,0,0,0,0,0,387,1219,1093,1093,38577,38577,242991,6592480,7169706,23,22,12,23,10,8
irregular-n08-t128-b00008-frandom-s15,Accelerated,irregular-n08-t128-b00008-frandom,128,8,random,s15,e79e78cf54ec9e689cfa1cdcf5af9d13c323f13e698a447b07ded3fc54a91d98,8,21,12,8,10,292,3,4365276333,H1,5,14,0,5,5,1,1,0,0,4,0,4,387,1177,1051,1051,36771,36771,239344,6332381,4417538520,33,31,20,33,10,8
irregular-n08-t128-b00008-frandom-s16,Standard,irregular-n08-t128-b00008-frandom,128,8,random,s16,90c5ceaa2d71e1f48a0c6b06a90426d7f91ec711456451652d0db4331a8e9fb8,8,20,12,8,10,322,3,4881191417,L0,10,14,6,0,6,0,0,0,0,0,0,0,369,1467,1307,1307,45107,45107,240806,6474693,11197620,24,24,12,25,13,12
irregular-n08-t128-b00008-frandom-s16,Accelerated,irregular-n08-t128-b00008-frandom,128,8,random,s16,90c5ceaa2d71e1f48a0c6b06a90426d7f91ec711456451652d0db4331a8e9fb8,8,20,12,8,10,322,3,5506856333,L0,4,13,0,4,4,1,0,1,0,3,1,3,369,1739,1539,1539,52091,52091,283638,7157758,3399209960,32,32,20,32,13,12
irregular-n08-t128-b00008-frandom-s17,Standard,irregular-n08-t128-b00008-frandom,128,8,random,s17,39d1cf2e5202712b5a049855a39daf4199bc358bd0cc4c2c403fa0b1661c3ebb,8,24,12,8,10,356,3,6259804583,L0,9,13,5,0,5,0,0,0,0,0,0,0,441,1707,1515,1515,51747,51747,332101,8838988,10580920,24,24,12,25,13,12
irregular-n08-t128-b00008-frandom-s17,Accelerated,irregular-n08-t128-b00008-frandom,128,8,random,s17,39d1cf2e5202712b5a049855a39daf4199bc358bd0cc4c2c403fa0b1661c3ebb,8,24,12,8,10,356,3,4939162125,L0,3,11,0,3,3,0,0,0,0,3,1,3,441,1315,1171,1171,40299,40299,263748,6976900,10213470,24,23,12,25,13,12
irregular-n08-t128-b00008-frandom-s18,Standard,irregular-n08-t128-b00008-frandom,128,8,random,s18,70555038a5223c812c1ff31329a40fcb3e1698f47124a1170dcd7fabd4d5043b,8,14,11,8,10,238,3,3133705833,L1,13,17,9,0,9,0,0,0,0,0,0,0,261,1072,960,960,33784,33784,163560,3717186,5081278,23,23,12,23,11,10
irregular-n08-t128-b00008-frandom-s18,Accelerated,irregular-n08-t128-b00008-frandom,128,8,random,s18,70555038a5223c812c1ff31329a40fcb3e1698f47124a1170dcd7fabd4d5043b,8,14,11,8,10,238,3,3575243000,L1,7,18,0,7,7,3,1,2,0,4,0,4,261,1289,1149,1149,39813,39813,191250,4030954,5969413960,33,32,23,34,11,10
irregular-n08-t128-b00008-frandom-s19,Standard,irregular-n08-t128-b00008-frandom,128,8,random,s19,dca9806bb5b04f88788b6afb5066f21a696f94b34f13151df4af7450fdd7f6f4,8,21,12,8,10,329,3,5112251250,L0,10,14,6,0,6,0,0,0,0,0,0,0,387,1498,1330,1330,45550,45550,268136,7004642,8345504,23,24,12,24,12,11
irregular-n08-t128-b00008-frandom-s19,Accelerated,irregular-n08-t128-b00008-frandom,128,8,random,s19,dca9806bb5b04f88788b6afb5066f21a696f94b34f13151df4af7450fdd7f6f4,8,21,12,8,10,329,3,3762147958,L0,3,12,0,3,3,1,0,1,0,2,2,2,387,1113,987,987,33743,33743,199309,5049260,1295117712,31,27,20,31,12,11
irregular-n08-t128-b00008-frandom-s20,Standard,irregular-n08-t128-b00008-frandom,128,8,random,s20,b4145525d646da6bae63aecfc4076e5496f16042bf013d20a9ae5a66b89da36f,8,16,11,8,10,255,3,3762069791,L1,12,16,8,0,8,0,0,0,0,0,0,0,297,1212,1084,1084,37852,37852,204026,4821347,3982820,22,22,11,23,10,9
irregular-n08-t128-b00008-frandom-s20,Accelerated,irregular-n08-t128-b00008-frandom,128,8,random,s20,b4145525d646da6bae63aecfc4076e5496f16042bf013d20a9ae5a66b89da36f,8,16,11,8,10,255,3,2356304083,L1,4,14,0,4,4,2,0,2,0,2,2,2,297,693,629,629,22813,22813,127332,2980251,7434826320,33,32,22,34,10,9
irregular-n08-t128-b00064-falternating-s01,Standard,irregular-n08-t128-b00064-falternating,128,64,alternating,s01,7ef399163d410338f88d755888965d3dfacccbb1f545fd3f96d4cff99453c85c,8,19,68,64,66,1554,3,2417643584,H0,11,15,7,0,7,0,0,0,0,0,0,0,199,651,558,558,20344,20344,131168,3408821,52674267184392900264406892587388455657918,136,135,68,136,66,2
irregular-n08-t128-b00064-falternating-s01,Accelerated,irregular-n08-t128-b00064-falternating,128,64,alternating,s01,7ef399163d410338f88d755888965d3dfacccbb1f545fd3f96d4cff99453c85c,8,19,68,64,66,1554,3,2220854917,H0,5,14,0,5,5,1,1,0,0,4,0,4,199,613,520,520,18710,18710,122089,3094387,3013941758395840054096113969278123539060453593928767012740592,201,200,132,202,66,2
irregular-n08-t128-b00064-falternating-s02,Standard,irregular-n08-t128-b00064-falternating,128,64,alternating,s02,01254477d78b669525bb7ae920cb4588b2a3d614428174d0263adf1cd45f3bdb,8,18,68,64,66,1488,3,2955166000,H0,14,18,10,0,10,0,0,0,0,0,0,0,189,800,736,736,26432,26432,164299,3992538,41719055503632381587691645257874127726242,135,135,68,136,65,2
irregular-n08-t128-b00064-falternating-s02,Accelerated,irregular-n08-t128-b00064-falternating,128,64,alternating,s02,01254477d78b669525bb7ae920cb4588b2a3d614428174d0263adf1cd45f3bdb,8,18,68,64,66,1488,3,3382255417,H0,7,18,0,7,7,3,1,2,0,4,0,4,189,943,863,863,30519,30519,193855,4555884,6221852884047607721270785194352390487711846091826558461597216,202,200,135,203,65,2
irregular-n08-t128-b00064-falternating-s03,Standard,irregular-n08-t128-b00064-falternating,128,64,alternating,s03,0560c4c8790f42fbd78dfd186aec2840f9681149b8a2d9ef71d20b66111bc3d6,8,20,68,64,67,1619,3,2483973500,H0,10,14,6,0,6,0,0,0,0,0,0,0,209,675,567,567,20723,20723,135760,3536404,65357445325491474237549540037257212797736,136,135,68,136,66,2
irregular-n08-t128-b00064-falternating-s03,Accelerated,irregular-n08-t128-b00064-falternating,128,64,alternating,s03,0560c4c8790f42fbd78dfd186aec2840f9681149b8a2d9ef71d20b66111bc3d6,8,20,68,64,67,1619,3,2312745709,H0,5,14,0,5,5,1,1,0,0,4,0,4,209,643,535,535,19355,19355,128348,3294451,5074953402948902881541907098704785471561502385789261389622640,202,201,133,203,66,2
irregular-n08-t128-b00064-falternating-s04,Standard,irregular-n08-t128-b00064-falternating,128,64,alternating,s04,2daf58a5488195c0344a7e80ef4b3021a2eb673dab0e72332930debe237c2b70,8,20,68,64,66,1632,3,3112888000,H0,9,13,6,0,6,0,0,0,0,0,0,0,209,833,756,756,26684,26684,169710,4229652,51591841553995067886406383969326162858692,136,136,68,136,66,2
irregular-n08-t128-b00064-falternating-s04,Accelerated,irregular-n08-t128-b00064-falternating,128,64,alternating,s04,2daf58a5488195c0344a7e80ef4b3021a2eb673dab0e72332930debe237c2b70,8,20,68,64,66,1632,3,2335313250,H0,3,10,0,3,3,0,0,0,0,3,0,3,209,625,567,567,20013,20013,129775,3191502,51591841553995067886406383969326162858692,136,134,68,136,66,2
irregular-n08-t128-b00064-falternating-s05,Standard,irregular-n08-t128-b00064-falternating,128,64,alternating,s05,03bb4b04c13fa5a30282508116ae033c5bc67c73a46b6aef6c176e2025165cfc,8,14,67,64,66,1224,3,1888107625,L0,11,15,7,0,7,0,0,0,0,0,0,0,149,588,544,544,19216,19216,104769,2297807,25027626305264689817767887178004296825828,135,135,68,135,66,65
irregular-n08-t128-b00064-falternating-s05,Accelerated,irregular-n08-t128-b00064-falternating,128,64,alternating,s05,03bb4b04c13fa5a30282508116ae033c5bc67c73a46b6aef6c176e2025165cfc,8,14,67,64,66,1224,3,1085296917,L0,1,9,0,1,1,0,0,0,0,1,3,1,149,326,304,304,10988,10988,59375,1302783,25027626305264689817767887178004296825828,135,132,68,135,66,65
irregular-n08-t128-b00064-falternating-s06,Standard,irregular-n08-t128-b00064-falternating,128,64,alternating,s06,439c09eba4d8cf28df61591a55541a1a416148e235034670554c07d628cce48f,8,16,68,64,66,1355,3,1900703208,H0,10,14,6,0,6,0,0,0,0,0,0,0,169,547,499,499,18123,18123,102296,2396524,42520930420101099595504295386358522749910,135,135,68,136,66,2
irregular-n08-t128-b00064-falternating-s06,Accelerated,irregular-n08-t128-b00064-falternating,128,64,alternating,s06,439c09eba4d8cf28df61591a55541a1a416148e235034670554c07d628cce48f,8,16,68,64,66,1355,3,1711377875,H0,4,12,0,4,4,0,0,0,0,4,0,4,169,507,459,459,16395,16395,94822,2155728,45710940361828602561408030340774811721566,136,134,68,136,66,2
irregular-n08-t128-b00064-falternating-s07,Standard,irregular-n08-t128-b00064-falternating,128,64,alternating,s07,e41fb7754596f526a11c5019a2d5018302c3241fd226e692a88a17cbcf0e7e74,8,16,67,64,66,1354,3,2259360208,H0,12,16,8,0,8,0,0,0,0,0,0,0,169,707,599,599,21655,21655,122803,2865512,30389778554882689355491445765682718351908,135,135,68,135,66,2
irregular-n08-t128-b00064-falternating-s07,Accelerated,irregular-n08-t128-b00064-falternating,128,64,alternating,s07,e41fb7754596f526a11c5019a2d5018302c3241fd226e692a88a17cbcf0e7e74,8,16,67,64,66,1354,3,2521108458,H0,6,16,0,6,6,2,0,2,0,4,0,4,169,827,692,692,24590,24590,140747,3117621,995594277628227498366202241296212791089275802020691936515216,200,199,132,200,66,2
irregular-n08-t128-b00064-falternating-s08,Standard,irregular-n08-t128-b00064-falternating,128,64,alternating,s08,9a876b4fff46382cdc793e50811a9184fe0b7de0f8043a3462b14ade66014cbb,8,21,68,64,66,1677,3,2335531708,H0,10,14,6,0,6,0,0,0,0,0,0,0,219,707,488,488,18262,18262,123781,3448313,36038454699635406257196232447586630118852,135,134,68,136,66,2
irregular-n08-t128-b00064-falternating-s08,Accelerated,irregular-n08-t128-b00064-falternating,128,64,alternating,s08,9a876b4fff46382cdc793e50811a9184fe0b7de0f8043a3462b14ade66014cbb,8,21,68,64,66,1677,3,2012580250,H0,4,12,0,4,4,0,0,0,0,4,0,4,219,657,438,438,16104,16104,108217,2904601,36747109595401456215632716632212743638548,135,134,68,135,66,2
irregular-n08-t128-b00064-falternating-s09,Standard,irregular-n08-t128-b00064-falternating,128,64,alternating,s09,5475f579c35552a1f37bccd253ff979a2070cf47c72e28e11a96084432cffa26,8,21,68,64,66,1697,3,3735923041,H1,13,17,9,0,9,0,0,0,0,0,0,0,219,918,842,842,30118,30118,207636,5446575,59404922755299193636128313188361871573800,136,136,68,136,65,2
irregular-n08-t128-b00064-falternating-s09,Accelerated,irregular-n08-t128-b00064-falternating,128,64,alternating,s09,5475f579c35552a1f37bccd253ff979a2070cf47c72e28e11a96084432cffa26,8,21,68,64,66,1697,3,4878728333,H1,8,20,0,8,8,4,1,3,0,4,0,4,219,1163,1068,1068,38298,38298,279229,7303554,133995564134254549148021654251245428133999794614225555902045431523157683818513184,267,266,135,267,65,2
irregular-n08-t128-b00064-falternating-s10,Standard,irregular-n08-t128-b00064-falternating,128,64,alternating,s10,94befaf543fb1ea35aee1a197aacde116f63a195de703e7ac68ff594d85b0869,8,20,68,64,66,1621,3,2766751792,H0,12,16,8,0,8,0,0,0,0,0,0,0,209,716,635,635,23317,23317,147009,3772757,51173360197660379876982136942453403591068,136,135,68,136,66,2
irregular-n08-t128-b00064-falternating-s10,Accelerated,irregular-n08-t128-b00064-falternating,128,64,alternating,s10,94befaf543fb1ea35aee1a197aacde116f63a195de703e7ac68ff594d85b0869,8,20,68,64,66,1621,3,3284033083,H0,7,18,0,7,7,3,1,2,0,4,0,4,209,789,708,708,26478,26478,178046,4620575,172344685012143654557381563089882075576418034687265748784348041450750897862543840,267,266,136,267,66,2
irregular-n08-t128-b00064-falternating-s11,Standard,irregular-n08-t128-b00064-falternating,128,64,alternating,s11,080febd89517bbb7af3ec1dcc87b534356469908212d2d888f8117c314e6f63a,8,16,67,64,66,1347,3,2535465500,H1,11,15,8,0,8,0,0,0,0,0,0,0,169,713,652,652,23372,23372,145286,3426766,27092419706162282256496746533568582363812,135,134,67,135,63,2
irregular-n08-t128-b00064-falternating-s11,Accelerated,irregular-n08-t128-b00064-falternating,128,64,alternating,s11,080febd89517bbb7af3ec1dcc87b534356469908212d2d888f8117c314e6f63a,8,16,67,64,66,1347,3,2188660667,H1,5,14,0,5,5,2,2,0,0,3,0,3,169,585,539,539,19689,19689,126175,2995273,2712298330178165124660442672001140797344132492766772384263840,201,198,134,202,63,2
irregular-n08-t128-b00064-falternating-s12,Standard,irregular-n08-t128-b00064-falternating,128,64,alternating,s12,9a0257cea78f6fd8f5c489fc440c1e4f45b5c7a35a01da75c69ec493f3935172,8,15,67,64,66,1288,3,2726897209,L0,14,18,10,0,10,0,0,0,0,0,0,0,159,808,748,748,26548,26548,155465,3466206,36346842499256601331561002988918760010176,135,135,68,136,66,65
irregular-n08-t128-b00064-falternating-s12,Accelerated,irregular-n08-t128-b00064-falternating,128,64,alternating,s12,9a0257cea78f6fd8f5c489fc440c1e4f45b5c7a35a01da75c69ec493f3935172,8,15,67,64,66,1288,3,1818189333,L0,3,13,0,3,3,2,0,2,0,1,3,1,159,468,444,444,16864,16864,103384,2401514,6367115694093155415158589317652119078800037367386554570767744,202,200,135,203,66,65
irregular-n08-t128-b00064-falternating-s13,Standard,irregular-n08-t128-b00064-falternating,128,64,alternating,s13,3376eef2ab58754e47fdbb1a9bc76b4642c516c40c21a8c73231a42486138115,8,17,67,64,65,1417,3,2009061042,H0,10,14,6,0,6,0,0,0,0,0,0,0,179,579,495,495,18203,18203,112326,2728051,40980722563324204823164737326773740002322,135,134,68,135,67,2
irregular-n08-t128-b00064-falternating-s13,Accelerated,irregular-n08-t128-b00064-falternating,128,64,alternating,s13,3376eef2ab58754e47fdbb1a9bc76b4642c516c40c21a8c73231a42486138115,8,17,67,64,65,1417,3,1769237500,H0,4,12,0,4,4,0,0,0,0,4,0,4,179,537,453,453,16389,16389,99255,2334895,40980722563324204823164737326773740002322,135,134,68,135,67,2
irregular-n08-t128-b00064-falternating-s14,Standard,irregular-n08-t128-b00064-falternating,128,64,alternating,s14,d5c5344ef4b35cb21054e0514341f209d7a724da6fd820bd1893e8ee544f0300,8,20,68,64,66,1613,3,3208481458,H0,13,17,9,0,9,0,0,0,0,0,0,0,209,876,760,760,27216,27216,175175,4458143,48021403446502670153718419763456355497940,136,135,68,136,66,2
irregular-n08-t128-b00064-falternating-s14,Accelerated,irregular-n08-t128-b00064-falternating,128,64,alternating,s14,d5c5344ef4b35cb21054e0514341f209d7a724da6fd820bd1893e8ee544f0300,8,20,68,64,66,1613,3,2683976167,H0,5,14,0,5,5,1,0,1,0,4,0,4,209,707,620,620,22562,22562,148366,3727255,1776426751083839509222057853318219318788226648265236807443728,201,200,70,201,66,2
irregular-n08-t128-b00064-falternating-s15,Standard,irregular-n08-t128-b00064-falternating,128,64,alternating,s15,e79e78cf54ec9e689cfa1cdcf5af9d13c323f13e698a447b07ded3fc54a91d98,8,21,68,64,66,1693,3,2930471625,H0,10,14,6,0,6,0,0,0,0,0,0,0,219,707,644,644,23278,23278,162609,4339599,56649667891880013365286343433299928564646,136,135,68,136,66,2
irregular-n08-t128-b00064-falternating-s15,Accelerated,irregular-n08-t128-b00064-falternating,128,64,alternating,s15,e79e78cf54ec9e689cfa1cdcf5af9d13c323f13e698a447b07ded3fc54a91d98,8,21,68,64,66,1693,3,2593893917,H0,4,12,0,4,4,0,0,0,0,4,0,4,219,657,594,594,21120,21120,145447,3759459,56649667891880013365286343433299928564646,136,134,68,136,66,2
irregular-n08-t128-b00064-falternating-s16,Standard,irregular-n08-t128-b00064-falternating,128,64,alternating,s16,90c5ceaa2d71e1f48a0c6b06a90426d7f91ec711456451652d0db4331a8e9fb8,8,20,68,64,67,1624,3,2469921375,H0,10,14,6,0,6,0,0,0,0,0,0,0,209,675,573,573,20873,20873,131749,3410858,59488067233684985338956482295109314350460,136,135,68,136,67,2
irregular-n08-t128-b00064-falternating-s16,Accelerated,irregular-n08-t128-b00064-falternating,128,64,alternating,s16,90c5ceaa2d71e1f48a0c6b06a90426d7f91ec711456451652d0db4331a8e9fb8,8,20,68,64,67,1624,3,2193268417,H0,4,12,0,4,4,0,0,0,0,4,0,4,209,627,525,525,18801,18801,120446,3025721,59488067233684985338956482295109314350460,136,135,68,136,67,2
irregular-n08-t128-b00064-falternating-s17,Standard,irregular-n08-t128-b00064-falternating,128,64,alternating,s17,39d1cf2e5202712b5a049855a39daf4199bc358bd0cc4c2c403fa0b1661c3ebb,8,24,68,64,66,1900,3,3269240166,H0,11,15,7,0,7,0,0,0,0,0,0,0,249,995,663,663,24215,24215,174213,5009188,89655941111092385581605639098297904175662,137,136,68,137,67,2
irregular-n08-t128-b00064-falternating-s17,Accelerated,irregular-n08-t128-b00064-falternating,128,64,alternating,s17,39d1cf2e5202712b5a049855a39daf4199bc358bd0cc4c2c403fa0b1661c3ebb,8,24,68,64,66,1900,3,2471433083,H0,4,12,0,4,4,0,0,0,0,4,0,4,249,747,498,498,18216,18216,133972,3809914,100766697335278519642630057637959762641260,137,135,68,137,67,2
irregular-n08-t128-b00064-falternating-s18,Standard,irregular-n08-t128-b00064-falternating,128,64,alternating,s18,70555038a5223c812c1ff31329a40fcb3e1698f47124a1170dcd7fabd4d5043b,8,14,67,64,66,1226,3,1931798959,H0,13,17,9,0,9,0,0,0,0,0,0,0,149,624,548,548,19876,19876,105537,2296519,31147118475066898284123592782821992342250,135,135,68,136,65,2
irregular-n08-t128-b00064-falternating-s18,Accelerated,irregular-n08-t128-b00064-falternating,128,64,alternating,s18,70555038a5223c812c1ff31329a40fcb3e1698f47124a1170dcd7fabd4d5043b,8,14,67,64,66,1226,3,2468809500,H0,8,20,0,8,8,4,1,3,0,4,0,4,149,785,690,690,25044,25044,139736,2997753,78475875798996524766224543749584862456287823745948011597763868125890051988746240,266,265,137,266,65,2
irregular-n08-t128-b00064-falternating-s19,Standard,irregular-n08-t128-b00064-falternating,128,64,alternating,s19,dca9806bb5b04f88788b6afb5066f21a696f94b34f13151df4af7450fdd7f6f4,8,21,68,64,67,1709,3,2943228750,H0,11,15,7,0,7,0,0,0,0,0,0,0,219,715,655,655,23687,23687,159291,4258930,90672024494832630648656230581721852724856,137,136,68,137,66,2
irregular-n08-t128-b00064-falternating-s19,Accelerated,irregular-n08-t128-b00064-falternating,128,64,alternating,s19,dca9806bb5b04f88788b6afb5066f21a696f94b34f13151df4af7450fdd7f6f4,8,21,68,64,67,1709,3,2718528334,H0,5,14,0,5,5,1,1,0,0,4,0,4,219,673,613,613,21881,21881,150140,3930799,13589763407444573686841370128654685023918184359312382751293760,204,201,135,204,66,2
irregular-n08-t128-b00064-falternating-s20,Standard,irregular-n08-t128-b00064-falternating,128,64,alternating,s20,b4145525d646da6bae63aecfc4076e5496f16042bf013d20a9ae5a66b89da36f,8,16,67,64,66,1350,3,2259774459,H1,13,17,9,0,9,0,0,0,0,0,0,0,169,684,600,600,21496,21496,127080,2885157,32023067472760225315978728665541567927944,135,134,67,135,65,2
irregular-n08-t128-b00064-falternating-s20,Accelerated,irregular-n08-t128-b00064-falternating,128,64,alternating,s20,b4145525d646da6bae63aecfc4076e5496f16042bf013d20a9ae5a66b89da36f,8,16,67,64,66,1350,3,1733867500,H1,5,14,0,5,5,1,1,0,0,4,0,4,169,523,460,460,16562,16562,98554,2195780,1781010437496328996203818559678306561272583238212748608348736,201,199,132,201,65,2
irregular-n08-t128-b00064-frandom-s01,Standard,irregular-n08-t128-b00064-frandom,128,64,random,s01,7ef399163d410338f88d755888965d3dfacccbb1f545fd3f96d4cff99453c85c,8,19,68,64,66,1814,3,5443630875,L1,12,16,8,0,8,0,0,0,0,0,0,0,351,1707,1407,1407,48559,48559,291728,7311316,55912054711044348829311674498707110399312,136,136,68,136,67,66
irregular-n08-t128-b00064-frandom-s01,Accelerated,irregular-n08-t128-b00064-frandom,128,64,random,s01,7ef399163d410338f88d755888965d3dfacccbb1f545fd3f96d4cff99453c85c,8,19,68,64,66,1814,3,6710930500,L1,6,16,0,6,6,2,0,2,0,4,0,4,351,2269,1849,1849,62461,62461,368688,8581008,7197339573840655597959450354953065931457338901722217212789408,203,202,134,203,67,66
irregular-n08-t128-b00064-frandom-s02,Standard,irregular-n08-t128-b00064-frandom,128,64,random,s02,01254477d78b669525bb7ae920cb4588b2a3d614428174d0263adf1cd45f3bdb,8,18,68,64,66,1730,3,4432531250,H1,12,16,8,0,8,0,0,0,0,0,0,0,333,1360,1216,1216,42376,42376,230782,5659141,27883208953884319468275001090478603617834,135,134,68,136,65,64
irregular-n08-t128-b00064-frandom-s02,Accelerated,irregular-n08-t128-b00064-frandom,128,64,random,s02,01254477d78b669525bb7ae920cb4588b2a3d614428174d0263adf1cd45f3bdb,8,18,68,64,66,1730,3,5156085959,H1,6,17,0,6,6,3,0,3,0,3,1,3,333,1641,1461,1461,50237,50237,278802,6370044,961164314787365667029216066465373716422707959607582571167584,200,199,132,200,65,64
irregular-n08-t128-b00064-frandom-s03,Standard,irregular-n08-t128-b00064-frandom,128,64,random,s03,0560c4c8790f42fbd78dfd186aec2840f9681149b8a2d9ef71d20b66111bc3d6,8,20,68,64,66,1874,3,3625373917,L1,8,12,4,0,4,0,0,0,0,0,0,0,369,1107,987,987,34227,34227,194814,4325334,47917276567915540119018421602462021775470,136,136,68,137,67,66
irregular-n08-t128-b00064-frandom-s03,Accelerated,irregular-n08-t128-b00064-frandom,128,64,random,s03,0560c4c8790f42fbd78dfd186aec2840f9681149b8a2d9ef71d20b66111bc3d6,8,20,68,64,66,1874,3,2355398250,L1,1,9,0,1,1,0,0,0,0,1,3,1,369,739,659,659,22891,22891,127297,2636200,38024418296079123786236312740154750255424,135,134,68,137,67,66
irregular-n08-t128-b00064-frandom-s04,Standard,irregular-n08-t128-b00064-frandom,128,64,random,s04,2daf58a5488195c0344a7e80ef4b3021a2eb673dab0e72332930debe237c2b70,8,20,68,64,66,1862,3,4515409959,H1,13,17,9,0,9,0,0,0,0,0,0,0,369,1172,1052,1052,37388,37388,233487,6683104,35303004107227018982614068801894750602384,135,135,68,135,67,66
irregular-n08-t128-b00064-frandom-s04,Accelerated,irregular-n08-t128-b00064-frandom,128,64,random,s04,2daf58a5488195c0344a7e80ef4b3021a2eb673dab0e72332930debe237c2b70,8,20,68,64,66,1862,3,4472104000,H1,7,18,0,7,7,3,0,3,0,4,0,4,369,1141,1021,1021,36197,36197,235687,6812334,3404923048293801439771257342066211810337469781547198154129596,202,198,134,202,67,66
irregular-n08-t128-b00064-frandom-s05,Standard,irregular-n08-t128-b00064-frandom,128,64,random,s05,03bb4b04c13fa5a30282508116ae033c5bc67c73a46b6aef6c176e2025165cfc,8,14,67,64,65,1463,3,2308007916,H0,9,13,5,0,5,0,0,0,0,0,0,0,261,791,707,707,24891,24891,117397,2715840,24928735784772768400466144584623260013600,135,134,68,135,68,66
irregular-n08-t128-b00064-frandom-s05,Accelerated,irregular-n08-t128-b00064-frandom,128,64,random,s05,03bb4b04c13fa5a30282508116ae033c5bc67c73a46b6aef6c176e2025165cfc,8,14,67,64,65,1463,3,2109314042,H0,3,11,0,3,3,0,0,0,0,3,1,3,261,755,671,671,23231,23231,107467,2425334,24928735784772768400466144584623260013600,135,134,68,135,68,66
irregular-n08-t128-b00064-frandom-s06,Standard,irregular-n08-t128-b00064-frandom,128,64,random,s06,439c09eba4d8cf28df61591a55541a1a416148e235034670554c07d628cce48f,8,16,68,64,66,1597,3,4074190125,H1,13,17,9,0,9,0,0,0,0,0,0,0,297,1251,1123,1123,39611,39611,210950,5268452,33393341504708429351001209965148010044700,135,134,68,135,65,62
irregular-n08-t128-b00064-frandom-s06,Accelerated,irregular-n08-t128-b00064-frandom,128,64,random,s06,439c09eba4d8cf28df61591a55541a1a416148e235034670554c07d628cce48f,8,16,68,64,66,1597,3,4534026666,H1,6,16,0,6,6,2,1,1,0,4,0,4,297,1467,1307,1307,45107,45107,241253,5689231,890291149666212044951572742199671542715041963451395610382432,200,199,132,200,65,62
irregular-n08-t128-b00064-frandom-s07,Standard,irregular-n08-t128-b00064-frandom,128,64,random,s07,e41fb7754596f526a11c5019a2d5018302c3241fd226e692a88a17cbcf0e7e74,8,16,68,64,66,1610,3,3803711750,H1,12,16,8,0,8,0,0,0,0,0,0,0,297,1195,1067,1067,37315,37315,198406,4921350,36942259323169977177077534166562079239636,135,135,68,136,67,66
irregular-n08-t128-b00064-frandom-s07,Accelerated,irregular-n08-t128-b00064-frandom,128,64,random,s07,e41fb7754596f526a11c5019a2d5018302c3241fd226e692a88a17cbcf0e7e74,8,16,68,64,66,1610,3,4320105125,H1,6,16,0,6,6,2,0,2,0,4,0,4,297,1419,1259,1259,43267,43267,232847,5412069,3073478388025650808321596037875158676207137097854068149792640,201,199,134,202,67,66
irregular-n08-t128-b00064-frandom-s08,Standard,irregular-n08-t128-b00064-frandom,128,64,random,s08,9a876b4fff46382cdc793e50811a9184fe0b7de0f8043a3462b14ade66014cbb,8,21,68,64,67,1947,3,5102767333,Baseline,11,15,7,0,7,0,0,0,0,0,0,0,387,1499,1313,1313,44849,44849,263165,6958558,60007978619961485756984247910367598607816,136,136,68,137,67,66
irregular-n08-t128-b00064-frandom-s08,Accelerated,irregular-n08-t128-b00064-frandom,128,64,random,s08,9a876b4fff46382cdc793e50811a9184fe0b7de0f8043a3462b14ade66014cbb,8,21,68,64,67,1947,3,2650681584,Baseline,2,11,0,2,2,1,0,1,0,1,3,1,387,777,681,681,23609,23609,136867,3401676,692176684697955797900090100141901167056570778232994845578620,199,196,132,199,67,66
irregular-n08-t128-b00064-frandom-s09,Standard,irregular-n08-t128-b00064-frandom,128,64,random,s09,5475f579c35552a1f37bccd253ff979a2070cf47c72e28e11a96084432cffa26,8,21,68,64,66,1929,3,4352608375,L0,10,14,6,0,6,0,0,0,0,0,0,0,387,1204,1078,1078,37738,37738,216661,5929839,26994329642675441850579782567888019482024,135,135,68,136,66,65
irregular-n08-t128-b00064-frandom-s09,Accelerated,irregular-n08-t128-b00064-frandom,128,64,random,s09,5475f579c35552a1f37bccd253ff979a2070cf47c72e28e11a96084432cffa26,8,21,68,64,66,1929,3,4122023291,L0,3,11,0,3,3,0,0,0,0,3,1,3,387,1160,1034,1034,35786,35786,211059,5682546,23979664513874853454265944676715802084898,135,133,68,136,66,65
irregular-n08-t128-b00064-frandom-s10,Standard,irregular-n08-t128-b00064-frandom,128,64,random,s10,94befaf543fb1ea35aee1a197aacde116f63a195de703e7ac68ff594d85b0869,8,20,68,64,66,1883,3,4614146625,H1,13,17,9,0,9,0,0,0,0,0,0,0,369,1236,1116,1116,39916,39916,235077,6246177,78651040301676870333121135696081616237122,136,135,69,136,65,63
irregular-n08-t128-b00064-frandom-s10,Accelerated,irregular-n08-t128-b00064-frandom,128,64,random,s10,94befaf543fb1ea35aee1a197aacde116f63a195de703e7ac68ff594d85b0869,8,20,68,64,66,1883,3,4284851500,H1,6,16,0,6,6,2,1,1,0,4,0,4,369,1189,1069,1069,37813,37813,219851,5718802,4388069590072812974403336529705704746489894574037802005832440,202,201,134,202,65,63
irregular-n08-t128-b00064-frandom-s11,Standard,irregular-n08-t128-b00064-frandom,128,64,random,s11,080febd89517bbb7af3ec1dcc87b534356469908212d2d888f8117c314e6f63a,8,16,67,64,66,1606,3,4232302792,H0,13,17,9,0,9,0,0,0,0,0,0,0,297,1420,1219,1219,41997,41997,216707,5466848,26773050695009126634352464944293005287938,135,134,67,135,66,65
irregular-n08-t128-b00064-frandom-s11,Accelerated,irregular-n08-t128-b00064-frandom,128,64,random,s11,080febd89517bbb7af3ec1dcc87b534356469908212d2d888f8117c314e6f63a,8,16,67,64,66,1606,3,4120144334,H0,6,17,0,6,6,3,1,2,0,3,1,3,297,1389,1190,1190,40780,40780,216270,5327242,2158896401331259461724165304349676970421860702901032582762488,201,200,134,202,66,65
irregular-n08-t128-b00064-frandom-s12,Standard,irregular-n08-t128-b00064-frandom,128,64,random,s12,9a0257cea78f6fd8f5c489fc440c1e4f45b5c7a35a01da75c69ec493f3935172,8,15,68,64,66,1530,3,2592437625,L0,9,13,5,0,5,0,0,0,0,0,0,0,279,867,777,777,27357,27357,135270,3088172,34660895753203806057369074143872296539472,135,135,68,136,69,68
irregular-n08-t128-b00064-frandom-s12,Accelerated,irregular-n08-t128-b00064-frandom,128,64,random,s12,9a0257cea78f6fd8f5c489fc440c1e4f45b5c7a35a01da75c69ec493f3935172,8,15,68,64,66,1530,3,2426176500,L0,3,11,0,3,3,0,0,0,0,3,1,3,279,829,739,739,25611,25611,130206,2861949,34660895753203806057369074143872296539472,135,134,68,136,69,68
irregular-n08-t128-b00064-frandom-s13,Standard,irregular-n08-t128-b00064-frandom,128,64,random,s13,3376eef2ab58754e47fdbb1a9bc76b4642c516c40c21a8c73231a42486138115,8,17,67,64,66,1663,3,3204060000,H0,10,14,6,0,6,0,0,0,0,0,0,0,315,987,885,885,31249,31249,165284,4028588,25541348209683617146802987341526903964080,135,134,67,135,68,67
irregular-n08-t128-b00064-frandom-s13,Accelerated,irregular-n08-t128-b00064-frandom,128,64,random,s13,3376eef2ab58754e47fdbb1a9bc76b4642c516c40c21a8c73231a42486138115,8,17,67,64,66,1663,3,2976347125,H0,4,12,0,4,4,0,0,0,0,4,0,4,315,945,843,843,29331,29331,156558,3722517,25541348209683617146802987341526903964080,135,133,67,135,68,67
irregular-n08-t128-b00064-frandom-s14,Standard,irregular-n08-t128-b00064-frandom,128,64,random,s14,d5c5344ef4b35cb21054e0514341f209d7a724da6fd820bd1893e8ee544f0300,8,20,68,64,66,1873,3,5169141166,H0,12,16,8,0,8,0,0,0,0,0,0,0,369,1515,1355,1355,47283,47283,267717,6675756,41510589852443392767100885858095053297324,135,135,68,136,67,65
irregular-n08-t128-b00064-frandom-s14,Accelerated,irregular-n08-t128-b00064-frandom,128,64,random,s14,d5c5344ef4b35cb21054e0514341f209d7a724da6fd820bd1893e8ee544f0300,8,20,68,64,66,1873,3,6062220458,H0,6,16,0,6,6,2,0,2,0,4,0,4,369,1827,1627,1627,55987,55987,327358,7698412,6405813761841205176162135958834988141450750094133872495559584,202,201,135,203,67,65
irregular-n08-t128-b00064-frandom-s15,Standard,irregular-n08-t128-b00064-frandom,128,64,random,s15,e79e78cf54ec9e689cfa1cdcf5af9d13c323f13e698a447b07ded3fc54a91d98,8,21,68,64,66,1944,3,5099258208,L1,10,14,6,0,6,0,0,0,0,0,0,0,387,1498,1330,1330,45550,45550,263090,6862168,39406918721679278104474517610040208836848,135,135,68,136,68,67
irregular-n08-t128-b00064-frandom-s15,Accelerated,irregular-n08-t128-b00064-frandom,128,64,random,s15,e79e78cf54ec9e689cfa1cdcf5af9d13c323f13e698a447b07ded3fc54a91d98,8,21,68,64,66,1944,3,5723654833,L1,4,14,0,4,4,2,0,2,0,2,2,2,387,1785,1575,1575,52979,52979,304185,7314491,515143243567884594060213973955591535435895341834118050176040,199,199,131,199,68,67
irregular-n08-t128-b00064-frandom-s16,Standard,irregular-n08-t128-b00064-frandom,128,64,random,s16,90c5ceaa2d71e1f48a0c6b06a90426d7f91ec711456451652d0db4331a8e9fb8,8,20,67,64,66,1857,3,5082741542,L0,11,15,7,0,7,0,0,0,0,0,0,0,369,1468,1308,1308,45180,45180,270505,6838382,28035656605467561827016447661966667586420,135,135,68,135,67,66
irregular-n08-t128-b00064-frandom-s16,Accelerated,irregular-n08-t128-b00064-frandom,128,64,random,s16,90c5ceaa2d71e1f48a0c6b06a90426d7f91ec711456451652d0db4331a8e9fb8,8,20,67,64,66,1857,3,5760801083,L0,4,13,0,4,4,1,0,1,0,3,1,3,369,1746,1546,1546,52474,52474,317024,7592870,234888914710493103047442309185492556964577849662619717090160,198,197,130,198,67,66
irregular-n08-t128-b00064-frandom-s17,Standard,irregular-n08-t128-b00064-frandom,128,64,random,s17,39d1cf2e5202712b5a049855a39daf4199bc358bd0cc4c2c403fa0b1661c3ebb,8,24,68,64,66,2145,3,6904577500,H0,11,15,7,0,7,0,0,0,0,0,0,0,441,1763,1571,1571,54267,54267,350506,10386730,70866410962078737663385384945020470476568,136,135,68,136,68,67
irregular-n08-t128-b00064-frandom-s17,Accelerated,irregular-n08-t128-b00064-frandom,128,64,random,s17,39d1cf2e5202712b5a049855a39daf4199bc358bd0cc4c2c403fa0b1661c3ebb,8,24,68,64,66,2145,3,7512996500,H0,5,14,0,5,5,1,0,1,0,4,0,4,441,2091,1851,1851,62739,62739,389517,10496910,2641599225720604643963280159857983539808117001580773342580080,201,201,133,201,68,67
irregular-n08-t128-b00064-frandom-s18,Standard,irregular-n08-t128-b00064-frandom,128,64,random,s18,70555038a5223c812c1ff31329a40fcb3e1698f47124a1170dcd7fabd4d5043b,8,14,68,64,66,1477,3,2639446958,L1,10,14,6,0,6,0,0,0,0,0,0,0,261,1008,824,824,28592,28592,136257,3065959,37108578799284340949657684531166801106760,135,135,68,136,68,68
irregular-n08-t128-b00064-frandom-s18,Accelerated,irregular-n08-t128-b00064-frandom,128,64,random,s18,70555038a5223c812c1ff31329a40fcb3e1698f47124a1170dcd7fabd4d5043b,8,14,68,64,66,1477,3,1959033458,L1,3,12,0,3,3,1,0,1,0,2,2,2,261,749,611,611,21175,21175,103483,2243007,66581217133606222062492575162270445296151797778472879681856,196,194,129,197,68,68
irregular-n08-t128-b00064-frandom-s19,Standard,irregular-n08-t128-b00064-frandom,128,64,random,s19,dca9806bb5b04f88788b6afb5066f21a696f94b34f13151df4af7450fdd7f6f4,8,21,68,64,66,1955,3,4911685292,L1,10,14,6,0,6,0,0,0,0,0,0,0,387,1498,1330,1330,45550,45550,248166,5974183,69563114246432849241281170301319847286550,136,137,69,137,69,68
irregular-n08-t128-b00064-frandom-s19,Accelerated,irregular-n08-t128-b00064-frandom,128,64,random,s19,dca9806bb5b04f88788b6afb5066f21a696f94b34f13151df4af7450fdd7f6f4,8,21,68,64,66,1955,3,5461484125,L1,4,14,0,4,4,2,0,2,0,2,2,2,387,1785,1575,1575,52979,52979,281651,6172738,287056348858936403802283686775610367641924508737199868470832,198,198,129,199,69,68
irregular-n08-t128-b00064-frandom-s20,Standard,irregular-n08-t128-b00064-frandom,128,64,random,s20,b4145525d646da6bae63aecfc4076e5496f16042bf013d20a9ae5a66b89da36f,8,16,68,64,65,1591,3,3508196000,H0,10,14,6,0,6,0,0,0,0,0,0,0,297,1155,1027,1027,35483,35483,180910,4397252,34893110690489852425357306507403736069576,135,134,68,135,67,65
irregular-n08-t128-b00064-frandom-s20,Accelerated,irregular-n08-t128-b00064-frandom,128,64,random,s20,b4145525d646da6bae63aecfc4076e5496f16042bf013d20a9ae5a66b89da36f,8,16,68,64,65,1591,3,4098389584,H0,5,14,0,5,5,1,0,1,0,4,0,4,297,1403,1243,1243,42355,42355,217124,4938655,609059764997059302537744663956759024849315826461038684505820,199,199,132,199,67,65
irregular-n12-t064-b00001-falternating-s01,Standard,irregular-n12-t064-b00001-falternating,64,1,alternating,s01,76379d17d2dd126479289f04905e55de60b26ec735d65c1474d339de723b2829,12,24,6,2,4,207,3,35068949375,H0,13,17,9,0,9,0,0,0,0,0,0,0,363,1740,1615,1615,154577,154577,1739753,69610858,1856,11,11,6,16,3,2
irregular-n12-t064-b00001-falternating-s01,Accelerated,irregular-n12-t064-b00001-falternating,64,1,alternating,s01,76379d17d2dd126479289f04905e55de60b26ec735d65c1474d339de723b2829,12,24,6,2,4,207,3,22320961208,H0,4,13,0,4,4,1,1,0,0,3,1,3,363,1140,1065,1065,102687,102687,1101400,42737685,65472,16,13,11,17,3,2
irregular-n12-t064-b00001-falternating-s02,Standard,irregular-n12-t064-b00001-falternating,64,1,alternating,s02,56b3941b8683a820c2761f6d792640eba2c910679a641087975cfea0750923d6,12,21,6,2,3,183,3,23979518459,H1,13,17,9,0,9,0,0,0,0,0,0,0,321,1326,1242,1242,120174,120174,1174323,43586748,1452,11,11,6,16,3,2
irregular-n12-t064-b00001-falternating-s02,Accelerated,irregular-n12-t064-b00001-falternating,64,1,alternating,s02,56b3941b8683a820c2761f6d792640eba2c910679a641087975cfea0750923d6,12,21,6,2,3,183,3,14430025500,H1,4,13,0,4,4,1,1,0,0,3,1,3,321,795,753,753,74517,74517,695393,25021224,48000,16,14,11,17,3,2
irregular-n12-t064-b00001-falternating-s03,Standard,irregular-n12-t064-b00001-falternating,64,1,alternating,s03,6c8ca9edb2f7a660d0e0ba4f00ad9dc69c13d8fb8725cc3fd3cd72df8de20876,12,28,6,2,4,245,3,45995049625,H0,15,19,11,0,11,0,0,0,0,0,0,0,419,2094,1969,1969,188803,188803,2201587,91077669,2570,12,12,6,16,3,2
irregular-n12-t064-b00001-falternating-s03,Accelerated,irregular-n12-t064-b00001-falternating,64,1,alternating,s03,6c8ca9edb2f7a660d0e0ba4f00ad9dc69c13d8fb8725cc3fd3cd72df8de20876,12,28,6,2,4,245,3,45174220333,H0,7,18,0,7,7,3,1,2,0,4,0,4,419,2093,1968,1968,188646,188646,2210658,87929618,31456,15,13,10,16,3,2
irregular-n12-t064-b00001-falternating-s04,Standard,irregular-n12-t064-b00001-falternating,64,1,alternating,s04,eedfda083f6707f4d35443db5738fff5de3a939079ef1b7f9d699ad7af5e6c83,12,19,5,2,3,165,3,20131897667,H0,14,18,10,0,10,0,0,0,0,0,0,0,293,1236,1152,1152,111836,111836,979896,34332348,1012,10,10,5,16,4,2
irregular-n12-t064-b00001-falternating-s04,Accelerated,irregular-n12-t064-b00001-falternating,64,1,alternating,s04,eedfda083f6707f4d35443db5738fff5de3a939079ef1b7f9d699ad7af5e6c83,12,19,5,2,3,165,3,16645804375,H0,6,16,0,6,6,2,1,1,0,4,0,4,293,1007,944,944,92422,92422,818727,27833686,12700,14,12,9,16,4,2
irregular-n12-t064-b00001-falternating-s05,Standard,irregular-n12-t064-b00001-falternating,64,1,alternating,s05,e1f36575727d5727221f5c21723b3c636e05f207ce1d664d46f77dee148565d1,12,28,6,2,4,230,3,37189545833,H0,13,17,9,0,9,0,0,0,0,0,0,0,419,1702,1590,1590,152934,152934,1769200,74820028,2128,12,11,6,16,4,2
irregular-n12-t064-b00001-falternating-s05,Accelerated,irregular-n12-t064-b00001-falternating,64,1,alternating,s05,e1f36575727d5727221f5c21723b3c636e05f207ce1d664d46f77dee148565d1,12,28,6,2,4,230,3,28168352875,H0,6,16,0,6,6,2,1,1,0,4,0,4,419,1311,1227,1227,118287,118287,1356687,55439853,21936,15,13,9,16,4,2
irregular-n12-t064-b00001-falternating-s06,Standard,irregular-n12-t064-b00001-falternating,64,1,alternating,s06,e6609bfe8624a76ff81563114b978c272488b045583edef0b7dbda5874ac3b0b,12,26,6,2,4,219,3,32481975167,H1,12,16,8,0,8,0,0,0,0,0,0,0,391,1564,1472,1472,141224,141224,1578274,62643787,1938,11,12,6,16,3,2
irregular-n12-t064-b00001-falternating-s06,Accelerated,irregular-n12-t064-b00001-falternating,64,1,alternating,s06,e6609bfe8624a76ff81563114b978c272488b045583edef0b7dbda5874ac3b0b,12,26,6,2,4,219,3,26780165458,H1,4,13,0,4,4,1,1,0,0,3,1,3,391,1276,1207,1207,117305,117305,1309266,50782849,92532,17,15,11,18,3,2
irregular-n12-t064-b00001-falternating-s07,Standard,irregular-n12-t064-b00001-falternating,64,1,alternating,s07,9e9a74ee6098a2cd17fa476b875bb1f1aa42e547bd210f0f3e6ab5c7048205da,12,29,6,2,4,243,3,39583617958,H0,12,16,8,0,8,0,0,0,0,0,0,0,433,1789,1649,1649,159225,159225,1867261,79655827,2532,12,12,6,16,3,2
irregular-n12-t064-b00001-falternating-s07,Accelerated,irregular-n12-t064-b00001-falternating,64,1,alternating,s07,9e9a74ee6098a2cd17fa476b875bb1f1aa42e547bd210f0f3e6ab5c7048205da,12,29,6,2,4,243,3,31278469417,H0,5,14,0,5,5,1,0,1,0,4,0,4,433,1415,1310,1310,127584,127584,1494069,61846744,14928,14,13,8,16,3,2
irregular-n12-t064-b00001-falternating-s08,Standard,irregular-n12-t064-b00001-falternating,64,1,alternating,s08,ff47d7d992c438eb6e65a91baa8cbb6b91fca3456c91beaee463ef1765139458,12,23,5,2,3,189,3,26733201542,H0,13,17,9,0,9,0,0,0,0,0,0,0,349,1422,1282,1282,124026,124026,1312967,51747471,1164,11,10,5,16,4,2
irregular-n12-t064-b00001-falternating-s08,Accelerated,irregular-n12-t064-b00001-falternating,64,1,alternating,s08,ff47d7d992c438eb6e65a91baa8cbb6b91fca3456c91beaee463ef1765139458,12,23,5,2,3,189,3,20057230333,H0,5,14,0,5,5,1,0,1,0,4,0,4,349,1099,994,994,96292,96292,994834,37475183,5976,13,12,7,16,4,2
irregular-n12-t064-b00001-falternating-s09,Standard,irregular-n12-t064-b00001-falternating,64,1,alternating,s09,87ce919a23acd9c001f0ce6d2a06d36bae14a359d532b73c4c4d9b50a9572178,12,29,6,2,4,232,3,36092470208,H0,13,17,9,0,9,0,0,0,0,0,0,0,433,1758,1622,1622,156006,156006,1658222,68777361,2058,12,11,6,16,4,2
irregular-n12-t064-b00001-falternating-s09,Accelerated,irregular-n12-t064-b00001-falternating,64,1,alternating,s09,87ce919a23acd9c001f0ce6d2a06d36bae14a359d532b73c4c4d9b50a9572178,12,29,6,2,4,232,3,27294448416,H0,5,14,0,5,5,1,0,1,0,4,0,4,433,1351,1249,1249,120277,120277,1265988,50648371,16928,15,13,8,16,4,2
irregular-n12-t064-b00001-falternating-s10,Standard,irregular-n12-t064-b00001-falternating,64,1,alternating,s10,aa53fd66eea6b65e07caf236891d0d86125cdffe9da77555edb49b52cf004d93,12,19,5,2,3,168,3,23966151958,L0,14,18,10,0,10,0,0,0,0,0,0,0,293,1438,1343,1343,129185,129185,1187806,41386269,888,10,11,6,16,4,3
irregular-n12-t064-b00001-falternating-s10,Accelerated,irregular-n12-t064-b00001-falternating,64,1,alternating,s10,aa53fd66eea6b65e07caf236891d0d86125cdffe9da77555edb49b52cf004d93,12,19,5,2,3,168,3,13281783625,L0,4,14,0,4,4,2,1,1,0,2,2,2,293,778,740,740,73292,73292,633223,22078809,26016,15,13,10,16,4,3
irregular-n12-t064-b00001-falternating-s11,Standard,irregular-n12-t064-b00001-falternating,64,1,alternating,s11,b67a483d5fe5842c427ab7ac2ce63595edcf25b77e193eba92ed547937e8c8d8,12,30,6,2,4,244,3,47147117709,H0,16,20,12,0,12,0,0,0,0,0,0,0,447,1935,1767,1767,172147,172147,2184251,102754265,2664,12,12,6,16,4,2
irregular-n12-t064-b00001-falternating-s11,Accelerated,irregular-n12-t064-b00001-falternating,64,1,alternating,s11,b67a483d5fe5842c427ab7ac2ce63595edcf25b77e193eba92ed547937e8c8d8,12,30,6,2,4,244,3,37068588875,H0,7,18,0,7,7,3,1,2,0,4,0,4,447,1515,1389,1389,135909,135909,1732965,80215081,43200,16,14,9,17,4,2
irregular-n12-t064-b00001-falternating-s12,Standard,irregular-n12-t064-b00001-falternating,64,1,alternating,s12,81c906ede5dffe4e9685783526272ceb04a6bd6aef889933bd187b9173bcf85b,12,28,6,2,4,230,3,36767001459,H0,13,17,9,0,9,0,0,0,0,0,0,0,419,1732,1616,1616,156248,156248,1695787,72513571,2080,12,12,6,16,4,3
irregular-n12-t064-b00001-falternating-s12,Accelerated,irregular-n12-t064-b00001-falternating,64,1,alternating,s12,81c906ede5dffe4e9685783526272ceb04a6bd6aef889933bd187b9173bcf85b,12,28,6,2,4,230,3,29382741209,H0,5,14,0,5,5,1,0,1,0,4,0,4,419,1369,1282,1282,124956,124956,1367954,57630326,22320,15,14,9,16,4,3
irregular-n12-t064-b00001-falternating-s13,Standard,irregular-n12-t064-b00001-falternating,64,1,alternating,s13,eb39e9762daa2a6168f89723ceb18741596e91242aa3eccf3315f71055bc8b13,12,23,6,2,4,196,3,27153638208,L0,13,17,9,0,9,0,0,0,0,0,0,0,349,1442,1362,1362,131414,131414,1309253,49449167,1522,11,11,6,16,4,3
irregular-n12-t064-b00001-falternating-s13,Accelerated,irregular-n12-t064-b00001-falternating,64,1,alternating,s13,eb39e9762daa2a6168f89723ceb18741596e91242aa3eccf3315f71055bc8b13,12,23,6,2,4,196,3,16285348958,L0,3,12,0,3,3,1,1,0,0,2,2,2,349,862,822,822,81090,81090,769821,28251593,10620,14,12,8,16,4,3
irregular-n12-t064-b00001-falternating-s14,Standard,irregular-n12-t064-b00001-falternating,64,1,alternating,s14,2cc130b5e28c87d66747d72db99b4feb6499c9d31a17db9b7b6857d14d4dd4cb,12,22,6,2,3,196,3,27882916000,H0,17,21,13,0,13,0,0,0,0,0,0,0,335,1481,1369,1369,133381,133381,1333792,51411625,1546,11,11,6,16,3,2
irregular-n12-t064-b00001-falternating-s14,Accelerated,irregular-n12-t064-b00001-falternating,64,1,alternating,s14,2cc130b5e28c87d66747d72db99b4feb6499c9d31a17db9b7b6857d14d4dd4cb,12,22,6,2,3,196,3,16569886125,H0,5,15,0,5,5,2,2,0,0,3,1,3,335,881,825,825,81773,81773,783220,29461497,61696,16,14,11,17,3,2
irregular-n12-t064-b00001-falternating-s15,Standard,irregular-n12-t064-b00001-falternating,64,1,alternating,s15,d92135c847a420f48804bd50879f1b204dc190a794a951db1409fb07d2ffc2a1,12,24,6,2,4,201,3,28938290166,L0,12,16,8,0,8,0,0,0,0,0,0,0,363,1452,1352,1352,130144,130144,1415066,56757617,1764,11,11,6,16,5,4
irregular-n12-t064-b00001-falternating-s15,Accelerated,irregular-n12-t064-b00001-falternating,64,1,alternating,s15,d92135c847a420f48804bd50879f1b204dc190a794a951db1409fb07d2ffc2a1,12,24,6,2,4,201,3,15287978958,L0,2,10,0,2,2,0,0,0,0,2,2,2,363,800,750,750,73018,73018,739828,28096514,1764,11,9,6,16,5,4
irregular-n12-t064-b00001-falternating-s16,Standard,irregular-n12-t064-b00001-falternating,64,1,alternating,s16,2dfdd821d1858cd66d5cbf5008b5380ee54cdc14edc1c52815cac6ffa85ac231,12,27,6,2,4,228,3,36493770083,H0,15,19,11,0,11,0,0,0,0,0,0,0,405,1729,1637,1637,158625,158625,1692546,68954490,2210,12,12,6,16,3,2
irregular-n12-t064-b00001-falternating-s16,Accelerated,irregular-n12-t064-b00001-falternating,64,1,alternating,s16,2dfdd821d1858cd66d5cbf5008b5380ee54cdc14edc1c52815cac6ffa85ac231,12,27,6,2,4,228,3,27554501792,H0,5,14,0,5,5,1,1,0,0,4,0,4,405,1323,1254,1254,121848,121848,1295291,51081085,36296,16,14,10,17,3,2
irregular-n12-t064-b00001-falternating-s17,Standard,irregular-n12-t064-b00001-falternating,64,1,alternating,s17,38bff8237cb2b80948c4e464af893b2395fc6d19806aacdfd3ce532c23318d7c,12,30,6,2,4,250,3,34713517333,H1,13,17,9,0,9,0,0,0,0,0,0,0,447,1814,1370,1370,132834,132834,1593767,72482370,2834,12,12,6,16,4,3
irregular-n12-t064-b00001-falternating-s17,Accelerated,irregular-n12-t064-b00001-falternating,64,1,alternating,s17,38bff8237cb2b80948c4e464af893b2395fc6d19806aacdfd3ce532c23318d7c,12,30,6,2,4,250,3,26677486416,H1,5,14,0,5,5,1,1,0,0,4,0,4,447,1393,1060,1060,102898,102898,1241609,55016658,59320,16,14,11,17,4,3
irregular-n12-t064-b00001-falternating-s18,Standard,irregular-n12-t064-b00001-falternating,64,1,alternating,s18,eb3410da487e2e7f85e1ab2cc4ba34421d3cb473f66c8283267c731e48242c67,12,25,6,2,4,210,3,30858602291,H1,12,16,8,0,8,0,0,0,0,0,0,0,377,1508,1416,1416,135968,135968,1507602,59686844,2200,12,12,6,16,3,2
irregular-n12-t064-b00001-falternating-s18,Accelerated,irregular-n12-t064-b00001-falternating,64,1,alternating,s18,eb3410da487e2e7f85e1ab2cc4ba34421d3cb473f66c8283267c731e48242c67,12,25,6,2,4,210,3,25292584834,H1,4,13,0,4,4,1,1,0,0,3,1,3,377,1230,1161,1161,112919,112919,1245578,48191805,76680,17,14,11,17,3,2
irregular-n12-t064-b00001-falternating-s19,Standard,irregular-n12-t064-b00001-falternating,64,1,alternating,s19,b84d5e5ef8b4a95a98c9f87a18b3a16ffc645d318b9dfc348f37dd92a0fdab82,12,22,5,2,3,183,3,24565144875,H0,15,19,11,0,11,0,0,0,0,0,0,0,335,1411,1323,1323,128143,128143,1192641,42145689,1186,11,11,6,16,3,2
irregular-n12-t064-b00001-falternating-s19,Accelerated,irregular-n12-t064-b00001-falternating,64,1,alternating,s19,b84d5e5ef8b4a95a98c9f87a18b3a16ffc645d318b9dfc348f37dd92a0fdab82,12,22,5,2,3,183,3,20010237625,H0,7,18,0,7,7,3,1,2,0,4,0,4,335,1147,1081,1081,105681,105681,980192,33392229,15360,14,12,9,16,3,2
irregular-n12-t064-b00001-falternating-s20,Standard,irregular-n12-t064-b00001-falternating,64,1,alternating,s20,aae9d23a45b8a1afef94843ddf3180a65c83830edc6efc7c8e7a3d7633bd61e1,12,23,6,2,4,193,3,25673421208,H0,13,17,9,0,9,0,0,0,0,0,0,0,349,1467,1323,1323,127971,127971,1220575,45206875,1602,11,11,6,16,3,2
irregular-n12-t064-b00001-falternating-s20,Accelerated,irregular-n12-t064-b00001-falternating,64,1,alternating,s20,aae9d23a45b8a1afef94843ddf3180a65c83830edc6efc7c8e7a3d7633bd61e1,12,23,6,2,4,193,3,21284999875,H0,5,15,0,5,5,2,2,0,0,3,1,3,349,1190,1082,1082,105594,105594,1026302,37269736,35872,16,14,10,17,3,2
irregular-n12-t064-b00001-frandom-s01,Standard,irregular-n12-t064-b00001-frandom,64,1,random,s01,76379d17d2dd126479289f04905e55de60b26ec735d65c1474d339de723b2829,12,24,6,2,4,204,3,41914118209,L1,11,15,7,0,7,0,0,0,0,0,0,0,587,2385,2209,2209,210671,210671,1832952,73828465,1048,11,11,6,16,4,3
irregular-n12-t064-b00001-frandom-s01,Accelerated,irregular-n12-t064-b00001-frandom,64,1,random,s01,76379d17d2dd126479289f04905e55de60b26ec735d65c1474d339de723b2829,12,24,6,2,4,204,3,22276564250,L1,3,12,0,3,3,1,1,0,0,2,2,2,587,1319,1231,1231,119535,119535,1000787,35279051,42416,16,14,11,17,4,3
irregular-n12-t064-b00001-frandom-s02,Standard,irregular-n12-t064-b00001-frandom,64,1,random,s02,56b3941b8683a820c2761f6d792640eba2c910679a641087975cfea0750923d6,12,21,6,2,3,185,3,28723546916,L0,13,17,9,0,9,0,0,0,0,0,0,0,473,1902,1754,1754,168298,168298,1314222,43558212,988,10,11,6,16,4,3
irregular-n12-t064-b00001-frandom-s02,Accelerated,irregular-n12-t064-b00001-frandom,64,1,random,s02,56b3941b8683a820c2761f6d792640eba2c910679a641087975cfea0750923d6,12,21,6,2,3,185,3,15032395750,L0,3,12,0,3,3,1,0,1,0,2,2,2,473,1018,944,944,92136,92136,696801,20632665,22400,15,13,10,16,4,3
irregular-n12-t064-b00001-frandom-s03,Standard,irregular-n12-t064-b00001-frandom,64,1,random,s03,6c8ca9edb2f7a660d0e0ba4f00ad9dc69c13d8fb8725cc3fd3cd72df8de20876,12,28,6,2,4,239,3,53099472208,H0,13,17,9,0,9,0,0,0,0,0,0,0,643,2653,2465,2465,235133,235133,2451192,100236653,2124,12,11,6,16,4,2
irregular-n12-t064-b00001-frandom-s03,Accelerated,irregular-n12-t064-b00001-frandom,64,1,random,s03,6c8ca9edb2f7a660d0e0ba4f00ad9dc69c13d8fb8725cc3fd3cd72df8de20876,12,28,6,2,4,239,3,64443464667,H0,7,18,0,7,7,3,0,3,0,4,0,4,643,3213,2978,2978,282756,282756,3063359,121890558,21168,15,14,8,16,4,2
irregular-n12-t064-b00001-frandom-s04,Standard,irregular-n12-t064-b00001-frandom,64,1,random,s04,eedfda083f6707f4d35443db5738fff5de3a939079ef1b7f9d699ad7af5e6c83,12,19,5,2,4,171,3,26076537459,L0,12,16,8,0,8,0,0,0,0,0,0,0,353,1706,1566,1566,149870,149870,1252099,42788782,1050,11,11,6,16,4,3
irregular-n12-t064-b00001-frandom-s04,Accelerated,irregular-n12-t064-b00001-frandom,64,1,random,s04,eedfda083f6707f4d35443db5738fff5de3a939079ef1b7f9d699ad7af5e6c83,12,19,5,2,4,171,3,23981028792,L0,5,15,0,5,5,2,0,2,0,3,1,3,353,1659,1519,1519,144479,144479,1173042,36921969,1308,11,10,6,16,4,3
irregular-n12-t064-b00001-frandom-s05,Standard,irregular-n12-t064-b00001-frandom,64,1,random,s05,e1f36575727d5727221f5c21723b3c636e05f207ce1d664d46f77dee148565d1,12,28,6,2,3,237,3,54373588375,L0,13,17,9,0,9,0,0,0,0,0,0,0,683,2742,2538,2538,241882,241882,2419406,102848460,1794,11,12,6,16,6,5
irregular-n12-t064-b00001-frandom-s05,Accelerated,irregular-n12-t064-b00001-frandom,64,1,random,s05,e1f36575727d5727221f5c21723b3c636e05f207ce1d664d46f77dee148565d1,12,28,6,2,3,237,3,27258904875,L0,5,15,0,5,5,2,1,1,0,3,1,3,683,1455,1353,1353,130953,130953,1222336,46293275,32292,15,13,10,17,6,5
irregular-n12-t064-b00001-frandom-s06,Standard,irregular-n12-t064-b00001-frandom,64,1,random,s06,e6609bfe8624a76ff81563114b978c272488b045583edef0b7dbda5874ac3b0b,12,26,6,2,3,218,3,34664326125,H0,12,16,8,0,8,0,0,0,0,0,0,0,533,1716,1590,1590,154018,154018,1497513,67960203,1510,11,11,6,16,5,4
irregular-n12-t064-b00001-frandom-s06,Accelerated,irregular-n12-t064-b00001-frandom,64,1,random,s06,e6609bfe8624a76ff81563114b978c272488b045583edef0b7dbda5874ac3b0b,12,26,6,2,3,218,3,34520284333,H0,5,14,0,5,5,1,0,1,0,4,0,4,533,1703,1577,1577,152433,152433,1529000,67894762,36364,16,14,10,16,5,4
irregular-n12-t064-b00001-frandom-s07,Standard,irregular-n12-t064-b00001-frandom,64,1,random,s07,9e9a74ee6098a2cd17fa476b875bb1f1aa42e547bd210f0f3e6ab5c7048205da,12,29,6,2,4,249,3,47389673708,H1,12,16,8,0,8,0,0,0,0,0,0,0,591,2364,2184,2184,208928,208928,2208084,88222905,2100,12,12,6,16,3,2
irregular-n12-t064-b00001-frandom-s07,Accelerated,irregular-n12-t064-b00001-frandom,64,1,random,s07,9e9a74ee6098a2cd17fa476b875bb1f1aa42e547bd210f0f3e6ab5c7048205da,12,29,6,2,4,249,3,33150487167,H1,5,14,0,5,5,1,0,1,0,4,0,4,591,1775,1640,1640,157010,157010,1555098,55977314,2200,12,10,7,16,3,2
irregular-n12-t064-b00001-frandom-s08,Standard,irregular-n12-t064-b00001-frandom,64,1,random,s08,ff47d7d992c438eb6e65a91baa8cbb6b91fca3456c91beaee463ef1765139458,12,23,6,2,3,199,3,26937669583,L0,10,14,6,0,6,0,0,0,0,0,0,0,518,1566,1446,1446,138858,138858,1164454,46893929,1164,11,11,6,16,5,4
irregular-n12-t064-b00001-frandom-s08,Accelerated,irregular-n12-t064-b00001-frandom,64,1,random,s08,ff47d7d992c438eb6e65a91baa8cbb6b91fca3456c91beaee463ef1765139458,12,23,6,2,3,199,3,25619827833,L0,4,13,0,4,4,1,0,1,0,3,1,3,518,1510,1390,1390,132446,132446,1130142,43871621,1164,11,9,7,16,5,4
irregular-n12-t064-b00001-frandom-s09,Standard,irregular-n12-t064-b00001-frandom,64,1,random,s09,87ce919a23acd9c001f0ce6d2a06d36bae14a359d532b73c4c4d9b50a9572178,12,29,6,2,4,241,3,52944985041,H0,13,17,9,0,9,0,0,0,0,0,0,0,591,2374,2186,2186,209480,209480,2379376,111155909,2820,12,11,6,16,5,3
irregular-n12-t064-b00001-frandom-s09,Accelerated,irregular-n12-t064-b00001-frandom,64,1,random,s09,87ce919a23acd9c001f0ce6d2a06d36bae14a359d532b73c4c4d9b50a9572178,12,29,6,2,4,241,3,38693163167,H0,6,16,0,6,6,2,1,1,0,4,0,4,591,1795,1654,1654,159034,159034,1765776,78397986,40628,16,14,10,17,5,3
irregular-n12-t064-b00001-frandom-s10,Standard,irregular-n12-t064-b00001-frandom,64,1,random,s10,aa53fd66eea6b65e07caf236891d0d86125cdffe9da77555edb49b52cf004d93,12,19,5,2,3,171,3,27025448709,H0,13,17,9,0,9,0,0,0,0,0,0,0,445,1843,1715,1715,163883,163883,1184770,41595778,934,10,10,5,16,5,3
irregular-n12-t064-b00001-frandom-s10,Accelerated,irregular-n12-t064-b00001-frandom,64,1,random,s10,aa53fd66eea6b65e07caf236891d0d86125cdffe9da77555edb49b52cf004d93,12,19,5,2,3,171,3,21430787000,H0,6,16,0,6,6,2,0,2,0,4,0,4,445,1463,1367,1367,131575,131575,968081,32038196,16272,14,13,9,16,5,3
irregular-n12-t064-b00001-frandom-s11,Standard,irregular-n12-t064-b00001-frandom,64,1,random,s11,b67a483d5fe5842c427ab7ac2ce63595edcf25b77e193eba92ed547937e8c8d8,12,30,6,2,4,249,3,50237769500,L0,8,12,4,0,4,0,0,0,0,0,0,0,793,2379,2199,2199,209019,209019,1999417,100500112,2078,12,11,6,16,7,6
irregular-n12-t064-b00001-frandom-s11,Accelerated,irregular-n12-t064-b00001-frandom,64,1,random,s11,b67a483d5fe5842c427ab7ac2ce63595edcf25b77e193eba92ed547937e8c8d8,12,30,6,2,4,249,3,50096376416,L0,2,10,0,2,2,0,0,0,0,2,2,2,793,2307,2127,2127,200763,200763,2067746,103852524,2078,12,10,6,16,7,6
irregular-n12-t064-b00001-frandom-s12,Standard,irregular-n12-t064-b00001-frandom,64,1,random,s12,81c906ede5dffe4e9685783526272ceb04a6bd6aef889933bd187b9173bcf85b,12,28,6,2,3,234,3,42826398959,H0,10,14,6,0,6,0,0,0,0,0,0,0,683,2115,1956,1956,187534,187534,1799650,83662762,1856,11,11,6,16,7,6
irregular-n12-t064-b00001-frandom-s12,Accelerated,irregular-n12-t064-b00001-frandom,64,1,random,s12,81c906ede5dffe4e9685783526272ceb04a6bd6aef889933bd187b9173bcf85b,12,28,6,2,3,234,3,41421233167,H0,4,12,0,4,4,0,0,0,0,4,0,4,683,2049,1890,1890,179988,179988,1775100,81400731,1856,11,10,6,16,7,6
irregular-n12-t064-b00001-frandom-s13,Standard,irregular-n12-t064-b00001-frandom,64,1,random,s13,eb39e9762daa2a6168f89723ceb18741596e91242aa3eccf3315f71055bc8b13,12,23,5,2,3,193,3,34685120209,L0,12,16,8,0,8,0,0,0,0,0,0,0,425,2058,1903,1903,181477,181477,1612467,59127671,1022,10,11,6,16,4,3
irregular-n12-t064-b00001-frandom-s13,Accelerated,irregular-n12-t064-b00001-frandom,64,1,random,s13,eb39e9762daa2a6168f89723ceb18741596e91242aa3eccf3315f71055bc8b13,12,23,5,2,3,193,3,45366743334,L0,4,14,0,4,4,2,0,2,0,2,2,2,425,2736,2519,2519,237301,237301,2190820,77077422,5636,13,12,8,16,4,3
irregular-n12-t064-b00001-frandom-s14,Standard,irregular-n12-t064-b00001-frandom,64,1,random,s14,2cc130b5e28c87d66747d72db99b4feb6499c9d31a17db9b7b6857d14d4dd4cb,12,22,6,2,4,198,3,32264771834,H0,13,17,9,0,9,0,0,0,0,0,0,0,497,2000,1860,1860,177524,177524,1488121,51302797,1362,11,11,6,16,3,2
irregular-n12-t064-b00001-frandom-s14,Accelerated,irregular-n12-t064-b00001-frandom,64,1,random,s14,2cc130b5e28c87d66747d72db99b4feb6499c9d31a17db9b7b6857d14d4dd4cb,12,22,6,2,4,198,3,36051718083,H0,7,18,0,7,7,3,1,2,0,4,0,4,497,2397,2222,2222,210352,210352,1700694,52693452,45040,16,13,11,17,3,2
irregular-n12-t064-b00001-frandom-s15,Standard,irregular-n12-t064-b00001-frandom,64,1,random,s15,d92135c847a420f48804bd50879f1b204dc190a794a951db1409fb07d2ffc2a1,12,24,6,2,3,197,3,28219249541,L0,10,14,6,0,6,0,0,0,0,0,0,0,539,1675,1546,1546,148984,148984,1203154,47554839,1008,10,11,6,16,3,2
irregular-n12-t064-b00001-frandom-s15,Accelerated,irregular-n12-t064-b00001-frandom,64,1,random,s15,d92135c847a420f48804bd50879f1b204dc190a794a951db1409fb07d2ffc2a1,12,24,6,2,3,197,3,18440477583,L0,2,10,0,2,2,0,0,0,0,2,2,2,539,1136,1050,1050,101542,101542,810532,28770653,970,10,9,6,16,3,2
irregular-n12-t064-b00001-frandom-s16,Standard,irregular-n12-t064-b00001-frandom,64,1,random,s16,2dfdd821d1858cd66d5cbf5008b5380ee54cdc14edc1c52815cac6ffa85ac231,12,27,6,2,4,230,3,52377848291,L0,13,17,9,0,9,0,0,0,0,0,0,0,551,2637,2442,2442,231372,231372,2398389,100119123,1692,11,12,6,16,4,3
irregular-n12-t064-b00001-frandom-s16,Accelerated,irregular-n12-t064-b00001-frandom,64,1,random,s16,2dfdd821d1858cd66d5cbf5008b5380ee54cdc14edc1c52815cac6ffa85ac231,12,27,6,2,4,230,3,67280432083,L0,4,14,0,4,4,2,1,1,0,2,2,2,551,3542,3269,3269,306491,306491,3159318,123942218,31400,15,14,10,16,4,3
irregular-n12-t064-b00001-frandom-s17,Standard,irregular-n12-t064-b00001-frandom,64,1,random,s17,38bff8237cb2b80948c4e464af893b2395fc6d19806aacdfd3ce532c23318d7c,12,30,6,2,4,254,3,83300125750,H1,15,19,11,0,11,0,0,0,0,0,0,0,731,3645,3370,3370,320180,320180,3608506,176968523,2944,12,12,6,16,4,3
irregular-n12-t064-b00001-frandom-s17,Accelerated,irregular-n12-t064-b00001-frandom,64,1,random,s17,38bff8237cb2b80948c4e464af893b2395fc6d19806aacdfd3ce532c23318d7c,12,30,6,2,4,254,3,76540215833,H1,7,18,0,7,7,3,1,2,0,4,0,4,731,3635,3360,3360,318850,318850,3351772,150366630,76144,17,15,11,18,4,3
irregular-n12-t064-b00001-frandom-s18,Standard,irregular-n12-t064-b00001-frandom,64,1,random,s18,eb3410da487e2e7f85e1ab2cc4ba34421d3cb473f66c8283267c731e48242c67,12,25,6,2,3,205,3,40250489792,H0,13,17,9,0,9,0,0,0,0,0,0,0,511,2094,1938,1938,186422,186422,1837487,75995898,1446,11,11,6,16,6,4
irregular-n12-t064-b00001-frandom-s18,Accelerated,irregular-n12-t064-b00001-frandom,64,1,random,s18,eb3410da487e2e7f85e1ab2cc4ba34421d3cb473f66c8283267c731e48242c67,12,25,6,2,3,205,3,46571403667,H0,7,18,0,7,7,3,0,3,0,4,0,4,511,2535,2340,2340,223430,223430,2191535,84140415,23736,15,14,10,16,6,4
irregular-n12-t064-b00001-frandom-s19,Standard,irregular-n12-t064-b00001-frandom,64,1,random,s19,b84d5e5ef8b4a95a98c9f87a18b3a16ffc645d318b9dfc348f37dd92a0fdab82,12,22,5,2,3,188,3,32285177583,L1,11,15,7,0,7,0,0,0,0,0,0,0,495,1970,1818,1818,173396,173396,1449294,54321218,892,10,11,6,16,4,3
irregular-n12-t064-b00001-frandom-s19,Accelerated,irregular-n12-t064-b00001-frandom,64,1,random,s19,b84d5e5ef8b4a95a98c9f87a18b3a16ffc645d318b9dfc348f37dd92a0fdab82,12,22,5,2,3,188,3,15489621625,L1,3,12,0,3,3,1,0,1,0,2,2,2,495,1037,961,961,92697,92697,710676,21946936,892,10,8,6,16,4,3
irregular-n12-t064-b00001-frandom-s20,Standard,irregular-n12-t064-b00001-frandom,64,1,random,s20,aae9d23a45b8a1afef94843ddf3180a65c83830edc6efc7c8e7a3d7633bd61e1,12,23,6,2,4,199,3,37184690334,L0,10,14,6,0,6,0,0,0,0,0,0,0,563,2241,2077,2077,197425,197425,1607238,62162104,1322,11,12,6,16,4,3
irregular-n12-t064-b00001-frandom-s20,Accelerated,irregular-n12-t064-b00001-frandom,64,1,random,s20,aae9d23a45b8a1afef94843ddf3180a65c83830edc6efc7c8e7a3d7633bd61e1,12,23,6,2,4,199,3,26937764625,L0,2,10,0,2,2,0,0,0,0,2,2,2,563,1678,1555,1555,147697,147697,1216580,42668904,1150,11,9,6,16,4,3
irregular-n12-t064-b00008-falternating-s01,Standard,irregular-n12-t064-b00008-falternating,64,8,alternating,s01,76379d17d2dd126479289f04905e55de60b26ec735d65c1474d339de723b2829,12,24,12,8,10,364,3,40543675542,H0,16,20,12,0,12,0,0,0,0,0,0,0,363,1862,1737,1737,167851,167851,2027498,84070358,12116780,24,24,12,24,9,2
irregular-n12-t064-b00008-falternating-s01,Accelerated,irregular-n12-t064-b00008-falternating,64,8,alternating,s01,76379d17d2dd126479289f04905e55de60b26ec735d65c1474d339de723b2829,12,24,12,8,10,364,3,42083774666,H0,9,22,0,9,9,5,2,3,0,4,0,4,363,1911,1786,1786,173336,173336,2133148,86953793,3978082210656,42,42,25,42,9,2
irregular-n12-t064-b00008-falternating-s02,Standard,irregular-n12-t064-b00008-falternating,64,8,alternating,s02,56b3941b8683a820c2761f6d792640eba2c910679a641087975cfea0750923d6,12,21,12,8,10,338,3,32469286833,H1,18,22,14,0,14,0,0,0,0,0,0,0,321,1673,1568,1568,151670,151670,1626687,62038498,10636102,24,23,12,24,8,2
irregular-n12-t064-b00008-falternating-s02,Accelerated,irregular-n12-t064-b00008-falternating,64,8,alternating,s02,56b3941b8683a820c2761f6d792640eba2c910679a641087975cfea0750923d6,12,21,12,8,10,338,3,44000283709,H1,11,26,0,11,11,7,3,4,0,4,0,4,321,2245,2098,2098,201832,201832,2274782,85263444,1845413400176,41,40,23,41,8,2
irregular-n12-t064-b00008-falternating-s03,Standard,irregular-n12-t064-b00008-falternating,64,8,alternating,s03,6c8ca9edb2f7a660d0e0ba4f00ad9dc69c13d8fb8725cc3fd3cd72df8de20876,12,28,12,8,10,433,3,38326018041,H0,13,17,9,0,9,0,0,0,0,0,0,0,419,1702,1602,1602,153786,153786,1831529,76998413,16474470,24,24,12,25,10,2
irregular-n12-t064-b00008-falternating-s03,Accelerated,irregular-n12-t064-b00008-falternating,64,8,alternating,s03,6c8ca9edb2f7a660d0e0ba4f00ad9dc69c13d8fb8725cc3fd3cd72df8de20876,12,28,12,8,10,433,3,45149584625,H0,8,20,0,8,8,4,1,3,0,4,0,4,419,2035,1910,1910,181764,181764,2238693,90766850,5246517554304,43,42,23,43,10,2
irregular-n12-t064-b00008-falternating-s04,Standard,irregular-n12-t064-b00008-falternating,64,8,alternating,s04,eedfda083f6707f4d35443db5738fff5de3a939079ef1b7f9d699ad7af5e6c83,12,19,12,8,10,304,3,24651520791,H0,15,19,11,0,11,0,0,0,0,0,0,0,293,1464,1359,1359,131093,131093,1232239,42986759,7356484,23,22,12,23,10,2
irregular-n12-t064-b00008-falternating-s04,Accelerated,irregular-n12-t064-b00008-falternating,64,8,alternating,s04,eedfda083f6707f4d35443db5738fff5de3a939079ef1b7f9d699ad7af5e6c83,12,19,12,8,10,304,3,30824008042,H0,9,22,0,9,9,5,0,5,0,4,0,4,293,1921,1774,1774,169764,169764,1571373,51905641,14448152704,34,33,23,34,10,2
irregular-n12-t064-b00008-falternating-s05,Standard,irregular-n12-t064-b00008-falternating,64,8,alternating,s05,e1f36575727d5727221f5c21723b3c636e05f207ce1d664d46f77dee148565d1,12,28,12,8,10,426,3,41635375708,H0,15,19,11,0,11,0,0,0,0,0,0,0,419,1784,1672,1672,161768,161768,2000243,87321145,19211118,25,24,12,25,10,2
irregular-n12-t064-b00008-falternating-s05,Accelerated,irregular-n12-t064-b00008-falternating,64,8,alternating,s05,e1f36575727d5727221f5c21723b3c636e05f207ce1d664d46f77dee148565d1,12,28,12,8,10,426,3,49813882833,H0,9,22,0,9,9,5,1,4,0,4,0,4,419,2147,2007,2007,193131,193131,2452392,104350914,2651812802544,42,41,22,42,10,2
irregular-n12-t064-b00008-falternating-s06,Standard,irregular-n12-t064-b00008-falternating,64,8,alternating,s06,e6609bfe8624a76ff81563114b978c272488b045583edef0b7dbda5874ac3b0b,12,26,12,8,11,414,3,36622950208,H1,14,18,10,0,10,0,0,0,0,0,0,0,391,1642,1550,1550,149614,149614,1806605,73712428,20540754,25,25,13,25,9,2
irregular-n12-t064-b00008-falternating-s06,Accelerated,irregular-n12-t064-b00008-falternating,64,8,alternating,s06,e6609bfe8624a76ff81563114b978c272488b045583edef0b7dbda5874ac3b0b,12,26,12,8,11,414,3,30276525750,H1,6,16,0,6,6,2,2,0,0,4,0,4,391,1329,1260,1260,122698,122698,1516048,60689838,25749122112,35,33,22,36,9,2
irregular-n12-t064-b00008-falternating-s07,Standard,irregular-n12-t064-b00008-falternating,64,8,alternating,s07,9e9a74ee6098a2cd17fa476b875bb1f1aa42e547bd210f0f3e6ab5c7048205da,12,29,13,8,11,462,3,45586962042,H0,16,20,12,0,12,0,0,0,0,0,0,0,433,1900,1760,1760,171056,171056,2168525,96633720,34469358,26,25,13,26,10,2
irregular-n12-t064-b00008-falternating-s07,Accelerated,irregular-n12-t064-b00008-falternating,64,8,alternating,s07,9e9a74ee6098a2cd17fa476b875bb1f1aa42e547bd210f0f3e6ab5c7048205da,12,29,13,8,11,462,3,56488571917,H0,9,22,0,9,9,5,2,3,0,4,0,4,433,2331,2156,2156,208978,208978,2761071,120944112,13990844895840,44,43,24,44,10,2
irregular-n12-t064-b00008-falternating-s08,Standard,irregular-n12-t064-b00008-falternating,64,8,alternating,s08,ff47d7d992c438eb6e65a91baa8cbb6b91fca3456c91beaee463ef1765139458,12,23,12,8,10,361,3,34887899000,H0,15,19,11,0,11,0,0,0,0,0,0,0,349,1744,1569,1569,151603,151603,1730933,70616556,13465768,24,23,12,24,9,2
irregular-n12-t064-b00008-falternating-s08,Accelerated,irregular-n12-t064-b00008-falternating,64,8,alternating,s08,ff47d7d992c438eb6e65a91baa8cbb6b91fca3456c91beaee463ef1765139458,12,23,12,8,10,361,3,45473861500,H0,9,22,0,9,9,5,1,4,0,4,0,4,349,2297,2052,2052,196702,196702,2310863,92563275,32827619416,35,34,23,35,9,2
irregular-n12-t064-b00008-falternating-s09,Standard,irregular-n12-t064-b00008-falternating,64,8,alternating,s09,87ce919a23acd9c001f0ce6d2a06d36bae14a359d532b73c4c4d9b50a9572178,12,29,12,8,10,432,3,38184785959,H0,13,17,9,0,9,0,0,0,0,0,0,0,433,1758,1622,1622,156006,156006,1766101,76337580,16024368,24,24,12,25,10,2
irregular-n12-t064-b00008-falternating-s09,Accelerated,irregular-n12-t064-b00008-falternating,64,8,alternating,s09,87ce919a23acd9c001f0ce6d2a06d36bae14a359d532b73c4c4d9b50a9572178,12,29,12,8,10,432,3,29187415959,H0,5,14,0,5,5,1,0,1,0,4,0,4,433,1351,1249,1249,120277,120277,1368052,57349919,12594452192,34,33,14,34,10,2
irregular-n12-t064-b00008-falternating-s10,Standard,irregular-n12-t064-b00008-falternating,64,8,alternating,s10,aa53fd66eea6b65e07caf236891d0d86125cdffe9da77555edb49b52cf004d93,12,19,12,8,10,312,3,23234192083,H1,16,20,12,0,12,0,0,0,0,0,0,0,293,1300,1224,1224,119240,119240,1146473,41518475,8869048,24,23,12,24,9,2
irregular-n12-t064-b00008-falternating-s10,Accelerated,irregular-n12-t064-b00008-falternating,64,8,alternating,s10,aa53fd66eea6b65e07caf236891d0d86125cdffe9da77555edb49b52cf004d93,12,19,12,8,10,312,3,20981639042,H1,9,22,0,9,9,5,2,3,0,4,0,4,293,1137,1080,1080,106834,106834,1046374,37090368,3058955121664,42,41,24,42,9,2
irregular-n12-t064-b00008-falternating-s11,Standard,irregular-n12-t064-b00008-falternating,64,8,alternating,s11,b67a483d5fe5842c427ab7ac2ce63595edcf25b77e193eba92ed547937e8c8d8,12,30,12,8,10,449,3,45522953625,H0,14,18,10,0,10,0,0,0,0,0,0,0,447,1874,1706,1706,165330,165330,2136072,98862436,20720238,25,24,12,25,10,2
irregular-n12-t064-b00008-falternating-s11,Accelerated,irregular-n12-t064-b00008-falternating,64,8,alternating,s11,b67a483d5fe5842c427ab7ac2ce63595edcf25b77e193eba92ed547937e8c8d8,12,30,12,8,10,449,3,55048589250,H0,9,22,0,9,9,5,1,4,0,4,0,4,447,2287,2077,2077,200301,200301,2670099,120921145,9317212638048,44,43,24,44,10,2
irregular-n12-t064-b00008-falternating-s12,Standard,irregular-n12-t064-b00008-falternating,64,8,alternating,s12,81c906ede5dffe4e9685783526272ceb04a6bd6aef889933bd187b9173bcf85b,12,28,12,8,10,431,3,38437867083,H0,13,17,9,0,9,0,0,0,0,0,0,0,419,1732,1616,1616,156248,156248,1805504,78745827,20248320,25,24,12,25,11,3
irregular-n12-t064-b00008-falternating-s12,Accelerated,irregular-n12-t064-b00008-falternating,64,8,alternating,s12,81c906ede5dffe4e9685783526272ceb04a6bd6aef889933bd187b9173bcf85b,12,28,12,8,10,431,3,30542673750,H0,5,14,0,5,5,1,0,1,0,4,0,4,419,1369,1282,1282,124956,124956,1440397,61145451,19304178936,35,34,15,35,11,3
irregular-n12-t064-b00008-falternating-s13,Standard,irregular-n12-t064-b00008-falternating,64,8,alternating,s13,eb39e9762daa2a6168f89723ceb18741596e91242aa3eccf3315f71055bc8b13,12,23,12,9,10,361,3,28715716083,H1,14,18,10,0,10,0,0,0,0,0,0,0,349,1468,1388,1388,134032,134032,1398069,53219760,14788956,24,24,12,25,9,2
irregular-n12-t064-b00008-falternating-s13,Accelerated,irregular-n12-t064-b00008-falternating,64,8,alternating,s13,eb39e9762daa2a6168f89723ceb18741596e91242aa3eccf3315f71055bc8b13,12,23,12,9,10,361,3,23815491750,H1,7,18,0,7,7,3,2,1,0,4,0,4,349,1193,1133,1133,110493,110493,1177518,44061099,9597480880,34,32,20,35,9,2
irregular-n12-t064-b00008-falternating-s14,Standard,irregular-n12-t064-b00008-falternating,64,8,alternating,s14,2cc130b5e28c87d66747d72db99b4feb6499c9d31a17db9b7b6857d14d4dd4cb,12,22,12,8,10,350,3,26823265667,H0,14,18,10,0,10,0,0,0,0,0,0,0,335,1410,1298,1298,125722,125722,1325047,50543944,9423296,24,23,12,24,9,2
irregular-n12-t064-b00008-falternating-s14,Accelerated,irregular-n12-t064-b00008-falternating,64,8,alternating,s14,2cc130b5e28c87d66747d72db99b4feb6499c9d31a17db9b7b6857d14d4dd4cb,12,22,12,8,10,350,3,34431427583,H0,8,20,0,8,8,4,2,2,0,4,0,4,335,1761,1621,1621,157229,157229,1746323,65405702,2935079797376,42,41,24,42,9,2
irregular-n12-t064-b00008-falternating-s15,Standard,irregular-n12-t064-b00008-falternating,64,8,alternating,s15,d92135c847a420f48804bd50879f1b204dc190a794a951db1409fb07d2ffc2a1,12,24,12,8,10,370,3,40572661291,H1,17,21,13,0,13,0,0,0,0,0,0,0,363,1888,1763,1763,170469,170469,2022813,84153763,15091148,24,24,12,25,9,2
irregular-n12-t064-b00008-falternating-s15,Accelerated,irregular-n12-t064-b00008-falternating,64,8,alternating,s15,d92135c847a420f48804bd50879f1b204dc190a794a951db1409fb07d2ffc2a1,12,24,12,8,10,370,3,42759756250,H1,8,21,0,8,8,5,2,3,0,3,1,3,363,1960,1835,1835,178101,178101,2165267,88132759,5550304231808,43,42,24,43,9,2
irregular-n12-t064-b00008-falternating-s16,Standard,irregular-n12-t064-b00008-falternating,64,8,alternating,s16,2dfdd821d1858cd66d5cbf5008b5380ee54cdc14edc1c52815cac6ffa85ac231,12,27,12,8,10,412,3,37630836250,H0,15,19,11,0,11,0,0,0,0,0,0,0,405,1726,1634,1634,157710,157710,1765074,73207801,16325148,24,24,12,25,10,2
irregular-n12-t064-b00008-falternating-s16,Accelerated,irregular-n12-t064-b00008-falternating,64,8,alternating,s16,2dfdd821d1858cd66d5cbf5008b5380ee54cdc14edc1c52815cac6ffa85ac231,12,27,12,8,10,412,3,44951833458,H0,8,20,0,8,8,4,2,2,0,4,0,4,405,2075,1960,1960,188022,188022,2173006,87308922,7088323620240,43,42,24,43,10,2
irregular-n12-t064-b00008-falternating-s17,Standard,irregular-n12-t064-b00008-falternating,64,8,alternating,s17,38bff8237cb2b80948c4e464af893b2395fc6d19806aacdfd3ce532c23318d7c,12,30,12,8,11,455,3,39178850666,H0,15,19,11,0,11,0,0,0,0,0,0,0,447,1900,1456,1456,142112,142112,1807225,84837032,20928074,25,24,12,25,9,2
irregular-n12-t064-b00008-falternating-s17,Accelerated,irregular-n12-t064-b00008-falternating,64,8,alternating,s17,38bff8237cb2b80948c4e464af893b2395fc6d19806aacdfd3ce532c23318d7c,12,30,12,8,11,455,3,34137258792,H0,7,18,0,7,7,3,2,1,0,4,0,4,447,1565,1232,1232,121454,121454,1596245,74526984,4779154556544,43,42,24,43,9,2
irregular-n12-t064-b00008-falternating-s18,Standard,irregular-n12-t064-b00008-falternating,64,8,alternating,s18,eb3410da487e2e7f85e1ab2cc4ba34421d3cb473f66c8283267c731e48242c67,12,25,12,8,10,386,3,36134357625,H1,15,19,11,0,11,0,0,0,0,0,0,0,377,1634,1542,1542,149686,149686,1797457,73466168,17784526,25,24,12,25,6,2
irregular-n12-t064-b00008-falternating-s18,Accelerated,irregular-n12-t064-b00008-falternating,64,8,alternating,s18,eb3410da487e2e7f85e1ab2cc4ba34421d3cb473f66c8283267c731e48242c67,12,25,12,8,10,386,3,28698837958,H1,7,18,0,7,7,3,2,1,0,4,0,4,377,1285,1216,1216,118626,118626,1443367,57732991,47666877076,36,34,24,37,6,2
irregular-n12-t064-b00008-falternating-s19,Standard,irregular-n12-t064-b00008-falternating,64,8,alternating,s19,b84d5e5ef8b4a95a98c9f87a18b3a16ffc645d318b9dfc348f37dd92a0fdab82,12,22,12,8,10,359,3,26918595334,H0,14,18,10,0,10,0,0,0,0,0,0,0,335,1410,1322,1322,127986,127986,1311370,50196530,15940664,24,24,12,25,9,2
irregular-n12-t064-b00008-falternating-s19,Accelerated,irregular-n12-t064-b00008-falternating,64,8,alternating,s19,b84d5e5ef8b4a95a98c9f87a18b3a16ffc645d318b9dfc348f37dd92a0fdab82,12,22,12,8,10,359,3,22014012500,H0,6,16,0,6,6,2,1,1,0,4,0,4,335,1145,1079,1079,105367,105367,1093177,40898044,10171987664,34,32,20,35,9,2
irregular-n12-t064-b00008-falternating-s20,Standard,irregular-n12-t064-b00008-falternating,64,8,alternating,s20,aae9d23a45b8a1afef94843ddf3180a65c83830edc6efc7c8e7a3d7633bd61e1,12,23,12,9,10,359,3,35264453042,H1,18,22,14,0,14,0,0,0,0,0,0,0,349,1862,1682,1682,163178,163178,1717692,66086720,12608298,24,24,12,25,9,2
irregular-n12-t064-b00008-falternating-s20,Accelerated,irregular-n12-t064-b00008-falternating,64,8,alternating,s20,aae9d23a45b8a1afef94843ddf3180a65c83830edc6efc7c8e7a3d7633bd61e1,12,23,12,9,10,359,3,38472915583,H1,11,26,0,11,11,7,2,5,0,4,0,4,349,1981,1801,1801,176165,176165,1908062,72207841,1191498897152,41,40,22,41,9,2
irregular-n12-t064-b00008-frandom-s01,Standard,irregular-n12-t064-b00008-frandom,64,8,random,s01,76379d17d2dd126479289f04905e55de60b26ec735d65c1474d339de723b2829,12,24,12,9,9,417,3,33647693917,H1,8,12,4,0,4,0,0,0,0,0,0,0,637,1911,1767,1767,168267,168267,1386352,60229027,10625156,24,24,12,25,13,12
irregular-n12-t064-b00008-frandom-s01,Accelerated,irregular-n12-t064-b00008-frandom,64,8,random,s01,76379d17d2dd126479289f04905e55de60b26ec735d65c1474d339de723b2829,12,24,12,9,9,417,3,32551882209,H1,2,10,0,2,2,0,0,0,0,2,2,2,637,1851,1707,1707,161343,161343,1369446,58660972,10625156,24,22,12,25,13,12
irregular-n12-t064-b00008-frandom-s02,Standard,irregular-n12-t064-b00008-frandom,64,8,random,s02,56b3941b8683a820c2761f6d792640eba2c910679a641087975cfea0750923d6,12,21,12,8,10,377,3,40249301667,H0,14,18,10,0,10,0,0,0,0,0,0,0,559,2290,2122,2122,203446,203446,1731501,74000921,10124840,24,23,12,24,12,10
irregular-n12-t064-b00008-frandom-s02,Accelerated,irregular-n12-t064-b00008-frandom,64,8,random,s02,56b3941b8683a820c2761f6d792640eba2c910679a641087975cfea0750923d6,12,21,12,8,10,377,3,46183137125,H0,8,20,0,8,8,4,0,4,0,4,0,4,559,2795,2585,2585,246485,246485,2026708,80075379,18434584128,35,33,23,35,12,10
irregular-n12-t064-b00008-frandom-s03,Standard,irregular-n12-t064-b00008-frandom,64,8,random,s03,6c8ca9edb2f7a660d0e0ba4f00ad9dc69c13d8fb8725cc3fd3cd72df8de20876,12,28,12,8,10,458,3,49908830709,H1,11,15,7,0,7,0,0,0,0,0,0,0,740,2298,2130,2130,204178,204178,2086293,101898525,14066028,24,23,13,25,13,11
irregular-n12-t064-b00008-frandom-s03,Accelerated,irregular-n12-t064-b00008-frandom,64,8,random,s03,6c8ca9edb2f7a660d0e0ba4f00ad9dc69c13d8fb8725cc3fd3cd72df8de20876,12,28,12,8,10,458,3,48986420292,H1,5,14,0,5,5,1,0,1,0,4,0,4,740,2242,2074,2074,197962,197962,2103993,101148201,19357079672,35,32,23,35,13,11
irregular-n12-t064-b00008-frandom-s04,Standard,irregular-n12-t064-b00008-frandom,64,8,random,s04,eedfda083f6707f4d35443db5738fff5de3a939079ef1b7f9d699ad7af5e6c83,12,19,12,8,9,339,3,24953628958,H0,10,14,6,0,6,0,0,0,0,0,0,0,507,1571,1457,1457,140121,140121,1033025,42141820,6029488,23,22,12,23,11,9
irregular-n12-t064-b00008-frandom-s04,Accelerated,irregular-n12-t064-b00008-frandom,64,8,random,s04,eedfda083f6707f4d35443db5738fff5de3a939079ef1b7f9d699ad7af5e6c83,12,19,12,8,9,339,3,24295495416,H0,4,12,0,4,4,0,0,0,0,4,0,4,507,1521,1407,1407,134307,134307,1031653,41645309,6029488,23,22,12,23,11,9
irregular-n12-t064-b00008-frandom-s05,Standard,irregular-n12-t064-b00008-frandom,64,8,random,s05,e1f36575727d5727221f5c21723b3c636e05f207ce1d664d46f77dee148565d1,12,28,13,8,10,467,3,68176245875,H1,15,19,11,0,11,0,0,0,0,0,0,0,741,3044,2820,2820,269988,269988,2936071,144277223,19869776,25,24,13,25,9,7
irregular-n12-t064-b00008-frandom-s05,Accelerated,irregular-n12-t064-b00008-frandom,64,8,random,s05,e1f36575727d5727221f5c21723b3c636e05f207ce1d664d46f77dee148565d1,12,28,13,8,10,467,3,78502182292,H1,8,20,0,8,8,4,2,2,0,4,0,4,741,3705,3425,3425,325725,325725,3508477,159130957,34384212100,36,34,23,36,9,7
irregular-n12-t064-b00008-frandom-s06,Standard,irregular-n12-t064-b00008-frandom,64,8,random,s06,e6609bfe8624a76ff81563114b978c272488b045583edef0b7dbda5874ac3b0b,12,26,12,8,9,411,3,43219969667,H0,11,15,7,0,7,0,0,0,0,0,0,0,689,2143,1987,1987,190815,190815,1863891,83806539,9477688,24,23,12,24,9,7
irregular-n12-t064-b00008-frandom-s06,Accelerated,irregular-n12-t064-b00008-frandom,64,8,random,s06,e6609bfe8624a76ff81563114b978c272488b045583edef0b7dbda5874ac3b0b,12,26,12,8,9,411,3,42955574958,H0,5,14,0,5,5,1,1,0,0,4,0,4,689,2091,1935,1935,185043,185043,1917391,85376693,7794544464,33,32,22,34,9,7
irregular-n12-t064-b00008-frandom-s07,Standard,irregular-n12-t064-b00008-frandom,64,8,random,s07,9e9a74ee6098a2cd17fa476b875bb1f1aa42e547bd210f0f3e6ab5c7048205da,12,29,13,8,10,474,3,56240215958,H1,14,18,10,0,10,0,0,0,0,0,0,0,767,2511,2337,2337,226329,226329,2322579,115467010,26297934,25,24,13,25,9,4
irregular-n12-t064-b00008-frandom-s07,Accelerated,irregular-n12-t064-b00008-frandom,64,8,random,s07,9e9a74ee6098a2cd17fa476b875bb1f1aa42e547bd210f0f3e6ab5c7048205da,12,29,13,8,10,474,3,55644606209,H1,6,16,0,6,6,2,2,0,0,4,0,4,767,2441,2267,2267,218295,218295,2360676,116684448,37177863908,36,34,23,36,9,4
irregular-n12-t064-b00008-frandom-s08,Standard,irregular-n12-t064-b00008-frandom,64,8,random,s08,ff47d7d992c438eb6e65a91baa8cbb6b91fca3456c91beaee463ef1765139458,12,23,12,8,9,384,3,33697347666,H1,9,13,5,0,5,0,0,0,0,0,0,0,611,1879,1741,1741,166581,166581,1412189,61671134,6658276,23,22,12,24,12,11
irregular-n12-t064-b00008-frandom-s08,Accelerated,irregular-n12-t064-b00008-frandom,64,8,random,s08,ff47d7d992c438eb6e65a91baa8cbb6b91fca3456c91beaee463ef1765139458,12,23,12,8,9,384,3,33114581166,H1,3,11,0,3,3,0,0,0,0,3,1,3,611,1821,1683,1683,159879,159879,1439409,61833631,6658276,23,21,12,24,12,11
irregular-n12-t064-b00008-frandom-s09,Standard,irregular-n12-t064-b00008-frandom,64,8,random,s09,87ce919a23acd9c001f0ce6d2a06d36bae14a359d532b73c4c4d9b50a9572178,12,29,12,8,10,472,3,70795361709,H1,15,19,11,0,11,0,0,0,0,0,0,0,767,3139,2907,2907,277827,277827,3079238,150459948,19785248,25,24,13,25,10,7
irregular-n12-t064-b00008-frandom-s09,Accelerated,irregular-n12-t064-b00008-frandom,64,8,random,s09,87ce919a23acd9c001f0ce6d2a06d36bae14a359d532b73c4c4d9b50a9572178,12,29,12,8,10,472,3,81147457834,H1,9,22,0,9,9,5,1,4,0,4,0,4,767,3837,3547,3547,337359,337359,3626249,163036696,56939455200,36,34,25,36,10,7
irregular-n12-t064-b00008-frandom-s10,Standard,irregular-n12-t064-b00008-frandom,64,8,random,s10,aa53fd66eea6b65e07caf236891d0d86125cdffe9da77555edb49b52cf004d93,12,19,12,8,9,348,3,41643925417,L0,18,22,14,0,14,0,0,0,0,0,0,0,507,2585,2395,2395,229659,229659,1852180,71008344,6070374,23,23,12,24,9,8
irregular-n12-t064-b00008-frandom-s10,Accelerated,irregular-n12-t064-b00008-frandom,64,8,random,s10,aa53fd66eea6b65e07caf236891d0d86125cdffe9da77555edb49b52cf004d93,12,19,12,8,9,348,3,54679277916,L0,9,23,0,9,9,6,0,6,0,3,1,3,507,3544,3278,3278,312598,312598,2475934,87779905,10708728940,34,33,23,35,9,8
irregular-n12-t064-b00008-frandom-s11,Standard,irregular-n12-t064-b00008-frandom,64,8,random,s11,b67a483d5fe5842c427ab7ac2ce63595edcf25b77e193eba92ed547937e8c8d8,12,30,13,8,10,493,3,63969730084,L0,10,14,6,0,6,0,0,0,0,0,0,0,793,3100,2860,2860,270436,270436,2771233,122469066,18085880,25,25,13,26,11,10
irregular-n12-t064-b00008-frandom-s11,Accelerated,irregular-n12-t064-b00008-frandom,64,8,random,s11,b67a483d5fe5842c427ab7ac2ce63595edcf25b77e193eba92ed547937e8c8d8,12,30,13,8,10,493,3,72037561708,L0,3,12,0,3,3,1,0,1,0,2,2,2,793,3747,3447,3447,323283,323283,3179643,129215833,2451074152,32,32,19,32,11,10
irregular-n12-t064-b00008-frandom-s12,Standard,irregular-n12-t064-b00008-frandom,64,8,random,s12,81c906ede5dffe4e9685783526272ceb04a6bd6aef889933bd187b9173bcf85b,12,28,12,8,10,455,3,66929748833,H0,14,18,10,0,10,0,0,0,0,0,0,0,741,3032,2808,2808,268392,268392,2867713,140531564,12472920,24,23,12,24,11,9
irregular-n12-t064-b00008-frandom-s12,Accelerated,irregular-n12-t064-b00008-frandom,64,8,random,s12,81c906ede5dffe4e9685783526272ceb04a6bd6aef889933bd187b9173bcf85b,12,28,12,8,10,455,3,76367419625,H0,8,20,0,8,8,4,0,4,0,4,0,4,741,3705,3425,3425,325725,325725,3343863,151315767,13631064320,34,33,22,34,11,9
irregular-n12-t064-b00008-frandom-s13,Standard,irregular-n12-t064-b00008-frandom,64,8,random,s13,eb39e9762daa2a6168f89723ceb18741596e91242aa3eccf3315f71055bc8b13,12,23,12,8,10,402,3,41227624167,L0,11,15,7,0,7,0,0,0,0,0,0,0,611,2432,2248,2248,213704,213704,1725684,71493511,11590004,24,24,12,25,13,12
irregular-n12-t064-b00008-frandom-s13,Accelerated,irregular-n12-t064-b00008-frandom,64,8,random,s13,eb39e9762daa2a6168f89723ceb18741596e91242aa3eccf3315f71055bc8b13,12,23,12,8,10,402,3,46124094333,L0,5,15,0,5,5,2,0,2,0,3,1,3,611,2927,2697,2697,254125,254125,1971902,74081207,1088469244,31,30,17,31,13,12
irregular-n12-t064-b00008-frandom-s14,Standard,irregular-n12-t064-b00008-frandom,64,8,random,s14,2cc130b5e28c87d66747d72db99b4feb6499c9d31a17db9b7b6857d14d4dd4cb,12,22,12,8,9,382,3,42455069541,H1,14,18,10,0,10,0,0,0,0,0,0,0,585,2396,2220,2220,212724,212724,1983075,75289965,7748340,23,23,12,24,10,9
irregular-n12-t064-b00008-frandom-s14,Accelerated,irregular-n12-t064-b00008-frandom,64,8,random,s14,2cc130b5e28c87d66747d72db99b4feb6499c9d31a17db9b7b6857d14d4dd4cb,12,22,12,8,9,382,3,53423084708,H1,9,22,0,9,9,5,1,4,0,4,0,4,585,3013,2793,2793,267573,267573,2585080,93248457,9178351603200,44,42,32,44,10,9
irregular-n12-t064-b00008-frandom-s15,Standard,irregular-n12-t064-b00008-frandom,64,8,random,s15,d92135c847a420f48804bd50879f1b204dc190a794a951db1409fb07d2ffc2a1,12,24,12,8,10,416,3,47609524333,H0,13,17,9,0,9,0,0,0,0,0,0,0,637,2560,2368,2368,225952,225952,2122720,89167177,13170468,24,24,12,25,11,10
irregular-n12-t064-b00008-frandom-s15,Accelerated,irregular-n12-t064-b00008-frandom,64,8,random,s15,d92135c847a420f48804bd50879f1b204dc190a794a951db1409fb07d2ffc2a1,12,24,12,8,10,416,3,35903862833,H0,6,16,0,6,6,2,0,2,0,4,0,4,637,1937,1793,1793,171773,171773,1617082,65500900,14908259712,34,33,22,34,11,10
irregular-n12-t064-b00008-frandom-s16,Standard,irregular-n12-t064-b00008-frandom,64,8,random,s16,2dfdd821d1858cd66d5cbf5008b5380ee54cdc14edc1c52815cac6ffa85ac231,12,27,12,8,10,457,3,75195042000,L1,12,16,8,0,8,0,0,0,0,0,0,0,715,3507,3237,3237,306501,306501,3295349,156292917,13214546,24,24,12,25,11,10
irregular-n12-t064-b00008-frandom-s16,Accelerated,irregular-n12-t064-b00008-frandom,64,8,random,s16,2dfdd821d1858cd66d5cbf5008b5380ee54cdc14edc1c52815cac6ffa85ac231,12,27,12,8,10,457,3,101898893542,L1,6,16,0,6,6,2,0,2,0,4,0,4,715,4737,4359,4359,409179,409179,4645265,212118615,18374437340,35,34,23,35,11,10
irregular-n12-t064-b00008-frandom-s17,Standard,irregular-n12-t064-b00008-frandom,64,8,random,s17,38bff8237cb2b80948c4e464af893b2395fc6d19806aacdfd3ce532c23318d7c,12,30,12,8,11,482,3,76330068541,H1,12,16,8,0,8,0,0,0,0,0,0,0,793,3231,2991,2991,285195,285195,3204954,167220910,20170224,25,24,13,25,8,6
irregular-n12-t064-b00008-frandom-s17,Accelerated,irregular-n12-t064-b00008-frandom,64,8,random,s17,38bff8237cb2b80948c4e464af893b2395fc6d19806aacdfd3ce532c23318d7c,12,30,12,8,11,482,3,97678574875,H1,6,16,0,6,6,2,1,1,0,4,0,4,793,3939,3639,3639,344859,344859,4258312,221084450,50048451728,36,34,24,37,8,6
irregular-n12-t064-b00008-frandom-s18,Standard,irregular-n12-t064-b00008-frandom,64,8,random,s18,eb3410da487e2e7f85e1ab2cc4ba34421d3cb473f66c8283267c731e48242c67,12,25,12,8,10,407,3,39555519583,H0,10,14,6,0,6,0,0,0,0,0,0,0,663,2051,1901,1901,182205,182205,1610869,75634728,11377492,24,23,12,24,12,11
irregular-n12-t064-b00008-frandom-s18,Accelerated,irregular-n12-t064-b00008-frandom,64,8,random,s18,eb3410da487e2e7f85e1ab2cc4ba34421d3cb473f66c8283267c731e48242c67,12,25,12,8,10,407,3,37964466916,H0,4,12,0,4,4,0,0,0,0,4,0,4,663,1989,1839,1839,175059,175059,1569933,72976967,11377492,24,23,12,24,12,11
irregular-n12-t064-b00008-frandom-s19,Standard,irregular-n12-t064-b00008-frandom,64,8,random,s19,b84d5e5ef8b4a95a98c9f87a18b3a16ffc645d318b9dfc348f37dd92a0fdab82,12,22,12,8,10,381,3,49484112833,H0,16,20,12,0,12,0,0,0,0,0,0,0,585,2968,2748,2748,262532,262532,2237752,83555569,9142732,24,24,12,25,9,7
irregular-n12-t064-b00008-frandom-s19,Accelerated,irregular-n12-t064-b00008-frandom,64,8,random,s19,b84d5e5ef8b4a95a98c9f87a18b3a16ffc645d318b9dfc348f37dd92a0fdab82,12,22,12,8,10,381,3,64140801292,H0,10,24,0,10,10,6,1,5,0,4,0,4,585,4069,3761,3761,357421,357421,2987140,100424982,15231704704,34,34,23,35,9,7
irregular-n12-t064-b00008-frandom-s20,Standard,irregular-n12-t064-b00008-frandom,64,8,random,s20,aae9d23a45b8a1afef94843ddf3180a65c83830edc6efc7c8e7a3d7633bd61e1,12,23,12,8,10,400,3,46617454667,H0,16,20,12,0,12,0,0,0,0,0,0,0,610,2519,2335,2335,224263,224263,2094998,86565045,17606720,25,24,13,25,8,5
irregular-n12-t064-b00008-frandom-s20,Accelerated,irregular-n12-t064-b00008-frandom,64,8,random,s20,aae9d23a45b8a1afef94843ddf3180a65c83830edc6efc7c8e7a3d7633bd61e1,12,23,12,8,10,400,3,54375870542,H0,8,20,0,8,8,4,2,2,0,4,0,4,610,3050,2820,2820,268460,268460,2512872,97572377,25000230760,35,34,22,36,8,5
irregular-n12-t064-b00064-falternating-s01,Standard,irregular-n12-t064-b00064-falternating,64,64,alternating,s01,76379d17d2dd126479289f04905e55de60b26ec735d65c1474d339de723b2829,12,24,68,64,66,2051,3,35243612917,H0,16,20,12,0,12,0,0,0,0,0,0,0,363,1575,1475,1475,143575,143575,1729795,72733045,53038632792006039583894446873286251880300,136,135,68,136,64,2
irregular-n12-t064-b00064-falternating-s01,Accelerated,irregular-n12-t064-b00064-falternating,64,64,alternating,s01,76379d17d2dd126479289f04905e55de60b26ec735d65c1474d339de723b2829,12,24,68,64,66,2051,3,31235632042,H0,8,20,0,8,8,4,2,2,0,4,0,4,363,1335,1260,1260,124470,124470,1546432,64833249,52984224241121907337595755752355866240204473900152671239851826081043002351397280,265,265,136,265,64,2
irregular-n12-t064-b00064-falternating-s02,Standard,irregular-n12-t064-b00064-falternating,64,64,alternating,s02,56b3941b8683a820c2761f6d792640eba2c910679a641087975cfea0750923d6,12,21,68,64,66,1859,3,27787147708,H1,16,20,12,0,12,0,0,0,0,0,0,0,321,1420,1336,1336,130072,130072,1364916,51809531,70359039529122438112382656582455636893994,136,136,68,137,64,2
irregular-n12-t064-b00064-falternating-s02,Accelerated,irregular-n12-t064-b00064-falternating,64,64,alternating,s02,56b3941b8683a820c2761f6d792640eba2c910679a641087975cfea0750923d6,12,21,68,64,66,1859,3,34830412250,H1,10,24,0,10,10,6,3,3,0,4,0,4,321,1741,1636,1636,158950,158950,1769615,66279356,72176881605116346948104682377539998900524751932067281173889604890526705219815568,266,265,137,266,64,2
irregular-n12-t064-b00064-falternating-s03,Standard,irregular-n12-t064-b00064-falternating,64,64,alternating,s03,6c8ca9edb2f7a660d0e0ba4f00ad9dc69c13d8fb8725cc3fd3cd72df8de20876,12,28,68,64,66,2335,3,39144653375,H0,14,18,10,0,10,0,0,0,0,0,0,0,419,1728,1628,1628,156404,156404,1844563,77580991,105059246517923745070979752137298144894694,137,136,68,137,66,2
irregular-n12-t064-b00064-falternating-s03,Accelerated,irregular-n12-t064-b00064-falternating,64,64,alternating,s03,6c8ca9edb2f7a660d0e0ba4f00ad9dc69c13d8fb8725cc3fd3cd72df8de20876,12,28,68,64,66,2335,3,30709056708,H0,7,18,0,7,7,3,1,2,0,4,0,4,419,1363,1288,1288,124162,124162,1466641,59644886,274146068661251711542159659379963593635066456352353829388103335843177215537634560,268,267,136,268,66,2
irregular-n12-t064-b00064-falternating-s04,Standard,irregular-n12-t064-b00064-falternating,64,64,alternating,s04,eedfda083f6707f4d35443db5738fff5de3a939079ef1b7f9d699ad7af5e6c83,12,19,68,64,66,1710,3,21391151375,H0,14,18,10,0,10,0,0,0,0,0,0,0,293,1236,1152,1152,111836,111836,1034806,36645280,57152975576075734566608847448451711527038,136,135,68,136,66,2
irregular-n12-t064-b00064-falternating-s04,Accelerated,irregular-n12-t064-b00064-falternating,64,64,alternating,s04,eedfda083f6707f4d35443db5738fff5de3a939079ef1b7f9d699ad7af5e6c83,12,19,68,64,66,1710,3,26512869417,H0,9,22,0,9,9,5,1,4,0,4,0,4,293,1541,1436,1436,139686,139686,1315924,45040547,183241829336608280656059606629326548732874713569951154243650231064898265104650048,267,266,137,267,66,2
irregular-n12-t064-b00064-falternating-s05,Standard,irregular-n12-t064-b00064-falternating,64,64,alternating,s05,e1f36575727d5727221f5c21723b3c636e05f207ce1d664d46f77dee148565d1,12,28,68,64,67,2333,3,52355669417,H0,17,21,13,0,13,0,0,0,0,0,0,0,419,2176,2036,2036,196572,196572,2481142,108090421,120637426780784096535552047377799166790988,137,136,68,137,66,2
irregular-n12-t064-b00064-falternating-s05,Accelerated,irregular-n12-t064-b00064-falternating,64,64,alternating,s05,e1f36575727d5727221f5c21723b3c636e05f207ce1d664d46f77dee148565d1,12,28,68,64,67,2333,3,71360214250,H0,11,26,0,11,11,7,1,6,0,4,0,4,419,2931,2735,2735,262739,262739,3458941,148385910,61915427693519003440655171616202405809355922687327616370262939987321272419806192,266,265,136,266,66,2
irregular-n12-t064-b00064-falternating-s06,Standard,irregular-n12-t064-b00064-falternating,64,64,alternating,s06,e6609bfe8624a76ff81563114b978c272488b045583edef0b7dbda5874ac3b0b,12,26,68,64,66,2191,3,37206696542,H1,14,18,10,0,10,0,0,0,0,0,0,0,391,1642,1550,1550,149614,149614,1773292,71930580,76347366528090826054931933976680202965250,136,136,68,137,64,2
irregular-n12-t064-b00064-falternating-s06,Accelerated,irregular-n12-t064-b00064-falternating,64,64,alternating,s06,e6609bfe8624a76ff81563114b978c272488b045583edef0b7dbda5874ac3b0b,12,26,68,64,66,2191,3,31245574833,H1,6,16,0,6,6,2,2,0,0,4,0,4,391,1329,1260,1260,122698,122698,1497630,59725639,8155298001096550911173883953778046848554036874730473897992760,203,201,134,204,64,2
irregular-n12-t064-b00064-falternating-s07,Standard,irregular-n12-t064-b00064-falternating,64,64,alternating,s07,9e9a74ee6098a2cd17fa476b875bb1f1aa42e547bd210f0f3e6ab5c7048205da,12,29,68,64,66,2393,3,44630457500,H0,14,18,10,0,10,0,0,0,0,0,0,0,433,1816,1676,1676,162000,162000,2049817,90838445,81328289012158643227974627648178584346580,136,136,68,137,66,2
irregular-n12-t064-b00064-falternating-s07,Accelerated,irregular-n12-t064-b00064-falternating,64,64,alternating,s07,9e9a74ee6098a2cd17fa476b875bb1f1aa42e547bd210f0f3e6ab5c7048205da,12,29,68,64,66,2393,3,36582393542,H0,6,16,0,6,6,2,1,1,0,4,0,4,433,1467,1362,1362,132820,132820,1699434,73805598,5850745685759713054843896291601557768940114235470895259504832,202,201,133,203,66,2
irregular-n12-t064-b00064-falternating-s08,Standard,irregular-n12-t064-b00064-falternating,64,64,alternating,s08,ff47d7d992c438eb6e65a91baa8cbb6b91fca3456c91beaee463ef1765139458,12,23,68,64,66,1975,3,30956668042,H0,14,18,10,0,10,0,0,0,0,0,0,0,349,1468,1328,1328,129132,129132,1487166,60695041,58008154641450428821826564361778985104180,136,134,68,136,66,2
irregular-n12-t064-b00064-falternating-s08,Accelerated,irregular-n12-t064-b00064-falternating,64,64,alternating,s08,ff47d7d992c438eb6e65a91baa8cbb6b91fca3456c91beaee463ef1765139458,12,23,68,64,66,1975,3,35051421042,H0,8,20,0,8,8,4,0,4,0,4,0,4,349,1745,1570,1570,151760,151760,1717399,66656493,1621544793120340750067673830955916474034930933430662114621944,201,200,133,201,66,2
irregular-n12-t064-b00064-falternating-s09,Standard,irregular-n12-t064-b00064-falternating,64,64,alternating,s09,87ce919a23acd9c001f0ce6d2a06d36bae14a359d532b73c4c4d9b50a9572178,12,29,68,64,66,2400,3,40236828583,H0,13,17,9,0,9,0,0,0,0,0,0,0,433,1758,1622,1622,156006,156006,1803576,78280175,101947683449090419842021888807672485350866,137,137,69,137,66,2
irregular-n12-t064-b00064-falternating-s09,Accelerated,irregular-n12-t064-b00064-falternating,64,64,alternating,s09,87ce919a23acd9c001f0ce6d2a06d36bae14a359d532b73c4c4d9b50a9572178,12,29,68,64,66,2400,3,31465878916,H0,5,14,0,5,5,1,0,1,0,4,0,4,433,1351,1249,1249,120277,120277,1406580,59789313,4875321361053177193917286761040383818210251138043576863312104,202,201,71,202,66,2
irregular-n12-t064-b00064-falternating-s10,Standard,irregular-n12-t064-b00064-falternating,64,64,alternating,s10,aa53fd66eea6b65e07caf236891d0d86125cdffe9da77555edb49b52cf004d93,12,19,68,64,66,1717,3,22318187166,H1,14,18,10,0,10,0,0,0,0,0,0,0,293,1236,1160,1160,112404,112404,1078567,38583995,64110438073267115949076975550371959706836,136,135,68,136,65,2
irregular-n12-t064-b00064-falternating-s10,Accelerated,irregular-n12-t064-b00064-falternating,64,64,alternating,s10,aa53fd66eea6b65e07caf236891d0d86125cdffe9da77555edb49b52cf004d93,12,19,68,64,66,1717,3,17790435375,H1,7,18,0,7,7,3,0,3,0,4,0,4,293,1009,952,952,93162,93162,875313,29647268,2242776754287136017008531902123314292640096003482311110286704,201,200,132,201,65,2
irregular-n12-t064-b00064-falternating-s11,Standard,irregular-n12-t064-b00064-falternating,64,64,alternating,s11,b67a483d5fe5842c427ab7ac2ce63595edcf25b77e193eba92ed547937e8c8d8,12,30,68,64,66,2462,3,44635038750,H0,13,17,9,0,9,0,0,0,0,0,0,0,447,1814,1646,1646,158670,158670,2073663,96764550,100608963742040515565265879889935766889798,137,136,68,137,67,2
irregular-n12-t064-b00064-falternating-s11,Accelerated,irregular-n12-t064-b00064-falternating,64,64,alternating,s11,b67a483d5fe5842c427ab7ac2ce63595edcf25b77e193eba92ed547937e8c8d8,12,30,68,64,66,2462,3,49615934875,H0,7,18,0,7,7,3,0,3,0,4,0,4,447,2115,1905,1905,181745,181745,2363773,105190373,4994404948357182194151245649068258254282676731659429476626296,202,201,134,202,67,2
irregular-n12-t064-b00064-falternating-s12,Standard,irregular-n12-t064-b00064-falternating,64,64,alternating,s12,81c906ede5dffe4e9685783526272ceb04a6bd6aef889933bd187b9173bcf85b,12,28,68,64,66,2325,3,39891143167,H0,14,18,10,0,10,0,0,0,0,0,0,0,419,1758,1642,1642,158866,158866,1836761,79198320,83816880096578209463053155032977416978536,136,136,68,137,66,2
irregular-n12-t064-b00064-falternating-s12,Accelerated,irregular-n12-t064-b00064-falternating,64,64,alternating,s12,81c906ede5dffe4e9685783526272ceb04a6bd6aef889933bd187b9173bcf85b,12,28,68,64,66,2325,3,31869994167,H0,6,16,0,6,6,2,0,2,0,4,0,4,419,1421,1334,1334,130192,130192,1490558,62135637,4478004643268364382645115690811419014395877885958220869852224,202,201,70,202,66,2
irregular-n12-t064-b00064-falternating-s13,Standard,irregular-n12-t064-b00064-falternating,64,64,alternating,s13,eb39e9762daa2a6168f89723ceb18741596e91242aa3eccf3315f71055bc8b13,12,23,68,64,66,1984,3,30593061833,H1,16,20,12,0,12,0,0,0,0,0,0,0,349,1495,1415,1415,136807,136807,1473087,57771102,65060477031938533971985096648005650316272,136,136,68,137,63,2
irregular-n12-t064-b00064-falternating-s13,Accelerated,irregular-n12-t064-b00064-falternating,64,64,alternating,s13,eb39e9762daa2a6168f89723ceb18741596e91242aa3eccf3315f71055bc8b13,12,23,68,64,66,1984,3,24915238458,H1,7,18,0,7,7,3,2,1,0,4,0,4,349,1193,1133,1133,110493,110493,1214686,46876783,6259040433013825906836854590604857379531852616678378224213752,202,200,134,203,63,2
irregular-n12-t064-b00064-falternating-s14,Standard,irregular-n12-t064-b00064-falternating,64,64,alternating,s14,2cc130b5e28c87d66747d72db99b4feb6499c9d31a17db9b7b6857d14d4dd4cb,12,22,68,64,66,1919,3,28899703416,H0,15,19,11,0,11,0,0,0,0,0,0,0,335,1454,1342,1342,130606,130606,1399042,54208592,54030154885047696771319182399567998887600,136,136,68,136,65,2
irregular-n12-t064-b00064-falternating-s14,Accelerated,irregular-n12-t064-b00064-falternating,64,64,alternating,s14,2cc130b5e28c87d66747d72db99b4feb6499c9d31a17db9b7b6857d14d4dd4cb,12,22,68,64,66,1919,3,25434248250,H0,7,18,0,7,7,3,2,1,0,4,0,4,335,1233,1149,1149,113437,113437,1250052,47743651,51338452517031073709894250307923723746571489505411415046152844979735709363282560,265,264,135,265,65,2
irregular-n12-t064-b00064-falternating-s15,Standard,irregular-n12-t064-b00064-falternating,64,64,alternating,s15,d92135c847a420f48804bd50879f1b204dc190a794a951db1409fb07d2ffc2a1,12,24,68,64,66,2049,3,41848880625,H1,16,20,12,0,12,0,0,0,0,0,0,0,363,1862,1737,1737,167851,167851,1985114,80304713,75905594458767803115703013004729178229070,136,136,68,137,65,2
irregular-n12-t064-b00064-falternating-s15,Accelerated,irregular-n12-t064-b00064-falternating,64,64,alternating,s15,d92135c847a420f48804bd50879f1b204dc190a794a951db1409fb07d2ffc2a1,12,24,68,64,66,2049,3,42181142541,H1,9,22,0,9,9,5,0,5,0,4,0,4,363,1911,1786,1786,173336,173336,2062534,81539553,2849659450134506039317787455171012210812908155827443187243360,201,200,134,201,65,2
irregular-n12-t064-b00064-falternating-s16,Standard,irregular-n12-t064-b00064-falternating,64,64,alternating,s16,2dfdd821d1858cd66d5cbf5008b5380ee54cdc14edc1c52815cac6ffa85ac231,12,27,68,64,66,2260,3,39022384291,H0,14,18,10,0,10,0,0,0,0,0,0,0,405,1700,1608,1608,155092,155092,1721963,70980668,80781164380124145744440162101991537787702,136,136,68,137,66,2
irregular-n12-t064-b00064-falternating-s16,Accelerated,irregular-n12-t064-b00064-falternating,64,64,alternating,s16,2dfdd821d1858cd66d5cbf5008b5380ee54cdc14edc1c52815cac6ffa85ac231,12,27,68,64,66,2260,3,45104366791,H0,7,18,0,7,7,3,1,2,0,4,0,4,405,2023,1908,1908,182786,182786,2054119,80841207,8174069684438059388132155577443181335356713054713649753529288,203,201,133,204,66,2
irregular-n12-t064-b00064-falternating-s17,Standard,irregular-n12-t064-b00064-falternating,64,64,alternating,s17,38bff8237cb2b80948c4e464af893b2395fc6d19806aacdfd3ce532c23318d7c,12,30,68,64,66,2452,3,41347206584,H0,15,19,11,0,11,0,0,0,0,0,0,0,447,1875,1431,1431,139651,139651,1786398,83469491,89361028717175592221137703397541927731702,137,136,68,137,65,2
irregular-n12-t064-b00064-falternating-s17,Accelerated,irregular-n12-t064-b00064-falternating,64,64,alternating,s17,38bff8237cb2b80948c4e464af893b2395fc6d19806aacdfd3ce532c23318d7c,12,30,68,64,66,2452,3,49223408792,H0,8,20,0,8,8,4,1,3,0,4,0,4,447,2235,1680,1680,162770,162770,2195315,100576048,10697491313014939162942737153493464764520265019969921146471028,203,201,135,204,65,2
irregular-n12-t064-b00064-falternating-s18,Standard,irregular-n12-t064-b00064-falternating,64,64,alternating,s18,eb3410da487e2e7f85e1ab2cc4ba34421d3cb473f66c8283267c731e48242c67,12,25,68,64,67,2113,3,34792660000,H1,12,16,8,0,8,0,0,0,0,0,0,0,377,1508,1416,1416,135968,135968,1571336,62508353,85250770769990202964105218605277241061026,136,136,68,137,65,2
irregular-n12-t064-b00064-falternating-s18,Accelerated,irregular-n12-t064-b00064-falternating,64,64,alternating,s18,eb3410da487e2e7f85e1ab2cc4ba34421d3cb473f66c8283267c731e48242c67,12,25,68,64,67,2113,3,39517739875,H1,6,16,0,6,6,2,1,1,0,4,0,4,377,1733,1618,1618,153624,153624,1829344,70693371,3093638967937006383243993873247915708692912021808454420433376,201,200,133,201,65,2
irregular-n12-t064-b00064-falternating-s19,Standard,irregular-n12-t064-b00064-falternating,64,64,alternating,s19,b84d5e5ef8b4a95a98c9f87a18b3a16ffc645d318b9dfc348f37dd92a0fdab82,12,22,68,64,66,1911,3,29937236792,H0,15,19,11,0,11,0,0,0,0,0,0,0,335,1454,1366,1366,132870,132870,1324815,50007345,55492138517592510218254977464422043960376,136,135,68,136,66,2
irregular-n12-t064-b00064-falternating-s19,Accelerated,irregular-n12-t064-b00064-falternating,64,64,alternating,s19,b84d5e5ef8b4a95a98c9f87a18b3a16ffc645d318b9dfc348f37dd92a0fdab82,12,22,68,64,66,1911,3,25996492958,H0,8,20,0,8,8,4,1,3,0,4,0,4,335,1235,1169,1169,115449,115449,1172789,43087222,20325449529362912118829189207835472526606460772371520678970094171664495894144512,264,263,133,264,66,2
irregular-n12-t064-b00064-falternating-s20,Standard,irregular-n12-t064-b00064-falternating,64,64,alternating,s20,aae9d23a45b8a1afef94843ddf3180a65c83830edc6efc7c8e7a3d7633bd61e1,12,23,68,64,66,1982,3,29872292542,H0,14,18,10,0,10,0,0,0,0,0,0,0,349,1468,1324,1324,128128,128128,1321883,50694083,75992394556788118426864851763831063081726,136,135,68,136,66,2
irregular-n12-t064-b00064-falternating-s20,Accelerated,irregular-n12-t064-b00064-falternating,64,64,alternating,s20,aae9d23a45b8a1afef94843ddf3180a65c83830edc6efc7c8e7a3d7633bd61e1,12,23,68,64,66,1982,3,33727021000,H0,7,18,0,7,7,3,0,3,0,4,0,4,349,1743,1563,1563,150191,150191,1557455,56786257,3080813827179793003181580929450211192353393528318466146954472,201,201,133,201,66,2
irregular-n12-t064-b00064-frandom-s01,Standard,irregular-n12-t064-b00064-frandom,64,64,random,s01,76379d17d2dd126479289f04905e55de60b26ec735d65c1474d339de723b2829,12,24,68,64,66,2405,3,56806769875,H0,13,17,9,0,9,0,0,0,0,0,0,0,637,2596,2404,2404,229684,229684,2261904,102941330,37809974835758125526166190885529957679762,135,135,68,136,67,65
irregular-n12-t064-b00064-frandom-s01,Accelerated,irregular-n12-t064-b00064-frandom,64,64,random,s01,76379d17d2dd126479289f04905e55de60b26ec735d65c1474d339de723b2829,12,24,68,64,66,2405,3,65897793167,H0,7,18,0,7,7,3,0,3,0,4,0,4,637,3161,2921,2921,277253,277253,2697145,112550867,3789869711974954151923066141236482082195156458535707803690320,202,201,134,202,67,65
irregular-n12-t064-b00064-frandom-s02,Standard,irregular-n12-t064-b00064-frandom,64,64,random,s02,56b3941b8683a820c2761f6d792640eba2c910679a641087975cfea0750923d6,12,21,68,64,66,2230,3,51106697459,L1,12,16,8,0,8,0,0,0,0,0,0,0,559,2728,2518,2518,238474,238474,2119742,84861957,48334318562411115592526292690489254666480,136,136,68,137,69,68
irregular-n12-t064-b00064-frandom-s02,Accelerated,irregular-n12-t064-b00064-frandom,64,64,random,s02,56b3941b8683a820c2761f6d792640eba2c910679a641087975cfea0750923d6,12,21,68,64,66,2230,3,50291646458,L1,5,15,0,5,5,2,0,2,0,3,1,3,559,2675,2465,2465,232373,232373,2136522,82705785,711798987453873945435520542180841628367288044039107788278680,199,198,132,200,69,68
irregular-n12-t064-b00064-frandom-s03,Standard,irregular-n12-t064-b00064-frandom,64,64,random,s03,6c8ca9edb2f7a660d0e0ba4f00ad9dc69c13d8fb8725cc3fd3cd72df8de20876,12,28,68,64,65,2697,3,52024894000,H1,11,15,7,0,7,0,0,0,0,0,0,0,741,2347,2179,2179,209463,209463,2055682,97647915,54329966065738537955742392399501488108394,136,135,69,136,66,65
irregular-n12-t064-b00064-frandom-s03,Accelerated,irregular-n12-t064-b00064-frandom,64,64,random,s03,6c8ca9edb2f7a660d0e0ba4f00ad9dc69c13d8fb8725cc3fd3cd72df8de20876,12,28,68,64,65,2697,3,53675309375,H1,5,14,0,5,5,1,0,1,0,4,0,4,741,2335,2167,2167,207867,207867,2163629,102583271,2716653839754070679831757983030682963136060403338499171631904,201,200,133,201,66,65
irregular-n12-t064-b00064-frandom-s04,Standard,irregular-n12-t064-b00064-frandom,64,64,random,s04,eedfda083f6707f4d35443db5738fff5de3a939079ef1b7f9d699ad7af5e6c83,12,19,68,64,65,2073,3,36136873666,H0,14,18,10,0,10,0,0,0,0,0,0,0,507,2078,1926,1926,184890,184890,1516402,59744275,29909384570466744293911041897965262555752,135,135,68,136,66,65
irregular-n12-t064-b00064-frandom-s04,Accelerated,irregular-n12-t064-b00064-frandom,64,64,random,s04,eedfda083f6707f4d35443db5738fff5de3a939079ef1b7f9d699ad7af5e6c83,12,19,68,64,65,2073,3,45023713292,H0,8,20,0,8,8,4,0,4,0,4,0,4,507,2535,2345,2345,223845,223845,1946539,74371484,3479489036259396655141739471767172032191088207437830740494200,202,200,135,203,66,65
irregular-n12-t064-b00064-frandom-s05,Standard,irregular-n12-t064-b00064-frandom,64,64,random,s05,e1f36575727d5727221f5c21723b3c636e05f207ce1d664d46f77dee148565d1,12,28,68,64,66,2716,3,77342628084,L0,14,18,10,0,10,0,0,0,0,0,0,0,741,3681,3401,3401,322533,322533,3194960,140918648,71582599149861255403337026085945427437318,136,137,69,138,67,66
irregular-n12-t064-b00064-frandom-s05,Accelerated,irregular-n12-t064-b00064-frandom,64,64,random,s05,e1f36575727d5727221f5c21723b3c636e05f207ce1d664d46f77dee148565d1,12,28,68,64,66,2716,3,103013650500,L0,7,19,0,7,7,4,1,3,0,3,1,3,741,5123,4731,4731,447407,447407,4360429,178310966,750016679750121145306302083413088721710125235236971275436600747962445158500842880,269,268,201,269,67,66
irregular-n12-t064-b00064-frandom-s06,Standard,irregular-n12-t064-b00064-frandom,64,64,random,s06,e6609bfe8624a76ff81563114b978c272488b045583edef0b7dbda5874ac3b0b,12,26,68,64,66,2552,3,61218310958,H0,13,17,9,0,9,0,0,0,0,0,0,0,689,2808,2600,2600,248240,248240,2460734,118144323,50719255641706297285519245682311389495430,136,135,68,136,68,67
irregular-n12-t064-b00064-frandom-s06,Accelerated,irregular-n12-t064-b00064-frandom,64,64,random,s06,e6609bfe8624a76ff81563114b978c272488b045583edef0b7dbda5874ac3b0b,12,26,68,64,66,2552,3,71931912333,H0,7,18,0,7,7,3,0,3,0,4,0,4,689,3421,3161,3161,299893,299893,3024238,134840675,7800597095996133988779199223736455209141363590471007705436760,203,201,135,204,68,67
irregular-n12-t064-b00064-frandom-s07,Standard,irregular-n12-t064-b00064-frandom,64,64,random,s07,9e9a74ee6098a2cd17fa476b875bb1f1aa42e547bd210f0f3e6ab5c7048205da,12,29,68,64,66,2758,3,70166131708,H0,14,18,10,0,10,0,0,0,0,0,0,0,767,3035,2803,2803,266547,266547,2880181,133211908,49634673682850053768588079812978364922062,136,136,68,137,64,61
irregular-n12-t064-b00064-frandom-s07,Accelerated,irregular-n12-t064-b00064-frandom,64,64,random,s07,9e9a74ee6098a2cd17fa476b875bb1f1aa42e547bd210f0f3e6ab5c7048205da,12,29,68,64,66,2758,3,54487786000,H0,7,18,0,7,7,3,2,1,0,4,0,4,767,2329,2155,2155,206047,206047,2248599,99740648,5173279124898606056705279881822755297167352790410497227030320,202,200,135,203,64,61
irregular-n12-t064-b00064-frandom-s08,Standard,irregular-n12-t064-b00064-frandom,64,64,random,s08,ff47d7d992c438eb6e65a91baa8cbb6b91fca3456c91beaee463ef1765139458,12,23,68,64,66,2344,3,48498650291,H1,15,19,11,0,11,0,0,0,0,0,0,0,611,2514,2330,2330,223598,223598,1929944,76952331,45840886378511567248789372862647315039236,136,135,68,136,67,64
irregular-n12-t064-b00064-frandom-s08,Accelerated,irregular-n12-t064-b00064-frandom,64,64,random,s08,ff47d7d992c438eb6e65a91baa8cbb6b91fca3456c91beaee463ef1765139458,12,23,68,64,66,2344,3,54374960667,H1,8,20,0,8,8,4,2,2,0,4,0,4,611,3055,2825,2825,269125,269125,2215682,80053025,4966253073025005374580802578439311787816009586588968086516816,202,201,134,203,67,64
irregular-n12-t064-b00064-frandom-s09,Standard,irregular-n12-t064-b00064-frandom,64,64,random,s09,87ce919a23acd9c001f0ce6d2a06d36bae14a359d532b73c4c4d9b50a9572178,12,29,68,64,66,2767,3,71553248083,H1,14,18,10,0,10,0,0,0,0,0,0,0,767,3138,2906,2906,277670,277670,2810748,128269155,111637117796719267107010704531246150996580,137,136,68,137,66,63
irregular-n12-t064-b00064-frandom-s09,Accelerated,irregular-n12-t064-b00064-frandom,64,64,random,s09,87ce919a23acd9c001f0ce6d2a06d36bae14a359d532b73c4c4d9b50a9572178,12,29,68,64,66,2767,3,81474776125,H1,7,18,0,7,7,3,1,2,0,4,0,4,767,3833,3543,3543,336731,336731,3272176,137497707,5503322083387046045429370652592199047234500447352623674236752,202,201,133,203,66,63
irregular-n12-t064-b00064-frandom-s10,Standard,irregular-n12-t064-b00064-frandom,64,64,random,s10,aa53fd66eea6b65e07caf236891d0d86125cdffe9da77555edb49b52cf004d93,12,19,68,64,65,2082,3,43494586083,H1,15,19,11,0,11,0,0,0,0,0,0,0,507,2534,2344,2344,223688,223688,1825345,68664135,34375837604277801575208834972903415178902,135,135,68,136,66,64
irregular-n12-t064-b00064-frandom-s10,Accelerated,irregular-n12-t064-b00064-frandom,64,64,random,s10,aa53fd66eea6b65e07caf236891d0d86125cdffe9da77555edb49b52cf004d93,12,19,68,64,65,2082,3,58510178792,H1,9,22,0,9,9,5,1,4,0,4,0,4,507,3447,3181,3181,301441,301441,2491804,89158398,4939023915189730179074218746794694849699706047865523472275992,202,201,135,203,66,64
irregular-n12-t064-b00064-frandom-s11,Standard,irregular-n12-t064-b00064-frandom,64,64,random,s11,b67a483d5fe5842c427ab7ac2ce63595edcf25b77e193eba92ed547937e8c8d8,12,30,69,64,66,2835,3,60520077708,H1,10,14,6,0,6,0,0,0,0,0,0,0,793,2451,2271,2271,217275,217275,2332907,117665606,86288672930323986235171285802146658222420,136,136,69,137,69,68
irregular-n12-t064-b00064-frandom-s11,Accelerated,irregular-n12-t064-b00064-frandom,64,64,random,s11,b67a483d5fe5842c427ab7ac2ce63595edcf25b77e193eba92ed547937e8c8d8,12,30,69,64,66,2835,3,58057086083,H1,4,12,0,4,4,0,0,0,0,4,0,4,793,2379,2199,2199,209019,209019,2346469,116371833,86288672930323986235171285802146658222420,136,135,69,137,69,68
irregular-n12-t064-b00064-frandom-s12,Standard,irregular-n12-t064-b00064-frandom,64,64,random,s12,81c906ede5dffe4e9685783526272ceb04a6bd6aef889933bd187b9173bcf85b,12,28,68,64,66,2707,3,90755157833,H1,15,19,11,0,11,0,0,0,0,0,0,0,741,3704,3424,3424,325568,325568,3599262,176037031,96738499316952656239727940543753574961452,137,136,69,137,66,65
irregular-n12-t064-b00064-frandom-s12,Accelerated,irregular-n12-t064-b00064-frandom,64,64,random,s12,81c906ede5dffe4e9685783526272ceb04a6bd6aef889933bd187b9173bcf85b,12,28,68,64,66,2707,3,120017279292,H1,9,22,0,9,9,5,2,3,0,4,0,4,741,5049,4657,4657,440077,440077,4880136,226555897,26625910742956645342712623487327877695877841075022747947301216,205,203,137,205,66,65
irregular-n12-t064-b00064-frandom-s13,Standard,irregular-n12-t064-b00064-frandom,64,64,random,s13,eb39e9762daa2a6168f89723ceb18741596e91242aa3eccf3315f71055bc8b13,12,23,68,64,66,2350,3,50618954541,H0,14,18,10,0,10,0,0,0,0,0,0,0,611,2502,2318,2318,222002,222002,2049389,90382879,60536240079862699272777598575935216627200,136,135,68,136,68,66
irregular-n12-t064-b00064-frandom-s13,Accelerated,irregular-n12-t064-b00064-frandom,64,64,random,s13,eb39e9762daa2a6168f89723ceb18741596e91242aa3eccf3315f71055bc8b13,12,23,68,64,66,2350,3,57357766125,H0,8,20,0,8,8,4,0,4,0,4,0,4,611,3055,2825,2825,269125,269125,2350895,94636504,4811359243236476210551756862447673573676947292223944967282032,202,201,134,202,68,66
irregular-n12-t064-b00064-frandom-s14,Standard,irregular-n12-t064-b00064-frandom,64,64,random,s14,2cc130b5e28c87d66747d72db99b4feb6499c9d31a17db9b7b6857d14d4dd4cb,12,22,68,64,65,2267,3,47146442000,H0,14,18,10,0,10,0,0,0,0,0,0,0,585,2396,2220,2220,212724,212724,1922671,80071653,37745131441874932543497412521864733958992,135,134,68,135,65,60
irregular-n12-t064-b00064-frandom-s14,Accelerated,irregular-n12-t064-b00064-frandom,64,64,random,s14,2cc130b5e28c87d66747d72db99b4feb6499c9d31a17db9b7b6857d14d4dd4cb,12,22,68,64,65,2267,3,54656881042,H0,9,22,0,9,9,5,3,2,0,4,0,4,585,2949,2729,2729,260997,260997,2345804,89673441,25304644479807783533842721615797090931862553749141158104209015544781030109655488,264,263,194,330,65,60
irregular-n12-t064-b00064-frandom-s15,Standard,irregular-n12-t064-b00064-frandom,64,64,random,s15,d92135c847a420f48804bd50879f1b204dc190a794a951db1409fb07d2ffc2a1,12,24,68,64,66,2428,3,58081102083,L1,11,15,7,0,7,0,0,0,0,0,0,0,637,3064,2824,2824,266440,266440,2517443,100045102,62379184161500589270259392218821630424462,136,136,68,137,66,65
irregular-n12-t064-b00064-frandom-s15,Accelerated,irregular-n12-t064-b00064-frandom,64,64,random,s15,d92135c847a420f48804bd50879f1b204dc190a794a951db1409fb07d2ffc2a1,12,24,68,64,66,2428,3,75324547667,L1,5,16,0,5,5,3,0,3,0,2,2,2,637,4157,3821,3821,357689,357689,3370932,125066999,7855454946946248137037305823910284192797498163717190453743648,203,202,135,203,66,65
irregular-n12-t064-b00064-frandom-s16,Standard,irregular-n12-t064-b00064-frandom,64,64,random,s16,2dfdd821d1858cd66d5cbf5008b5380ee54cdc14edc1c52815cac6ffa85ac231,12,27,68,64,65,2628,3,69396865000,H1,15,19,11,0,11,0,0,0,0,0,0,0,715,2980,2764,2764,265108,265108,2984746,135491700,83337915903539087101354414096090625459214,136,136,68,137,64,63
irregular-n12-t064-b00064-frandom-s16,Accelerated,irregular-n12-t064-b00064-frandom,64,64,random,s16,2dfdd821d1858cd66d5cbf5008b5380ee54cdc14edc1c52815cac6ffa85ac231,12,27,68,64,65,2628,3,53842977625,H1,6,16,0,6,6,2,2,0,0,4,0,4,715,2277,2115,2115,203823,203823,2375282,104516129,12496764283407568160753310445766025422586215172004637023980752,203,201,136,205,64,63
irregular-n12-t064-b00064-frandom-s17,Standard,irregular-n12-t064-b00064-frandom,64,64,random,s17,38bff8237cb2b80948c4e464af893b2395fc6d19806aacdfd3ce532c23318d7c,12,30,68,64,66,2840,3,73033566458,L0,11,15,7,0,7,0,0,0,0,0,0,0,793,3160,2920,2920,277096,277096,2990831,142983580,79246116099772660851099639844251517869480,136,137,69,137,69,68
irregular-n12-t064-b00064-frandom-s17,Accelerated,irregular-n12-t064-b00064-frandom,64,64,random,s17,38bff8237cb2b80948c4e464af893b2395fc6d19806aacdfd3ce532c23318d7c,12,30,68,64,66,2840,3,52857664333,L0,4,13,0,4,4,1,0,1,0,3,1,3,793,2369,2189,2189,207737,207737,2159455,100518834,536724942506512383212282805774873187551606438755013746278176,199,190,124,201,69,68
irregular-n12-t064-b00064-frandom-s18,Standard,irregular-n12-t064-b00064-frandom,64,64,random,s18,eb3410da487e2e7f85e1ab2cc4ba34421d3cb473f66c8283267c731e48242c67,12,25,68,64,65,2480,3,52649695291,H1,13,17,9,0,9,0,0,0,0,0,0,0,663,2702,2502,2502,238962,238962,2129538,92374349,49935783074669256319426174641418175594312,136,135,68,136,65,63
irregular-n12-t064-b00064-frandom-s18,Accelerated,irregular-n12-t064-b00064-frandom,64,64,random,s18,eb3410da487e2e7f85e1ab2cc4ba34421d3cb473f66c8283267c731e48242c67,12,25,68,64,65,2480,3,60105159334,H1,7,18,0,7,7,3,1,2,0,4,0,4,663,3291,3041,3041,288573,288573,2493425,98689673,4822147093192296190000995219176494489056110318958570600134144,202,201,134,203,65,63
irregular-n12-t064-b00064-frandom-s19,Standard,irregular-n12-t064-b00064-frandom,64,64,random,s19,b84d5e5ef8b4a95a98c9f87a18b3a16ffc645d318b9dfc348f37dd92a0fdab82,12,22,68,64,66,2273,3,42109130875,H1,13,17,9,0,9,0,0,0,0,0,0,0,585,2341,2165,2165,206401,206401,1697024,71473139,46632651019544600188812208130309536699950,136,136,68,137,66,65
irregular-n12-t064-b00064-frandom-s19,Accelerated,irregular-n12-t064-b00064-frandom,64,64,random,s19,b84d5e5ef8b4a95a98c9f87a18b3a16ffc645d318b9dfc348f37dd92a0fdab82,12,22,68,64,66,2273,3,46927277750,H1,5,14,0,5,5,1,0,1,0,4,0,4,585,2811,2591,2591,244531,244531,1934677,74165966,140464703052504689423574761511371663683595881998032267315924,197,196,128,198,66,65
irregular-n12-t064-b00064-frandom-s20,Standard,irregular-n12-t064-b00064-frandom,64,64,random,s20,aae9d23a45b8a1afef94843ddf3180a65c83830edc6efc7c8e7a3d7633bd61e1,12,23,68,64,66,2343,3,42126332500,H0,14,18,10,0,10,0,0,0,0,0,0,0,611,2502,2318,2318,222002,222002,1766340,62621465,54088066598181447908204814518635594163070,136,136,68,136,65,63
irregular-n12-t064-b00064-frandom-s20,Accelerated,irregular-n12-t064-b00064-frandom,64,64,random,s20,aae9d23a45b8a1afef94843ddf3180a65c83830edc6efc7c8e7a3d7633bd61e1,12,23,68,64,66,2343,3,48386193750,H0,7,18,0,7,7,3,1,2,0,4,0,4,611,3053,2823,2823,268811,268811,2067578,66387820,2693170139530816964218908306278907922670039876528376699534320,201,201,132,202,65,63
irregular-n12-t128-b00001-falternating-s01,Standard,irregular-n12-t128-b00001-falternating,128,1,alternating,s01,a65cc7371da2193c2175661ded91d5fabad7832daa24556acd411bf06ab3e622,12,39,6,2,4,316,3,56535439917,H0,12,16,8,0,8,0,0,0,0,0,0,0,573,1875,1683,1683,163503,163503,2398223,129155507,3876,12,12,6,16,4,2
irregular-n12-t128-b00001-falternating-s01,Accelerated,irregular-n12-t128-b00001-falternating,128,1,alternating,s01,a65cc7371da2193c2175661ded91d5fabad7832daa24556acd411bf06ab3e622,12,39,6,2,4,316,3,53259864500,H0,5,14,0,5,5,1,1,0,0,4,0,4,573,1771,1579,1579,152227,152227,2308133,122833356,98520,17,15,11,18,4,2
irregular-n12-t128-b00001-falternating-s02,Standard,irregular-n12-t128-b00001-falternating,128,1,alternating,s02,62e1b0d7b08a5297cc91927d41f595288a4e2a2cf80aca458cf77c59fb4819b7,12,37,6,2,4,295,3,72814274375,H0,15,19,11,0,11,0,0,0,0,0,0,0,545,2354,2202,2202,213826,213826,3154126,166541051,2808,12,12,6,16,3,2
irregular-n12-t128-b00001-falternating-s02,Accelerated,irregular-n12-t128-b00001-falternating,128,1,alternating,s02,62e1b0d7b08a5297cc91927d41f595288a4e2a2cf80aca458cf77c59fb4819b7,12,37,6,2,4,295,3,64644628167,H0,7,18,0,7,7,3,1,2,0,4,0,4,545,1983,1869,1869,184177,184177,2814213,150437646,816208,20,18,14,20,3,2
irregular-n12-t128-b00001-falternating-s03,Standard,irregular-n12-t128-b00001-falternating,128,1,alternating,s03,84833062888ee6045f554a116d705a5f972b79b2a3d1e638db9cdfd0b2ce5093,12,37,6,2,4,303,3,62096356875,H0,13,17,9,0,9,0,0,0,0,0,0,0,545,2206,2074,2074,198818,198818,2681423,130498203,4124,13,13,7,16,4,2
irregular-n12-t128-b00001-falternating-s03,Accelerated,irregular-n12-t128-b00001-falternating,128,1,alternating,s03,84833062888ee6045f554a116d705a5f972b79b2a3d1e638db9cdfd0b2ce5093,12,37,6,2,4,303,3,53985317916,H0,7,18,0,7,7,3,1,2,0,4,0,4,545,1837,1738,1738,169128,169128,2340877,114695593,153612,18,15,11,19,4,2
irregular-n12-t128-b00001-falternating-s04,Standard,irregular-n12-t128-b00001-falternating,128,1,alternating,s04,cbb095239c0a6ab403b797fe9997d2e59e5e971cdc481bcda248531a21ae68fd,12,39,6,2,4,316,3,56442192791,H0,12,16,8,0,8,0,0,0,0,0,0,0,573,1850,1715,1715,166529,166529,2366755,128084270,4146,13,12,6,16,5,3
irregular-n12-t128-b00001-falternating-s04,Accelerated,irregular-n12-t128-b00001-falternating,128,1,alternating,s04,cbb095239c0a6ab403b797fe9997d2e59e5e971cdc481bcda248531a21ae68fd,12,39,6,2,4,316,3,53117975834,H0,6,16,0,6,6,2,1,1,0,4,0,4,573,1773,1638,1638,158028,158028,2273228,120670719,56872,16,14,10,17,5,3
irregular-n12-t128-b00001-falternating-s05,Standard,irregular-n12-t128-b00001-falternating,128,1,alternating,s05,ce3abeac757594bab7c681b4bcd172d2d3a9aa3930559fcbd99506f60e6205da,12,42,6,2,4,343,3,72447649583,H0,12,16,8,0,8,0,0,0,0,0,0,0,615,2460,2204,2204,211756,211756,3009630,159268804,5192,13,13,7,16,5,3
irregular-n12-t128-b00001-falternating-s05,Accelerated,irregular-n12-t128-b00001-falternating,128,1,alternating,s05,ce3abeac757594bab7c681b4bcd172d2d3a9aa3930559fcbd99506f60e6205da,12,42,6,2,4,343,3,53487788875,H0,4,12,0,4,4,0,0,0,0,4,0,4,615,1845,1653,1653,158817,158817,2250628,116453133,5192,13,11,7,16,5,3
irregular-n12-t128-b00001-falternating-s06,Standard,irregular-n12-t128-b00001-falternating,128,1,alternating,s06,d872d88d6ea0ff7b60fbb8e0c4ed670eeccd9095dde7c9551aa362dcf4a4ae17,12,31,6,2,4,259,3,46954827250,H0,13,17,9,0,9,0,0,0,0,0,0,0,461,1870,1754,1754,168418,168418,2126067,94852053,3148,12,12,6,16,4,2
irregular-n12-t128-b00001-falternating-s06,Accelerated,irregular-n12-t128-b00001-falternating,128,1,alternating,s06,d872d88d6ea0ff7b60fbb8e0c4ed670eeccd9095dde7c9551aa362dcf4a4ae17,12,31,6,2,4,259,3,35299620750,H0,5,14,0,5,5,1,1,0,0,4,0,4,461,1435,1348,1348,129586,129586,1615449,69843104,62144,16,14,10,17,4,2
irregular-n12-t128-b00001-falternating-s07,Standard,irregular-n12-t128-b00001-falternating,128,1,alternating,s07,2053bbb6ad5da8f7f06ee8bcaaeb2c8b4aa2bb0a7b3f6724f113590e4a4acb2a,12,40,6,2,4,326,3,75097022792,H0,13,17,9,0,9,0,0,0,0,0,0,0,587,2428,2284,2284,219996,219996,3195116,166457781,4968,13,13,7,16,4,3
irregular-n12-t128-b00001-falternating-s07,Accelerated,irregular-n12-t128-b00001-falternating,128,1,alternating,s07,2053bbb6ad5da8f7f06ee8bcaaeb2c8b4aa2bb0a7b3f6724f113590e4a4acb2a,12,40,6,2,4,326,3,90462822083,H0,6,16,0,6,6,2,1,1,0,4,0,4,587,2881,2701,2701,258345,258345,3958711,204359577,344448,19,17,13,20,4,3
irregular-n12-t128-b00001-falternating-s08,Standard,irregular-n12-t128-b00001-falternating,128,1,alternating,s08,9c7fa4d95d3dfe5c11b9fc7502b2b0fd5637bb5fb118e0d96c8900c30049d0f8,12,34,6,2,4,276,3,67616896583,H0,14,18,10,0,10,0,0,0,0,0,0,0,503,2488,2323,2323,222765,222765,3016382,144651480,3538,12,12,6,16,5,3
irregular-n12-t128-b00001-falternating-s08,Accelerated,irregular-n12-t128-b00001-falternating,128,1,alternating,s08,9c7fa4d95d3dfe5c11b9fc7502b2b0fd5637bb5fb118e0d96c8900c30049d0f8,12,34,6,2,4,276,3,67357713375,H0,6,16,0,6,6,2,1,1,0,4,0,4,503,2461,2296,2296,219990,219990,3053983,144570319,59736,16,15,10,17,5,3
irregular-n12-t128-b00001-falternating-s09,Standard,irregular-n12-t128-b00001-falternating,128,1,alternating,s09,7afc95f04a625fbd66540bf759cd8ffa6172174611084bab9b4352568430f8ef,12,43,7,2,4,344,3,82784263167,H0,12,16,8,0,8,0,0,0,0,0,0,0,629,2601,2429,2429,234285,234285,3401842,186027227,4776,13,12,7,16,5,3
irregular-n12-t128-b00001-falternating-s09,Accelerated,irregular-n12-t128-b00001-falternating,128,1,alternating,s09,7afc95f04a625fbd66540bf759cd8ffa6172174611084bab9b4352568430f8ef,12,43,7,2,4,344,3,98128386250,H0,6,16,0,6,6,2,0,2,0,4,0,4,629,3091,2876,2876,275570,275570,4152705,222375591,83120,17,16,11,17,5,3
irregular-n12-t128-b00001-falternating-s10,Standard,irregular-n12-t128-b00001-falternating,128,1,alternating,s10,ced73a4c0f935107067c5cb68bb26e0be7d021ad29650137a142a26dc40688f5,12,38,6,2,4,316,3,49831034459,H0,10,14,6,0,6,0,0,0,0,0,0,0,559,1779,1596,1596,154862,154862,2072387,107810662,4428,13,12,6,16,5,3
irregular-n12-t128-b00001-falternating-s10,Accelerated,irregular-n12-t128-b00001-falternating,128,1,alternating,s10,ced73a4c0f935107067c5cb68bb26e0be7d021ad29650137a142a26dc40688f5,12,38,6,2,4,316,3,46438785166,H0,4,12,0,4,4,0,0,0,0,4,0,4,559,1677,1494,1494,143808,143808,1982200,101303182,4428,13,11,6,16,5,3
irregular-n12-t128-b00001-falternating-s11,Standard,irregular-n12-t128-b00001-falternating,128,1,alternating,s11,55b58175f4e42a4f5b87adc91dcda0fc91496270f5cc5eb10034574eac49c36b,12,37,6,2,4,298,3,67606970750,H0,15,19,11,0,11,0,0,0,0,0,0,0,545,2306,2046,2046,198482,198482,2905659,154770947,3576,12,12,6,16,4,2
irregular-n12-t128-b00001-falternating-s11,Accelerated,irregular-n12-t128-b00001-falternating,128,1,alternating,s11,55b58175f4e42a4f5b87adc91dcda0fc91496270f5cc5eb10034574eac49c36b,12,37,6,2,4,298,3,82035625250,H0,9,22,0,9,9,5,1,4,0,4,0,4,545,2777,2452,2452,236526,236526,3612215,190711919,253440,18,17,12,18,4,2
irregular-n12-t128-b00001-falternating-s12,Standard,irregular-n12-t128-b00001-falternating,128,1,alternating,s12,b04c3773e1cdff63a5aae1bea28492c5631c138da8277fdcddbde067ae814196,12,36,6,2,4,292,3,44303689125,H0,11,15,7,0,7,0,0,0,0,0,0,0,531,1717,1537,1537,149305,149305,1843346,92045003,3810,12,12,6,16,5,3
irregular-n12-t128-b00001-falternating-s12,Accelerated,irregular-n12-t128-b00001-falternating,128,1,alternating,s12,b04c3773e1cdff63a5aae1bea28492c5631c138da8277fdcddbde067ae814196,12,36,6,2,4,292,3,41996065459,H0,5,14,0,5,5,1,1,0,0,4,0,4,531,1645,1465,1465,141313,141313,1789541,87341645,73600,17,15,10,18,5,3
irregular-n12-t128-b00001-falternating-s13,Standard,irregular-n12-t128-b00001-falternating,128,1,alternating,s13,ebd6506b90150a07d8a3f7e3573a17700118e1a818b926b0167a78c540f98c13,12,35,6,2,4,286,3,53970647834,H0,13,17,9,0,9,0,0,0,0,0,0,0,517,2094,1910,1910,183494,183494,2313873,108443411,4294,13,13,7,16,4,2
irregular-n12-t128-b00001-falternating-s13,Accelerated,irregular-n12-t128-b00001-falternating,128,1,alternating,s13,ebd6506b90150a07d8a3f7e3573a17700118e1a818b926b0167a78c540f98c13,12,35,6,2,4,286,3,41437593042,H0,5,14,0,5,5,1,0,1,0,4,0,4,517,1603,1465,1465,140893,140893,1766922,80540927,45608,16,15,9,16,4,2
irregular-n12-t128-b00001-falternating-s14,Standard,irregular-n12-t128-b00001-falternating,128,1,alternating,s14,c6d69951d3444bdddc12ee544361c81f1b89718bf35f6c3110ca91b7d0b88ca1,12,38,6,2,4,313,3,71812178167,H0,14,18,10,0,10,0,0,0,0,0,0,0,559,2363,2167,2167,209387,209387,3107472,161317428,3844,12,13,7,16,4,2
irregular-n12-t128-b00001-falternating-s14,Accelerated,irregular-n12-t128-b00001-falternating,128,1,alternating,s14,c6d69951d3444bdddc12ee544361c81f1b89718bf35f6c3110ca91b7d0b88ca1,12,38,6,2,4,313,3,88419786125,H0,8,20,0,8,8,4,2,2,0,4,0,4,559,2845,2600,2600,249762,249762,3922936,202611027,465664,19,18,13,19,4,2
irregular-n12-t128-b00001-falternating-s15,Standard,irregular-n12-t128-b00001-falternating,128,1,alternating,s15,60c8efee5b28626f8a1854541bcb37c95210282fb7cb8d320c3abcf2e3b9ee88,12,38,6,2,4,308,3,67256270708,H0,12,16,8,0,8,0,0,0,0,0,0,0,559,2261,2105,2105,202213,202213,2888706,150266843,3972,12,12,6,16,4,2
irregular-n12-t128-b00001-falternating-s15,Accelerated,irregular-n12-t128-b00001-falternating,128,1,alternating,s15,60c8efee5b28626f8a1854541bcb37c95210282fb7cb8d320c3abcf2e3b9ee88,12,38,6,2,4,308,3,79324473375,H0,6,16,0,6,6,2,0,2,0,4,0,4,559,2641,2446,2446,232504,232504,3504453,179992266,33048,16,14,8,16,4,2
irregular-n12-t128-b00001-falternating-s16,Standard,irregular-n12-t128-b00001-falternating,128,1,alternating,s16,a5102c3fbc5a855e06ffb5bd72fc9aee36b9525fb1b0cb27e7adcc0c7d2f8c18,12,37,6,2,4,303,3,63799660875,H0,13,17,9,0,9,0,0,0,0,0,0,0,545,2254,2114,2114,203846,203846,2748693,135500007,4214,13,13,7,16,5,3
irregular-n12-t128-b00001-falternating-s16,Accelerated,irregular-n12-t128-b00001-falternating,128,1,alternating,s16,a5102c3fbc5a855e06ffb5bd72fc9aee36b9525fb1b0cb27e7adcc0c7d2f8c18,12,37,6,2,4,303,3,51196620083,H0,5,14,0,5,5,1,0,1,0,4,0,4,545,1783,1678,1678,163152,163152,2225958,108264738,57504,16,15,9,16,5,3
irregular-n12-t128-b00001-falternating-s17,Standard,irregular-n12-t128-b00001-falternating,128,1,alternating,s17,7924988215839172f9da91d8f1556abf8343e42235f7fb00004819686e9105c1,12,41,7,2,5,334,3,55028173167,H0,10,14,6,0,6,0,0,0,0,0,0,0,601,1911,1761,1761,170297,170297,2250199,115697011,5236,13,13,7,16,5,3
irregular-n12-t128-b00001-falternating-s17,Accelerated,irregular-n12-t128-b00001-falternating,128,1,alternating,s17,7924988215839172f9da91d8f1556abf8343e42235f7fb00004819686e9105c1,12,41,7,2,5,334,3,51610256416,H0,4,12,0,4,4,0,0,0,0,4,0,4,601,1803,1653,1653,158577,158577,2166867,109284580,5236,13,11,7,16,5,3
irregular-n12-t128-b00001-falternating-s18,Standard,irregular-n12-t128-b00001-falternating,128,1,alternating,s18,56f37a603ad784860ca17f90b9bed2e88d2b23ad2c062c59f32ea536e507f8c4,12,34,6,2,4,278,3,72062627292,H0,16,20,12,0,12,0,0,0,0,0,0,0,503,2557,2397,2397,230825,230825,3287948,155327006,3610,12,12,6,16,3,2
irregular-n12-t128-b00001-falternating-s18,Accelerated,irregular-n12-t128-b00001-falternating,128,1,alternating,s18,56f37a603ad784860ca17f90b9bed2e88d2b23ad2c062c59f32ea536e507f8c4,12,34,6,2,4,278,3,74657248708,H0,8,20,0,8,8,4,1,3,0,4,0,4,503,2599,2439,2439,235755,235755,3474502,162127765,1102976,21,19,14,21,3,2
irregular-n12-t128-b00001-falternating-s19,Standard,irregular-n12-t128-b00001-falternating,128,1,alternating,s19,49e018c1558ef701e7fa10e35514d55e720848f5212133aa3a9c4fabec227cc9,12,36,6,2,4,308,3,63520117750,H0,13,17,9,0,9,0,0,0,0,0,0,0,531,2221,2069,2069,199977,199977,2740316,137932169,4322,13,12,6,16,5,3
irregular-n12-t128-b00001-falternating-s19,Accelerated,irregular-n12-t128-b00001-falternating,128,1,alternating,s19,49e018c1558ef701e7fa10e35514d55e720848f5212133aa3a9c4fabec227cc9,12,36,6,2,4,308,3,76197699375,H0,7,18,0,7,7,3,1,2,0,4,0,4,531,2653,2463,2463,236591,236591,3387824,167520369,97884,17,16,10,18,5,3
irregular-n12-t128-b00001-falternating-s20,Standard,irregular-n12-t128-b00001-falternating,128,1,alternating,s20,0038fe9c9ec6054392a3ae338aca4797b419ef7ac14675060dffa5c20b4b7bd9,12,32,6,2,4,257,3,49741996292,H0,14,18,10,0,10,0,0,0,0,0,0,0,475,2015,1887,1887,182387,182387,2162614,99063721,2626,12,12,6,16,4,2
irregular-n12-t128-b00001-falternating-s20,Accelerated,irregular-n12-t128-b00001-falternating,128,1,alternating,s20,0038fe9c9ec6054392a3ae338aca4797b419ef7ac14675060dffa5c20b4b7bd9,12,32,6,2,4,257,3,58557852916,H0,7,18,0,7,7,3,1,2,0,4,0,4,475,2373,2213,2213,212441,212441,2613357,117562368,39136,16,14,9,17,4,2
irregular-n12-t128-b00001-frandom-s01,Standard,irregular-n12-t128-b00001-frandom,128,1,random,s01,a65cc7371da2193c2175661ded91d5fabad7832daa24556acd411bf06ab3e622,12,39,7,2,4,334,3,108882142459,L0,12,16,8,0,8,0,0,0,0,0,0,0,949,3785,3489,3489,331501,331501,4463009,242221193,3756,12,13,7,16,5,4
irregular-n12-t128-b00001-frandom-s01,Accelerated,irregular-n12-t128-b00001-frandom,128,1,random,s01,a65cc7371da2193c2175661ded91d5fabad7832daa24556acd411bf06ab3e622,12,39,7,2,4,334,3,51449357666,L0,1,9,0,1,1,0,0,0,0,1,3,1,949,1976,1828,1828,175128,175128,2131619,102895673,3726,12,10,7,16,5,4
irregular-n12-t128-b00001-frandom-s02,Standard,irregular-n12-t128-b00001-frandom,128,1,random,s02,62e1b0d7b08a5297cc91927d41f595288a4e2a2cf80aca458cf77c59fb4819b7,12,37,6,2,4,313,3,71201085958,L1,10,14,6,0,6,0,0,0,0,0,0,0,974,2997,2775,2775,264535,264535,2906345,132850405,2770,12,13,7,16,4,3
irregular-n12-t128-b00001-frandom-s02,Accelerated,irregular-n12-t128-b00001-frandom,128,1,random,s02,62e1b0d7b08a5297cc91927d41f595288a4e2a2cf80aca458cf77c59fb4819b7,12,37,6,2,4,313,3,43462841916,L1,3,12,0,3,3,1,1,0,0,2,2,2,974,2025,1877,1877,179461,179461,1800754,70631410,5048,13,10,7,16,4,3
irregular-n12-t128-b00001-frandom-s03,Standard,irregular-n12-t128-b00001-frandom,128,1,random,s03,84833062888ee6045f554a116d705a5f972b79b2a3d1e638db9cdfd0b2ce5093,12,37,6,2,4,310,3,77939752875,L0,13,17,9,0,9,0,0,0,0,0,0,0,825,3310,3066,3066,292170,292170,3451677,140975638,3980,12,13,7,16,5,4
irregular-n12-t128-b00001-frandom-s03,Accelerated,irregular-n12-t128-b00001-frandom,128,1,random,s03,84833062888ee6045f554a116d705a5f972b79b2a3d1e638db9cdfd0b2ce5093,12,37,6,2,4,310,3,40185899334,L0,3,12,0,3,3,1,1,0,0,2,2,2,825,1754,1632,1632,157624,157624,1745774,68596005,230940,18,15,13,20,5,4
irregular-n12-t128-b00001-frandom-s04,Standard,irregular-n12-t128-b00001-frandom,128,1,random,s04,cbb095239c0a6ab403b797fe9997d2e59e5e971cdc481bcda248531a21ae68fd,12,39,6,2,4,327,3,117122258958,L1,12,16,8,0,8,0,0,0,0,0,0,0,871,4175,3845,3845,363017,363017,4827137,253456820,3608,12,13,7,16,5,4
irregular-n12-t128-b00001-frandom-s04,Accelerated,irregular-n12-t128-b00001-frandom,128,1,random,s04,cbb095239c0a6ab403b797fe9997d2e59e5e971cdc481bcda248531a21ae68fd,12,39,6,2,4,327,3,106048419459,L1,6,17,0,6,6,3,0,3,0,3,1,3,871,4165,3835,3835,361735,361735,4385297,205874365,34704,16,13,10,16,5,4
irregular-n12-t128-b00001-frandom-s05,Standard,irregular-n12-t128-b00001-frandom,128,1,random,s05,ce3abeac757594bab7c681b4bcd172d2d3a9aa3930559fcbd99506f60e6205da,12,42,7,2,4,350,3,86697995167,L0,10,14,6,0,6,0,0,0,0,0,0,0,937,2907,2688,2688,257922,257922,3175482,189706646,4254,13,13,7,16,8,7
irregular-n12-t128-b00001-frandom-s05,Accelerated,irregular-n12-t128-b00001-frandom,128,1,random,s05,ce3abeac757594bab7c681b4bcd172d2d3a9aa3930559fcbd99506f60e6205da,12,42,7,2,4,350,3,84291796625,L0,4,12,0,4,4,0,0,0,0,4,0,4,937,2811,2592,2592,247002,247002,3198862,189458531,4254,13,11,7,16,8,7
irregular-n12-t128-b00001-frandom-s06,Standard,irregular-n12-t128-b00001-frandom,128,1,random,s06,d872d88d6ea0ff7b60fbb8e0c4ed670eeccd9095dde7c9551aa362dcf4a4ae17,12,31,6,2,4,257,3,59171904125,H0,13,17,9,0,9,0,0,0,0,0,0,0,756,2415,2241,2241,216185,216185,2408584,119351325,2164,12,11,6,16,6,5
irregular-n12-t128-b00001-frandom-s06,Accelerated,irregular-n12-t128-b00001-frandom,128,1,random,s06,d872d88d6ea0ff7b60fbb8e0c4ed670eeccd9095dde7c9551aa362dcf4a4ae17,12,31,6,2,4,257,3,60890980834,H0,6,16,0,6,6,2,0,2,0,4,0,4,756,2414,2240,2240,216028,216028,2533209,124265257,66384,17,15,11,17,6,5
irregular-n12-t128-b00001-frandom-s07,Standard,irregular-n12-t128-b00001-frandom,128,1,random,s07,2053bbb6ad5da8f7f06ee8bcaaeb2c8b4aa2bb0a7b3f6724f113590e4a4acb2a,12,40,6,2,4,333,3,83420230875,L0,9,13,5,0,5,0,0,0,0,0,0,0,1053,3239,2999,2999,285819,285819,3157087,165945556,3748,12,13,7,16,7,7
irregular-n12-t128-b00001-frandom-s07,Accelerated,irregular-n12-t128-b00001-frandom,128,1,random,s07,2053bbb6ad5da8f7f06ee8bcaaeb2c8b4aa2bb0a7b3f6724f113590e4a4acb2a,12,40,6,2,4,333,3,83159418959,L0,3,11,0,3,3,0,0,0,0,3,1,3,1053,3147,2907,2907,275343,275343,3271089,171204463,3748,12,11,7,16,7,7
irregular-n12-t128-b00001-frandom-s08,Standard,irregular-n12-t128-b00001-frandom,128,1,random,s08,9c7fa4d95d3dfe5c11b9fc7502b2b0fd5637bb5fb118e0d96c8900c30049d0f8,12,34,6,2,4,293,3,93838516291,L0,11,15,7,0,7,0,0,0,0,0,0,0,761,3644,3369,3369,317935,317935,4022593,198921461,3228,12,13,7,16,5,4
irregular-n12-t128-b00001-frandom-s08,Accelerated,irregular-n12-t128-b00001-frandom,128,1,random,s08,9c7fa4d95d3dfe5c11b9fc7502b2b0fd5637bb5fb118e0d96c8900c30049d0f8,12,34,6,2,4,293,3,86544164542,L0,3,12,0,3,3,1,0,1,0,2,2,2,761,3563,3288,3288,308634,308634,3837949,174866059,2832,12,11,7,16,5,4
irregular-n12-t128-b00001-frandom-s09,Standard,irregular-n12-t128-b00001-frandom,128,1,random,s09,7afc95f04a625fbd66540bf759cd8ffa6172174611084bab9b4352568430f8ef,12,43,7,2,4,358,3,129617589500,L1,12,16,8,0,8,0,0,0,0,0,0,0,1131,4524,4180,4180,396420,396420,5022931,278985170,4768,13,13,7,16,5,4
irregular-n12-t128-b00001-frandom-s09,Accelerated,irregular-n12-t128-b00001-frandom,128,1,random,s09,7afc95f04a625fbd66540bf759cd8ffa6172174611084bab9b4352568430f8ef,12,43,7,2,4,358,3,146420116000,L1,5,15,0,5,5,2,0,2,0,3,1,3,1131,5480,5050,5050,475962,475962,5769526,299083012,244376,18,15,13,20,5,4
irregular-n12-t128-b00001-frandom-s10,Standard,irregular-n12-t128-b00001-frandom,128,1,random,s10,ced73a4c0f935107067c5cb68bb26e0be7d021ad29650137a142a26dc40688f5,12,38,6,2,4,317,3,112307622083,H0,11,15,7,0,7,0,0,0,0,0,0,0,999,3995,3691,3691,349919,349919,4296524,248092696,3642,12,12,7,16,6,5
irregular-n12-t128-b00001-frandom-s10,Accelerated,irregular-n12-t128-b00001-frandom,128,1,random,s10,ced73a4c0f935107067c5cb68bb26e0be7d021ad29650137a142a26dc40688f5,12,38,6,2,4,317,3,133854257167,H0,6,16,0,6,6,2,0,2,0,4,0,4,999,4973,4593,4593,434621,434621,5228326,282974637,153624,18,16,12,19,6,5
irregular-n12-t128-b00001-frandom-s11,Standard,irregular-n12-t128-b00001-frandom,128,1,random,s11,55b58175f4e42a4f5b87adc91dcda0fc91496270f5cc5eb10034574eac49c36b,12,37,6,2,4,302,3,96337472375,L1,11,15,7,0,7,0,0,0,0,0,0,0,900,3589,3317,3317,314857,314857,4031988,203146677,2708,12,12,6,16,5,4
irregular-n12-t128-b00001-frandom-s11,Accelerated,irregular-n12-t128-b00001-frandom,128,1,random,s11,55b58175f4e42a4f5b87adc91dcda0fc91496270f5cc5eb10034574eac49c36b,12,37,6,2,4,302,3,67134226667,L1,3,11,0,3,3,0,0,0,0,3,1,3,900,2689,2485,2485,235777,235777,2903386,132157723,2708,12,10,6,16,5,4
irregular-n12-t128-b00001-frandom-s12,Standard,irregular-n12-t128-b00001-frandom,128,1,random,s12,b04c3773e1cdff63a5aae1bea28492c5631c138da8277fdcddbde067ae814196,12,36,6,2,4,302,3,88073653750,L1,13,17,9,0,9,0,0,0,0,0,0,0,803,3346,3110,3110,297894,297894,3731040,175614999,3320,12,13,7,16,5,4
irregular-n12-t128-b00001-frandom-s12,Accelerated,irregular-n12-t128-b00001-frandom,128,1,random,s12,b04c3773e1cdff63a5aae1bea28492c5631c138da8277fdcddbde067ae814196,12,36,6,2,4,302,3,46156088041,L1,3,12,0,3,3,1,1,0,0,2,2,2,803,1823,1705,1705,165753,165753,1958533,85549718,110116,17,16,11,18,5,4
irregular-n12-t128-b00001-frandom-s13,Standard,irregular-n12-t128-b00001-frandom,128,1,random,s13,ebd6506b90150a07d8a3f7e3573a17700118e1a818b926b0167a78c540f98c13,12,35,6,2,4,277,3,67588674708,H0,12,16,8,0,8,0,0,0,0,0,0,0,851,2644,2446,2446,234510,234510,2635094,137481380,2634,12,11,6,16,5,3
irregular-n12-t128-b00001-frandom-s13,Accelerated,irregular-n12-t128-b00001-frandom,128,1,random,s13,ebd6506b90150a07d8a3f7e3573a17700118e1a818b926b0167a78c540f98c13,12,35,6,2,4,277,3,65815857750,H0,5,14,0,5,5,1,0,1,0,4,0,4,851,2573,2375,2375,226583,226583,2644274,134109676,36704,16,14,10,16,5,3
irregular-n12-t128-b00001-frandom-s14,Standard,irregular-n12-t128-b00001-frandom,128,1,random,s14,c6d69951d3444bdddc12ee544361c81f1b89718bf35f6c3110ca91b7d0b88ca1,12,38,6,2,4,311,3,86668287125,H0,11,15,7,0,7,0,0,0,0,0,0,0,1000,3098,2870,2870,274318,274318,3243000,188502330,3114,12,12,7,16,5,4
irregular-n12-t128-b00001-frandom-s14,Accelerated,irregular-n12-t128-b00001-frandom,128,1,random,s14,c6d69951d3444bdddc12ee544361c81f1b89718bf35f6c3110ca91b7d0b88ca1,12,38,6,2,4,311,3,88134259125,H0,5,14,0,5,5,1,1,0,0,4,0,4,1000,3022,2794,2794,265882,265882,3316700,192876025,81048,17,13,11,18,5,4
irregular-n12-t128-b00001-frandom-s15,Standard,irregular-n12-t128-b00001-frandom,128,1,random,s15,60c8efee5b28626f8a1854541bcb37c95210282fb7cb8d320c3abcf2e3b9ee88,12,38,6,2,4,312,3,136033351750,L1,15,19,11,0,11,0,0,0,0,0,0,0,924,4619,4279,4279,406363,406363,5370639,308790069,3064,12,12,6,16,5,4
irregular-n12-t128-b00001-frandom-s15,Accelerated,irregular-n12-t128-b00001-frandom,128,1,random,s15,60c8efee5b28626f8a1854541bcb37c95210282fb7cb8d320c3abcf2e3b9ee88,12,38,6,2,4,312,3,188274896667,L1,8,20,0,8,8,4,0,4,0,4,0,4,924,6290,5814,5814,548702,548702,7762777,436466851,168928,18,16,12,19,5,4
irregular-n12-t128-b00001-frandom-s16,Standard,irregular-n12-t128-b00001-frandom,128,1,random,s16,a5102c3fbc5a855e06ffb5bd72fc9aee36b9525fb1b0cb27e7adcc0c7d2f8c18,12,37,6,2,4,312,3,73435209125,L0,8,12,4,0,4,0,0,0,0,0,0,0,975,2925,2703,2703,256563,256563,2829987,155014164,2524,12,13,7,16,7,7
irregular-n12-t128-b00001-frandom-s16,Accelerated,irregular-n12-t128-b00001-frandom,128,1,random,s16,a5102c3fbc5a855e06ffb5bd72fc9aee36b9525fb1b0cb27e7adcc0c7d2f8c18,12,37,6,2,4,312,3,72887121208,L0,2,10,0,2,2,0,0,0,0,2,2,2,975,2839,2617,2617,246753,246753,2943441,156884688,2524,12,10,7,16,7,7
irregular-n12-t128-b00001-frandom-s17,Standard,irregular-n12-t128-b00001-frandom,128,1,random,s17,7924988215839172f9da91d8f1556abf8343e42235f7fb00004819686e9105c1,12,41,7,2,3,328,3,95316794125,H0,11,15,7,0,7,0,0,0,0,0,0,0,995,3159,2931,2931,281359,281359,3631252,225251045,4944,13,11,7,16,6,4
irregular-n12-t128-b00001-frandom-s17,Accelerated,irregular-n12-t128-b00001-frandom,128,1,random,s17,7924988215839172f9da91d8f1556abf8343e42235f7fb00004819686e9105c1,12,41,7,2,3,328,3,95793011875,H0,5,14,0,5,5,1,0,1,0,4,0,4,995,3149,2921,2921,280029,280029,3771858,230259675,85336,17,15,11,17,6,4
irregular-n12-t128-b00001-frandom-s18,Standard,irregular-n12-t128-b00001-frandom,128,1,random,s18,56f37a603ad784860ca17f90b9bed2e88d2b23ad2c062c59f32ea536e507f8c4,12,34,6,2,4,284,3,81933210125,H0,14,18,10,0,10,0,0,0,0,0,0,0,759,3114,2890,2890,276424,276424,3425372,172504547,3294,12,12,6,16,4,3
irregular-n12-t128-b00001-frandom-s18,Accelerated,irregular-n12-t128-b00001-frandom,128,1,random,s18,56f37a603ad784860ca17f90b9bed2e88d2b23ad2c062c59f32ea536e507f8c4,12,34,6,2,4,284,3,62669151667,H0,6,16,0,6,6,2,2,0,0,4,0,4,759,2433,2265,2265,218363,218363,2693409,128537798,131560,18,15,12,19,4,3
irregular-n12-t128-b00001-frandom-s19,Standard,irregular-n12-t128-b00001-frandom,128,1,random,s19,49e018c1558ef701e7fa10e35514d55e720848f5212133aa3a9c4fabec227cc9,12,36,6,2,4,319,3,74904947833,L1,11,15,7,0,7,0,0,0,0,0,0,0,804,3144,2848,2848,270560,270560,3239681,145821938,3888,12,13,7,16,4,3
irregular-n12-t128-b00001-frandom-s19,Accelerated,irregular-n12-t128-b00001-frandom,128,1,random,s19,49e018c1558ef701e7fa10e35514d55e720848f5212133aa3a9c4fabec227cc9,12,36,6,2,4,319,3,34751017833,L1,3,12,0,3,3,1,0,1,0,2,2,2,804,1622,1474,1474,141210,141210,1479257,59350857,4120,13,12,7,16,4,3
irregular-n12-t128-b00001-frandom-s20,Standard,irregular-n12-t128-b00001-frandom,128,1,random,s20,0038fe9c9ec6054392a3ae338aca4797b419ef7ac14675060dffa5c20b4b7bd9,12,32,6,2,4,260,3,55413816666,L0,14,18,10,0,10,0,0,0,0,0,0,0,587,2359,2183,2183,209513,209513,2413459,110141589,2456,12,12,6,16,5,4
irregular-n12-t128-b00001-frandom-s20,Accelerated,irregular-n12-t128-b00001-frandom,128,1,random,s20,0038fe9c9ec6054392a3ae338aca4797b419ef7ac14675060dffa5c20b4b7bd9,12,32,6,2,4,260,3,60858215208,L0,5,15,0,5,5,2,0,2,0,3,1,3,587,2804,2584,2584,245406,245406,2679425,113180474,69412,17,14,11,18,5,4
irregular-n12-t128-b00008-falternating-s01,Standard,irregular-n12-t128-b00008-falternating,128,8,alternating,s01,a65cc7371da2193c2175661ded91d5fabad7832daa24556acd411bf06ab3e622,12,39,13,8,11,579,3,72052795666,H0,12,16,8,0,8,0,0,0,0,0,0,0,573,2317,2061,2061,198449,198449,3148970,172510247,39639724,26,25,13,26,10,2
irregular-n12-t128-b00008-falternating-s01,Accelerated,irregular-n12-t128-b00008-falternating,128,8,alternating,s01,a65cc7371da2193c2175661ded91d5fabad7832daa24556acd411bf06ab3e622,12,39,13,8,11,579,3,84651636708,H0,7,18,0,7,7,3,1,2,0,4,0,4,573,2759,2439,2439,232591,232591,3789764,203192175,106189854488640,47,46,27,47,10,2
irregular-n12-t128-b00008-falternating-s02,Standard,irregular-n12-t128-b00008-falternating,128,8,alternating,s02,62e1b0d7b08a5297cc91927d41f595288a4e2a2cf80aca458cf77c59fb4819b7,12,37,13,8,10,537,3,56869043500,H0,12,16,8,0,8,0,0,0,0,0,0,0,545,1835,1721,1721,167749,167749,2479076,130664399,25116564,25,25,13,26,10,2
irregular-n12-t128-b00008-falternating-s02,Accelerated,irregular-n12-t128-b00008-falternating,128,8,alternating,s02,62e1b0d7b08a5297cc91927d41f595288a4e2a2cf80aca458cf77c59fb4819b7,12,37,13,8,10,537,3,57155295291,H0,6,16,0,6,6,2,0,2,0,4,0,4,545,1835,1721,1721,167749,167749,2579707,133985203,16591013976,34,34,15,34,10,2
irregular-n12-t128-b00008-falternating-s03,Standard,irregular-n12-t128-b00008-falternating,128,8,alternating,s03,84833062888ee6045f554a116d705a5f972b79b2a3d1e638db9cdfd0b2ce5093,12,37,13,8,11,541,3,53743043833,H0,13,17,9,0,9,0,0,0,0,0,0,0,545,1836,1737,1737,168971,168971,2337756,116648658,29612546,25,25,13,26,10,2
irregular-n12-t128-b00008-falternating-s03,Accelerated,irregular-n12-t128-b00008-falternating,128,8,alternating,s03,84833062888ee6045f554a116d705a5f972b79b2a3d1e638db9cdfd0b2ce5093,12,37,13,8,11,541,3,54660633084,H0,7,18,0,7,7,3,0,3,0,4,0,4,545,1837,1738,1738,169128,169128,2455299,121856258,21591689780,35,34,22,35,10,2
irregular-n12-t128-b00008-falternating-s04,Standard,irregular-n12-t128-b00008-falternating,128,8,alternating,s04,cbb095239c0a6ab403b797fe9997d2e59e5e971cdc481bcda248531a21ae68fd,12,39,13,8,10,567,3,77845712875,H0,14,18,10,0,10,0,0,0,0,0,0,0,573,2396,2216,2216,214580,214580,3367540,186900845,33232406,25,24,13,25,10,2
irregular-n12-t128-b00008-falternating-s04,Accelerated,irregular-n12-t128-b00008-falternating,128,8,alternating,s04,cbb095239c0a6ab403b797fe9997d2e59e5e971cdc481bcda248531a21ae68fd,12,39,13,8,10,567,3,88388611250,H0,8,20,0,8,8,4,0,4,0,4,0,4,573,2865,2640,2640,254130,254130,3908255,206460205,31763398776,35,34,23,35,10,2
irregular-n12-t128-b00008-falternating-s05,Standard,irregular-n12-t128-b00008-falternating,128,8,alternating,s05,ce3abeac757594bab7c681b4bcd172d2d3a9aa3930559fcbd99506f60e6205da,12,42,13,8,10,607,3,79697565500,H0,14,18,10,0,10,0,0,0,0,0,0,0,615,2570,2314,2314,223698,223698,3388843,184767056,32507312,25,25,13,26,11,2
irregular-n12-t128-b00008-falternating-s05,Accelerated,irregular-n12-t128-b00008-falternating,128,8,alternating,s05,ce3abeac757594bab7c681b4bcd172d2d3a9aa3930559fcbd99506f60e6205da,12,42,13,8,10,607,3,93173656084,H0,8,20,0,8,8,4,0,4,0,4,0,4,615,3075,2755,2755,264695,264695,4040228,211138856,37562717856,36,35,22,36,11,2
irregular-n12-t128-b00008-falternating-s06,Standard,irregular-n12-t128-b00008-falternating,128,8,alternating,s06,d872d88d6ea0ff7b60fbb8e0c4ed670eeccd9095dde7c9551aa362dcf4a4ae17,12,31,12,8,11,463,3,52183033500,H0,15,19,11,0,11,0,0,0,0,0,0,0,461,1958,1842,1842,177918,177918,2382034,107783297,19299294,25,24,12,25,10,2
irregular-n12-t128-b00008-falternating-s06,Accelerated,irregular-n12-t128-b00008-falternating,128,8,alternating,s06,d872d88d6ea0ff7b60fbb8e0c4ed670eeccd9095dde7c9551aa362dcf4a4ae17,12,31,12,8,11,463,3,43153753083,H0,8,20,0,8,8,4,1,3,0,4,0,4,461,1613,1526,1526,148900,148900,2018557,89556679,3395538849600,42,41,23,42,10,2
irregular-n12-t128-b00008-falternating-s07,Standard,irregular-n12-t128-b00008-falternating,128,8,alternating,s07,2053bbb6ad5da8f7f06ee8bcaaeb2c8b4aa2bb0a7b3f6724f113590e4a4acb2a,12,40,13,8,11,582,3,62578885125,H0,13,17,9,0,9,0,0,0,0,0,0,0,587,1974,1866,1866,181490,181490,2676531,140880788,33695186,26,25,13,26,10,2
irregular-n12-t128-b00008-falternating-s07,Accelerated,irregular-n12-t128-b00008-falternating,128,8,alternating,s07,2053bbb6ad5da8f7f06ee8bcaaeb2c8b4aa2bb0a7b3f6724f113590e4a4acb2a,12,40,13,8,11,582,3,64227122417,H0,7,18,0,7,7,3,0,3,0,4,0,4,587,1975,1867,1867,181647,181647,2782288,144131029,41221138928,36,35,22,36,10,2
irregular-n12-t128-b00008-falternating-s08,Standard,irregular-n12-t128-b00008-falternating,128,8,alternating,s08,9c7fa4d95d3dfe5c11b9fc7502b2b0fd5637bb5fb118e0d96c8900c30049d0f8,12,34,13,8,11,509,3,60441210583,H0,15,19,11,0,11,0,0,0,0,0,0,0,503,2174,2042,2042,198146,198146,2739049,134787451,29052844,25,25,13,26,10,2
irregular-n12-t128-b00008-falternating-s08,Accelerated,irregular-n12-t128-b00008-falternating,128,8,alternating,s08,9c7fa4d95d3dfe5c11b9fc7502b2b0fd5637bb5fb118e0d96c8900c30049d0f8,12,34,13,8,11,509,3,59039648083,H0,8,20,0,8,8,4,1,3,0,4,0,4,503,1969,1870,1870,185848,185848,2687993,133894692,10580652781384,44,43,24,44,10,2
irregular-n12-t128-b00008-falternating-s09,Standard,irregular-n12-t128-b00008-falternating,128,8,alternating,s09,7afc95f04a625fbd66540bf759cd8ffa6172174611084bab9b4352568430f8ef,12,43,13,8,11,622,3,85550883750,H0,13,17,9,0,9,0,0,0,0,0,0,0,629,2627,2455,2455,236903,236903,3594938,199774029,42922688,26,26,13,26,11,2
irregular-n12-t128-b00008-falternating-s09,Accelerated,irregular-n12-t128-b00008-falternating,128,8,alternating,s09,7afc95f04a625fbd66540bf759cd8ffa6172174611084bab9b4352568430f8ef,12,43,13,8,11,622,3,98816973916,H0,7,18,0,7,7,3,0,3,0,4,0,4,629,3143,2928,2928,280806,280806,4366834,235285238,62036323912,36,35,23,36,11,2
irregular-n12-t128-b00008-falternating-s10,Standard,irregular-n12-t128-b00008-falternating,128,8,alternating,s10,ced73a4c0f935107067c5cb68bb26e0be7d021ad29650137a142a26dc40688f5,12,38,13,8,10,546,3,52808589125,H0,10,14,6,0,6,0,0,0,0,0,0,0,559,1779,1596,1596,154862,154862,2273381,121485707,27996548,25,24,13,25,11,3
irregular-n12-t128-b00008-falternating-s10,Accelerated,irregular-n12-t128-b00008-falternating,128,8,alternating,s10,ced73a4c0f935107067c5cb68bb26e0be7d021ad29650137a142a26dc40688f5,12,38,13,8,10,546,3,48835095250,H0,4,12,0,4,4,0,0,0,0,4,0,4,559,1677,1494,1494,143808,143808,2115084,109766616,27996548,25,23,13,25,11,3
irregular-n12-t128-b00008-falternating-s11,Standard,irregular-n12-t128-b00008-falternating,128,8,alternating,s11,55b58175f4e42a4f5b87adc91dcda0fc91496270f5cc5eb10034574eac49c36b,12,37,13,8,11,550,3,68518615500,H0,15,19,11,0,11,0,0,0,0,0,0,0,545,2306,2046,2046,198482,198482,3019062,162873063,37354740,26,25,13,26,10,2
irregular-n12-t128-b00008-falternating-s11,Accelerated,irregular-n12-t128-b00008-falternating,128,8,alternating,s11,55b58175f4e42a4f5b87adc91dcda0fc91496270f5cc5eb10034574eac49c36b,12,37,13,8,11,550,3,80323323750,H0,9,22,0,9,9,5,1,4,0,4,0,4,545,2777,2452,2452,236526,236526,3638753,189974105,24863558944896,45,44,24,45,10,2
irregular-n12-t128-b00008-falternating-s12,Standard,irregular-n12-t128-b00008-falternating,128,8,alternating,s12,b04c3773e1cdff63a5aae1bea28492c5631c138da8277fdcddbde067ae814196,12,36,13,9,11,528,3,45831836083,H0,11,15,7,0,7,0,0,0,0,0,0,0,531,1717,1537,1537,149305,149305,1974267,100721051,31485916,25,25,13,26,11,2
irregular-n12-t128-b00008-falternating-s12,Accelerated,irregular-n12-t128-b00008-falternating,128,8,alternating,s12,b04c3773e1cdff63a5aae1bea28492c5631c138da8277fdcddbde067ae814196,12,36,13,9,11,528,3,45846641875,H0,6,16,0,6,6,2,1,1,0,4,0,4,531,1697,1517,1517,146549,146549,1966466,97515648,55327025366272,46,45,25,46,11,2
irregular-n12-t128-b00008-falternating-s13,Standard,irregular-n12-t128-b00008-falternating,128,8,alternating,s13,ebd6506b90150a07d8a3f7e3573a17700118e1a818b926b0167a78c540f98c13,12,35,13,8,11,507,3,53974867166,H0,13,17,9,0,9,0,0,0,0,0,0,0,517,2094,1910,1910,183494,183494,2350536,110343259,32845248,25,25,13,26,10,2
irregular-n12-t128-b00008-falternating-s13,Accelerated,irregular-n12-t128-b00008-falternating,128,8,alternating,s13,ebd6506b90150a07d8a3f7e3573a17700118e1a818b926b0167a78c540f98c13,12,35,13,8,11,507,3,41157607416,H0,5,14,0,5,5,1,0,1,0,4,0,4,517,1603,1465,1465,140893,140893,1822612,83614755,34863436368,36,35,15,36,10,2
irregular-n12-t128-b00008-falternating-s14,Standard,irregular-n12-t128-b00008-falternating,128,8,alternating,s14,c6d69951d3444bdddc12ee544361c81f1b89718bf35f6c3110ca91b7d0b88ca1,12,38,13,8,11,568,3,59313027125,H0,13,17,9,0,9,0,0,0,0,0,0,0,559,1907,1760,1760,171630,171630,2557912,134056330,35360288,26,25,13,26,10,2
irregular-n12-t128-b00008-falternating-s14,Accelerated,irregular-n12-t128-b00008-falternating,128,8,alternating,s14,c6d69951d3444bdddc12ee544361c81f1b89718bf35f6c3110ca91b7d0b88ca1,12,38,13,8,11,568,3,61367410958,H0,7,18,0,7,7,3,1,2,0,4,0,4,559,1933,1786,1786,174248,174248,2708096,139966463,25650536268816,45,44,24,45,10,2
irregular-n12-t128-b00008-falternating-s15,Standard,irregular-n12-t128-b00008-falternating,128,8,alternating,s15,60c8efee5b28626f8a1854541bcb37c95210282fb7cb8d320c3abcf2e3b9ee88,12,38,13,8,11,569,3,69522774875,H0,13,17,9,0,9,0,0,0,0,0,0,0,559,2287,2131,2131,204831,204831,3090844,164570815,33771384,26,25,13,26,10,2
irregular-n12-t128-b00008-falternating-s15,Accelerated,irregular-n12-t128-b00008-falternating,128,8,alternating,s15,60c8efee5b28626f8a1854541bcb37c95210282fb7cb8d320c3abcf2e3b9ee88,12,38,13,8,11,569,3,53742816000,H0,6,16,0,6,6,2,1,1,0,4,0,4,559,1781,1664,1664,160286,160286,2395194,124838043,15317345941824,44,43,24,44,10,2
irregular-n12-t128-b00008-falternating-s16,Standard,irregular-n12-t128-b00008-falternating,128,8,alternating,s16,a5102c3fbc5a855e06ffb5bd72fc9aee36b9525fb1b0cb27e7adcc0c7d2f8c18,12,37,12,8,10,524,3,78356716042,H0,16,20,12,0,12,0,0,0,0,0,0,0,545,2750,2575,2575,247001,247001,3533134,175732852,23300004,25,25,13,25,10,2
irregular-n12-t128-b00008-falternating-s16,Accelerated,irregular-n12-t128-b00008-falternating,128,8,alternating,s16,a5102c3fbc5a855e06ffb5bd72fc9aee36b9525fb1b0cb27e7adcc0c7d2f8c18,12,37,12,8,10,524,3,76897624291,H0,8,20,0,8,8,4,1,3,0,4,0,4,545,2775,2600,2600,249462,249462,3526027,167305130,7579019989504,43,42,23,43,10,2
irregular-n12-t128-b00008-falternating-s17,Standard,irregular-n12-t128-b00008-falternating,128,8,alternating,s17,7924988215839172f9da91d8f1556abf8343e42235f7fb00004819686e9105c1,12,41,13,8,10,576,3,61527670292,H0,12,16,8,0,8,0,0,0,0,0,0,0,601,2019,1869,1869,182017,182017,2597750,137742725,28560604,25,25,13,26,10,2
irregular-n12-t128-b00008-falternating-s17,Accelerated,irregular-n12-t128-b00008-falternating,128,8,alternating,s17,7924988215839172f9da91d8f1556abf8343e42235f7fb00004819686e9105c1,12,41,13,8,10,576,3,61765111083,H0,6,16,0,6,6,2,0,2,0,4,0,4,601,2019,1869,1869,182017,182017,2668843,137669601,31388545216,35,34,15,35,10,2
irregular-n12-t128-b00008-falternating-s18,Standard,irregular-n12-t128-b00008-falternating,128,8,alternating,s18,56f37a603ad784860ca17f90b9bed2e88d2b23ad2c062c59f32ea536e507f8c4,12,34,13,8,11,520,3,59627687500,H0,14,18,10,0,10,0,0,0,0,0,0,0,503,2106,1978,1978,190882,190882,2766913,132755140,35707784,26,25,13,26,10,2
irregular-n12-t128-b00008-falternating-s18,Accelerated,irregular-n12-t128-b00008-falternating,128,8,alternating,s18,56f37a603ad784860ca17f90b9bed2e88d2b23ad2c062c59f32ea536e507f8c4,12,34,13,8,11,520,3,77961554792,H0,9,22,0,9,9,5,1,4,0,4,0,4,503,2651,2491,2491,240991,240991,3701236,177146018,96824934696000,47,46,27,47,10,2
irregular-n12-t128-b00008-falternating-s19,Standard,irregular-n12-t128-b00008-falternating,128,8,alternating,s19,49e018c1558ef701e7fa10e35514d55e720848f5212133aa3a9c4fabec227cc9,12,36,13,8,10,530,3,61683420583,H0,13,17,9,0,9,0,0,0,0,0,0,0,531,2175,2023,2023,194603,194603,2776279,140559761,26251230,25,24,13,25,10,2
irregular-n12-t128-b00008-falternating-s19,Accelerated,irregular-n12-t128-b00008-falternating,128,8,alternating,s19,49e018c1558ef701e7fa10e35514d55e720848f5212133aa3a9c4fabec227cc9,12,36,13,8,10,530,3,70724862250,H0,7,18,0,7,7,3,1,2,0,4,0,4,531,2561,2371,2371,225843,225843,3255870,159906444,5851979321200,43,42,23,43,10,2
irregular-n12-t128-b00008-falternating-s20,Standard,irregular-n12-t128-b00008-falternating,128,8,alternating,s20,0038fe9c9ec6054392a3ae338aca4797b419ef7ac14675060dffa5c20b4b7bd9,12,32,12,8,10,459,3,57331406250,H0,15,19,11,0,11,0,0,0,0,0,0,0,475,2079,1951,1951,189491,189491,2383309,111734994,17857406,25,24,12,25,10,2
irregular-n12-t128-b00008-falternating-s20,Accelerated,irregular-n12-t128-b00008-falternating,128,8,alternating,s20,0038fe9c9ec6054392a3ae338aca4797b419ef7ac14675060dffa5c20b4b7bd9,12,32,12,8,10,459,3,66387550458,H0,9,22,0,9,9,5,1,4,0,4,0,4,475,2553,2393,2393,231885,231885,2986145,136404323,915923493376,40,39,21,40,10,2
irregular-n12-t128-b00008-frandom-s01,Standard,irregular-n12-t128-b00008-frandom,128,8,random,s01,a65cc7371da2193c2175661ded91d5fabad7832daa24556acd411bf06ab3e622,12,39,13,8,10,593,3,84559333833,H0,10,14,6,0,6,0,0,0,0,0,0,0,1027,3171,2937,2937,280401,280401,3048245,177922944,15477670,24,24,13,26,13,12
irregular-n12-t128-b00008-frandom-s01,Accelerated,irregular-n12-t128-b00008-frandom,128,8,random,s01,a65cc7371da2193c2175661ded91d5fabad7832daa24556acd411bf06ab3e622,12,39,13,8,10,593,3,84808241792,H0,4,12,0,4,4,0,0,0,0,4,0,4,1027,3081,2847,2847,270147,270147,3182847,187312044,15477670,24,23,13,26,13,12
irregular-n12-t128-b00008-frandom-s02,Standard,irregular-n12-t128-b00008-frandom,128,8,random,s02,62e1b0d7b08a5297cc91927d41f595288a4e2a2cf80aca458cf77c59fb4819b7,12,37,13,8,10,559,3,110630954459,H0,14,18,10,0,10,0,0,0,0,0,0,0,975,3986,3690,3690,351894,351894,4497157,246524520,26202328,25,24,13,25,11,8
irregular-n12-t128-b00008-frandom-s02,Accelerated,irregular-n12-t128-b00008-frandom,128,8,random,s02,62e1b0d7b08a5297cc91927d41f595288a4e2a2cf80aca458cf77c59fb4819b7,12,37,13,8,10,559,3,127425796083,H0,8,20,0,8,8,4,0,4,0,4,0,4,975,4875,4505,4505,427605,427605,5328801,267427402,26692850316,35,34,22,35,11,8
irregular-n12-t128-b00008-frandom-s03,Standard,irregular-n12-t128-b00008-frandom,128,8,random,s03,84833062888ee6045f554a116d705a5f972b79b2a3d1e638db9cdfd0b2ce5093,12,37,12,8,10,567,3,73026824458,L0,8,12,4,0,4,0,0,0,0,0,0,0,975,2925,2703,2703,256563,256563,2850379,152985659,14903746,24,24,13,25,13,12
irregular-n12-t128-b00008-frandom-s03,Accelerated,irregular-n12-t128-b00008-frandom,128,8,random,s03,84833062888ee6045f554a116d705a5f972b79b2a3d1e638db9cdfd0b2ce5093,12,37,12,8,10,567,3,71980919500,L0,2,10,0,2,2,0,0,0,0,2,2,2,975,2839,2617,2617,246753,246753,2917562,154787883,14903746,24,22,13,25,13,12
irregular-n12-t128-b00008-frandom-s04,Standard,irregular-n12-t128-b00008-frandom,128,8,random,s04,cbb095239c0a6ab403b797fe9997d2e59e5e971cdc481bcda248531a21ae68fd,12,39,13,8,10,611,3,130477619709,H0,15,19,11,0,11,0,0,0,0,0,0,0,1027,4210,3898,3898,372046,372046,5454938,314166033,31922112,25,25,13,26,9,7
irregular-n12-t128-b00008-frandom-s04,Accelerated,irregular-n12-t128-b00008-frandom,128,8,random,s04,cbb095239c0a6ab403b797fe9997d2e59e5e971cdc481bcda248531a21ae68fd,12,39,13,8,10,611,3,103434991250,H0,8,20,0,8,8,4,2,2,0,4,0,4,1027,3287,3053,3053,294161,294161,4441881,249688552,55164516658368,46,45,33,46,9,7
irregular-n12-t128-b00008-frandom-s05,Standard,irregular-n12-t128-b00008-frandom,128,8,random,s05,ce3abeac757594bab7c681b4bcd172d2d3a9aa3930559fcbd99506f60e6205da,12,42,13,8,10,661,3,105226203583,H1,11,15,7,0,7,0,0,0,0,0,0,0,1105,3495,3243,3243,310767,310767,4102571,240260092,34934654,26,25,13,26,11,9
irregular-n12-t128-b00008-frandom-s05,Accelerated,irregular-n12-t128-b00008-frandom,128,8,random,s05,ce3abeac757594bab7c681b4bcd172d2d3a9aa3930559fcbd99506f60e6205da,12,42,13,8,10,661,3,113325674708,H1,5,14,0,5,5,1,1,0,0,4,0,4,1105,3483,3231,3231,309171,309171,4602518,270429714,160852325616,38,36,25,39,11,9
irregular-n12-t128-b00008-frandom-s06,Standard,irregular-n12-t128-b00008-frandom,128,8,random,s06,d872d88d6ea0ff7b60fbb8e0c4ed670eeccd9095dde7c9551aa362dcf4a4ae17,12,31,12,8,10,513,3,65417529334,L1,12,16,8,0,8,0,0,0,0,0,0,0,819,3265,3017,3017,286309,286309,3063166,111856410,16415298,24,25,13,26,11,10
irregular-n12-t128-b00008-frandom-s06,Accelerated,irregular-n12-t128-b00008-frandom,128,8,random,s06,d872d88d6ea0ff7b60fbb8e0c4ed670eeccd9095dde7c9551aa362dcf4a4ae17,12,31,12,8,10,513,3,31956270750,L1,4,14,0,4,4,2,0,2,0,2,2,2,819,1705,1581,1581,151541,151541,1472388,49831327,7080156168,33,31,22,33,11,10
irregular-n12-t128-b00008-frandom-s07,Standard,irregular-n12-t128-b00008-frandom,128,8,random,s07,2053bbb6ad5da8f7f06ee8bcaaeb2c8b4aa2bb0a7b3f6724f113590e4a4acb2a,12,40,13,9,10,625,3,117692569458,H0,12,16,8,0,8,0,0,0,0,0,0,0,1053,4212,3892,3892,369252,369252,4910371,262194707,35147800,26,25,13,26,9,6
irregular-n12-t128-b00008-frandom-s07,Accelerated,irregular-n12-t128-b00008-frandom,128,8,random,s07,2053bbb6ad5da8f7f06ee8bcaaeb2c8b4aa2bb0a7b3f6724f113590e4a4acb2a,12,40,13,9,10,625,3,135208845708,H0,6,16,0,6,6,2,0,2,0,4,0,4,1053,5081,4681,4681,440613,440613,5802707,288118574,14611432120,34,34,22,34,9,6
irregular-n12-t128-b00008-frandom-s08,Standard,irregular-n12-t128-b00008-frandom,128,8,random,s08,9c7fa4d95d3dfe5c11b9fc7502b2b0fd5637bb5fb118e0d96c8900c30049d0f8,12,34,13,8,10,547,3,86037135500,H1,12,16,8,0,8,0,0,0,0,0,0,0,897,3588,3316,3316,314916,314916,3485556,179625724,21441324,25,24,13,26,13,11
irregular-n12-t128-b00008-frandom-s08,Accelerated,irregular-n12-t128-b00008-frandom,128,8,random,s08,9c7fa4d95d3dfe5c11b9fc7502b2b0fd5637bb5fb118e0d96c8900c30049d0f8,12,34,13,8,10,547,3,94937878875,H1,6,16,0,6,6,2,0,2,0,4,0,4,897,4325,3985,3985,375357,375357,3922306,184579600,4451915776,33,32,21,34,13,11
irregular-n12-t128-b00008-frandom-s09,Standard,irregular-n12-t128-b00008-frandom,128,8,random,s09,7afc95f04a625fbd66540bf759cd8ffa6172174611084bab9b4352568430f8ef,12,43,13,8,11,650,3,109218423959,H0,10,14,6,0,6,0,0,0,0,0,0,0,1131,3491,3233,3233,308457,308457,4164921,268606764,32397072,25,25,13,26,13,12
irregular-n12-t128-b00008-frandom-s09,Accelerated,irregular-n12-t128-b00008-frandom,128,8,random,s09,7afc95f04a625fbd66540bf759cd8ffa6172174611084bab9b4352568430f8ef,12,43,13,8,11,650,3,109128013292,H0,4,12,0,4,4,0,0,0,0,4,0,4,1131,3393,3135,3135,297315,297315,4348556,275421474,32397072,25,24,13,26,13,12
irregular-n12-t128-b00008-frandom-s10,Standard,irregular-n12-t128-b00008-frandom,128,8,random,s10,ced73a4c0f935107067c5cb68bb26e0be7d021ad29650137a142a26dc40688f5,12,38,13,8,10,605,3,138056345334,L1,13,17,9,0,9,0,0,0,0,0,0,0,1001,4916,4536,4536,428736,428736,5832292,322882747,30091408,25,25,13,26,14,13
irregular-n12-t128-b00008-frandom-s10,Accelerated,irregular-n12-t128-b00008-frandom,128,8,random,s10,ced73a4c0f935107067c5cb68bb26e0be7d021ad29650137a142a26dc40688f5,12,38,13,8,10,605,3,122433931666,L1,6,16,0,6,6,2,0,2,0,4,0,4,1001,4829,4449,4449,418861,418861,5204874,264258588,8932761992,34,33,21,34,14,13
irregular-n12-t128-b00008-frandom-s11,Standard,irregular-n12-t128-b00008-frandom,128,8,random,s11,55b58175f4e42a4f5b87adc91dcda0fc91496270f5cc5eb10034574eac49c36b,12,37,13,8,10,595,3,87421704917,H1,12,16,8,0,8,0,0,0,0,0,0,0,975,3086,2864,2864,274744,274744,3661657,204443918,33508404,25,25,13,26,12,11
irregular-n12-t128-b00008-frandom-s11,Accelerated,irregular-n12-t128-b00008-frandom,128,8,random,s11,55b58175f4e42a4f5b87adc91dcda0fc91496270f5cc5eb10034574eac49c36b,12,37,13,8,10,595,3,88188397833,H1,5,14,0,5,5,1,0,1,0,4,0,4,975,3073,2851,2851,272991,272991,3796703,207900869,89397611280,37,35,24,37,12,11
irregular-n12-t128-b00008-frandom-s12,Standard,irregular-n12-t128-b00008-frandom,128,8,random,s12,b04c3773e1cdff63a5aae1bea28492c5631c138da8277fdcddbde067ae814196,12,36,13,9,10,562,3,119792051959,H0,14,18,10,0,10,0,0,0,0,0,0,0,949,4672,4312,4312,408136,408136,5262597,263254865,20436494,25,25,13,26,9,8
irregular-n12-t128-b00008-frandom-s12,Accelerated,irregular-n12-t128-b00008-frandom,128,8,random,s12,b04c3773e1cdff63a5aae1bea28492c5631c138da8277fdcddbde067ae814196,12,36,13,9,10,562,3,155155544916,H0,7,18,0,7,7,3,1,2,0,4,0,4,949,6327,5823,5823,547011,547011,7058237,329976154,64465451596,36,36,24,37,9,8
irregular-n12-t128-b00008-frandom-s13,Standard,irregular-n12-t128-b00008-frandom,128,8,random,s13,ebd6506b90150a07d8a3f7e3573a17700118e1a818b926b0167a78c540f98c13,12,35,12,8,10,533,3,91036007459,L0,11,15,7,0,7,0,0,0,0,0,0,0,923,3622,3342,3342,316202,316202,3841692,201480075,14586290,24,24,12,25,11,10
irregular-n12-t128-b00008-frandom-s13,Accelerated,irregular-n12-t128-b00008-frandom,128,8,random,s13,ebd6506b90150a07d8a3f7e3573a17700118e1a818b926b0167a78c540f98c13,12,35,12,8,10,533,3,103152131833,L0,5,15,0,5,5,2,0,2,0,3,1,3,923,4381,4031,4031,378463,378463,4483561,218190822,4506242432,33,32,21,33,11,10
irregular-n12-t128-b00008-frandom-s14,Standard,irregular-n12-t128-b00008-frandom,128,8,random,s14,c6d69951d3444bdddc12ee544361c81f1b89718bf35f6c3110ca91b7d0b88ca1,12,38,13,8,10,591,3,140429539708,L1,12,16,8,0,8,0,0,0,0,0,0,0,1001,4904,4524,4524,427140,427140,5993237,332610143,18622044,25,25,13,26,11,10
irregular-n12-t128-b00008-frandom-s14,Accelerated,irregular-n12-t128-b00008-frandom,128,8,random,s14,c6d69951d3444bdddc12ee544361c81f1b89718bf35f6c3110ca91b7d0b88ca1,12,38,13,8,10,591,3,53766013750,L1,3,12,0,3,3,1,0,1,0,2,2,2,1001,2081,1929,1929,184477,184477,2317799,113383264,2810580288,32,29,20,33,11,10
irregular-n12-t128-b00008-frandom-s15,Standard,irregular-n12-t128-b00008-frandom,128,8,random,s15,60c8efee5b28626f8a1854541bcb37c95210282fb7cb8d320c3abcf2e3b9ee88,12,38,13,8,10,592,3,80992919042,H1,11,15,7,0,7,0,0,0,0,0,0,0,1001,3103,2875,2875,274983,274983,3129702,177467981,23638776,25,24,13,26,13,12
irregular-n12-t128-b00008-frandom-s15,Accelerated,irregular-n12-t128-b00008-frandom,128,8,random,s15,60c8efee5b28626f8a1854541bcb37c95210282fb7cb8d320c3abcf2e3b9ee88,12,38,13,8,10,592,3,82231641750,H1,5,14,0,5,5,1,0,1,0,4,0,4,1001,3027,2799,2799,266547,266547,3269043,187630935,30695838616,35,33,23,36,13,12
irregular-n12-t128-b00008-frandom-s16,Standard,irregular-n12-t128-b00008-frandom,128,8,random,s16,a5102c3fbc5a855e06ffb5bd72fc9aee36b9525fb1b0cb27e7adcc0c7d2f8c18,12,37,13,8,10,588,3,115215476584,H0,14,18,10,0,10,0,0,0,0,0,0,0,975,3986,3690,3690,351894,351894,4666276,277719148,34151778,26,24,13,26,11,8
irregular-n12-t128-b00008-frandom-s16,Accelerated,irregular-n12-t128-b00008-frandom,128,8,random,s16,a5102c3fbc5a855e06ffb5bd72fc9aee36b9525fb1b0cb27e7adcc0c7d2f8c18,12,37,13,8,10,588,3,137498638084,H0,8,20,0,8,8,4,1,3,0,4,0,4,975,4875,4505,4505,427605,427605,5792935,324072837,33057309488,35,35,23,36,11,8
irregular-n12-t128-b00008-frandom-s17,Standard,irregular-n12-t128-b00008-frandom,128,8,random,s17,7924988215839172f9da91d8f1556abf8343e42235f7fb00004819686e9105c1,12,41,13,8,11,629,3,129442312583,H0,11,15,7,0,7,0,0,0,0,0,0,0,1079,4315,3987,3987,378151,378151,5040334,314192252,27335208,25,25,13,26,13,12
irregular-n12-t128-b00008-frandom-s17,Accelerated,irregular-n12-t128-b00008-frandom,128,8,random,s17,7924988215839172f9da91d8f1556abf8343e42235f7fb00004819686e9105c1,12,41,13,8,11,629,3,156321804334,H0,6,16,0,6,6,2,0,2,0,4,0,4,1079,5229,4819,4819,454367,454367,6363621,380327238,97623349888,37,35,25,38,13,12
irregular-n12-t128-b00008-frandom-s18,Standard,irregular-n12-t128-b00008-frandom,128,8,random,s18,56f37a603ad784860ca17f90b9bed2e88d2b23ad2c062c59f32ea536e507f8c4,12,34,12,8,10,527,3,86795065000,H0,13,17,9,0,9,0,0,0,0,0,0,0,897,3656,3384,3384,322464,322464,3760814,179763273,13297770,24,25,13,25,10,9
irregular-n12-t128-b00008-frandom-s18,Accelerated,irregular-n12-t128-b00008-frandom,128,8,random,s18,56f37a603ad784860ca17f90b9bed2e88d2b23ad2c062c59f32ea536e507f8c4,12,34,12,8,10,527,3,99169158333,H0,6,16,0,6,6,2,1,1,0,4,0,4,897,4459,4119,4119,390139,390139,4392431,193199541,19157425104,35,34,23,36,10,9
irregular-n12-t128-b00008-frandom-s19,Standard,irregular-n12-t128-b00008-frandom,128,8,random,s19,49e018c1558ef701e7fa10e35514d55e720848f5212133aa3a9c4fabec227cc9,12,36,13,8,10,582,3,99426965000,H0,12,16,8,0,8,0,0,0,0,0,0,0,949,3807,3471,3471,330099,330099,4070591,225449907,22799526,25,25,13,26,10,9
irregular-n12-t128-b00008-frandom-s19,Accelerated,irregular-n12-t128-b00008-frandom,128,8,random,s19,49e018c1558ef701e7fa10e35514d55e720848f5212133aa3a9c4fabec227cc9,12,36,13,8,10,582,3,111481145875,H0,6,16,0,6,6,2,0,2,0,4,0,4,949,4599,4179,4179,394527,394527,4671931,240505691,68516875320,36,34,24,37,10,9
irregular-n12-t128-b00008-frandom-s20,Standard,irregular-n12-t128-b00008-frandom,128,8,random,s20,0038fe9c9ec6054392a3ae338aca4797b419ef7ac14675060dffa5c20b4b7bd9,12,32,12,8,10,505,3,80208112958,H0,14,18,10,0,10,0,0,0,0,0,0,0,845,3456,3200,3200,305504,305504,3455544,167673956,20623090,25,24,12,25,11,9
irregular-n12-t128-b00008-frandom-s20,Accelerated,irregular-n12-t128-b00008-frandom,128,8,random,s20,0038fe9c9ec6054392a3ae338aca4797b419ef7ac14675060dffa5c20b4b7bd9,12,32,12,8,10,505,3,91231332750,H0,7,18,0,7,7,3,1,2,0,4,0,4,845,4223,3903,3903,370691,370691,3991553,178716559,20968024812,35,33,22,36,11,9
irregular-n12-t128-b00064-falternating-s01,Standard,irregular-n12-t128-b00064-falternating,128,64,alternating,s01,a65cc7371da2193c2175661ded91d5fabad7832daa24556acd411bf06ab3e622,12,39,69,64,67,3091,3,75750001750,H0,14,18,10,0,10,0,0,0,0,0,0,0,573,2396,2140,2140,207264,207264,3372726,186757858,170817390372507189893906811706493269838392,137,137,69,138,66,2
irregular-n12-t128-b00064-falternating-s01,Accelerated,irregular-n12-t128-b00064-falternating,128,64,alternating,s01,a65cc7371da2193c2175661ded91d5fabad7832daa24556acd411bf06ab3e622,12,39,69,64,67,3091,3,90709808041,H0,8,20,0,8,8,4,1,3,0,4,0,4,573,2915,2595,2595,249907,249907,4142241,222733161,601385472415214821290966820388375644922596908744915396822334676249012932731945216,269,268,137,269,66,2
irregular-n12-t128-b00064-falternating-s02,Standard,irregular-n12-t128-b00064-falternating,128,64,alternating,s02,62e1b0d7b08a5297cc91927d41f595288a4e2a2cf80aca458cf77c59fb4819b7,12,37,69,64,67,2957,3,69737416916,H0,14,18,10,0,10,0,0,0,0,0,0,0,545,2280,2128,2128,205612,205612,3125114,164350211,180015552464044322240914233623457243034822,138,137,69,138,67,2
irregular-n12-t128-b00064-falternating-s02,Accelerated,irregular-n12-t128-b00064-falternating,128,64,alternating,s02,62e1b0d7b08a5297cc91927d41f595288a4e2a2cf80aca458cf77c59fb4819b7,12,37,69,64,67,2957,3,56538933792,H0,7,18,0,7,7,3,0,3,0,4,0,4,545,1837,1723,1723,168063,168063,2554287,132507464,13380093116502022509675812311662811247479232888195986863810768,204,203,135,204,67,2
irregular-n12-t128-b00064-falternating-s03,Standard,irregular-n12-t128-b00064-falternating,128,64,alternating,s03,84833062888ee6045f554a116d705a5f972b79b2a3d1e638db9cdfd0b2ce5093,12,37,69,64,67,2948,3,65016158417,H0,14,18,10,0,10,0,0,0,0,0,0,0,545,2280,2148,2148,207032,207032,2907603,143393239,144504911596488091603350353897012689348316,137,137,69,138,67,2
irregular-n12-t128-b00064-falternating-s03,Accelerated,irregular-n12-t128-b00064-falternating,128,64,alternating,s03,84833062888ee6045f554a116d705a5f972b79b2a3d1e638db9cdfd0b2ce5093,12,37,69,64,67,2948,3,76381638167,H0,8,20,0,8,8,4,0,4,0,4,0,4,545,2725,2560,2560,245250,245250,3499799,166762964,10771184001540738505044523699410651751625358981233943019443128,203,202,134,203,67,2
irregular-n12-t128-b00064-falternating-s04,Standard,irregular-n12-t128-b00064-falternating,128,64,alternating,s04,cbb095239c0a6ab403b797fe9997d2e59e5e971cdc481bcda248531a21ae68fd,12,39,69,64,67,3093,3,57854613250,H0,12,16,8,0,8,0,0,0,0,0,0,0,573,1850,1715,1715,166529,166529,2523655,139662402,207176434820218578421254657051927797122582,138,137,69,138,68,3
irregular-n12-t128-b00064-falternating-s04,Accelerated,irregular-n12-t128-b00064-falternating,128,64,alternating,s04,cbb095239c0a6ab403b797fe9997d2e59e5e971cdc481bcda248531a21ae68fd,12,39,69,64,67,3093,3,53951147542,H0,6,16,0,6,6,2,1,1,0,4,0,4,573,1773,1638,1638,158028,158028,2394355,129627552,20662831246418090467611360328182855024375101187077290205822656,204,203,134,205,68,3
irregular-n12-t128-b00064-falternating-s05,Standard,irregular-n12-t128-b00064-falternating,128,64,alternating,s05,ce3abeac757594bab7c681b4bcd172d2d3a9aa3930559fcbd99506f60e6205da,12,42,69,64,67,3298,3,59672655583,H0,11,15,7,0,7,0,0,0,0,0,0,0,615,1956,1764,1764,170916,170916,2539256,139082765,182475359061493417533646794349028126317296,138,137,69,138,68,3
irregular-n12-t128-b00064-falternating-s05,Accelerated,irregular-n12-t128-b00064-falternating,128,64,alternating,s05,ce3abeac757594bab7c681b4bcd172d2d3a9aa3930559fcbd99506f60e6205da,12,42,69,64,67,3298,3,54846296417,H0,5,14,0,5,5,1,0,1,0,4,0,4,615,1847,1655,1655,159131,159131,2380859,126564420,5197528322923012148321106843490249155825669526037267681412960,202,199,134,202,68,3
irregular-n12-t128-b00064-falternating-s06,Standard,irregular-n12-t128-b00064-falternating,128,64,alternating,s06,d872d88d6ea0ff7b60fbb8e0c4ed670eeccd9095dde7c9551aa362dcf4a4ae17,12,31,68,64,67,2539,3,52551635333,H0,16,20,12,0,12,0,0,0,0,0,0,0,461,2020,1904,1904,184800,184800,2461817,112177340,99729410019405205202754006400543430693552,137,136,68,137,66,2
irregular-n12-t128-b00064-falternating-s06,Accelerated,irregular-n12-t128-b00064-falternating,128,64,alternating,s06,d872d88d6ea0ff7b60fbb8e0c4ed670eeccd9095dde7c9551aa362dcf4a4ae17,12,31,68,64,67,2539,3,64819506250,H0,10,24,0,10,10,6,2,4,0,4,0,4,461,2481,2336,2336,226250,226250,3112378,138754984,150825870708857595446955806390230599572544670298512632782276548852179801340746528,267,266,136,267,66,2
irregular-n12-t128-b00064-falternating-s07,Standard,irregular-n12-t128-b00064-falternating,128,64,alternating,s07,2053bbb6ad5da8f7f06ee8bcaaeb2c8b4aa2bb0a7b3f6724f113590e4a4acb2a,12,40,69,64,67,3164,3,60983024167,H0,13,17,9,0,9,0,0,0,0,0,0,0,587,1974,1866,1866,181490,181490,2643280,139179816,182922291912075933254782499408260469034962,138,137,69,138,66,2
irregular-n12-t128-b00064-falternating-s07,Accelerated,irregular-n12-t128-b00064-falternating,128,64,alternating,s07,2053bbb6ad5da8f7f06ee8bcaaeb2c8b4aa2bb0a7b3f6724f113590e4a4acb2a,12,40,69,64,67,3164,3,62492709833,H0,7,18,0,7,7,3,0,3,0,4,0,4,587,1975,1867,1867,181647,181647,2770921,144860736,12870293433162687884701480185072925342616779622573533241155260,204,203,134,204,66,2
irregular-n12-t128-b00064-falternating-s08,Standard,irregular-n12-t128-b00064-falternating,128,64,alternating,s08,9c7fa4d95d3dfe5c11b9fc7502b2b0fd5637bb5fb118e0d96c8900c30049d0f8,12,34,68,64,66,2731,3,57848967792,H0,15,19,11,0,11,0,0,0,0,0,0,0,503,2107,1975,1975,190755,190755,2645514,129230480,101444967301048661042768844388647408591788,137,136,68,137,66,2
irregular-n12-t128-b00064-falternating-s08,Accelerated,irregular-n12-t128-b00064-falternating,128,64,alternating,s08,9c7fa4d95d3dfe5c11b9fc7502b2b0fd5637bb5fb118e0d96c8900c30049d0f8,12,34,68,64,66,2731,3,52916012916,H0,6,17,0,6,6,3,1,2,0,3,1,3,503,1832,1733,1733,170595,170595,2440694,118931003,289917355175312791273744778896007591757614048061876492168027742516760156401310880,268,267,136,268,66,2
irregular-n12-t128-b00064-falternating-s09,Standard,irregular-n12-t128-b00064-falternating,128,64,alternating,s09,7afc95f04a625fbd66540bf759cd8ffa6172174611084bab9b4352568430f8ef,12,43,69,64,67,3365,3,67319340875,H0,11,15,7,0,7,0,0,0,0,0,0,0,629,2085,1956,1956,190382,190382,2844513,158206693,185485699984508555665210214939110496586956,138,137,69,138,68,3
irregular-n12-t128-b00064-falternating-s09,Accelerated,irregular-n12-t128-b00064-falternating,128,64,alternating,s09,7afc95f04a625fbd66540bf759cd8ffa6172174611084bab9b4352568430f8ef,12,43,69,64,67,3365,3,65989726459,H0,5,14,0,5,5,1,0,1,0,4,0,4,629,2059,1930,1930,187764,187764,2853516,154343673,18659480490015563220372270467292592279214673804061734576648288,204,203,71,204,68,3
irregular-n12-t128-b00064-falternating-s10,Standard,irregular-n12-t128-b00064-falternating,128,64,alternating,s10,ced73a4c0f935107067c5cb68bb26e0be7d021ad29650137a142a26dc40688f5,12,38,69,64,66,3019,3,65054168583,H0,12,16,8,0,8,0,0,0,0,0,0,0,559,2236,1992,1992,191744,191744,2874549,153348343,175054677014127980386628928670070165346884,138,136,69,138,68,3
irregular-n12-t128-b00064-falternating-s10,Accelerated,irregular-n12-t128-b00064-falternating,128,64,alternating,s10,ced73a4c0f935107067c5cb68bb26e0be7d021ad29650137a142a26dc40688f5,12,38,69,64,66,3019,3,70582391083,H0,6,16,0,6,6,2,0,2,0,4,0,4,559,2591,2286,2286,217572,217572,3185532,162011369,9246882860189693315086226153326547110881112277640517946337408,203,202,135,203,68,3
irregular-n12-t128-b00064-falternating-s11,Standard,irregular-n12-t128-b00064-falternating,128,64,alternating,s11,55b58175f4e42a4f5b87adc91dcda0fc91496270f5cc5eb10034574eac49c36b,12,37,69,64,66,2947,3,64605130541,H0,13,17,9,0,9,0,0,0,0,0,0,0,545,2231,1971,1971,190111,190111,2884768,154714713,182068707881173953169404008916440822131728,138,137,69,138,66,2
irregular-n12-t128-b00064-falternating-s11,Accelerated,irregular-n12-t128-b00064-falternating,128,64,alternating,s11,55b58175f4e42a4f5b87adc91dcda0fc91496270f5cc5eb10034574eac49c36b,12,37,69,64,66,2947,3,73991057667,H0,7,18,0,7,7,3,1,2,0,4,0,4,545,2627,2302,2302,219784,219784,3383335,176178326,374502735112299424611467998893796695517618482332843966224225074489829850170791936,268,267,136,268,66,2
irregular-n12-t128-b00064-falternating-s12,Standard,irregular-n12-t128-b00064-falternating,128,64,alternating,s12,b04c3773e1cdff63a5aae1bea28492c5631c138da8277fdcddbde067ae814196,12,36,68,64,66,2866,3,45463366375,H0,11,15,7,0,7,0,0,0,0,0,0,0,531,1692,1512,1512,146844,146844,1982289,102198578,106595186409499694474137726187369793018620,137,136,69,137,67,3
irregular-n12-t128-b00064-falternating-s12,Accelerated,irregular-n12-t128-b00064-falternating,128,64,alternating,s12,b04c3773e1cdff63a5aae1bea28492c5631c138da8277fdcddbde067ae814196,12,36,68,64,66,2866,3,41190879625,H0,5,14,0,5,5,1,0,1,0,4,0,4,531,1595,1415,1415,136391,136391,1820240,90763818,2353093373450189362649046657445012949926236556990300350448216,201,199,134,201,67,3
irregular-n12-t128-b00064-falternating-s13,Standard,irregular-n12-t128-b00064-falternating,128,64,alternating,s13,ebd6506b90150a07d8a3f7e3573a17700118e1a818b926b0167a78c540f98c13,12,35,69,64,67,2817,3,52786788542,H0,13,17,9,0,9,0,0,0,0,0,0,0,517,2094,1910,1910,183494,183494,2368557,112418502,188588433286857466995619971122101935768474,138,137,69,138,66,2
irregular-n12-t128-b00064-falternating-s13,Accelerated,irregular-n12-t128-b00064-falternating,128,64,alternating,s13,ebd6506b90150a07d8a3f7e3573a17700118e1a818b926b0167a78c540f98c13,12,35,69,64,67,2817,3,40310168834,H0,5,14,0,5,5,1,0,1,0,4,0,4,517,1603,1465,1465,140893,140893,1833860,85256706,14069237285799892995435392758996897980601456999386014677165696,204,203,71,204,66,2
irregular-n12-t128-b00064-falternating-s14,Standard,irregular-n12-t128-b00064-falternating,128,64,alternating,s14,c6d69951d3444bdddc12ee544361c81f1b89718bf35f6c3110ca91b7d0b88ca1,12,38,69,64,67,3023,3,71064005917,H0,15,19,11,0,11,0,0,0,0,0,0,0,559,2364,2168,2168,209544,209544,3177294,165768749,139468344701391065016735397756724203528772,137,137,69,138,66,2
irregular-n12-t128-b00064-falternating-s14,Accelerated,irregular-n12-t128-b00064-falternating,128,64,alternating,s14,c6d69951d3444bdddc12ee544361c81f1b89718bf35f6c3110ca91b7d0b88ca1,12,38,69,64,67,3023,3,94451941542,H0,10,24,0,10,10,6,2,4,0,4,0,4,559,2999,2754,2754,266948,266948,4295283,225065165,788776766046527839201392403764081855481256647195181684003626611099495438265057776,269,268,138,269,66,2
irregular-n12-t128-b00064-falternating-s15,Standard,irregular-n12-t128-b00064-falternating,128,64,alternating,s15,60c8efee5b28626f8a1854541bcb37c95210282fb7cb8d320c3abcf2e3b9ee88,12,38,69,64,66,3012,3,70566249042,H0,13,17,9,0,9,0,0,0,0,0,0,0,559,2287,2131,2131,204831,204831,3160151,168632447,119898289661253793157348957704027412920902,137,136,69,137,66,2
irregular-n12-t128-b00064-falternating-s15,Accelerated,irregular-n12-t128-b00064-falternating,128,64,alternating,s15,60c8efee5b28626f8a1854541bcb37c95210282fb7cb8d320c3abcf2e3b9ee88,12,38,69,64,66,3012,3,80416791875,H0,7,18,0,7,7,3,1,2,0,4,0,4,559,2693,2498,2498,237740,237740,3679231,189840711,221538441858013358309001317986534112541369398794022679115819588227523280876679408,267,267,135,267,66,2
irregular-n12-t128-b00064-falternating-s16,Standard,irregular-n12-t128-b00064-falternating,128,64,alternating,s16,a5102c3fbc5a855e06ffb5bd72fc9aee36b9525fb1b0cb27e7adcc0c7d2f8c18,12,37,69,64,67,2953,3,64653839959,H0,14,18,10,0,10,0,0,0,0,0,0,0,545,2280,2140,2140,206464,206464,2887111,143708287,158111441810216478595248931713898265986496,137,137,69,138,66,2
irregular-n12-t128-b00064-falternating-s16,Accelerated,irregular-n12-t128-b00064-falternating,128,64,alternating,s16,a5102c3fbc5a855e06ffb5bd72fc9aee36b9525fb1b0cb27e7adcc0c7d2f8c18,12,37,69,64,67,2953,3,52976801459,H0,6,16,0,6,6,2,0,2,0,4,0,4,545,1835,1730,1730,168388,168388,2387834,116765284,12516089951185563484194000296548085712484400056227854470922988,203,203,71,203,66,2
irregular-n12-t128-b00064-falternating-s17,Standard,irregular-n12-t128-b00064-falternating,128,64,alternating,s17,7924988215839172f9da91d8f1556abf8343e42235f7fb00004819686e9105c1,12,41,69,64,67,3215,3,56434524542,H0,11,15,7,0,7,0,0,0,0,0,0,0,601,1937,1787,1787,172915,172915,2390947,124664740,164522002488123783662314071430013890626732,137,137,69,138,66,2
irregular-n12-t128-b00064-falternating-s17,Accelerated,irregular-n12-t128-b00064-falternating,128,64,alternating,s17,7924988215839172f9da91d8f1556abf8343e42235f7fb00004819686e9105c1,12,41,69,64,67,3215,3,53869226917,H0,5,14,0,5,5,1,0,1,0,4,0,4,601,1855,1705,1705,163813,163813,2339462,119547609,13267769668770171367516840543224213360560363738225811340206880,204,203,71,204,66,2
irregular-n12-t128-b00064-falternating-s18,Standard,irregular-n12-t128-b00064-falternating,128,64,alternating,s18,56f37a603ad784860ca17f90b9bed2e88d2b23ad2c062c59f32ea536e507f8c4,12,34,69,64,67,2747,3,73949016542,H0,17,21,13,0,13,0,0,0,0,0,0,0,503,2608,2448,2448,235904,235904,3475711,167262278,154923960646626162907637613272632864414374,137,137,69,138,66,2
irregular-n12-t128-b00064-falternating-s18,Accelerated,irregular-n12-t128-b00064-falternating,128,64,alternating,s18,56f37a603ad784860ca17f90b9bed2e88d2b23ad2c062c59f32ea536e507f8c4,12,34,69,64,67,2747,3,77702625542,H0,10,24,0,10,10,6,2,4,0,4,0,4,503,2703,2543,2543,246227,246227,3703945,175782800,295381787347677267109346338850494920179093438573664468527719823571695411063912832,268,267,136,268,66,2
irregular-n12-t128-b00064-falternating-s19,Standard,irregular-n12-t128-b00064-falternating,128,64,alternating,s19,49e018c1558ef701e7fa10e35514d55e720848f5212133aa3a9c4fabec227cc9,12,36,69,64,66,2884,3,48887560375,H0,11,15,7,0,7,0,0,0,0,0,0,0,531,1717,1603,1603,155371,155371,2177581,110599246,148098417143565152850484036857810983320546,137,137,69,138,67,2
irregular-n12-t128-b00064-falternating-s19,Accelerated,irregular-n12-t128-b00064-falternating,128,64,alternating,s19,49e018c1558ef701e7fa10e35514d55e720848f5212133aa3a9c4fabec227cc9,12,36,69,64,66,2884,3,45691830917,H0,5,14,0,5,5,1,0,1,0,4,0,4,531,1645,1531,1531,147379,147379,2080050,102425525,11389983361782877279842971767784606125973313736148742212938216,203,202,70,203,67,2
irregular-n12-t128-b00064-falternating-s20,Standard,irregular-n12-t128-b00064-falternating,128,64,alternating,s20,0038fe9c9ec6054392a3ae338aca4797b419ef7ac14675060dffa5c20b4b7bd9,12,32,69,64,67,2605,3,39166340583,H0,13,17,9,0,9,0,0,0,0,0,0,0,475,1568,1472,1472,142768,142768,1759848,82351650,175475010071551889485465800664284327632154,138,137,69,138,66,2
irregular-n12-t128-b00064-falternating-s20,Accelerated,irregular-n12-t128-b00064-falternating,128,64,alternating,s20,0038fe9c9ec6054392a3ae338aca4797b419ef7ac14675060dffa5c20b4b7bd9,12,32,69,64,67,2605,3,37724864333,H0,6,16,0,6,6,2,1,1,0,4,0,4,475,1529,1433,1433,138125,138125,1737231,78963330,364942666622597253073984444347933157666117143389110205455162838747608255789436800,268,267,135,268,66,2
irregular-n12-t128-b00064-frandom-s01,Standard,irregular-n12-t128-b00064-frandom,128,64,random,s01,a65cc7371da2193c2175661ded91d5fabad7832daa24556acd411bf06ab3e622,12,39,69,64,66,3467,3,85151746292,H0,10,14,6,0,6,0,0,0,0,0,0,0,1027,3105,2871,2871,273339,273339,3236820,191233460,125247395460578071143003549302941052929082,137,136,69,138,65,64
irregular-n12-t128-b00064-frandom-s01,Accelerated,irregular-n12-t128-b00064-frandom,128,64,random,s01,a65cc7371da2193c2175661ded91d5fabad7832daa24556acd411bf06ab3e622,12,39,69,64,66,3467,3,85888709250,H0,4,13,0,4,4,1,1,0,0,3,1,3,1027,3027,2793,2793,264681,264681,3365680,199815373,20306408055229900966173786773315837114727158689762030951834032,204,202,136,205,65,64
irregular-n12-t128-b00064-frandom-s02,Standard,irregular-n12-t128-b00064-frandom,128,64,random,s02,62e1b0d7b08a5297cc91927d41f595288a4e2a2cf80aca458cf77c59fb4819b7,12,37,69,64,66,3336,3,102001385667,L1,10,14,6,0,6,0,0,0,0,0,0,0,975,3814,3518,3518,332274,332274,4096608,230277302,117036621169382613274751719982695102342436,137,137,69,138,70,69
irregular-n12-t128-b00064-frandom-s02,Accelerated,irregular-n12-t128-b00064-frandom,128,64,random,s02,62e1b0d7b08a5297cc91927d41f595288a4e2a2cf80aca458cf77c59fb4819b7,12,37,69,64,66,3336,3,74272704209,L1,3,12,0,3,3,1,0,1,0,2,2,2,975,2841,2619,2619,247067,247067,3036826,164774263,1029858075862010202842788337865768367086490937254552435991968,200,198,131,202,70,69
irregular-n12-t128-b00064-frandom-s03,Standard,irregular-n12-t128-b00064-frandom,128,64,random,s03,84833062888ee6045f554a116d705a5f972b79b2a3d1e638db9cdfd0b2ce5093,12,37,69,64,66,3326,3,102459662167,L0,11,15,7,0,7,0,0,0,0,0,0,0,975,3888,3592,3592,340488,340488,4170582,226108200,106931932120429876669099156458644342373592,137,137,69,138,67,66
irregular-n12-t128-b00064-frandom-s03,Accelerated,irregular-n12-t128-b00064-frandom,128,64,random,s03,84833062888ee6045f554a116d705a5f972b79b2a3d1e638db9cdfd0b2ce5093,12,37,69,64,66,3326,3,120685383750,L0,4,14,0,4,4,2,0,2,0,2,2,2,975,4836,4466,4466,422346,422346,5001289,254003829,37255425799763038455977671052950095452137586089433095092892056,205,203,137,206,67,66
irregular-n12-t128-b00064-frandom-s04,Standard,irregular-n12-t128-b00064-frandom,128,64,random,s04,cbb095239c0a6ab403b797fe9997d2e59e5e971cdc481bcda248531a21ae68fd,12,39,69,64,66,3435,3,85683199583,H1,9,13,5,0,5,0,0,0,0,0,0,0,1027,3093,2859,2859,271743,271743,3201978,196565686,112708139607629419935909268601609852986352,137,136,69,137,69,68
irregular-n12-t128-b00064-frandom-s04,Accelerated,irregular-n12-t128-b00064-frandom,128,64,random,s04,cbb095239c0a6ab403b797fe9997d2e59e5e971cdc481bcda248531a21ae68fd,12,39,69,64,66,3435,3,87525552459,H1,4,12,0,4,4,0,0,0,0,4,0,4,1027,3081,2847,2847,270147,270147,3321506,205628859,112708139607629419935909268601609852986352,137,135,69,137,69,68
irregular-n12-t128-b00064-frandom-s05,Standard,irregular-n12-t128-b00064-frandom,128,64,random,s05,ce3abeac757594bab7c681b4bcd172d2d3a9aa3930559fcbd99506f60e6205da,12,42,69,64,66,3664,3,170657242333,L1,11,15,7,0,7,0,0,0,0,0,0,0,1105,5332,4912,4912,462208,462208,7162705,422435650,118546583143097199461177511852824539377536,137,137,69,138,67,66
irregular-n12-t128-b00064-frandom-s05,Accelerated,irregular-n12-t128-b00064-frandom,128,64,random,s05,ce3abeac757594bab7c681b4bcd172d2d3a9aa3930559fcbd99506f60e6205da,12,42,69,64,66,3664,3,62038815375,L1,1,9,0,1,1,0,0,0,0,1,3,1,1105,2211,2043,2043,193839,193839,2640625,137620091,109497737270898851683487968172357678109252,137,135,69,138,67,66
irregular-n12-t128-b00064-frandom-s06,Standard,irregular-n12-t128-b00064-frandom,128,64,random,s06,d872d88d6ea0ff7b60fbb8e0c4ed670eeccd9095dde7c9551aa362dcf4a4ae17,12,31,68,64,66,2907,3,62540223833,H0,12,16,8,0,8,0,0,0,0,0,0,0,819,2594,2408,2408,231328,231328,2584713,132571922,75083202083577937006551373203810136884792,136,136,68,137,69,67
irregular-n12-t128-b00064-frandom-s06,Accelerated,irregular-n12-t128-b00064-frandom,128,64,random,s06,d872d88d6ea0ff7b60fbb8e0c4ed670eeccd9095dde7c9551aa362dcf4a4ae17,12,31,68,64,66,2907,3,64281552417,H0,6,16,0,6,6,2,0,2,0,4,0,4,819,2583,2397,2397,229889,229889,2739827,139441627,11472760907479109837318628183479875340920835653588096021055360,203,202,135,204,69,67
irregular-n12-t128-b00064-frandom-s07,Standard,irregular-n12-t128-b00064-frandom,128,64,random,s07,2053bbb6ad5da8f7f06ee8bcaaeb2c8b4aa2bb0a7b3f6724f113590e4a4acb2a,12,40,69,64,67,3537,3,88677190625,L0,9,13,5,0,5,0,0,0,0,0,0,0,1053,3239,2999,2999,285819,285819,3512521,196155618,167109733365059767418472748852490178316548,137,138,69,139,70,69
irregular-n12-t128-b00064-frandom-s07,Accelerated,irregular-n12-t128-b00064-frandom,128,64,random,s07,2053bbb6ad5da8f7f06ee8bcaaeb2c8b4aa2bb0a7b3f6724f113590e4a4acb2a,12,40,69,64,67,3537,3,87553533625,L0,3,11,0,3,3,0,0,0,0,3,1,3,1053,3147,2907,2907,275343,275343,3580830,197471514,167109733365059767418472748852490178316548,137,136,69,139,70,69
irregular-n12-t128-b00064-frandom-s08,Standard,irregular-n12-t128-b00064-frandom,128,64,random,s08,9c7fa4d95d3dfe5c11b9fc7502b2b0fd5637bb5fb118e0d96c8900c30049d0f8,12,34,69,64,66,3102,3,95419833917,H0,15,19,11,0,11,0,0,0,0,0,0,0,897,3736,3464,3464,331608,331608,4057666,206796992,150336843501294067222865715673730975771682,137,136,69,137,67,64
irregular-n12-t128-b00064-frandom-s08,Accelerated,irregular-n12-t128-b00064-frandom,128,64,random,s08,9c7fa4d95d3dfe5c11b9fc7502b2b0fd5637bb5fb118e0d96c8900c30049d0f8,12,34,69,64,66,3102,3,105632261542,H0,8,20,0,8,8,4,2,2,0,4,0,4,897,4485,4145,4145,393645,393645,4554380,214807348,19234716905936262668076560722373296396399123561958766499535320,204,202,135,205,67,64
irregular-n12-t128-b00064-frandom-s09,Standard,irregular-n12-t128-b00064-frandom,128,64,random,s09,7afc95f04a625fbd66540bf759cd8ffa6172174611084bab9b4352568430f8ef,12,43,69,64,66,3750,3,108476708666,H0,10,14,6,0,6,0,0,0,0,0,0,0,1131,3491,3233,3233,308457,308457,4136296,260921618,201956262260073918735887057697400288923892,138,137,69,138,69,68
irregular-n12-t128-b00064-frandom-s09,Accelerated,irregular-n12-t128-b00064-frandom,128,64,random,s09,7afc95f04a625fbd66540bf759cd8ffa6172174611084bab9b4352568430f8ef,12,43,69,64,66,3750,3,121007230500,H0,6,16,0,6,6,2,0,2,0,4,0,4,1131,3589,3331,3331,319599,319599,4759495,304667101,67129911928625093525019044824039485993899936045525185341881400,206,204,137,207,69,68
irregular-n12-t128-b00064-frandom-s10,Standard,irregular-n12-t128-b00064-frandom,128,64,random,s10,ced73a4c0f935107067c5cb68bb26e0be7d021ad29650137a142a26dc40688f5,12,38,69,64,66,3409,3,108347027333,H1,12,16,8,0,8,0,0,0,0,0,0,0,1001,4015,3711,3711,352579,352579,4258581,240866075,137833600153610571798407985987649642979652,137,137,69,138,69,68
irregular-n12-t128-b00064-frandom-s10,Accelerated,irregular-n12-t128-b00064-frandom,128,64,random,s10,ced73a4c0f935107067c5cb68bb26e0be7d021ad29650137a142a26dc40688f5,12,38,69,64,66,3409,3,121336399833,H1,6,16,0,6,6,2,0,2,0,4,0,4,1001,4851,4471,4471,421739,421739,4885812,254180834,28181331932092233283798842165991180721714031950895142412704512,205,202,136,206,69,68
irregular-n12-t128-b00064-frandom-s11,Standard,irregular-n12-t128-b00064-frandom,128,64,random,s11,55b58175f4e42a4f5b87adc91dcda0fc91496270f5cc5eb10034574eac49c36b,12,37,69,64,66,3326,3,132848329250,L1,11,15,7,0,7,0,0,0,0,0,0,0,975,4775,4405,4405,415885,415885,5383149,308511938,113779416661466458370454693561288995789024,137,137,69,138,67,66
irregular-n12-t128-b00064-frandom-s11,Accelerated,irregular-n12-t128-b00064-frandom,128,64,random,s11,55b58175f4e42a4f5b87adc91dcda0fc91496270f5cc5eb10034574eac49c36b,12,37,69,64,66,3326,3,117708149000,L1,4,13,0,4,4,1,0,1,0,3,1,3,975,4689,4319,4319,406075,406075,4858930,252273451,1863879767551795955085229051115027631627070994255911661733936,201,200,132,201,67,66
irregular-n12-t128-b00064-frandom-s12,Standard,irregular-n12-t128-b00064-frandom,128,64,random,s12,b04c3773e1cdff63a5aae1bea28492c5631c138da8277fdcddbde067ae814196,12,36,69,64,66,3260,3,68864590292,L0,9,13,5,0,5,0,0,0,0,0,0,0,949,2859,2643,2643,251367,251367,2695557,142275798,93096898222664449054538114471927698199400,137,137,69,138,70,69
irregular-n12-t128-b00064-frandom-s12,Accelerated,irregular-n12-t128-b00064-frandom,128,64,random,s12,b04c3773e1cdff63a5aae1bea28492c5631c138da8277fdcddbde067ae814196,12,36,69,64,66,3260,3,67025759250,L0,3,11,0,3,3,0,0,0,0,3,1,3,949,2775,2559,2559,241779,241779,2680907,139996934,87881773384918137832437892160327422504806,137,135,69,138,70,69
irregular-n12-t128-b00064-frandom-s13,Standard,irregular-n12-t128-b00064-frandom,128,64,random,s13,ebd6506b90150a07d8a3f7e3573a17700118e1a818b926b0167a78c540f98c13,12,35,69,64,67,3173,3,60417470750,H0,10,14,6,0,6,0,0,0,0,0,0,0,923,2782,2572,2572,244732,244732,2306892,114616783,86420441420280215855198760324314048247360,136,137,69,138,64,63
irregular-n12-t128-b00064-frandom-s13,Accelerated,irregular-n12-t128-b00064-frandom,128,64,random,s13,ebd6506b90150a07d8a3f7e3573a17700118e1a818b926b0167a78c540f98c13,12,35,69,64,67,3173,3,58551091541,H0,4,13,0,4,4,1,0,1,0,3,1,3,923,2701,2491,2491,235523,235523,2275189,112422000,673581570991228056598040222365881754638625838576846968346624,199,195,132,200,64,63
irregular-n12-t128-b00064-frandom-s14,Standard,irregular-n12-t128-b00064-frandom,128,64,random,s14,c6d69951d3444bdddc12ee544361c81f1b89718bf35f6c3110ca91b7d0b88ca1,12,38,69,64,66,3413,3,104340865959,H1,10,14,6,0,6,0,0,0,0,0,0,0,1001,3991,3687,3687,349387,349387,4265007,226393949,131986339497477858283272463103627440099388,137,137,69,138,69,68
irregular-n12-t128-b00064-frandom-s14,Accelerated,irregular-n12-t128-b00064-frandom,128,64,random,s14,c6d69951d3444bdddc12ee544361c81f1b89718bf35f6c3110ca91b7d0b88ca1,12,38,69,64,66,3413,3,118333676084,H1,5,14,0,5,5,1,0,1,0,4,0,4,1001,4827,4447,4447,418547,418547,4952724,243298667,2944223607555956978389733575063706777536892867611816867988396,201,201,133,201,69,68
irregular-n12-t128-b00064-frandom-s15,Standard,irregular-n12-t128-b00064-frandom,128,64,random,s15,60c8efee5b28626f8a1854541bcb37c95210282fb7cb8d320c3abcf2e3b9ee88,12,38,69,64,66,3384,3,107607802833,L0,11,15,7,0,7,0,0,0,0,0,0,0,1001,3992,3688,3688,349544,349544,4370699,239322973,91319481120726588206862011933031589365132,137,137,69,138,69,68
irregular-n12-t128-b00064-frandom-s15,Accelerated,irregular-n12-t128-b00064-frandom,128,64,random,s15,60c8efee5b28626f8a1854541bcb37c95210282fb7cb8d320c3abcf2e3b9ee88,12,38,69,64,66,3384,3,136849475792,L0,6,17,0,6,6,3,0,3,0,3,1,3,1001,4969,4589,4589,434137,434137,5793149,307614857,16469571003663488884390003315724559642392591819533909323209408,204,202,136,205,69,68
irregular-n12-t128-b00064-frandom-s16,Standard,irregular-n12-t128-b00064-frandom,128,64,random,s16,a5102c3fbc5a855e06ffb5bd72fc9aee36b9525fb1b0cb27e7adcc0c7d2f8c18,12,37,69,64,66,3337,3,106312543208,L1,12,16,8,0,8,0,0,0,0,0,0,0,975,3900,3604,3604,342084,342084,4468036,238857625,163921372061206585466381341613991168283056,137,138,69,139,68,67
irregular-n12-t128-b00064-frandom-s16,Accelerated,irregular-n12-t128-b00064-frandom,128,64,random,s16,a5102c3fbc5a855e06ffb5bd72fc9aee36b9525fb1b0cb27e7adcc0c7d2f8c18,12,37,69,64,66,3337,3,75906965250,L1,5,14,0,5,5,1,0,1,0,4,0,4,975,2927,2705,2705,256877,256877,3368050,161734521,1126601139702401248719770368990292868358531012213361350599168,200,199,133,201,68,67
irregular-n12-t128-b00064-frandom-s17,Standard,irregular-n12-t128-b00064-frandom,128,64,random,s17,7924988215839172f9da91d8f1556abf8343e42235f7fb00004819686e9105c1,12,41,69,64,66,3590,3,162524687584,Baseline,11,15,7,0,7,0,0,0,0,0,0,0,1079,5206,4796,4796,451332,451332,6675930,397292062,135707261591412908879914702897325747069736,137,137,69,138,66,65
irregular-n12-t128-b00064-frandom-s17,Accelerated,irregular-n12-t128-b00064-frandom,128,64,random,s17,7924988215839172f9da91d8f1556abf8343e42235f7fb00004819686e9105c1,12,41,69,64,66,3590,3,59452278250,Baseline,2,11,0,2,2,1,0,1,0,1,3,1,1079,2161,1997,1997,189625,189625,2473426,129335222,1578172265065959549798728892462577447896632257225701265917600,200,200,133,202,66,65
irregular-n12-t128-b00064-frandom-s18,Standard,irregular-n12-t128-b00064-frandom,128,64,random,s18,56f37a603ad784860ca17f90b9bed2e88d2b23ad2c062c59f32ea536e507f8c4,12,34,68,64,66,3109,3,113385910625,H1,15,19,11,0,11,0,0,0,0,0,0,0,897,4540,4200,4200,399440,399440,4883136,230340189,92973515840545200737730868847600830945992,137,137,69,138,64,63
irregular-n12-t128-b00064-frandom-s18,Accelerated,irregular-n12-t128-b00064-frandom,128,64,random,s18,56f37a603ad784860ca17f90b9bed2e88d2b23ad2c062c59f32ea536e507f8c4,12,34,68,64,66,3109,3,105725932000,H1,8,20,0,8,8,4,0,4,0,4,0,4,897,4597,4257,4257,405549,405549,4622747,198549620,6475615502666984732478281594089630965152421135728405685359216,203,201,134,203,64,63
irregular-n12-t128-b00064-frandom-s19,Standard,irregular-n12-t128-b00064-frandom,128,64,random,s19,49e018c1558ef701e7fa10e35514d55e720848f5212133aa3a9c4fabec227cc9,12,36,69,64,66,3248,3,109956583708,H1,14,18,10,0,10,0,0,0,0,0,0,0,949,4743,3708,3708,353846,353846,4353918,244632126,96319303489699241658399046196290502985986,137,136,69,137,68,66
irregular-n12-t128-b00064-frandom-s19,Accelerated,irregular-n12-t128-b00064-frandom,128,64,random,s19,49e018c1558ef701e7fa10e35514d55e720848f5212133aa3a9c4fabec227cc9,12,36,69,64,66,3248,3,141452520041,H1,8,20,0,8,8,4,0,4,0,4,0,4,949,6471,5022,5022,476020,476020,5749139,300565022,25752697874968121492715783368112525065432039074546904849165940,205,203,137,205,68,66
irregular-n12-t128-b00064-frandom-s20,Standard,irregular-n12-t128-b00064-frandom,128,64,random,s20,0038fe9c9ec6054392a3ae338aca4797b419ef7ac14675060dffa5c20b4b7bd9,12,32,68,64,66,2973,3,60213859125,L0,9,13,5,0,5,0,0,0,0,0,0,0,845,2599,2407,2407,229707,229707,2318040,119297779,79775717393025054832238658408318609281100,136,136,69,137,69,68
irregular-n12-t128-b00064-frandom-s20,Accelerated,irregular-n12-t128-b00064-frandom,128,64,random,s20,0038fe9c9ec6054392a3ae338aca4797b419ef7ac14675060dffa5c20b4b7bd9,12,32,68,64,66,2973,3,60321926125,L0,3,11,0,3,3,0,0,0,0,3,1,3,845,2523,2331,2331,221007,221007,2422050,124908015,79775717393025054832238658408318609281100,136,135,69,137,69,68
